experiment_id,timestamp,instance_id,scale,event_type,instance_seed,dynamic_seed,algorithm_seed,budget_sec,algorithm,status,error_message,runtime_sec,makespan,objective,loaded_travel,empty_travel,empty_travel_ratio,machine_waiting_for_agv,queue_wait,response_latency,feasible,event_count,notes
main|S|breakdown|42|B-CORE,2026-06-03T14:42:00,S_breakdown_seed42,S,breakdown,42,30042,30042,1.0,B-CORE,solved,,0.012099,48.026998,48.026998,146.934072,83.962651,0.363637,6.477476,6.477476,0.000155,true,4,objective equals makespan; due-date/tardiness fields are not available in this instance format
main|S|breakdown|42|B-CORE-no-graph,2026-06-03T14:42:00,S_breakdown_seed42,S,breakdown,42,30042,30042,1.0,B-CORE-no-graph,solved,,0.012888,48.026998,48.026998,146.934072,83.962651,0.363637,6.477476,6.477476,0.000161,true,4,objective equals makespan; due-date/tardiness fields are not available in this instance format
main|S|breakdown|42|B-CORE-no-qp,2026-06-03T14:42:00,S_breakdown_seed42,S,breakdown,42,30042,30042,1.0,B-CORE-no-qp,solved,,0.012556,48.026998,48.026998,146.934072,83.962651,0.363637,6.477476,6.477476,0.000156,true,4,objective equals makespan; due-date/tardiness fields are not available in this instance format
main|S|breakdown|42|B-CORE-no-bottleneck,2026-06-03T14:42:00,S_breakdown_seed42,S,breakdown,42,30042,30042,1.0,B-CORE-no-bottleneck,solved,,0.011488,49.047524,49.047524,144.830141,84.072422,0.367285,8.002066,8.002066,0.000152,true,4,objective equals makespan; due-date/tardiness fields are not available in this instance format
main|S|breakdown|42|B-CORE-no-transport,2026-06-03T14:42:00,S_breakdown_seed42,S,breakdown,42,30042,30042,1.0,B-CORE-no-transport,solved,,0.012236,51.786665,51.786665,154.863005,107.953669,0.410757,9.170988,9.170988,0.000145,true,4,objective equals makespan; due-date/tardiness fields are not available in this instance format
main|S|breakdown|43|B-CORE,2026-06-03T15:03:53,S_breakdown_seed43,S,breakdown,43,30043,30043,1.0,B-CORE,solved,,0.011609,49.701893,49.701893,147.234409,88.514894,0.375462,9.154772,9.154772,0.000154,true,4,objective equals makespan; due-date/tardiness fields are not available in this instance format
main|S|breakdown|43|B-CORE-no-graph,2026-06-03T15:03:53,S_breakdown_seed43,S,breakdown,43,30043,30043,1.0,B-CORE-no-graph,solved,,0.012704,49.701893,49.701893,147.234409,88.514894,0.375462,9.154772,9.154772,0.000155,true,4,objective equals makespan; due-date/tardiness fields are not available in this instance format
main|S|breakdown|44|B-CORE,2026-06-03T15:03:53,S_breakdown_seed44,S,breakdown,44,30044,30044,1.0,B-CORE,solved,,0.019605,59.130517,59.130517,164.088232,104.474237,0.389013,8.947998,8.947998,0.000236,true,4,objective equals makespan; due-date/tardiness fields are not available in this instance format
main|S|breakdown|43|B-CORE-no-bottleneck,2026-06-03T15:03:53,S_breakdown_seed43,S,breakdown,43,30043,30043,1.0,B-CORE-no-bottleneck,solved,,0.014874,53.964053,53.964053,159.305477,127.088777,0.443755,11.940425,11.940425,0.000175,true,4,objective equals makespan; due-date/tardiness fields are not available in this instance format
main|S|breakdown|43|B-CORE-no-qp,2026-06-03T15:03:53,S_breakdown_seed43,S,breakdown,43,30043,30043,1.0,B-CORE-no-qp,solved,,0.011002,50.707298,50.707298,153.276255,87.624166,0.363736,9.886203,9.886203,0.000132,true,4,objective equals makespan; due-date/tardiness fields are not available in this instance format
main|S|breakdown|44|B-CORE-no-graph,2026-06-03T15:03:53,S_breakdown_seed44,S,breakdown,44,30044,30044,1.0,B-CORE-no-graph,solved,,0.017036,59.130517,59.130517,164.088232,104.474237,0.389013,8.947998,8.947998,0.000169,true,4,objective equals makespan; due-date/tardiness fields are not available in this instance format
main|S|breakdown|43|B-CORE-no-transport,2026-06-03T15:03:54,S_breakdown_seed43,S,breakdown,43,30043,30043,1.0,B-CORE-no-transport,solved,,0.012939,55.556539,55.556539,177.488270,116.740466,0.396768,11.296205,11.296205,0.000153,true,4,objective equals makespan; due-date/tardiness fields are not available in this instance format
main|S|breakdown|44|B-CORE-no-bottleneck,2026-06-03T15:03:54,S_breakdown_seed44,S,breakdown,44,30044,30044,1.0,B-CORE-no-bottleneck,solved,,0.021064,65.101295,65.101295,179.869189,142.396141,0.441860,11.711044,11.711044,0.000227,true,4,objective equals makespan; due-date/tardiness fields are not available in this instance format
main|S|breakdown|44|B-CORE-no-qp,2026-06-03T15:03:54,S_breakdown_seed44,S,breakdown,44,30044,30044,1.0,B-CORE-no-qp,solved,,0.020383,69.220687,69.220687,172.798122,121.354296,0.412556,9.432151,9.432151,0.000397,true,4,objective equals makespan; due-date/tardiness fields are not available in this instance format
main|S|breakdown|44|B-CORE-no-transport,2026-06-03T15:03:54,S_breakdown_seed44,S,breakdown,44,30044,30044,1.0,B-CORE-no-transport,solved,,0.020922,65.166719,65.166719,209.162443,137.246922,0.396199,12.551216,12.551216,0.000246,true,4,objective equals makespan; due-date/tardiness fields are not available in this instance format
main|S|breakdown|45|B-CORE,2026-06-03T15:03:54,S_breakdown_seed45,S,breakdown,45,30045,30045,1.0,B-CORE,solved,,0.012639,47.207357,47.207357,156.505579,81.843208,0.343376,11.232099,11.232099,0.000151,true,4,objective equals makespan; due-date/tardiness fields are not available in this instance format
main|S|breakdown|45|B-CORE-no-graph,2026-06-03T15:03:54,S_breakdown_seed45,S,breakdown,45,30045,30045,1.0,B-CORE-no-graph,solved,,0.014533,47.207357,47.207357,156.505579,81.843208,0.343376,11.232099,11.232099,0.000227,true,4,objective equals makespan; due-date/tardiness fields are not available in this instance format
main|S|breakdown|45|B-CORE-no-bottleneck,2026-06-03T15:03:54,S_breakdown_seed45,S,breakdown,45,30045,30045,1.0,B-CORE-no-bottleneck,solved,,0.016065,57.293290,57.293290,184.756986,101.957311,0.355606,13.982372,13.982372,0.000227,true,4,objective equals makespan; due-date/tardiness fields are not available in this instance format
main|S|breakdown|45|B-CORE-no-qp,2026-06-03T15:03:54,S_breakdown_seed45,S,breakdown,45,30045,30045,1.0,B-CORE-no-qp,solved,,0.012901,46.252721,46.252721,154.434511,85.952480,0.357559,11.241765,11.241765,0.000148,true,4,objective equals makespan; due-date/tardiness fields are not available in this instance format
main|S|breakdown|45|B-CORE-no-transport,2026-06-03T15:03:54,S_breakdown_seed45,S,breakdown,45,30045,30045,1.0,B-CORE-no-transport,solved,,0.014428,56.277816,56.277816,186.656696,115.645116,0.382549,14.306845,14.306845,0.000218,true,4,objective equals makespan; due-date/tardiness fields are not available in this instance format
main|S|breakdown|46|B-CORE,2026-06-03T15:03:57,S_breakdown_seed46,S,breakdown,46,30046,30046,1.0,B-CORE,solved,,0.012172,43.196860,43.196860,106.750091,56.740466,0.347057,6.297392,6.297392,0.000186,true,4,objective equals makespan; due-date/tardiness fields are not available in this instance format
main|S|breakdown|46|B-CORE-no-graph,2026-06-03T15:03:57,S_breakdown_seed46,S,breakdown,46,30046,30046,1.0,B-CORE-no-graph,solved,,0.012407,43.196860,43.196860,106.750091,56.740466,0.347057,6.297392,6.297392,0.000207,true,4,objective equals makespan; due-date/tardiness fields are not available in this instance format
main|S|breakdown|46|B-CORE-no-bottleneck,2026-06-03T15:03:57,S_breakdown_seed46,S,breakdown,46,30046,30046,1.0,B-CORE-no-bottleneck,solved,,0.012507,41.044529,41.044529,106.750091,56.740466,0.347057,6.297392,6.297392,0.000211,true,4,objective equals makespan; due-date/tardiness fields are not available in this instance format
main|S|breakdown|46|B-CORE-no-qp,2026-06-03T15:03:57,S_breakdown_seed46,S,breakdown,46,30046,30046,1.0,B-CORE-no-qp,solved,,0.013380,43.196860,43.196860,106.750091,56.740466,0.347057,6.297392,6.297392,0.000193,true,4,objective equals makespan; due-date/tardiness fields are not available in this instance format
main|S|breakdown|46|B-CORE-no-transport,2026-06-03T15:03:57,S_breakdown_seed46,S,breakdown,46,30046,30046,1.0,B-CORE-no-transport,solved,,0.013130,44.942224,44.942224,106.750091,57.631193,0.350595,6.290386,6.290386,0.000232,true,4,objective equals makespan; due-date/tardiness fields are not available in this instance format
main|S|breakdown|47|B-CORE,2026-06-03T15:03:57,S_breakdown_seed47,S,breakdown,47,30047,30047,1.0,B-CORE,solved,,0.016069,53.606090,53.606090,153.254171,85.813986,0.358952,9.792277,9.792277,0.000265,true,3,objective equals makespan; due-date/tardiness fields are not available in this instance format
main|S|breakdown|47|B-CORE-no-graph,2026-06-03T15:03:57,S_breakdown_seed47,S,breakdown,47,30047,30047,1.0,B-CORE-no-graph,solved,,0.016589,53.606090,53.606090,153.254171,85.813986,0.358952,9.792277,9.792277,0.000281,true,3,objective equals makespan; due-date/tardiness fields are not available in this instance format
main|S|breakdown|47|B-CORE-no-bottleneck,2026-06-03T15:03:57,S_breakdown_seed47,S,breakdown,47,30047,30047,1.0,B-CORE-no-bottleneck,solved,,0.017820,55.368235,55.368235,161.505579,131.377699,0.448567,13.039585,13.039585,0.000289,true,3,objective equals makespan; due-date/tardiness fields are not available in this instance format
main|S|breakdown|47|B-CORE-no-qp,2026-06-03T15:03:57,S_breakdown_seed47,S,breakdown,47,30047,30047,1.0,B-CORE-no-qp,solved,,0.016942,58.841011,58.841011,159.434511,98.742919,0.382461,10.320994,10.320994,0.000267,true,3,objective equals makespan; due-date/tardiness fields are not available in this instance format
main|S|breakdown|47|B-CORE-no-transport,2026-06-03T15:03:57,S_breakdown_seed47,S,breakdown,47,30047,30047,1.0,B-CORE-no-transport,solved,,0.016585,54.334699,54.334699,159.283393,111.242092,0.411207,10.758574,10.758574,0.000257,true,3,objective equals makespan; due-date/tardiness fields are not available in this instance format
main|S|breakdown|48|B-CORE,2026-06-03T15:03:59,S_breakdown_seed48,S,breakdown,48,30048,30048,1.0,B-CORE,solved,,0.017862,52.292063,52.292063,155.064351,88.914276,0.364435,8.398730,8.398730,0.000208,true,4,objective equals makespan; due-date/tardiness fields are not available in this instance format
main|S|breakdown|48|B-CORE-no-graph,2026-06-03T15:03:59,S_breakdown_seed48,S,breakdown,48,30048,30048,1.0,B-CORE-no-graph,solved,,0.018539,52.292063,52.292063,155.064351,88.914276,0.364435,8.398730,8.398730,0.000240,true,4,objective equals makespan; due-date/tardiness fields are not available in this instance format
main|S|breakdown|48|B-CORE-no-bottleneck,2026-06-03T15:03:59,S_breakdown_seed48,S,breakdown,48,30048,30048,1.0,B-CORE-no-bottleneck,solved,,0.017989,55.056544,55.056544,151.354461,98.023548,0.393072,8.124731,8.124731,0.000211,true,4,objective equals makespan; due-date/tardiness fields are not available in this instance format
main|S|breakdown|48|B-CORE-no-qp,2026-06-03T15:03:59,S_breakdown_seed48,S,breakdown,48,30048,30048,1.0,B-CORE-no-qp,solved,,0.017852,52.292063,52.292063,155.064351,88.914276,0.364435,8.398730,8.398730,0.000210,true,4,objective equals makespan; due-date/tardiness fields are not available in this instance format
main|S|breakdown|48|B-CORE-no-transport,2026-06-03T15:03:59,S_breakdown_seed48,S,breakdown,48,30048,30048,1.0,B-CORE-no-transport,solved,,0.019573,60.141614,60.141614,177.527773,108.881413,0.380160,10.303088,10.303088,0.000232,true,4,objective equals makespan; due-date/tardiness fields are not available in this instance format
main|S|breakdown|49|B-CORE,2026-06-03T15:04:00,S_breakdown_seed49,S,breakdown,49,30049,30049,1.0,B-CORE,solved,,0.018707,52.149061,52.149061,148.676092,86.740466,0.368455,6.592378,6.592378,0.000310,true,4,objective equals makespan; due-date/tardiness fields are not available in this instance format
main|S|breakdown|49|B-CORE-no-graph,2026-06-03T15:04:00,S_breakdown_seed49,S,breakdown,49,30049,30049,1.0,B-CORE-no-graph,solved,,0.017609,52.149061,52.149061,148.676092,86.740466,0.368455,6.592378,6.592378,0.000253,true,4,objective equals makespan; due-date/tardiness fields are not available in this instance format
main|S|breakdown|49|B-CORE-no-bottleneck,2026-06-03T15:04:00,S_breakdown_seed49,S,breakdown,49,30049,30049,1.0,B-CORE-no-bottleneck,solved,,0.018104,53.658891,53.658891,158.676092,114.101145,0.418294,8.255065,8.255065,0.000289,true,4,objective equals makespan; due-date/tardiness fields are not available in this instance format
main|S|breakdown|49|B-CORE-no-qp,2026-06-03T15:04:00,S_breakdown_seed49,S,breakdown,49,30049,30049,1.0,B-CORE-no-qp,solved,,0.017498,52.149061,52.149061,148.676092,86.740466,0.368455,6.592378,6.592378,0.000300,true,4,objective equals makespan; due-date/tardiness fields are not available in this instance format
main|S|breakdown|49|B-CORE-no-transport,2026-06-03T15:04:00,S_breakdown_seed49,S,breakdown,49,30049,30049,1.0,B-CORE-no-transport,solved,,0.018898,59.005209,59.005209,179.549068,128.732194,0.417580,10.089283,10.089283,0.000261,true,4,objective equals makespan; due-date/tardiness fields are not available in this instance format
main|S|breakdown|50|B-CORE,2026-06-03T15:04:01,S_breakdown_seed50,S,breakdown,50,30050,30050,1.0,B-CORE,solved,,0.018085,45.379155,45.379155,129.689214,102.779878,0.442123,8.395239,8.395239,0.000366,true,3,objective equals makespan; due-date/tardiness fields are not available in this instance format
main|S|breakdown|50|B-CORE-no-graph,2026-06-03T15:04:01,S_breakdown_seed50,S,breakdown,50,30050,30050,1.0,B-CORE-no-graph,solved,,0.017882,45.379155,45.379155,129.689214,102.779878,0.442123,8.395239,8.395239,0.000392,true,3,objective equals makespan; due-date/tardiness fields are not available in this instance format
main|S|breakdown|50|B-CORE-no-bottleneck,2026-06-03T15:04:01,S_breakdown_seed50,S,breakdown,50,30050,30050,1.0,B-CORE-no-bottleneck,solved,,0.017995,50.158541,50.158541,132.618146,86.599539,0.395039,7.754716,7.754716,0.000301,true,3,objective equals makespan; due-date/tardiness fields are not available in this instance format
main|S|breakdown|50|B-CORE-no-qp,2026-06-03T15:04:01,S_breakdown_seed50,S,breakdown,50,30050,30050,1.0,B-CORE-no-qp,solved,,0.017829,45.179155,45.179155,119.689214,102.779878,0.461996,8.594959,8.594959,0.000294,true,3,objective equals makespan; due-date/tardiness fields are not available in this instance format
main|S|breakdown|50|B-CORE-no-transport,2026-06-03T15:04:01,S_breakdown_seed50,S,breakdown,50,30050,30050,1.0,B-CORE-no-transport,solved,,0.019066,59.095029,59.095029,144.531069,134.249830,0.481560,9.562263,9.562263,0.000305,true,3,objective equals makespan; due-date/tardiness fields are not available in this instance format
main|S|breakdown|51|B-CORE,2026-06-03T15:04:03,S_breakdown_seed51,S,breakdown,51,30051,30051,1.0,B-CORE,solved,,0.017965,59.121604,59.121604,158.355649,127.062941,0.445181,8.665500,8.665500,0.000215,true,4,objective equals makespan; due-date/tardiness fields are not available in this instance format
main|S|breakdown|51|B-CORE-no-graph,2026-06-03T15:04:03,S_breakdown_seed51,S,breakdown,51,30051,30051,1.0,B-CORE-no-graph,solved,,0.017509,59.121604,59.121604,158.355649,127.062941,0.445181,8.665500,8.665500,0.000211,true,4,objective equals makespan; due-date/tardiness fields are not available in this instance format
main|S|breakdown|51|B-CORE-no-bottleneck,2026-06-03T15:04:03,S_breakdown_seed51,S,breakdown,51,30051,30051,1.0,B-CORE-no-bottleneck,solved,,0.018253,61.121604,61.121604,170.255359,112.062941,0.396938,9.864286,9.864286,0.000207,true,4,objective equals makespan; due-date/tardiness fields are not available in this instance format
main|S|breakdown|51|B-CORE-no-qp,2026-06-03T15:04:03,S_breakdown_seed51,S,breakdown,51,30051,30051,1.0,B-CORE-no-qp,solved,,0.018426,56.366051,56.366051,172.616039,132.815175,0.434845,10.488179,10.488179,0.000216,true,4,objective equals makespan; due-date/tardiness fields are not available in this instance format
main|S|breakdown|51|B-CORE-no-transport,2026-06-03T15:04:03,S_breakdown_seed51,S,breakdown,51,30051,30051,1.0,B-CORE-no-transport,solved,,0.018803,63.615643,63.615643,189.789850,141.426074,0.426991,12.203165,12.203165,0.000248,true,4,objective equals makespan; due-date/tardiness fields are not available in this instance format
main|S|rush_job|42|B-CORE,2026-06-03T15:04:04,S_rush_job_seed42,S,rush_job,42,40042,40042,1.0,B-CORE,solved,,0.016869,48.065452,48.065452,132.370470,85.711244,0.393024,8.058899,8.058899,0.000261,true,4,objective equals makespan; due-date/tardiness fields are not available in this instance format
main|S|rush_job|42|B-CORE-no-graph,2026-06-03T15:04:04,S_rush_job_seed42,S,rush_job,42,40042,40042,1.0,B-CORE-no-graph,solved,,0.015938,48.065452,48.065452,132.370470,85.711244,0.393024,8.058899,8.058899,0.000221,true,4,objective equals makespan; due-date/tardiness fields are not available in this instance format
main|S|rush_job|42|B-CORE-no-bottleneck,2026-06-03T15:04:04,S_rush_job_seed42,S,rush_job,42,40042,40042,1.0,B-CORE-no-bottleneck,solved,,0.016392,45.884245,45.884245,138.550810,89.302879,0.391931,8.932636,8.932636,0.000283,true,4,objective equals makespan; due-date/tardiness fields are not available in this instance format
main|S|rush_job|42|B-CORE-no-qp,2026-06-03T15:04:04,S_rush_job_seed42,S,rush_job,42,40042,40042,1.0,B-CORE-no-qp,solved,,0.016522,48.065452,48.065452,132.370470,85.711244,0.393024,8.058899,8.058899,0.000226,true,4,objective equals makespan; due-date/tardiness fields are not available in this instance format
main|S|rush_job|42|B-CORE-no-transport,2026-06-03T15:04:04,S_rush_job_seed42,S,rush_job,42,40042,40042,1.0,B-CORE-no-transport,solved,,0.016518,50.561320,50.561320,133.261198,118.995515,0.471724,10.742709,10.742709,0.000269,true,4,objective equals makespan; due-date/tardiness fields are not available in this instance format
main|S|rush_job|43|B-CORE,2026-06-03T15:04:05,S_rush_job_seed43,S,rush_job,43,40043,40043,1.0,B-CORE,solved,,0.018487,54.532693,54.532693,172.187933,108.804506,0.387215,11.230936,11.230936,0.000630,true,4,objective equals makespan; due-date/tardiness fields are not available in this instance format
main|S|rush_job|43|B-CORE-no-graph,2026-06-03T15:04:05,S_rush_job_seed43,S,rush_job,43,40043,40043,1.0,B-CORE-no-graph,solved,,0.016655,54.532693,54.532693,172.187933,108.804506,0.387215,11.230936,11.230936,0.000323,true,4,objective equals makespan; due-date/tardiness fields are not available in this instance format
main|S|rush_job|43|B-CORE-no-bottleneck,2026-06-03T15:04:05,S_rush_job_seed43,S,rush_job,43,40043,40043,1.0,B-CORE-no-bottleneck,solved,,0.016415,54.335921,54.335921,171.297205,116.766302,0.405349,12.337954,12.337954,0.000333,true,4,objective equals makespan; due-date/tardiness fields are not available in this instance format
main|S|rush_job|43|B-CORE-no-qp,2026-06-03T15:04:05,S_rush_job_seed43,S,rush_job,43,40043,40043,1.0,B-CORE-no-qp,solved,,0.016249,51.463131,51.463131,168.368273,100.483219,0.373750,10.431668,10.431668,0.000349,true,4,objective equals makespan; due-date/tardiness fields are not available in this instance format
main|S|rush_job|43|B-CORE-no-transport,2026-06-03T15:04:05,S_rush_job_seed43,S,rush_job,43,40043,40043,1.0,B-CORE-no-transport,solved,,0.017449,55.133306,55.133306,189.651356,111.433101,0.370106,13.600818,13.600818,0.000290,true,4,objective equals makespan; due-date/tardiness fields are not available in this instance format
main|S|rush_job|44|B-CORE,2026-06-03T15:04:07,S_rush_job_seed44,S,rush_job,44,40044,40044,1.0,B-CORE,solved,,0.019035,57.035616,57.035616,168.197504,107.953669,0.390922,9.189726,9.189726,0.000258,true,3,objective equals makespan; due-date/tardiness fields are not available in this instance format
main|S|rush_job|44|B-CORE-no-graph,2026-06-03T15:04:07,S_rush_job_seed44,S,rush_job,44,40044,40044,1.0,B-CORE-no-graph,solved,,0.020028,57.035616,57.035616,168.197504,107.953669,0.390922,9.189726,9.189726,0.000269,true,3,objective equals makespan; due-date/tardiness fields are not available in this instance format
main|S|rush_job|44|B-CORE-no-bottleneck,2026-06-03T15:04:07,S_rush_job_seed44,S,rush_job,44,40044,40044,1.0,B-CORE-no-bottleneck,solved,,0.020262,68.057451,68.057451,189.869189,148.576481,0.438997,11.436950,11.436950,0.000243,true,3,objective equals makespan; due-date/tardiness fields are not available in this instance format
main|S|rush_job|44|B-CORE-no-qp,2026-06-03T15:04:07,S_rush_job_seed44,S,rush_job,44,40044,40044,1.0,B-CORE-no-qp,solved,,0.019841,59.930825,59.930825,165.727054,107.245023,0.392879,10.380588,10.380588,0.000241,true,3,objective equals makespan; due-date/tardiness fields are not available in this instance format
main|S|rush_job|44|B-CORE-no-transport,2026-06-03T15:04:07,S_rush_job_seed44,S,rush_job,44,40044,40044,1.0,B-CORE-no-transport,solved,,0.020111,64.513276,64.513276,195.911035,141.766302,0.419828,12.940965,12.940965,0.000284,true,4,objective equals makespan; due-date/tardiness fields are not available in this instance format
main|S|rush_job|45|B-CORE,2026-06-03T15:04:08,S_rush_job_seed45,S,rush_job,45,40045,40045,1.0,B-CORE,solved,,0.017085,47.195292,47.195292,155.084002,64.772141,0.294611,10.467274,10.467274,0.000329,true,4,objective equals makespan; due-date/tardiness fields are not available in this instance format
main|S|rush_job|45|B-CORE-no-graph,2026-06-03T15:04:08,S_rush_job_seed45,S,rush_job,45,40045,40045,1.0,B-CORE-no-graph,solved,,0.021481,47.195292,47.195292,155.084002,64.772141,0.294611,10.467274,10.467274,0.000283,true,4,objective equals makespan; due-date/tardiness fields are not available in this instance format
main|S|rush_job|45|B-CORE-no-bottleneck,2026-06-03T15:04:08,S_rush_job_seed45,S,rush_job,45,40045,40045,1.0,B-CORE-no-bottleneck,solved,,0.017428,58.398375,58.398375,193.177264,123.104787,0.389225,14.261216,14.261216,0.000264,true,4,objective equals makespan; due-date/tardiness fields are not available in this instance format
main|S|rush_job|45|B-CORE-no-qp,2026-06-03T15:04:08,S_rush_job_seed45,S,rush_job,45,40045,40045,1.0,B-CORE-no-qp,solved,,0.016677,47.195292,47.195292,155.084002,64.772141,0.294611,10.467274,10.467274,0.000281,true,4,objective equals makespan; due-date/tardiness fields are not available in this instance format
main|S|rush_job|45|B-CORE-no-transport,2026-06-03T15:04:08,S_rush_job_seed45,S,rush_job,45,40045,40045,1.0,B-CORE-no-transport,solved,,0.017044,60.087646,60.087646,191.257314,120.245734,0.386018,14.600485,14.600485,0.000225,true,4,objective equals makespan; due-date/tardiness fields are not available in this instance format
main|S|rush_job|46|B-CORE,2026-06-03T15:04:10,S_rush_job_seed46,S,rush_job,46,40046,40046,1.0,B-CORE,solved,,0.012873,50.393471,50.393471,107.930431,60.560126,0.359427,6.293414,6.293414,0.000208,true,4,objective equals makespan; due-date/tardiness fields are not available in this instance format
main|S|rush_job|46|B-CORE-no-graph,2026-06-03T15:04:10,S_rush_job_seed46,S,rush_job,46,40046,40046,1.0,B-CORE-no-graph,solved,,0.012490,50.393471,50.393471,107.930431,60.560126,0.359427,6.293414,6.293414,0.000204,true,4,objective equals makespan; due-date/tardiness fields are not available in this instance format
main|S|rush_job|46|B-CORE-no-bottleneck,2026-06-03T15:04:10,S_rush_job_seed46,S,rush_job,46,40046,40046,1.0,B-CORE-no-bottleneck,solved,,0.012686,47.993471,47.993471,107.930431,60.560126,0.359427,6.293414,6.293414,0.000183,true,4,objective equals makespan; due-date/tardiness fields are not available in this instance format
main|S|rush_job|46|B-CORE-no-qp,2026-06-03T15:04:10,S_rush_job_seed46,S,rush_job,46,40046,40046,1.0,B-CORE-no-qp,solved,,0.012157,50.393471,50.393471,107.930431,60.560126,0.359427,6.293414,6.293414,0.000192,true,4,objective equals makespan; due-date/tardiness fields are not available in this instance format
main|S|rush_job|46|B-CORE-no-transport,2026-06-03T15:04:10,S_rush_job_seed46,S,rush_job,46,40046,40046,1.0,B-CORE-no-transport,solved,,0.012089,50.508838,50.508838,107.930431,67.631193,0.385228,6.539966,6.539966,0.000179,true,4,objective equals makespan; due-date/tardiness fields are not available in this instance format
main|S|rush_job|47|B-CORE,2026-06-03T15:04:11,S_rush_job_seed47,S,rush_job,47,40047,40047,1.0,B-CORE,solved,,0.012684,56.841614,56.841614,173.576646,114.956122,0.398416,12.059221,12.059221,0.000179,true,3,objective equals makespan; due-date/tardiness fields are not available in this instance format
main|S|rush_job|47|B-CORE-no-graph,2026-06-03T15:04:11,S_rush_job_seed47,S,rush_job,47,40047,40047,1.0,B-CORE-no-graph,solved,,0.034552,56.841614,56.841614,173.576646,114.956122,0.398416,12.059221,12.059221,0.000730,true,3,objective equals makespan; due-date/tardiness fields are not available in this instance format
main|S|rush_job|47|B-CORE-no-bottleneck,2026-06-03T15:04:11,S_rush_job_seed47,S,rush_job,47,40047,40047,1.0,B-CORE-no-bottleneck,solved,,0.019496,60.257443,60.257443,184.756986,137.027190,0.425836,12.373603,12.373603,0.000239,true,3,objective equals makespan; due-date/tardiness fields are not available in this instance format
main|S|rush_job|47|B-CORE-no-qp,2026-06-03T15:04:11,S_rush_job_seed47,S,rush_job,47,40047,40047,1.0,B-CORE-no-qp,solved,,0.018783,60.256885,60.256885,192.527773,114.065394,0.372042,12.077865,12.077865,0.000269,true,3,objective equals makespan; due-date/tardiness fields are not available in this instance format
main|S|rush_job|47|B-CORE-no-transport,2026-06-03T15:04:11,S_rush_job_seed47,S,rush_job,47,40047,40047,1.0,B-CORE-no-transport,solved,,0.018301,57.667328,57.667328,178.715140,115.985344,0.393570,12.385231,12.385231,0.000309,true,3,objective equals makespan; due-date/tardiness fields are not available in this instance format
main|S|rush_job|48|B-CORE,2026-06-03T15:04:12,S_rush_job_seed48,S,rush_job,48,40048,40048,1.0,B-CORE,solved,,0.014283,62.086070,62.086070,158.267383,91.773329,0.367034,7.972854,7.972854,0.000131,true,3,objective equals makespan; due-date/tardiness fields are not available in this instance format
main|S|rush_job|48|B-CORE-no-graph,2026-06-03T15:04:12,S_rush_job_seed48,S,rush_job,48,40048,40048,1.0,B-CORE-no-graph,solved,,0.016243,62.086070,62.086070,158.267383,91.773329,0.367034,7.972854,7.972854,0.000147,true,3,objective equals makespan; due-date/tardiness fields are not available in this instance format
main|S|rush_job|48|B-CORE-no-bottleneck,2026-06-03T15:04:12,S_rush_job_seed48,S,rush_job,48,40048,40048,1.0,B-CORE-no-bottleneck,solved,,0.015948,66.153629,66.153629,158.267383,109.936471,0.409899,9.907576,9.907576,0.000142,true,3,objective equals makespan; due-date/tardiness fields are not available in this instance format
main|S|rush_job|48|B-CORE-no-qp,2026-06-03T15:04:12,S_rush_job_seed48,S,rush_job,48,40048,40048,1.0,B-CORE-no-qp,solved,,0.014311,62.086070,62.086070,158.267383,84.702261,0.348613,7.793880,7.793880,0.000125,true,3,objective equals makespan; due-date/tardiness fields are not available in this instance format
main|S|rush_job|48|B-CORE-no-transport,2026-06-03T15:04:12,S_rush_job_seed48,S,rush_job,48,40048,40048,1.0,B-CORE-no-transport,solved,,0.016074,68.751444,68.751444,158.267383,117.001354,0.425044,10.118393,10.118393,0.000158,true,3,objective equals makespan; due-date/tardiness fields are not available in this instance format
main|S|rush_job|49|B-CORE,2026-06-03T15:04:14,S_rush_job_seed49,S,rush_job,49,40049,40049,1.0,B-CORE,solved,,0.019268,55.981635,55.981635,173.081549,122.521423,0.414480,8.151407,8.151407,0.000227,true,4,objective equals makespan; due-date/tardiness fields are not available in this instance format
main|S|rush_job|49|B-CORE-no-graph,2026-06-03T15:04:14,S_rush_job_seed49,S,rush_job,49,40049,40049,1.0,B-CORE-no-graph,solved,,0.018366,55.981635,55.981635,173.081549,122.521423,0.414480,8.151407,8.151407,0.000224,true,4,objective equals makespan; due-date/tardiness fields are not available in this instance format
main|S|rush_job|49|B-CORE-no-bottleneck,2026-06-03T15:04:14,S_rush_job_seed49,S,rush_job,49,40049,40049,1.0,B-CORE-no-bottleneck,solved,,0.019243,53.441015,53.441015,159.830141,94.511252,0.371592,6.951931,6.951931,0.000235,true,4,objective equals makespan; due-date/tardiness fields are not available in this instance format
main|S|rush_job|49|B-CORE-no-qp,2026-06-03T15:04:14,S_rush_job_seed49,S,rush_job,49,40049,40049,1.0,B-CORE-no-qp,solved,,0.019781,55.981635,55.981635,173.081549,122.521423,0.414480,8.151407,8.151407,0.000227,true,4,objective equals makespan; due-date/tardiness fields are not available in this instance format
main|S|rush_job|49|B-CORE-no-transport,2026-06-03T15:04:14,S_rush_job_seed49,S,rush_job,49,40049,40049,1.0,B-CORE-no-transport,solved,,0.019134,67.725178,67.725178,200.772996,158.163941,0.440645,12.527737,12.527737,0.000242,true,4,objective equals makespan; due-date/tardiness fields are not available in this instance format
main|S|rush_job|50|B-CORE,2026-06-03T15:04:15,S_rush_job_seed50,S,rush_job,50,40050,40050,1.0,B-CORE,solved,,0.015626,42.669325,42.669325,123.798486,81.889151,0.398124,8.348158,8.348158,0.000227,true,3,objective equals makespan; due-date/tardiness fields are not available in this instance format
main|S|rush_job|50|B-CORE-no-graph,2026-06-03T15:04:15,S_rush_job_seed50,S,rush_job,50,40050,40050,1.0,B-CORE-no-graph,solved,,0.015268,42.669325,42.669325,123.798486,81.889151,0.398124,8.348158,8.348158,0.000236,true,3,objective equals makespan; due-date/tardiness fields are not available in this instance format
main|S|rush_job|50|B-CORE-no-bottleneck,2026-06-03T15:04:15,S_rush_job_seed50,S,rush_job,50,40050,40050,1.0,B-CORE-no-bottleneck,solved,,0.016676,49.294075,49.294075,132.618146,94.622922,0.416399,7.833591,7.833591,0.000251,true,3,objective equals makespan; due-date/tardiness fields are not available in this instance format
main|S|rush_job|50|B-CORE-no-qp,2026-06-03T15:04:15,S_rush_job_seed50,S,rush_job,50,40050,40050,1.0,B-CORE-no-qp,solved,,0.015988,39.579155,39.579155,118.798486,69.528471,0.369190,7.547767,7.547767,0.000242,true,3,objective equals makespan; due-date/tardiness fields are not available in this instance format
main|S|rush_job|50|B-CORE-no-transport,2026-06-03T15:04:15,S_rush_job_seed50,S,rush_job,50,40050,40050,1.0,B-CORE-no-transport,solved,,0.016475,50.325782,50.325782,132.460001,122.841466,0.481162,8.786525,8.786525,0.000249,true,3,objective equals makespan; due-date/tardiness fields are not available in this instance format
main|S|rush_job|51|B-CORE,2026-06-03T15:04:16,S_rush_job_seed51,S,rush_job,51,40051,40051,1.0,B-CORE,solved,,0.019216,55.219741,55.219741,155.323974,109.991873,0.414570,7.790380,7.790380,0.000265,true,4,objective equals makespan; due-date/tardiness fields are not available in this instance format
main|S|rush_job|51|B-CORE-no-graph,2026-06-03T15:04:16,S_rush_job_seed51,S,rush_job,51,40051,40051,1.0,B-CORE-no-graph,solved,,0.023197,55.219741,55.219741,155.323974,109.991873,0.414570,7.790380,7.790380,0.000243,true,4,objective equals makespan; due-date/tardiness fields are not available in this instance format
main|S|rush_job|51|B-CORE-no-bottleneck,2026-06-03T15:04:16,S_rush_job_seed51,S,rush_job,51,40051,40051,1.0,B-CORE-no-bottleneck,solved,,0.019173,67.036520,67.036520,166.365820,123.243281,0.425550,9.552517,9.552517,0.000207,true,4,objective equals makespan; due-date/tardiness fields are not available in this instance format
main|S|rush_job|51|B-CORE-no-qp,2026-06-03T15:04:16,S_rush_job_seed51,S,rush_job,51,40051,40051,1.0,B-CORE-no-qp,solved,,0.019840,58.990847,58.990847,164.294752,112.920805,0.407339,9.980574,9.980574,0.000214,true,4,objective equals makespan; due-date/tardiness fields are not available in this instance format
main|S|rush_job|51|B-CORE-no-transport,2026-06-03T15:04:16,S_rush_job_seed51,S,rush_job,51,40051,40051,1.0,B-CORE-no-transport,solved,,0.019668,61.807306,61.807306,181.758175,135.094616,0.426364,11.203464,11.203464,0.000225,true,4,objective equals makespan; due-date/tardiness fields are not available in this instance format
main|S|mixed|42|B-CORE,2026-06-03T15:04:18,S_mixed_seed42,S,mixed,42,50042,50042,1.0,B-CORE,solved,,0.018099,48.676549,48.676549,144.213514,89.853379,0.383879,7.783973,7.783973,0.000276,true,4,objective equals makespan; due-date/tardiness fields are not available in this instance format
main|S|mixed|42|B-CORE-no-graph,2026-06-03T15:04:18,S_mixed_seed42,S,mixed,42,50042,50042,1.0,B-CORE-no-graph,solved,,0.017323,48.676549,48.676549,144.213514,89.853379,0.383879,7.783973,7.783973,0.000257,true,4,objective equals makespan; due-date/tardiness fields are not available in this instance format
main|S|mixed|42|B-CORE-no-bottleneck,2026-06-03T15:04:18,S_mixed_seed42,S,mixed,42,50042,50042,1.0,B-CORE-no-bottleneck,solved,,0.018322,47.435606,47.435606,142.142446,106.066583,0.427328,9.577454,9.577454,0.000368,true,4,objective equals makespan; due-date/tardiness fields are not available in this instance format
main|S|mixed|42|B-CORE-no-qp,2026-06-03T15:04:18,S_mixed_seed42,S,mixed,42,50042,50042,1.0,B-CORE-no-qp,solved,,0.018201,48.676549,48.676549,144.213514,89.853379,0.383879,7.783973,7.783973,0.000298,true,4,objective equals makespan; due-date/tardiness fields are not available in this instance format
main|S|mixed|42|B-CORE-no-transport,2026-06-03T15:04:18,S_mixed_seed42,S,mixed,42,50042,50042,1.0,B-CORE-no-transport,solved,,0.016786,49.349619,49.349619,142.142446,100.724456,0.414731,8.592290,8.592290,0.000230,true,4,objective equals makespan; due-date/tardiness fields are not available in this instance format
main|S|mixed|43|B-CORE,2026-06-03T15:04:19,S_mixed_seed43,S,mixed,43,50043,50043,1.0,B-CORE,solved,,0.016204,61.747027,61.747027,171.838779,99.695234,0.367156,11.565095,11.565095,0.000227,true,4,objective equals makespan; due-date/tardiness fields are not available in this instance format
main|S|mixed|43|B-CORE-no-graph,2026-06-03T15:04:19,S_mixed_seed43,S,mixed,43,50043,50043,1.0,B-CORE-no-graph,solved,,0.016090,61.747027,61.747027,171.838779,99.695234,0.367156,11.565095,11.565095,0.000188,true,4,objective equals makespan; due-date/tardiness fields are not available in this instance format
main|S|mixed|43|B-CORE-no-bottleneck,2026-06-03T15:04:19,S_mixed_seed43,S,mixed,43,50043,50043,1.0,B-CORE-no-bottleneck,solved,,0.015867,63.392382,63.392382,185.090187,125.017709,0.403143,13.452477,13.452477,0.000216,true,4,objective equals makespan; due-date/tardiness fields are not available in this instance format
main|S|mixed|43|B-CORE-no-qp,2026-06-03T15:04:19,S_mixed_seed43,S,mixed,43,50043,50043,1.0,B-CORE-no-qp,solved,,0.015294,58.882561,58.882561,168.909847,93.804506,0.357059,10.555081,10.555081,0.000189,true,4,objective equals makespan; due-date/tardiness fields are not available in this instance format
main|S|mixed|43|B-CORE-no-transport,2026-06-03T15:04:19,S_mixed_seed43,S,mixed,43,50043,50043,1.0,B-CORE-no-transport,solved,,0.016424,61.531190,61.531190,192.231134,121.341083,0.386964,13.876133,13.876133,0.000180,true,4,objective equals makespan; due-date/tardiness fields are not available in this instance format
main|S|mixed|44|B-CORE,2026-06-03T15:04:21,S_mixed_seed44,S,mixed,44,50044,50044,1.0,B-CORE,solved,,0.017578,68.736211,68.736211,190.749193,132.692781,0.410252,9.737473,9.737473,0.000260,true,4,objective equals makespan; due-date/tardiness fields are not available in this instance format
main|S|mixed|44|B-CORE-no-graph,2026-06-03T15:04:21,S_mixed_seed44,S,mixed,44,50044,50044,1.0,B-CORE-no-graph,solved,,0.015638,68.736211,68.736211,190.749193,132.692781,0.410252,9.737473,9.737473,0.000174,true,4,objective equals makespan; due-date/tardiness fields are not available in this instance format
main|S|mixed|44|B-CORE-no-bottleneck,2026-06-03T15:04:21,S_mixed_seed44,S,mixed,44,50044,50044,1.0,B-CORE-no-bottleneck,solved,,0.021552,70.573919,70.573919,205.027335,167.975365,0.450333,12.887223,12.887223,0.000250,true,4,objective equals makespan; due-date/tardiness fields are not available in this instance format
main|S|mixed|44|B-CORE-no-qp,2026-06-03T15:04:21,S_mixed_seed44,S,mixed,44,50044,50044,1.0,B-CORE-no-qp,solved,,0.019587,62.966051,62.966051,176.775927,125.496431,0.415177,9.772598,9.772598,0.000214,true,4,objective equals makespan; due-date/tardiness fields are not available in this instance format
main|S|mixed|44|B-CORE-no-transport,2026-06-03T15:04:21,S_mixed_seed44,S,mixed,44,50044,50044,1.0,B-CORE-no-transport,solved,,0.015136,64.067912,64.067912,191.927045,146.066583,0.432158,12.153569,12.153569,0.000194,true,4,objective equals makespan; due-date/tardiness fields are not available in this instance format
main|S|mixed|45|B-CORE,2026-06-03T15:04:22,S_mixed_seed45,S,mixed,45,50045,50045,1.0,B-CORE,solved,,0.017432,62.530825,62.530825,167.956267,105.952480,0.386817,11.997053,11.997053,0.000250,true,4,objective equals makespan; due-date/tardiness fields are not available in this instance format
main|S|mixed|45|B-CORE-no-graph,2026-06-03T15:04:22,S_mixed_seed45,S,mixed,45,50045,50045,1.0,B-CORE-no-graph,solved,,0.017081,62.530825,62.530825,167.956267,105.952480,0.386817,11.997053,11.997053,0.000245,true,4,objective equals makespan; due-date/tardiness fields are not available in this instance format
main|S|mixed|45|B-CORE-no-bottleneck,2026-06-03T15:04:22,S_mixed_seed45,S,mixed,45,50045,50045,1.0,B-CORE-no-bottleneck,solved,,0.017633,60.620995,60.620995,170.885199,103.023548,0.376124,12.750432,12.750432,0.000250,true,4,objective equals makespan; due-date/tardiness fields are not available in this instance format
main|S|mixed|45|B-CORE-no-qp,2026-06-03T15:04:22,S_mixed_seed45,S,mixed,45,50045,50045,1.0,B-CORE-no-qp,solved,,0.017087,62.530825,62.530825,165.885199,106.843208,0.391757,11.989633,11.989633,0.000247,true,4,objective equals makespan; due-date/tardiness fields are not available in this instance format
main|S|mixed|45|B-CORE-no-transport,2026-06-03T15:04:22,S_mixed_seed45,S,mixed,45,50045,50045,1.0,B-CORE-no-transport,solved,,0.017015,61.646699,61.646699,176.894181,141.198049,0.443890,14.205046,14.205046,0.000219,true,4,objective equals makespan; due-date/tardiness fields are not available in this instance format
main|S|mixed|46|B-CORE,2026-06-03T15:04:24,S_mixed_seed46,S,mixed,46,50046,50046,1.0,B-CORE,solved,,0.013166,41.076999,41.076999,104.049183,63.489058,0.378953,5.997401,5.997401,0.000259,true,4,objective equals makespan; due-date/tardiness fields are not available in this instance format
main|S|mixed|46|B-CORE-no-graph,2026-06-03T15:04:24,S_mixed_seed46,S,mixed,46,50046,50046,1.0,B-CORE-no-graph,solved,,0.012829,41.076999,41.076999,104.049183,63.489058,0.378953,5.997401,5.997401,0.000288,true,4,objective equals makespan; due-date/tardiness fields are not available in this instance format
main|S|mixed|46|B-CORE-no-bottleneck,2026-06-03T15:04:24,S_mixed_seed46,S,mixed,46,50046,50046,1.0,B-CORE-no-bottleneck,solved,,0.012417,41.076999,41.076999,104.049183,63.489058,0.378953,5.997401,5.997401,0.000259,true,4,objective equals makespan; due-date/tardiness fields are not available in this instance format
main|S|mixed|46|B-CORE-no-qp,2026-06-03T15:04:24,S_mixed_seed46,S,mixed,46,50046,50046,1.0,B-CORE-no-qp,solved,,0.012327,41.076999,41.076999,104.049183,63.489058,0.378953,5.997401,5.997401,0.000261,true,4,objective equals makespan; due-date/tardiness fields are not available in this instance format
main|S|mixed|46|B-CORE-no-transport,2026-06-03T15:04:24,S_mixed_seed46,S,mixed,46,50046,50046,1.0,B-CORE-no-transport,solved,,0.012706,47.148711,47.148711,110.229523,70.560126,0.390289,6.434891,6.434891,0.000264,true,4,objective equals makespan; due-date/tardiness fields are not available in this instance format
main|S|mixed|47|B-CORE,2026-06-03T15:04:25,S_mixed_seed47,S,mixed,47,50047,50047,1.0,B-CORE,solved,,0.017137,63.622512,63.622512,169.467374,87.885054,0.341497,9.975632,9.975632,0.000227,true,4,objective equals makespan; due-date/tardiness fields are not available in this instance format
main|S|mixed|47|B-CORE-no-graph,2026-06-03T15:04:25,S_mixed_seed47,S,mixed,47,50047,50047,1.0,B-CORE-no-graph,solved,,0.017566,63.622512,63.622512,169.467374,87.885054,0.341497,9.975632,9.975632,0.000238,true,4,objective equals makespan; due-date/tardiness fields are not available in this instance format
main|S|mixed|47|B-CORE-no-bottleneck,2026-06-03T15:04:25,S_mixed_seed47,S,mixed,47,50047,50047,1.0,B-CORE-no-bottleneck,solved,,0.017084,55.186375,55.186375,167.396307,112.027190,0.400923,11.223562,11.223562,0.000237,true,4,objective equals makespan; due-date/tardiness fields are not available in this instance format
main|S|mixed|47|B-CORE-no-qp,2026-06-03T15:04:25,S_mixed_seed47,S,mixed,47,50047,50047,1.0,B-CORE-no-qp,solved,,0.017275,63.622512,63.622512,169.467374,87.885054,0.341497,9.975632,9.975632,0.000226,true,4,objective equals makespan; due-date/tardiness fields are not available in this instance format
main|S|mixed|47|B-CORE-no-transport,2026-06-03T15:04:25,S_mixed_seed47,S,mixed,47,50047,50047,1.0,B-CORE-no-transport,solved,,0.017274,69.867328,69.867328,169.605868,147.558039,0.465242,12.436218,12.436218,0.000256,true,4,objective equals makespan; due-date/tardiness fields are not available in this instance format
main|S|mixed|48|B-CORE,2026-06-03T15:04:26,S_mixed_seed48,S,mixed,48,50048,50048,1.0,B-CORE,solved,,0.017827,64.469638,64.469638,161.505579,79.772141,0.330624,9.078826,9.078826,0.000230,true,4,objective equals makespan; due-date/tardiness fields are not available in this instance format
main|S|mixed|48|B-CORE-no-graph,2026-06-03T15:04:26,S_mixed_seed48,S,mixed,48,50048,50048,1.0,B-CORE-no-graph,solved,,0.018216,64.469638,64.469638,161.505579,79.772141,0.330624,9.078826,9.078826,0.000230,true,4,objective equals makespan; due-date/tardiness fields are not available in this instance format
main|S|mixed|48|B-CORE-no-bottleneck,2026-06-03T15:04:26,S_mixed_seed48,S,mixed,48,50048,50048,1.0,B-CORE-no-bottleneck,solved,,0.019135,62.621604,62.621604,160.325239,117.898266,0.423754,11.032117,11.032117,0.000230,true,4,objective equals makespan; due-date/tardiness fields are not available in this instance format
main|S|mixed|48|B-CORE-no-qp,2026-06-03T15:04:26,S_mixed_seed48,S,mixed,48,50048,50048,1.0,B-CORE-no-qp,solved,,0.018842,56.179469,56.179469,145.325239,79.772141,0.354389,9.133751,9.133751,0.000263,true,4,objective equals makespan; due-date/tardiness fields are not available in this instance format
main|S|mixed|48|B-CORE-no-transport,2026-06-03T15:04:26,S_mixed_seed48,S,mixed,48,50048,50048,1.0,B-CORE-no-transport,solved,,0.019573,78.531784,78.531784,202.560637,135.908437,0.401539,11.998954,11.998954,0.000169,true,4,objective equals makespan; due-date/tardiness fields are not available in this instance format
main|S|mixed|49|B-CORE,2026-06-03T15:04:28,S_mixed_seed49,S,mixed,49,50049,50049,1.0,B-CORE,solved,,0.019878,69.985153,69.985153,178.770543,135.849738,0.431790,8.261597,8.261597,0.000287,true,4,objective equals makespan; due-date/tardiness fields are not available in this instance format
main|S|mixed|49|B-CORE-no-graph,2026-06-03T15:04:28,S_mixed_seed49,S,mixed,49,50049,50049,1.0,B-CORE-no-graph,solved,,0.020402,69.985153,69.985153,178.770543,135.849738,0.431790,8.261597,8.261597,0.000258,true,4,objective equals makespan; due-date/tardiness fields are not available in this instance format
main|S|mixed|49|B-CORE-no-bottleneck,2026-06-03T15:04:28,S_mixed_seed49,S,mixed,49,50049,50049,1.0,B-CORE-no-bottleneck,solved,,0.021756,65.390847,65.390847,205.841611,105.560126,0.338984,8.388083,8.388083,0.000227,true,4,objective equals makespan; due-date/tardiness fields are not available in this instance format
main|S|mixed|49|B-CORE-no-qp,2026-06-03T15:04:28,S_mixed_seed49,S,mixed,49,50049,50049,1.0,B-CORE-no-qp,solved,,0.021056,69.156220,69.156220,200.841611,114.991873,0.364090,7.712763,7.712763,0.000266,true,4,objective equals makespan; due-date/tardiness fields are not available in this instance format
main|S|mixed|49|B-CORE-no-transport,2026-06-03T15:04:28,S_mixed_seed49,S,mixed,49,50049,50049,1.0,B-CORE-no-transport,solved,,0.020909,71.651690,71.651690,189.031431,152.613441,0.446702,9.041047,9.041047,0.000235,true,4,objective equals makespan; due-date/tardiness fields are not available in this instance format
main|S|mixed|50|B-CORE,2026-06-03T15:04:30,S_mixed_seed50,S,mixed,50,50050,50050,1.0,B-CORE,solved,,0.016641,41.929609,41.929609,139.059374,83.670606,0.375659,9.399052,9.399052,0.000242,true,4,objective equals makespan; due-date/tardiness fields are not available in this instance format
main|S|mixed|50|B-CORE-no-graph,2026-06-03T15:04:30,S_mixed_seed50,S,mixed,50,50050,50050,1.0,B-CORE-no-graph,solved,,0.016741,41.929609,41.929609,139.059374,83.670606,0.375659,9.399052,9.399052,0.000247,true,4,objective equals makespan; due-date/tardiness fields are not available in this instance format
main|S|mixed|50|B-CORE-no-bottleneck,2026-06-03T15:04:30,S_mixed_seed50,S,mixed,50,50050,50050,1.0,B-CORE-no-bottleneck,solved,,0.016152,41.894075,41.894075,141.130442,81.599539,0.366361,8.718613,8.718613,0.000236,true,4,objective equals makespan; due-date/tardiness fields are not available in this instance format
main|S|mixed|50|B-CORE-no-qp,2026-06-03T15:04:30,S_mixed_seed50,S,mixed,50,50050,50050,1.0,B-CORE-no-qp,solved,,0.016793,41.264235,41.264235,134.059374,71.599539,0.348147,8.161867,8.161867,0.000234,true,4,objective equals makespan; due-date/tardiness fields are not available in this instance format
main|S|mixed|50|B-CORE-no-transport,2026-06-03T15:04:30,S_mixed_seed50,S,mixed,50,50050,50050,1.0,B-CORE-no-transport,solved,,0.017022,50.877467,50.877467,145.972297,109.725664,0.429122,10.423844,10.423844,0.000264,true,4,objective equals makespan; due-date/tardiness fields are not available in this instance format
main|S|mixed|51|B-CORE,2026-06-03T15:04:30,S_mixed_seed51,S,mixed,51,50051,50051,1.0,B-CORE,solved,,0.017826,58.222198,58.222198,176.056557,109.763849,0.384031,7.988346,7.988346,0.000193,true,4,objective equals makespan; due-date/tardiness fields are not available in this instance format
main|S|mixed|51|B-CORE-no-graph,2026-06-03T15:04:30,S_mixed_seed51,S,mixed,51,50051,50051,1.0,B-CORE-no-graph,solved,,0.017874,58.222198,58.222198,176.056557,109.763849,0.384031,7.988346,7.988346,0.000184,true,4,objective equals makespan; due-date/tardiness fields are not available in this instance format
main|S|mixed|51|B-CORE-no-bottleneck,2026-06-03T15:04:30,S_mixed_seed51,S,mixed,51,50051,50051,1.0,B-CORE-no-bottleneck,solved,,0.018466,62.655622,62.655622,186.207675,129.134009,0.409505,10.386843,10.386843,0.000227,true,4,objective equals makespan; due-date/tardiness fields are not available in this instance format
main|S|mixed|51|B-CORE-no-qp,2026-06-03T15:04:30,S_mixed_seed51,S,mixed,51,50051,50051,1.0,B-CORE-no-qp,solved,,0.017838,64.636520,64.636520,180.027335,98.844397,0.354444,8.995875,8.995875,0.000245,true,4,objective equals makespan; due-date/tardiness fields are not available in this instance format
main|S|mixed|51|B-CORE-no-transport,2026-06-03T15:04:30,S_mixed_seed51,S,mixed,51,50051,50051,1.0,B-CORE-no-transport,solved,,0.018706,66.834831,66.834831,197.490757,146.136462,0.425276,11.864581,11.864581,0.000172,true,4,objective equals makespan; due-date/tardiness fields are not available in this instance format
main|M|breakdown|42|B-CORE,2026-06-03T15:04:32,M_breakdown_seed42,M,breakdown,42,30042,30042,1.0,B-CORE,solved,,0.050724,77.843280,77.843280,396.451304,233.797166,0.370960,11.600384,11.600384,0.000305,true,4,objective equals makespan; due-date/tardiness fields are not available in this instance format
main|M|breakdown|42|B-CORE-no-graph,2026-06-03T15:04:32,M_breakdown_seed42,M,breakdown,42,30042,30042,1.0,B-CORE-no-graph,solved,,0.052952,77.843280,77.843280,396.451304,233.797166,0.370960,11.600384,11.600384,0.000305,true,4,objective equals makespan; due-date/tardiness fields are not available in this instance format
main|M|breakdown|42|B-CORE-no-bottleneck,2026-06-03T15:04:32,M_breakdown_seed42,M,breakdown,42,30042,30042,1.0,B-CORE-no-bottleneck,solved,,0.054829,85.950757,85.950757,416.271654,322.726167,0.436708,13.905481,13.905481,0.000317,true,4,objective equals makespan; due-date/tardiness fields are not available in this instance format
main|M|breakdown|42|B-CORE-no-qp,2026-06-03T15:04:32,M_breakdown_seed42,M,breakdown,42,30042,30042,1.0,B-CORE-no-qp,solved,,0.051907,82.459670,82.459670,396.451304,242.906438,0.379923,11.862204,11.862204,0.000311,true,4,objective equals makespan; due-date/tardiness fields are not available in this instance format
main|M|breakdown|42|B-CORE-no-transport,2026-06-03T15:04:32,M_breakdown_seed42,M,breakdown,42,30042,30042,1.0,B-CORE-no-transport,solved,,0.052958,79.264667,79.264667,423.939753,308.888725,0.421502,15.134537,15.134537,0.000309,true,4,objective equals makespan; due-date/tardiness fields are not available in this instance format
main|M|breakdown|43|B-CORE,2026-06-03T15:04:33,M_breakdown_seed43,M,breakdown,43,30043,30043,1.0,B-CORE,solved,,0.054796,89.799928,89.799928,421.146068,262.882413,0.384315,11.452267,11.452267,0.000331,true,4,objective equals makespan; due-date/tardiness fields are not available in this instance format
main|M|breakdown|43|B-CORE-no-graph,2026-06-03T15:04:33,M_breakdown_seed43,M,breakdown,43,30043,30043,1.0,B-CORE-no-graph,solved,,0.056265,89.799928,89.799928,421.146068,262.882413,0.384315,11.452267,11.452267,0.000338,true,4,objective equals makespan; due-date/tardiness fields are not available in this instance format
main|M|breakdown|43|B-CORE-no-bottleneck,2026-06-03T15:04:33,M_breakdown_seed43,M,breakdown,43,30043,30043,1.0,B-CORE-no-bottleneck,solved,,0.055278,77.279019,77.279019,404.900001,298.741651,0.424565,13.467498,13.467498,0.000340,true,4,objective equals makespan; due-date/tardiness fields are not available in this instance format
main|M|breakdown|43|B-CORE-no-qp,2026-06-03T15:04:33,M_breakdown_seed43,M,breakdown,43,30043,30043,1.0,B-CORE-no-qp,solved,,0.057778,89.799928,89.799928,421.146068,262.882413,0.384315,11.452267,11.452267,0.000355,true,4,objective equals makespan; due-date/tardiness fields are not available in this instance format
main|M|breakdown|43|B-CORE-no-transport,2026-06-03T15:04:33,M_breakdown_seed43,M,breakdown,43,30043,30043,1.0,B-CORE-no-transport,solved,,0.057561,86.845024,86.845024,458.900676,345.203644,0.429302,14.760307,14.760307,0.000354,true,4,objective equals makespan; due-date/tardiness fields are not available in this instance format
main|M|breakdown|44|B-CORE,2026-06-03T15:04:34,M_breakdown_seed44,M,breakdown,44,30044,30044,1.0,B-CORE,solved,,0.051645,76.477507,76.477507,356.207162,209.555952,0.370395,10.380722,10.380722,0.000337,true,4,objective equals makespan; due-date/tardiness fields are not available in this instance format
main|M|breakdown|44|B-CORE-no-graph,2026-06-03T15:04:34,M_breakdown_seed44,M,breakdown,44,30044,30044,1.0,B-CORE-no-graph,solved,,0.052394,76.477507,76.477507,356.207162,209.555952,0.370395,10.380722,10.380722,0.000323,true,4,objective equals makespan; due-date/tardiness fields are not available in this instance format
main|M|breakdown|44|B-CORE-no-bottleneck,2026-06-03T15:04:34,M_breakdown_seed44,M,breakdown,44,30044,30044,1.0,B-CORE-no-bottleneck,solved,,0.054046,74.313041,74.313041,397.756454,236.936283,0.373309,10.964082,10.964082,0.000313,true,4,objective equals makespan; due-date/tardiness fields are not available in this instance format
main|M|breakdown|44|B-CORE-no-qp,2026-06-03T15:04:34,M_breakdown_seed44,M,breakdown,44,30044,30044,1.0,B-CORE-no-qp,solved,,0.050607,76.413959,76.413959,347.922891,227.195272,0.395041,10.645141,10.645141,0.000318,true,4,objective equals makespan; due-date/tardiness fields are not available in this instance format
main|M|breakdown|44|B-CORE-no-transport,2026-06-03T15:04:34,M_breakdown_seed44,M,breakdown,44,30044,30044,1.0,B-CORE-no-transport,solved,,0.052248,85.013456,85.013456,411.156768,297.780535,0.420038,12.582079,12.582079,0.000322,true,4,objective equals makespan; due-date/tardiness fields are not available in this instance format
main|M|breakdown|45|B-CORE,2026-06-03T15:04:36,M_breakdown_seed45,M,breakdown,45,30045,30045,1.0,B-CORE,solved,,0.037179,70.391156,70.391156,325.048097,199.223139,0.380000,9.448444,9.448444,0.000205,true,4,objective equals makespan; due-date/tardiness fields are not available in this instance format
main|M|breakdown|45|B-CORE-no-graph,2026-06-03T15:04:36,M_breakdown_seed45,M,breakdown,45,30045,30045,1.0,B-CORE-no-graph,solved,,0.043198,70.391156,70.391156,325.048097,199.223139,0.380000,9.448444,9.448444,0.000306,true,4,objective equals makespan; due-date/tardiness fields are not available in this instance format
main|M|breakdown|45|B-CORE-no-bottleneck,2026-06-03T15:04:36,M_breakdown_seed45,M,breakdown,45,30045,30045,1.0,B-CORE-no-bottleneck,solved,,0.040686,77.003446,77.003446,346.261300,262.757131,0.431444,11.216873,11.216873,0.000326,true,4,objective equals makespan; due-date/tardiness fields are not available in this instance format
main|M|breakdown|45|B-CORE-no-qp,2026-06-03T15:04:36,M_breakdown_seed45,M,breakdown,45,30045,30045,1.0,B-CORE-no-qp,solved,,0.043261,71.781326,71.781326,336.228437,199.223139,0.372066,9.346911,9.346911,0.000232,true,4,objective equals makespan; due-date/tardiness fields are not available in this instance format
main|M|breakdown|45|B-CORE-no-transport,2026-06-03T15:04:36,M_breakdown_seed45,M,breakdown,45,30045,30045,1.0,B-CORE-no-transport,solved,,0.043120,85.110048,85.110048,372.075122,286.093917,0.434682,13.427726,13.427726,0.000219,true,4,objective equals makespan; due-date/tardiness fields are not available in this instance format
main|M|breakdown|46|B-CORE,2026-06-03T15:04:37,M_breakdown_seed46,M,breakdown,46,30046,30046,1.0,B-CORE,solved,,0.050757,80.546750,80.546750,392.057770,176.801064,0.310800,9.832334,9.832334,0.000331,true,4,objective equals makespan; due-date/tardiness fields are not available in this instance format
main|M|breakdown|46|B-CORE-no-graph,2026-06-03T15:04:37,M_breakdown_seed46,M,breakdown,46,30046,30046,1.0,B-CORE-no-graph,solved,,0.050130,80.546750,80.546750,392.057770,176.801064,0.310800,9.832334,9.832334,0.000349,true,4,objective equals makespan; due-date/tardiness fields are not available in this instance format
main|M|breakdown|46|B-CORE-no-bottleneck,2026-06-03T15:04:37,M_breakdown_seed46,M,breakdown,46,30046,30046,1.0,B-CORE-no-bottleneck,solved,,0.052949,90.086281,90.086281,432.183478,281.315369,0.394276,13.217175,13.217175,0.000338,true,4,objective equals makespan; due-date/tardiness fields are not available in this instance format
main|M|breakdown|46|B-CORE-no-qp,2026-06-03T15:04:37,M_breakdown_seed46,M,breakdown,46,30046,30046,1.0,B-CORE-no-qp,solved,,0.050260,82.390598,82.390598,365.989633,203.839268,0.357720,10.275729,10.275729,0.000372,true,4,objective equals makespan; due-date/tardiness fields are not available in this instance format
main|M|breakdown|46|B-CORE-no-transport,2026-06-03T15:04:37,M_breakdown_seed46,M,breakdown,46,30046,30046,1.0,B-CORE-no-transport,solved,,0.050882,96.187369,96.187369,465.693541,376.398874,0.446980,17.002295,17.002295,0.000330,true,4,objective equals makespan; due-date/tardiness fields are not available in this instance format
main|M|breakdown|47|B-CORE,2026-06-03T15:04:39,M_breakdown_seed47,M,breakdown,47,30047,30047,1.0,B-CORE,solved,,0.053137,85.410680,85.410680,434.383880,266.494067,0.380229,12.144693,12.144693,0.000301,true,4,objective equals makespan; due-date/tardiness fields are not available in this instance format
main|M|breakdown|47|B-CORE-no-graph,2026-06-03T15:04:39,M_breakdown_seed47,M,breakdown,47,30047,30047,1.0,B-CORE-no-graph,solved,,0.053978,85.410680,85.410680,434.383880,266.494067,0.380229,12.144693,12.144693,0.000332,true,4,objective equals makespan; due-date/tardiness fields are not available in this instance format
main|M|breakdown|47|B-CORE-no-bottleneck,2026-06-03T15:04:39,M_breakdown_seed47,M,breakdown,47,30047,30047,1.0,B-CORE-no-bottleneck,solved,,0.054625,88.171817,88.171817,430.241744,297.694485,0.408957,13.611810,13.611810,0.000393,true,4,objective equals makespan; due-date/tardiness fields are not available in this instance format
main|M|breakdown|47|B-CORE-no-qp,2026-06-03T15:04:39,M_breakdown_seed47,M,breakdown,47,30047,30047,1.0,B-CORE-no-qp,solved,,0.055083,85.275146,85.275146,437.312812,266.494067,0.378647,12.177237,12.177237,0.000349,true,4,objective equals makespan; due-date/tardiness fields are not available in this instance format
main|M|breakdown|47|B-CORE-no-transport,2026-06-03T15:04:40,M_breakdown_seed47,M,breakdown,47,30047,30047,1.0,B-CORE-no-transport,solved,,0.054865,99.047534,99.047534,495.666303,343.992787,0.409681,16.615769,16.615769,0.000332,true,4,objective equals makespan; due-date/tardiness fields are not available in this instance format
main|M|breakdown|48|B-CORE,2026-06-03T15:04:40,M_breakdown_seed48,M,breakdown,48,30048,30048,1.0,B-CORE,solved,,0.047537,70.001631,70.001631,362.149470,226.647513,0.384933,9.921367,9.921367,0.000342,true,4,objective equals makespan; due-date/tardiness fields are not available in this instance format
main|M|breakdown|48|B-CORE-no-graph,2026-06-03T15:04:40,M_breakdown_seed48,M,breakdown,48,30048,30048,1.0,B-CORE-no-graph,solved,,0.042352,70.001631,70.001631,362.149470,226.647513,0.384933,9.921367,9.921367,0.000313,true,4,objective equals makespan; due-date/tardiness fields are not available in this instance format
main|M|breakdown|48|B-CORE-no-bottleneck,2026-06-03T15:04:40,M_breakdown_seed48,M,breakdown,48,30048,30048,1.0,B-CORE-no-bottleneck,solved,,0.047892,73.915643,73.915643,354.630111,300.679712,0.458836,12.325425,12.325425,0.000355,true,4,objective equals makespan; due-date/tardiness fields are not available in this instance format
main|M|breakdown|48|B-CORE-no-qp,2026-06-03T15:04:40,M_breakdown_seed48,M,breakdown,48,30048,30048,1.0,B-CORE-no-qp,solved,,0.042059,71.125339,71.125339,366.054576,237.926677,0.393931,11.611442,11.611442,0.000334,true,4,objective equals makespan; due-date/tardiness fields are not available in this instance format
main|M|breakdown|48|B-CORE-no-transport,2026-06-03T15:04:40,M_breakdown_seed48,M,breakdown,48,30048,30048,1.0,B-CORE-no-transport,solved,,0.048386,73.711216,73.711216,385.522321,271.315244,0.413063,13.442928,13.442928,0.000335,true,4,objective equals makespan; due-date/tardiness fields are not available in this instance format
main|M|breakdown|49|B-CORE,2026-06-03T15:04:42,M_breakdown_seed49,M,breakdown,49,30049,30049,1.0,B-CORE,solved,,0.046613,71.781326,71.781326,351.093569,232.982598,0.398891,10.820031,10.820031,0.000272,true,4,objective equals makespan; due-date/tardiness fields are not available in this instance format
main|M|breakdown|49|B-CORE-no-graph,2026-06-03T15:04:42,M_breakdown_seed49,M,breakdown,49,30049,30049,1.0,B-CORE-no-graph,solved,,0.047237,71.781326,71.781326,351.093569,232.982598,0.398891,10.820031,10.820031,0.000271,true,4,objective equals makespan; due-date/tardiness fields are not available in this instance format
main|M|breakdown|49|B-CORE-no-bottleneck,2026-06-03T15:04:42,M_breakdown_seed49,M,breakdown,49,30049,30049,1.0,B-CORE-no-bottleneck,solved,,0.048283,81.904397,81.904397,423.506239,324.779896,0.434032,15.247010,15.247010,0.000301,true,4,objective equals makespan; due-date/tardiness fields are not available in this instance format
main|M|breakdown|49|B-CORE-no-qp,2026-06-03T15:04:42,M_breakdown_seed49,M,breakdown,49,30049,30049,1.0,B-CORE-no-qp,solved,,0.047875,71.781326,71.781326,354.913230,232.982598,0.396299,10.870289,10.870289,0.000287,true,4,objective equals makespan; due-date/tardiness fields are not available in this instance format
main|M|breakdown|49|B-CORE-no-transport,2026-06-03T15:04:42,M_breakdown_seed49,M,breakdown,49,30049,30049,1.0,B-CORE-no-transport,solved,,0.047569,92.112234,92.112234,440.699701,371.489694,0.457393,16.891736,16.891736,0.000326,true,4,objective equals makespan; due-date/tardiness fields are not available in this instance format
main|M|breakdown|50|B-CORE,2026-06-03T15:04:43,M_breakdown_seed50,M,breakdown,50,30050,30050,1.0,B-CORE,solved,,0.050607,75.302852,75.302852,334.964426,248.211862,0.425621,10.121837,10.121837,0.000313,true,3,objective equals makespan; due-date/tardiness fields are not available in this instance format
main|M|breakdown|50|B-CORE-no-graph,2026-06-03T15:04:43,M_breakdown_seed50,M,breakdown,50,30050,30050,1.0,B-CORE-no-graph,solved,,0.049979,75.302852,75.302852,334.964426,248.211862,0.425621,10.121837,10.121837,0.000314,true,3,objective equals makespan; due-date/tardiness fields are not available in this instance format
main|M|breakdown|50|B-CORE-no-qp,2026-06-03T15:04:43,M_breakdown_seed50,M,breakdown,50,30050,30050,1.0,B-CORE-no-qp,solved,,0.049725,75.302852,75.302852,334.964426,248.211862,0.425621,10.121837,10.121837,0.000314,true,3,objective equals makespan; due-date/tardiness fields are not available in this instance format
main|M|breakdown|50|B-CORE-no-bottleneck,2026-06-03T15:04:43,M_breakdown_seed50,M,breakdown,50,30050,30050,1.0,B-CORE-no-bottleneck,solved,,0.053862,82.925282,82.925282,403.151605,304.843807,0.430573,13.012278,13.012278,0.000323,true,3,objective equals makespan; due-date/tardiness fields are not available in this instance format
main|M|breakdown|50|B-CORE-no-transport,2026-06-03T15:04:43,M_breakdown_seed50,M,breakdown,50,30050,30050,1.0,B-CORE-no-transport,solved,,0.052672,96.800223,96.800223,470.017517,399.215466,0.459273,15.600576,15.600576,0.000309,true,4,objective equals makespan; due-date/tardiness fields are not available in this instance format
main|M|breakdown|51|B-CORE,2026-06-03T15:04:46,M_breakdown_seed51,M,breakdown,51,30051,30051,1.0,B-CORE,solved,,0.043133,80.028844,80.028844,401.219636,251.405434,0.385222,11.874383,11.874383,0.000206,true,4,objective equals makespan; due-date/tardiness fields are not available in this instance format
main|M|breakdown|51|B-CORE-no-graph,2026-06-03T15:04:46,M_breakdown_seed51,M,breakdown,51,30051,30051,1.0,B-CORE-no-graph,solved,,0.047812,80.028844,80.028844,401.219636,251.405434,0.385222,11.874383,11.874383,0.000295,true,4,objective equals makespan; due-date/tardiness fields are not available in this instance format
main|M|breakdown|51|B-CORE-no-bottleneck,2026-06-03T15:04:46,M_breakdown_seed51,M,breakdown,51,30051,30051,1.0,B-CORE-no-bottleneck,solved,,0.046794,78.629872,78.629872,409.591005,256.873210,0.385427,13.954428,13.954428,0.000304,true,4,objective equals makespan; due-date/tardiness fields are not available in this instance format
main|M|breakdown|51|B-CORE-no-qp,2026-06-03T15:04:46,M_breakdown_seed51,M,breakdown,51,30051,30051,1.0,B-CORE-no-qp,solved,,0.043466,69.423180,69.423180,375.976501,250.659773,0.400008,11.648397,11.648397,0.000211,true,4,objective equals makespan; due-date/tardiness fields are not available in this instance format
main|M|breakdown|51|B-CORE-no-transport,2026-06-03T15:04:46,M_breakdown_seed51,M,breakdown,51,30051,30051,1.0,B-CORE-no-transport,solved,,0.046171,82.606752,82.606752,429.544529,332.008157,0.435962,16.305462,16.305462,0.000313,true,4,objective equals makespan; due-date/tardiness fields are not available in this instance format
main|M|rush_job|42|B-CORE,2026-06-03T15:04:47,M_rush_job_seed42,M,rush_job,42,40042,40042,1.0,B-CORE,solved,,0.049873,89.509742,89.509742,430.136731,234.791584,0.353108,11.130996,11.130996,0.000288,true,4,objective equals makespan; due-date/tardiness fields are not available in this instance format
main|M|rush_job|42|B-CORE-no-graph,2026-06-03T15:04:47,M_rush_job_seed42,M,rush_job,42,40042,40042,1.0,B-CORE-no-graph,solved,,0.051241,89.509742,89.509742,430.136731,234.791584,0.353108,11.130996,11.130996,0.000297,true,4,objective equals makespan; due-date/tardiness fields are not available in this instance format
main|M|rush_job|42|B-CORE-no-bottleneck,2026-06-03T15:04:47,M_rush_job_seed42,M,rush_job,42,40042,40042,1.0,B-CORE-no-bottleneck,solved,,0.051223,84.639603,84.639603,429.689428,270.084948,0.385960,13.735439,13.735439,0.000311,true,4,objective equals makespan; due-date/tardiness fields are not available in this instance format
main|M|rush_job|42|B-CORE-no-qp,2026-06-03T15:04:47,M_rush_job_seed42,M,rush_job,42,40042,40042,1.0,B-CORE-no-qp,solved,,0.052493,89.509742,89.509742,421.027459,211.540176,0.334415,11.173891,11.173891,0.000357,true,4,objective equals makespan; due-date/tardiness fields are not available in this instance format
main|M|rush_job|42|B-CORE-no-transport,2026-06-03T15:04:47,M_rush_job_seed42,M,rush_job,42,40042,40042,1.0,B-CORE-no-transport,solved,,0.052662,89.911944,89.911944,471.080041,321.736544,0.405815,15.800007,15.800007,0.000294,true,4,objective equals makespan; due-date/tardiness fields are not available in this instance format
main|M|rush_job|43|B-CORE,2026-06-03T15:04:48,M_rush_job_seed43,M,rush_job,43,40043,40043,1.0,B-CORE,solved,,0.051238,75.999835,75.999835,369.759074,237.451749,0.391053,11.274302,11.274302,0.000312,true,4,objective equals makespan; due-date/tardiness fields are not available in this instance format
main|M|rush_job|43|B-CORE-no-graph,2026-06-03T15:04:48,M_rush_job_seed43,M,rush_job,43,40043,40043,1.0,B-CORE-no-graph,solved,,0.051318,75.999835,75.999835,369.759074,237.451749,0.391053,11.274302,11.274302,0.000350,true,4,objective equals makespan; due-date/tardiness fields are not available in this instance format
main|M|rush_job|43|B-CORE-no-bottleneck,2026-06-03T15:04:48,M_rush_job_seed43,M,rush_job,43,40043,40043,1.0,B-CORE-no-bottleneck,solved,,0.053284,75.504564,75.504564,377.427118,239.205262,0.387922,11.643550,11.643550,0.000325,true,4,objective equals makespan; due-date/tardiness fields are not available in this instance format
main|M|rush_job|43|B-CORE-no-qp,2026-06-03T15:04:48,M_rush_job_seed43,M,rush_job,43,40043,40043,1.0,B-CORE-no-qp,solved,,0.050994,75.999835,75.999835,369.759074,237.451749,0.391053,11.274302,11.274302,0.000293,true,4,objective equals makespan; due-date/tardiness fields are not available in this instance format
main|M|rush_job|43|B-CORE-no-transport,2026-06-03T15:04:48,M_rush_job_seed43,M,rush_job,43,40043,40043,1.0,B-CORE-no-transport,solved,,0.055611,89.674968,89.674968,412.277899,393.724353,0.488490,15.991855,15.991855,0.000304,true,4,objective equals makespan; due-date/tardiness fields are not available in this instance format
main|M|rush_job|44|B-CORE,2026-06-03T15:04:50,M_rush_job_seed44,M,rush_job,44,40044,40044,1.0,B-CORE,solved,,0.040619,67.368544,67.368544,340.248988,183.134375,0.349905,10.324103,10.324103,0.000265,true,3,objective equals makespan; due-date/tardiness fields are not available in this instance format
main|M|rush_job|44|B-CORE-no-graph,2026-06-03T15:04:50,M_rush_job_seed44,M,rush_job,44,40044,40044,1.0,B-CORE-no-graph,solved,,0.039845,67.368544,67.368544,340.248988,183.134375,0.349905,10.324103,10.324103,0.000309,true,3,objective equals makespan; due-date/tardiness fields are not available in this instance format
main|M|rush_job|44|B-CORE-no-bottleneck,2026-06-03T15:04:50,M_rush_job_seed44,M,rush_job,44,40044,40044,1.0,B-CORE-no-bottleneck,solved,,0.043850,73.557488,73.557488,382.254329,242.552910,0.388204,11.949838,11.949838,0.000329,true,3,objective equals makespan; due-date/tardiness fields are not available in this instance format
main|M|rush_job|44|B-CORE-no-qp,2026-06-03T15:04:50,M_rush_job_seed44,M,rush_job,44,40044,40044,1.0,B-CORE-no-qp,solved,,0.042683,71.761943,71.761943,342.117542,235.935592,0.408156,11.212436,11.212436,0.000307,true,3,objective equals makespan; due-date/tardiness fields are not available in this instance format
main|M|rush_job|44|B-CORE-no-transport,2026-06-03T15:04:50,M_rush_job_seed44,M,rush_job,44,40044,40044,1.0,B-CORE-no-transport,solved,,0.045967,75.923180,75.923180,395.422245,282.906350,0.417064,13.891580,13.891580,0.000351,true,3,objective equals makespan; due-date/tardiness fields are not available in this instance format
main|M|rush_job|45|B-CORE,2026-06-03T15:04:51,M_rush_job_seed45,M,rush_job,45,40045,40045,1.0,B-CORE,solved,,0.046060,74.168721,74.168721,332.347189,188.929387,0.362436,10.049515,10.049515,0.000376,true,3,objective equals makespan; due-date/tardiness fields are not available in this instance format
main|M|rush_job|45|B-CORE-no-graph,2026-06-03T15:04:51,M_rush_job_seed45,M,rush_job,45,40045,40045,1.0,B-CORE-no-graph,solved,,0.045241,74.168721,74.168721,332.347189,188.929387,0.362436,10.049515,10.049515,0.000344,true,3,objective equals makespan; due-date/tardiness fields are not available in this instance format
main|M|rush_job|45|B-CORE-no-bottleneck,2026-06-03T15:04:51,M_rush_job_seed45,M,rush_job,45,40045,40045,1.0,B-CORE-no-bottleneck,solved,,0.046730,74.615946,74.615946,351.811801,264.948160,0.429581,12.597501,12.597501,0.000316,true,4,objective equals makespan; due-date/tardiness fields are not available in this instance format
main|M|rush_job|45|B-CORE-no-qp,2026-06-03T15:04:51,M_rush_job_seed45,M,rush_job,45,40045,40045,1.0,B-CORE-no-qp,solved,,0.046195,74.168721,74.168721,332.347189,188.929387,0.362436,10.049515,10.049515,0.000321,true,3,objective equals makespan; due-date/tardiness fields are not available in this instance format
main|M|rush_job|45|B-CORE-no-transport,2026-06-03T15:04:51,M_rush_job_seed45,M,rush_job,45,40045,40045,1.0,B-CORE-no-transport,solved,,0.047343,80.093616,80.093616,391.767757,298.567034,0.432496,14.369335,14.369335,0.000335,true,3,objective equals makespan; due-date/tardiness fields are not available in this instance format
main|M|rush_job|46|B-CORE,2026-06-03T15:04:53,M_rush_job_seed46,M,rush_job,46,40046,40046,1.0,B-CORE,solved,,0.051431,76.423770,76.423770,404.284095,211.801064,0.343785,10.103892,10.103892,0.000300,true,4,objective equals makespan; due-date/tardiness fields are not available in this instance format
main|M|rush_job|46|B-CORE-no-graph,2026-06-03T15:04:53,M_rush_job_seed46,M,rush_job,46,40046,40046,1.0,B-CORE-no-graph,solved,,0.051512,76.423770,76.423770,404.284095,211.801064,0.343785,10.103892,10.103892,0.000368,true,4,objective equals makespan; due-date/tardiness fields are not available in this instance format
main|M|rush_job|46|B-CORE-no-bottleneck,2026-06-03T15:04:53,M_rush_job_seed46,M,rush_job,46,40046,40046,1.0,B-CORE-no-bottleneck,solved,,0.051290,76.430268,76.430268,378.621392,264.874016,0.411618,12.584721,12.584721,0.000297,true,4,objective equals makespan; due-date/tardiness fields are not available in this instance format
main|M|rush_job|46|B-CORE-no-qp,2026-06-03T15:04:53,M_rush_job_seed46,M,rush_job,46,40046,40046,1.0,B-CORE-no-qp,solved,,0.050046,71.431471,71.431471,376.032687,207.691792,0.355804,10.411775,10.411775,0.000298,true,4,objective equals makespan; due-date/tardiness fields are not available in this instance format
main|M|rush_job|46|B-CORE-no-transport,2026-06-03T15:04:53,M_rush_job_seed46,M,rush_job,46,40046,40046,1.0,B-CORE-no-transport,solved,,0.053048,91.911624,91.911624,448.840599,366.396975,0.449436,15.058377,15.058377,0.000323,true,4,objective equals makespan; due-date/tardiness fields are not available in this instance format
main|M|rush_job|47|B-CORE,2026-06-03T15:04:54,M_rush_job_seed47,M,rush_job,47,40047,40047,1.0,B-CORE,solved,,0.039083,72.292969,72.292969,355.183453,238.362621,0.401591,11.097874,11.097874,0.000210,true,3,objective equals makespan; due-date/tardiness fields are not available in this instance format
main|M|rush_job|47|B-CORE-no-graph,2026-06-03T15:04:54,M_rush_job_seed47,M,rush_job,47,40047,40047,1.0,B-CORE-no-graph,solved,,0.044715,72.292969,72.292969,355.183453,238.362621,0.401591,11.097874,11.097874,0.000232,true,3,objective equals makespan; due-date/tardiness fields are not available in this instance format
main|M|rush_job|47|B-CORE-no-bottleneck,2026-06-03T15:04:54,M_rush_job_seed47,M,rush_job,47,40047,40047,1.0,B-CORE-no-bottleneck,solved,,0.048781,85.113908,85.113908,408.019433,291.473757,0.416693,13.472675,13.472675,0.000343,true,3,objective equals makespan; due-date/tardiness fields are not available in this instance format
main|M|rush_job|47|B-CORE-no-qp,2026-06-03T15:04:54,M_rush_job_seed47,M,rush_job,47,40047,40047,1.0,B-CORE-no-qp,solved,,0.043117,70.603698,70.603698,371.363793,241.660504,0.394210,11.455133,11.455133,0.000259,true,3,objective equals makespan; due-date/tardiness fields are not available in this instance format
main|M|rush_job|47|B-CORE-no-transport,2026-06-03T15:04:54,M_rush_job_seed47,M,rush_job,47,40047,40047,1.0,B-CORE-no-transport,solved,,0.051997,96.713039,96.713039,471.036836,376.987446,0.444548,17.490672,17.490672,0.000341,true,3,objective equals makespan; due-date/tardiness fields are not available in this instance format
main|M|rush_job|48|B-CORE,2026-06-03T15:04:56,M_rush_job_seed48,M,rush_job,48,40048,40048,1.0,B-CORE,solved,,0.051917,75.673331,75.673331,376.048888,247.109214,0.396543,10.369006,10.369006,0.000288,true,3,objective equals makespan; due-date/tardiness fields are not available in this instance format
main|M|rush_job|48|B-CORE-no-graph,2026-06-03T15:04:56,M_rush_job_seed48,M,rush_job,48,40048,40048,1.0,B-CORE-no-graph,solved,,0.051674,75.673331,75.673331,376.048888,247.109214,0.396543,10.369006,10.369006,0.000345,true,3,objective equals makespan; due-date/tardiness fields are not available in this instance format
main|M|rush_job|48|B-CORE-no-bottleneck,2026-06-03T15:04:56,M_rush_job_seed48,M,rush_job,48,40048,40048,1.0,B-CORE-no-bottleneck,solved,,0.056569,76.564451,76.564451,387.010442,297.803003,0.434867,12.380876,12.380876,0.000287,true,3,objective equals makespan; due-date/tardiness fields are not available in this instance format
main|M|rush_job|48|B-CORE-no-qp,2026-06-03T15:04:56,M_rush_job_seed48,M,rush_job,48,40048,40048,1.0,B-CORE-no-qp,solved,,0.052790,78.227893,78.227893,397.452879,241.182004,0.377652,10.270821,10.270821,0.000285,true,3,objective equals makespan; due-date/tardiness fields are not available in this instance format
main|M|rush_job|48|B-CORE-no-transport,2026-06-03T15:04:56,M_rush_job_seed48,M,rush_job,48,40048,40048,1.0,B-CORE-no-transport,solved,,0.053891,98.535565,98.535565,451.706171,378.418475,0.455857,15.911637,15.911637,0.000331,true,3,objective equals makespan; due-date/tardiness fields are not available in this instance format
main|M|rush_job|49|B-CORE,2026-06-03T15:04:57,M_rush_job_seed49,M,rush_job,49,40049,40049,1.0,B-CORE,solved,,0.038744,77.860825,77.860825,376.159297,249.228665,0.398518,11.170141,11.170141,0.000295,true,4,objective equals makespan; due-date/tardiness fields are not available in this instance format
main|M|rush_job|49|B-CORE-no-graph,2026-06-03T15:04:57,M_rush_job_seed49,M,rush_job,49,40049,40049,1.0,B-CORE-no-graph,solved,,0.042970,77.860825,77.860825,376.159297,249.228665,0.398518,11.170141,11.170141,0.000285,true,4,objective equals makespan; due-date/tardiness fields are not available in this instance format
main|M|rush_job|49|B-CORE-no-bottleneck,2026-06-03T15:04:57,M_rush_job_seed49,M,rush_job,49,40049,40049,1.0,B-CORE-no-bottleneck,solved,,0.042583,82.290005,82.290005,401.369444,279.736841,0.410710,13.107638,13.107638,0.000366,true,4,objective equals makespan; due-date/tardiness fields are not available in this instance format
main|M|rush_job|49|B-CORE-no-qp,2026-06-03T15:04:57,M_rush_job_seed49,M,rush_job,49,40049,40049,1.0,B-CORE-no-qp,solved,,0.047344,76.860825,76.860825,372.050025,244.228665,0.396296,11.056275,11.056275,0.000288,true,4,objective equals makespan; due-date/tardiness fields are not available in this instance format
main|M|rush_job|49|B-CORE-no-transport,2026-06-03T15:04:57,M_rush_job_seed49,M,rush_job,49,40049,40049,1.0,B-CORE-no-transport,solved,,0.043673,88.128127,88.128127,438.073993,331.479795,0.430743,15.273595,15.273595,0.000342,true,4,objective equals makespan; due-date/tardiness fields are not available in this instance format
main|M|rush_job|50|B-CORE,2026-06-03T15:04:58,M_rush_job_seed50,M,rush_job,50,40050,40050,1.0,B-CORE,solved,,0.045971,73.973858,73.973858,349.713728,234.056113,0.400939,11.209693,11.209693,0.000294,true,4,objective equals makespan; due-date/tardiness fields are not available in this instance format
main|M|rush_job|50|B-CORE-no-graph,2026-06-03T15:04:58,M_rush_job_seed50,M,rush_job,50,40050,40050,1.0,B-CORE-no-graph,solved,,0.047665,73.973858,73.973858,349.713728,234.056113,0.400939,11.209693,11.209693,0.000277,true,4,objective equals makespan; due-date/tardiness fields are not available in this instance format
main|M|rush_job|50|B-CORE-no-bottleneck,2026-06-03T15:04:58,M_rush_job_seed50,M,rush_job,50,40050,40050,1.0,B-CORE-no-bottleneck,solved,,0.055735,79.571124,79.571124,367.120884,293.656731,0.444411,13.543326,13.543326,0.000324,true,4,objective equals makespan; due-date/tardiness fields are not available in this instance format
main|M|rush_job|50|B-CORE-no-qp,2026-06-03T15:04:58,M_rush_job_seed50,M,rush_job,50,40050,40050,1.0,B-CORE-no-qp,solved,,0.050025,73.973858,73.973858,344.713728,217.017909,0.386337,11.087472,11.087472,0.000431,true,4,objective equals makespan; due-date/tardiness fields are not available in this instance format
main|M|rush_job|50|B-CORE-no-transport,2026-06-03T15:04:58,M_rush_job_seed50,M,rush_job,50,40050,40050,1.0,B-CORE-no-transport,solved,,0.053797,83.409449,83.409449,408.899699,299.608976,0.422873,13.369567,13.369567,0.000356,true,4,objective equals makespan; due-date/tardiness fields are not available in this instance format
main|M|rush_job|51|B-CORE,2026-06-03T15:05:00,M_rush_job_seed51,M,rush_job,51,40051,40051,1.0,B-CORE,solved,,0.050603,78.977807,78.977807,416.429784,252.361889,0.377340,11.589987,11.589987,0.000354,true,4,objective equals makespan; due-date/tardiness fields are not available in this instance format
main|M|rush_job|51|B-CORE-no-graph,2026-06-03T15:05:00,M_rush_job_seed51,M,rush_job,51,40051,40051,1.0,B-CORE-no-graph,solved,,0.049398,78.977807,78.977807,416.429784,252.361889,0.377340,11.589987,11.589987,0.000322,true,4,objective equals makespan; due-date/tardiness fields are not available in this instance format
main|M|rush_job|51|B-CORE-no-bottleneck,2026-06-03T15:05:00,M_rush_job_seed51,M,rush_job,51,40051,40051,1.0,B-CORE-no-bottleneck,solved,,0.049900,80.955417,80.955417,428.871510,299.610365,0.411280,13.309570,13.309570,0.000310,true,4,objective equals makespan; due-date/tardiness fields are not available in this instance format
main|M|rush_job|51|B-CORE-no-qp,2026-06-03T15:05:00,M_rush_job_seed51,M,rush_job,51,40051,40051,1.0,B-CORE-no-qp,solved,,0.049809,72.518664,72.518664,367.678492,264.320753,0.418230,11.409805,11.409805,0.000329,true,4,objective equals makespan; due-date/tardiness fields are not available in this instance format
main|M|rush_job|51|B-CORE-no-transport,2026-06-03T15:05:00,M_rush_job_seed51,M,rush_job,51,40051,40051,1.0,B-CORE-no-transport,solved,,0.052796,90.070072,90.070072,448.284725,371.579350,0.453221,16.741368,16.741368,0.000317,true,4,objective equals makespan; due-date/tardiness fields are not available in this instance format
main|M|mixed|42|B-CORE,2026-06-03T15:05:01,M_mixed_seed42,M,mixed,42,50042,50042,1.0,B-CORE,solved,,0.055029,78.536410,78.536410,424.671747,242.353997,0.363335,12.800094,12.800094,0.000327,true,4,objective equals makespan; due-date/tardiness fields are not available in this instance format
main|M|mixed|42|B-CORE-no-graph,2026-06-03T15:05:01,M_mixed_seed42,M,mixed,42,50042,50042,1.0,B-CORE-no-graph,solved,,0.054212,78.536410,78.536410,424.671747,242.353997,0.363335,12.800094,12.800094,0.000337,true,4,objective equals makespan; due-date/tardiness fields are not available in this instance format
main|M|mixed|42|B-CORE-no-bottleneck,2026-06-03T15:05:01,M_mixed_seed42,M,mixed,42,50042,50042,1.0,B-CORE-no-bottleneck,solved,,0.051602,75.586466,75.586466,399.092523,280.780748,0.412990,13.962032,13.962032,0.000343,true,4,objective equals makespan; due-date/tardiness fields are not available in this instance format
main|M|mixed|42|B-CORE-no-qp,2026-06-03T15:05:01,M_mixed_seed42,M,mixed,42,50042,50042,1.0,B-CORE-no-qp,solved,,0.054144,81.188644,81.188644,408.201795,225.381754,0.355725,12.691177,12.691177,0.000312,true,4,objective equals makespan; due-date/tardiness fields are not available in this instance format
main|M|mixed|42|B-CORE-no-transport,2026-06-03T15:05:01,M_mixed_seed42,M,mixed,42,50042,50042,1.0,B-CORE-no-transport,solved,,0.055861,80.900997,80.900997,437.409891,312.168569,0.416459,15.269974,15.269974,0.000352,true,4,objective equals makespan; due-date/tardiness fields are not available in this instance format
main|M|mixed|43|B-CORE,2026-06-03T15:05:03,M_mixed_seed43,M,mixed,43,50043,50043,1.0,B-CORE,solved,,0.056406,84.308774,84.308774,407.713843,300.152782,0.424024,12.110290,12.110290,0.000299,true,4,objective equals makespan; due-date/tardiness fields are not available in this instance format
main|M|mixed|43|B-CORE-no-graph,2026-06-03T15:05:03,M_mixed_seed43,M,mixed,43,50043,50043,1.0,B-CORE-no-graph,solved,,0.058469,84.308774,84.308774,407.713843,300.152782,0.424024,12.110290,12.110290,0.000306,true,4,objective equals makespan; due-date/tardiness fields are not available in this instance format
main|M|mixed|43|B-CORE-no-bottleneck,2026-06-03T15:05:03,M_mixed_seed43,M,mixed,43,50043,50043,1.0,B-CORE-no-bottleneck,solved,,0.054544,75.528266,75.528266,388.249231,263.251365,0.404069,12.393705,12.393705,0.000311,true,4,objective equals makespan; due-date/tardiness fields are not available in this instance format
main|M|mixed|43|B-CORE-no-qp,2026-06-03T15:05:03,M_mixed_seed43,M,mixed,43,50043,50043,1.0,B-CORE-no-qp,solved,,0.055544,84.308774,84.308774,407.713843,300.152782,0.424024,12.110290,12.110290,0.000310,true,4,objective equals makespan; due-date/tardiness fields are not available in this instance format
main|M|mixed|43|B-CORE-no-transport,2026-06-03T15:05:03,M_mixed_seed43,M,mixed,43,50043,50043,1.0,B-CORE-no-transport,solved,,0.056185,88.679782,88.679782,440.157468,385.514101,0.466910,16.115339,16.115339,0.000289,true,4,objective equals makespan; due-date/tardiness fields are not available in this instance format
main|M|mixed|44|B-CORE,2026-06-03T15:05:03,M_mixed_seed44,M,mixed,44,50044,50044,1.0,B-CORE,solved,,0.047242,68.507587,68.507587,341.593332,217.228135,0.388725,10.679346,10.679346,0.000350,true,4,objective equals makespan; due-date/tardiness fields are not available in this instance format
main|M|mixed|44|B-CORE-no-graph,2026-06-03T15:05:04,M_mixed_seed44,M,mixed,44,50044,50044,1.0,B-CORE-no-graph,solved,,0.047370,68.507587,68.507587,341.593332,217.228135,0.388725,10.679346,10.679346,0.000314,true,4,objective equals makespan; due-date/tardiness fields are not available in this instance format
main|M|mixed|44|B-CORE-no-bottleneck,2026-06-03T15:05:04,M_mixed_seed44,M,mixed,44,50044,50044,1.0,B-CORE-no-bottleneck,solved,,0.047295,72.163495,72.163495,366.394031,258.866957,0.414014,11.382346,11.382346,0.000341,true,4,objective equals makespan; due-date/tardiness fields are not available in this instance format
main|M|mixed|44|B-CORE-no-qp,2026-06-03T15:05:04,M_mixed_seed44,M,mixed,44,50044,50044,1.0,B-CORE-no-qp,solved,,0.045957,61.512692,61.512692,302.041624,189.834592,0.385940,9.271174,9.271174,0.000325,true,4,objective equals makespan; due-date/tardiness fields are not available in this instance format
main|M|mixed|44|B-CORE-no-transport,2026-06-03T15:05:04,M_mixed_seed44,M,mixed,44,50044,50044,1.0,B-CORE-no-transport,solved,,0.048715,79.713646,79.713646,389.967915,312.888819,0.445167,13.355950,13.355950,0.000295,true,4,objective equals makespan; due-date/tardiness fields are not available in this instance format
main|M|mixed|45|B-CORE,2026-06-03T15:05:05,M_mixed_seed45,M,mixed,45,50045,50045,1.0,B-CORE,solved,,0.051936,72.616860,72.616860,347.086301,236.550955,0.405305,9.479875,9.479875,0.000318,true,4,objective equals makespan; due-date/tardiness fields are not available in this instance format
main|M|mixed|45|B-CORE-no-graph,2026-06-03T15:05:05,M_mixed_seed45,M,mixed,45,50045,50045,1.0,B-CORE-no-graph,solved,,0.051416,72.616860,72.616860,347.086301,236.550955,0.405305,9.479875,9.479875,0.000305,true,4,objective equals makespan; due-date/tardiness fields are not available in this instance format
main|M|mixed|45|B-CORE-no-bottleneck,2026-06-03T15:05:06,M_mixed_seed45,M,mixed,45,50045,50045,1.0,B-CORE-no-bottleneck,solved,,0.052739,73.016504,73.016504,380.725912,252.915277,0.399146,11.852146,11.852146,0.000343,true,4,objective equals makespan; due-date/tardiness fields are not available in this instance format
main|M|mixed|45|B-CORE-no-qp,2026-06-03T15:05:06,M_mixed_seed45,M,mixed,45,50045,50045,1.0,B-CORE-no-qp,solved,,0.053152,71.801944,71.801944,355.337709,213.589160,0.375425,9.672979,9.672979,0.000308,true,4,objective equals makespan; due-date/tardiness fields are not available in this instance format
main|M|mixed|45|B-CORE-no-transport,2026-06-03T15:05:06,M_mixed_seed45,M,mixed,45,50045,50045,1.0,B-CORE-no-transport,solved,,0.055326,88.890388,88.890388,435.491314,368.288615,0.458196,15.701502,15.701502,0.000357,true,4,objective equals makespan; due-date/tardiness fields are not available in this instance format
main|M|mixed|46|B-CORE,2026-06-03T15:05:08,M_mixed_seed46,M,mixed,46,50046,50046,1.0,B-CORE,solved,,0.050493,77.839603,77.839603,440.395286,222.579589,0.335729,11.684352,11.684352,0.000356,true,4,objective equals makespan; due-date/tardiness fields are not available in this instance format
main|M|mixed|46|B-CORE-no-graph,2026-06-03T15:05:08,M_mixed_seed46,M,mixed,46,50046,50046,1.0,B-CORE-no-graph,solved,,0.050791,77.839603,77.839603,440.395286,222.579589,0.335729,11.684352,11.684352,0.000347,true,4,objective equals makespan; due-date/tardiness fields are not available in this instance format
main|M|mixed|46|B-CORE-no-bottleneck,2026-06-03T15:05:08,M_mixed_seed46,M,mixed,46,50046,50046,1.0,B-CORE-no-bottleneck,solved,,0.051888,80.873666,80.873666,420.352232,319.133046,0.431561,14.724439,14.724439,0.000299,true,4,objective equals makespan; due-date/tardiness fields are not available in this instance format
main|M|mixed|46|B-CORE-no-qp,2026-06-03T15:05:08,M_mixed_seed46,M,mixed,46,50046,50046,1.0,B-CORE-no-qp,solved,,0.049795,74.760816,74.760816,403.285304,235.005996,0.368180,12.210576,12.210576,0.000327,true,4,objective equals makespan; due-date/tardiness fields are not available in this instance format
main|M|mixed|46|B-CORE-no-transport,2026-06-03T15:05:08,M_mixed_seed46,M,mixed,46,50046,50046,1.0,B-CORE-no-transport,solved,,0.052309,96.140831,96.140831,452.593543,414.832294,0.478234,17.354490,17.354490,0.000321,true,4,objective equals makespan; due-date/tardiness fields are not available in this instance format
main|M|mixed|47|B-CORE,2026-06-03T15:05:09,M_mixed_seed47,M,mixed,47,50047,50047,1.0,B-CORE,solved,,0.052871,83.499942,83.499942,447.170178,252.608446,0.360983,12.139641,12.139641,0.000313,true,4,objective equals makespan; due-date/tardiness fields are not available in this instance format
main|M|mixed|47|B-CORE-no-graph,2026-06-03T15:05:09,M_mixed_seed47,M,mixed,47,50047,50047,1.0,B-CORE-no-graph,solved,,0.053118,83.499942,83.499942,447.170178,252.608446,0.360983,12.139641,12.139641,0.000322,true,4,objective equals makespan; due-date/tardiness fields are not available in this instance format
main|M|mixed|47|B-CORE-no-qp,2026-06-03T15:05:09,M_mixed_seed47,M,mixed,47,50047,50047,1.0,B-CORE-no-qp,solved,,0.034873,83.499942,83.499942,447.170178,252.608446,0.360983,12.139641,12.139641,0.000221,true,4,objective equals makespan; due-date/tardiness fields are not available in this instance format
main|M|mixed|47|B-CORE-no-bottleneck,2026-06-03T15:05:09,M_mixed_seed47,M,mixed,47,50047,50047,1.0,B-CORE-no-bottleneck,solved,,0.050624,81.610053,81.610053,452.612615,302.620999,0.400699,14.194710,14.194710,0.000344,true,4,objective equals makespan; due-date/tardiness fields are not available in this instance format
main|M|mixed|47|B-CORE-no-transport,2026-06-03T15:05:09,M_mixed_seed47,M,mixed,47,50047,50047,1.0,B-CORE-no-transport,solved,,0.048490,102.870466,102.870466,476.936174,415.025394,0.465295,17.258746,17.258746,0.000356,true,4,objective equals makespan; due-date/tardiness fields are not available in this instance format
main|M|mixed|48|B-CORE,2026-06-03T15:05:10,M_mixed_seed48,M,mixed,48,50048,50048,1.0,B-CORE,solved,,0.051188,76.249619,76.249619,363.676310,234.951048,0.392483,10.060981,10.060981,0.000350,true,4,objective equals makespan; due-date/tardiness fields are not available in this instance format
main|M|mixed|48|B-CORE-no-graph,2026-06-03T15:05:10,M_mixed_seed48,M,mixed,48,50048,50048,1.0,B-CORE-no-graph,solved,,0.050963,76.249619,76.249619,363.676310,234.951048,0.392483,10.060981,10.060981,0.000389,true,4,objective equals makespan; due-date/tardiness fields are not available in this instance format
main|M|mixed|48|B-CORE-no-bottleneck,2026-06-03T15:05:10,M_mixed_seed48,M,mixed,48,50048,50048,1.0,B-CORE-no-bottleneck,solved,,0.052555,79.620460,79.620460,386.446330,293.361849,0.431536,11.195051,11.195051,0.000359,true,4,objective equals makespan; due-date/tardiness fields are not available in this instance format
main|M|mixed|48|B-CORE-no-qp,2026-06-03T15:05:10,M_mixed_seed48,M,mixed,48,50048,50048,1.0,B-CORE-no-qp,solved,,0.053240,83.806221,83.806221,384.118747,279.466275,0.421146,11.176689,11.176689,0.000356,true,4,objective equals makespan; due-date/tardiness fields are not available in this instance format
main|M|mixed|48|B-CORE-no-transport,2026-06-03T15:05:10,M_mixed_seed48,M,mixed,48,50048,50048,1.0,B-CORE-no-transport,solved,,0.053785,100.701631,100.701631,454.488851,376.577865,0.453126,15.507081,15.507081,0.000361,true,4,objective equals makespan; due-date/tardiness fields are not available in this instance format
main|M|mixed|49|B-CORE,2026-06-03T15:05:11,M_mixed_seed49,M,mixed,49,50049,50049,1.0,B-CORE,solved,,0.053130,86.454223,86.454223,426.799327,259.651851,0.378252,10.659467,10.659467,0.000282,true,4,objective equals makespan; due-date/tardiness fields are not available in this instance format
main|M|mixed|49|B-CORE-no-graph,2026-06-03T15:05:12,M_mixed_seed49,M,mixed,49,50049,50049,1.0,B-CORE-no-graph,solved,,0.053691,86.454223,86.454223,426.799327,259.651851,0.378252,10.659467,10.659467,0.000280,true,4,objective equals makespan; due-date/tardiness fields are not available in this instance format
main|M|mixed|49|B-CORE-no-bottleneck,2026-06-03T15:05:12,M_mixed_seed49,M,mixed,49,50049,50049,1.0,B-CORE-no-bottleneck,solved,,0.053185,86.364279,86.364279,442.477017,308.166413,0.410536,13.186274,13.186274,0.000281,true,4,objective equals makespan; due-date/tardiness fields are not available in this instance format
main|M|mixed|49|B-CORE-no-qp,2026-06-03T15:05:12,M_mixed_seed49,M,mixed,49,50049,50049,1.0,B-CORE-no-qp,solved,,0.051346,83.095342,83.095342,400.130075,269.236423,0.402226,10.659608,10.659608,0.000268,true,4,objective equals makespan; due-date/tardiness fields are not available in this instance format
main|M|mixed|49|B-CORE-no-transport,2026-06-03T15:05:12,M_mixed_seed49,M,mixed,49,50049,50049,1.0,B-CORE-no-transport,solved,,0.053401,95.710113,95.710113,469.927227,379.344278,0.446670,16.126969,16.126969,0.000305,true,4,objective equals makespan; due-date/tardiness fields are not available in this instance format
main|M|mixed|50|B-CORE,2026-06-03T15:05:12,M_mixed_seed50,M,mixed,50,50050,50050,1.0,B-CORE,solved,,0.048255,73.770061,73.770061,375.538329,239.264487,0.389173,10.897172,10.897172,0.000284,true,4,objective equals makespan; due-date/tardiness fields are not available in this instance format
main|M|mixed|50|B-CORE-no-graph,2026-06-03T15:05:12,M_mixed_seed50,M,mixed,50,50050,50050,1.0,B-CORE-no-graph,solved,,0.048974,73.770061,73.770061,375.538329,239.264487,0.389173,10.897172,10.897172,0.000277,true,4,objective equals makespan; due-date/tardiness fields are not available in this instance format
main|M|mixed|50|B-CORE-no-bottleneck,2026-06-03T15:05:12,M_mixed_seed50,M,mixed,50,50050,50050,1.0,B-CORE-no-bottleneck,solved,,0.048288,77.578969,77.578969,399.401824,254.806570,0.389488,12.537558,12.537558,0.000300,true,4,objective equals makespan; due-date/tardiness fields are not available in this instance format
main|M|mixed|50|B-CORE-no-qp,2026-06-03T15:05:12,M_mixed_seed50,M,mixed,50,50050,50050,1.0,B-CORE-no-qp,solved,,0.048463,73.033291,73.033291,382.609397,249.586962,0.394793,10.972699,10.972699,0.000281,true,4,objective equals makespan; due-date/tardiness fields are not available in this instance format
main|M|mixed|50|B-CORE-no-transport,2026-06-03T15:05:12,M_mixed_seed50,M,mixed,50,50050,50050,1.0,B-CORE-no-transport,solved,,0.048862,82.200149,82.200149,415.002940,316.342249,0.432548,13.880334,13.880334,0.000248,true,4,objective equals makespan; due-date/tardiness fields are not available in this instance format
main|M|mixed|51|B-CORE,2026-06-03T15:05:14,M_mixed_seed51,M,mixed,51,50051,50051,1.0,B-CORE,solved,,0.047285,71.668825,71.668825,390.201069,258.107550,0.398125,11.751628,11.751628,0.000339,true,4,objective equals makespan; due-date/tardiness fields are not available in this instance format
main|M|mixed|51|B-CORE-no-graph,2026-06-03T15:05:14,M_mixed_seed51,M,mixed,51,50051,50051,1.0,B-CORE-no-graph,solved,,0.047495,71.668825,71.668825,390.201069,258.107550,0.398125,11.751628,11.751628,0.000319,true,4,objective equals makespan; due-date/tardiness fields are not available in this instance format
main|M|mixed|51|B-CORE-no-bottleneck,2026-06-03T15:05:14,M_mixed_seed51,M,mixed,51,50051,50051,1.0,B-CORE-no-bottleneck,solved,,0.045984,78.436884,78.436884,406.020874,249.287890,0.380413,13.216418,13.216418,0.000311,true,4,objective equals makespan; due-date/tardiness fields are not available in this instance format
main|M|mixed|51|B-CORE-no-qp,2026-06-03T15:05:14,M_mixed_seed51,M,mixed,51,50051,50051,1.0,B-CORE-no-qp,solved,,0.047533,74.428494,74.428494,386.138273,253.107550,0.395947,11.653817,11.653817,0.000318,true,4,objective equals makespan; due-date/tardiness fields are not available in this instance format
main|M|mixed|51|B-CORE-no-transport,2026-06-03T15:05:14,M_mixed_seed51,M,mixed,51,50051,50051,1.0,B-CORE-no-transport,solved,,0.048889,87.043485,87.043485,456.575514,318.947537,0.411268,15.512775,15.512775,0.000305,true,4,objective equals makespan; due-date/tardiness fields are not available in this instance format
main|L|breakdown|42|B-CORE,2026-06-03T15:05:16,L_breakdown_seed42,L,breakdown,42,30042,30042,1.0,B-CORE,solved,,0.162491,157.391420,157.391420,1348.947403,828.489040,0.380488,22.186863,22.186863,0.000386,true,4,objective equals makespan; due-date/tardiness fields are not available in this instance format
main|L|breakdown|42|B-CORE-no-graph,2026-06-03T15:05:16,L_breakdown_seed42,L,breakdown,42,30042,30042,1.0,B-CORE-no-graph,solved,,0.173845,157.391420,157.391420,1348.947403,828.489040,0.380488,22.186863,22.186863,0.000465,true,4,objective equals makespan; due-date/tardiness fields are not available in this instance format
main|L|breakdown|42|B-CORE-no-bottleneck,2026-06-03T15:05:16,L_breakdown_seed42,L,breakdown,42,30042,30042,1.0,B-CORE-no-bottleneck,solved,,0.170565,173.799398,173.799398,1519.342275,992.287259,0.395077,28.279573,28.279573,0.000342,true,4,objective equals makespan; due-date/tardiness fields are not available in this instance format
main|L|breakdown|42|B-CORE-no-qp,2026-06-03T15:05:16,L_breakdown_seed42,L,breakdown,42,30042,30042,1.0,B-CORE-no-qp,solved,,0.175605,153.181517,153.181517,1391.857524,792.174417,0.362712,22.756837,22.756837,0.000393,true,4,objective equals makespan; due-date/tardiness fields are not available in this instance format
main|L|breakdown|42|B-CORE-no-transport,2026-06-03T15:05:16,L_breakdown_seed42,L,breakdown,42,30042,30042,1.0,B-CORE-no-transport,solved,,0.199339,210.046529,210.046529,1684.804949,1433.297587,0.459670,35.407918,35.407918,0.000511,true,4,objective equals makespan; due-date/tardiness fields are not available in this instance format
main|L|breakdown|43|B-CORE,2026-06-03T15:05:18,L_breakdown_seed43,L,breakdown,43,30043,30043,1.0,B-CORE,solved,,0.191112,148.770709,148.770709,1442.975740,712.965644,0.330698,21.769182,21.769182,0.000445,true,4,objective equals makespan; due-date/tardiness fields are not available in this instance format
main|L|breakdown|43|B-CORE-no-graph,2026-06-03T15:05:18,L_breakdown_seed43,L,breakdown,43,30043,30043,1.0,B-CORE-no-graph,solved,,0.191827,148.770709,148.770709,1442.975740,712.965644,0.330698,21.769182,21.769182,0.000442,true,4,objective equals makespan; due-date/tardiness fields are not available in this instance format
main|L|breakdown|43|B-CORE-no-bottleneck,2026-06-03T15:05:18,L_breakdown_seed43,L,breakdown,43,30043,30043,1.0,B-CORE-no-bottleneck,solved,,0.191549,169.065726,169.065726,1511.877196,878.574676,0.367535,27.196550,27.196550,0.000509,true,4,objective equals makespan; due-date/tardiness fields are not available in this instance format
main|L|breakdown|43|B-CORE-no-qp,2026-06-03T15:05:18,L_breakdown_seed43,L,breakdown,43,30043,30043,1.0,B-CORE-no-qp,solved,,0.191963,159.969161,159.969161,1466.225566,677.654115,0.316088,20.803494,20.803494,0.000623,true,4,objective equals makespan; due-date/tardiness fields are not available in this instance format
main|L|breakdown|43|B-CORE-no-transport,2026-06-03T15:05:18,L_breakdown_seed43,L,breakdown,43,30043,30043,1.0,B-CORE-no-transport,solved,,0.193503,215.160843,215.160843,1700.131704,1431.804244,0.457163,36.046478,36.046478,0.000551,true,4,objective equals makespan; due-date/tardiness fields are not available in this instance format
main|L|breakdown|44|B-CORE,2026-06-03T15:05:18,L_breakdown_seed44,L,breakdown,44,30044,30044,1.0,B-CORE,solved,,0.156925,149.947894,149.947894,1327.083181,715.730209,0.350365,20.971173,20.971173,0.000278,true,3,objective equals makespan; due-date/tardiness fields are not available in this instance format
main|L|breakdown|44|B-CORE-no-graph,2026-06-03T15:05:18,L_breakdown_seed44,L,breakdown,44,30044,30044,1.0,B-CORE-no-graph,solved,,0.137511,149.947894,149.947894,1327.083181,715.730209,0.350365,20.971173,20.971173,0.000399,true,3,objective equals makespan; due-date/tardiness fields are not available in this instance format
main|L|breakdown|44|B-CORE-no-bottleneck,2026-06-03T15:05:18,L_breakdown_seed44,L,breakdown,44,30044,30044,1.0,B-CORE-no-bottleneck,solved,,0.151085,158.012901,158.012901,1374.402174,887.241963,0.392300,26.483219,26.483219,0.000266,true,3,objective equals makespan; due-date/tardiness fields are not available in this instance format
main|L|breakdown|44|B-CORE-no-qp,2026-06-03T15:05:18,L_breakdown_seed44,L,breakdown,44,30044,30044,1.0,B-CORE-no-qp,solved,,0.148704,160.534725,160.534725,1317.223890,780.792082,0.372157,20.874563,20.874563,0.000311,true,3,objective equals makespan; due-date/tardiness fields are not available in this instance format
main|L|breakdown|44|B-CORE-no-transport,2026-06-03T15:05:19,L_breakdown_seed44,L,breakdown,44,30044,30044,1.0,B-CORE-no-transport,solved,,0.188106,217.759446,217.759446,1695.609594,1538.735967,0.475749,38.442268,38.442268,0.000432,true,3,objective equals makespan; due-date/tardiness fields are not available in this instance format
main|L|breakdown|45|B-CORE,2026-06-03T15:05:21,L_breakdown_seed45,L,breakdown,45,30045,30045,1.0,B-CORE,solved,,0.192143,170.287718,170.287718,1490.909560,900.910102,0.376663,25.605945,25.605945,0.000431,true,4,objective equals makespan; due-date/tardiness fields are not available in this instance format
main|L|breakdown|45|B-CORE-no-graph,2026-06-03T15:05:21,L_breakdown_seed45,L,breakdown,45,30045,30045,1.0,B-CORE-no-graph,solved,,0.190347,170.287718,170.287718,1490.909560,900.910102,0.376663,25.605945,25.605945,0.000435,true,4,objective equals makespan; due-date/tardiness fields are not available in this instance format
main|L|breakdown|45|B-CORE-no-bottleneck,2026-06-03T15:05:21,L_breakdown_seed45,L,breakdown,45,30045,30045,1.0,B-CORE-no-bottleneck,solved,,0.201208,176.243080,176.243080,1590.798079,934.235750,0.369989,28.639659,28.639659,0.000512,true,4,objective equals makespan; due-date/tardiness fields are not available in this instance format
main|L|breakdown|45|B-CORE-no-qp,2026-06-03T15:05:21,L_breakdown_seed45,L,breakdown,45,30045,30045,1.0,B-CORE-no-qp,solved,,0.195522,165.861741,165.861741,1530.433376,810.930521,0.346350,25.223546,25.223546,0.000481,true,4,objective equals makespan; due-date/tardiness fields are not available in this instance format
main|L|breakdown|45|B-CORE-no-transport,2026-06-03T15:05:21,L_breakdown_seed45,L,breakdown,45,30045,30045,1.0,B-CORE-no-transport,solved,,0.204083,207.995071,207.995071,1717.724189,1439.748206,0.455981,37.574358,37.574358,0.000517,true,4,objective equals makespan; due-date/tardiness fields are not available in this instance format
main|L|breakdown|46|B-CORE,2026-06-03T15:05:22,L_breakdown_seed46,L,breakdown,46,30046,30046,1.0,B-CORE,solved,,0.169727,146.363584,146.363584,1183.852255,695.595955,0.370106,20.672320,20.672320,0.000505,true,4,objective equals makespan; due-date/tardiness fields are not available in this instance format
main|L|breakdown|46|B-CORE-no-graph,2026-06-03T15:05:22,L_breakdown_seed46,L,breakdown,46,30046,30046,1.0,B-CORE-no-graph,solved,,0.165348,146.363584,146.363584,1183.852255,695.595955,0.370106,20.672320,20.672320,0.000455,true,4,objective equals makespan; due-date/tardiness fields are not available in this instance format
main|L|breakdown|46|B-CORE-no-bottleneck,2026-06-03T15:05:22,L_breakdown_seed46,L,breakdown,46,30046,30046,1.0,B-CORE-no-bottleneck,solved,,0.169577,155.072570,155.072570,1308.173461,879.480020,0.402020,25.796037,25.796037,0.000453,true,4,objective equals makespan; due-date/tardiness fields are not available in this instance format
main|L|breakdown|46|B-CORE-no-qp,2026-06-03T15:05:22,L_breakdown_seed46,L,breakdown,46,30046,30046,1.0,B-CORE-no-qp,solved,,0.165333,155.145514,155.145514,1322.458576,667.258797,0.335354,22.236110,22.236110,0.000384,true,4,objective equals makespan; due-date/tardiness fields are not available in this instance format
main|L|breakdown|46|B-CORE-no-transport,2026-06-03T15:05:22,L_breakdown_seed46,L,breakdown,46,30046,30046,1.0,B-CORE-no-transport,solved,,0.182124,195.859512,195.859512,1557.782772,1374.912472,0.468822,36.722348,36.722348,0.000446,true,4,objective equals makespan; due-date/tardiness fields are not available in this instance format
main|L|breakdown|47|B-CORE,2026-06-03T15:05:25,L_breakdown_seed47,L,breakdown,47,30047,30047,1.0,B-CORE,solved,,0.211924,148.416481,148.416481,1414.476488,755.461515,0.348149,21.182537,21.182537,0.000452,true,4,objective equals makespan; due-date/tardiness fields are not available in this instance format
main|L|breakdown|47|B-CORE-no-graph,2026-06-03T15:05:25,L_breakdown_seed47,L,breakdown,47,30047,30047,1.0,B-CORE-no-graph,solved,,0.201391,148.416481,148.416481,1414.476488,755.461515,0.348149,21.182537,21.182537,0.000445,true,4,objective equals makespan; due-date/tardiness fields are not available in this instance format
main|L|breakdown|47|B-CORE-no-bottleneck,2026-06-03T15:05:25,L_breakdown_seed47,L,breakdown,47,30047,30047,1.0,B-CORE-no-bottleneck,solved,,0.201484,161.583494,161.583494,1483.762016,954.372022,0.391435,25.876908,25.876908,0.000641,true,4,objective equals makespan; due-date/tardiness fields are not available in this instance format
main|L|breakdown|47|B-CORE-no-qp,2026-06-03T15:05:25,L_breakdown_seed47,L,breakdown,47,30047,30047,1.0,B-CORE-no-qp,solved,,0.199667,145.518381,145.518381,1404.423314,687.981583,0.328799,20.440341,20.440341,0.000431,true,4,objective equals makespan; due-date/tardiness fields are not available in this instance format
main|L|breakdown|47|B-CORE-no-transport,2026-06-03T15:05:25,L_breakdown_seed47,L,breakdown,47,30047,30047,1.0,B-CORE-no-transport,solved,,0.206331,203.596449,203.596449,1663.357312,1413.011116,0.459311,34.321414,34.321414,0.000465,true,4,objective equals makespan; due-date/tardiness fields are not available in this instance format
main|L|breakdown|48|B-CORE,2026-06-03T15:05:26,L_breakdown_seed48,L,breakdown,48,30048,30048,1.0,B-CORE,solved,,0.179664,153.300778,153.300778,1258.336155,737.482731,0.369514,21.168458,21.168458,0.000418,true,4,objective equals makespan; due-date/tardiness fields are not available in this instance format
main|L|breakdown|48|B-CORE-no-graph,2026-06-03T15:05:26,L_breakdown_seed48,L,breakdown,48,30048,30048,1.0,B-CORE-no-graph,solved,,0.181315,153.300778,153.300778,1258.336155,737.482731,0.369514,21.168458,21.168458,0.000479,true,4,objective equals makespan; due-date/tardiness fields are not available in this instance format
main|L|breakdown|48|B-CORE-no-bottleneck,2026-06-03T15:05:26,L_breakdown_seed48,L,breakdown,48,30048,30048,1.0,B-CORE-no-bottleneck,solved,,0.189919,168.499215,168.499215,1365.807177,888.422620,0.394114,26.929159,26.929159,0.000405,true,4,objective equals makespan; due-date/tardiness fields are not available in this instance format
main|L|breakdown|48|B-CORE-no-qp,2026-06-03T15:05:26,L_breakdown_seed48,L,breakdown,48,30048,30048,1.0,B-CORE-no-qp,solved,,0.179666,153.300778,153.300778,1258.336155,737.482731,0.369514,21.168458,21.168458,0.000424,true,4,objective equals makespan; due-date/tardiness fields are not available in this instance format
main|L|breakdown|48|B-CORE-no-transport,2026-06-03T15:05:26,L_breakdown_seed48,L,breakdown,48,30048,30048,1.0,B-CORE-no-transport,solved,,0.190038,199.395423,199.395423,1607.907330,1350.364813,0.456471,35.115990,35.115990,0.000512,true,4,objective equals makespan; due-date/tardiness fields are not available in this instance format
main|L|breakdown|49|B-CORE,2026-06-03T15:05:27,L_breakdown_seed49,L,breakdown,49,30049,30049,1.0,B-CORE,solved,,0.179137,145.958554,145.958554,1292.151813,766.956532,0.372470,21.772656,21.772656,0.000461,true,4,objective equals makespan; due-date/tardiness fields are not available in this instance format
main|L|breakdown|49|B-CORE-no-graph,2026-06-03T15:05:27,L_breakdown_seed49,L,breakdown,49,30049,30049,1.0,B-CORE-no-graph,solved,,0.177436,145.958554,145.958554,1292.151813,766.956532,0.372470,21.772656,21.772656,0.000432,true,4,objective equals makespan; due-date/tardiness fields are not available in this instance format
main|L|breakdown|49|B-CORE-no-bottleneck,2026-06-03T15:05:27,L_breakdown_seed49,L,breakdown,49,30049,30049,1.0,B-CORE-no-bottleneck,solved,,0.181322,153.064550,153.064550,1338.131677,827.193068,0.382018,25.346529,25.346529,0.000449,true,4,objective equals makespan; due-date/tardiness fields are not available in this instance format
main|L|breakdown|49|B-CORE-no-qp,2026-06-03T15:05:27,L_breakdown_seed49,L,breakdown,49,30049,30049,1.0,B-CORE-no-qp,solved,,0.175123,145.803314,145.803314,1239.622586,781.204227,0.386577,20.927638,20.927638,0.000447,true,4,objective equals makespan; due-date/tardiness fields are not available in this instance format
main|L|breakdown|49|B-CORE-no-transport,2026-06-03T15:05:27,L_breakdown_seed49,L,breakdown,49,30049,30049,1.0,B-CORE-no-transport,solved,,0.181168,185.065421,185.065421,1551.855787,1284.669610,0.452903,34.038548,34.038548,0.000384,true,4,objective equals makespan; due-date/tardiness fields are not available in this instance format
main|L|breakdown|50|B-CORE,2026-06-03T15:05:29,L_breakdown_seed50,L,breakdown,50,30050,30050,1.0,B-CORE,solved,,0.174802,163.613524,163.613524,1374.622397,755.945560,0.354809,22.068513,22.068513,0.000435,true,3,objective equals makespan; due-date/tardiness fields are not available in this instance format
main|L|breakdown|50|B-CORE-no-graph,2026-06-03T15:05:30,L_breakdown_seed50,L,breakdown,50,30050,30050,1.0,B-CORE-no-graph,solved,,0.171539,163.613524,163.613524,1374.622397,755.945560,0.354809,22.068513,22.068513,0.000454,true,3,objective equals makespan; due-date/tardiness fields are not available in this instance format
main|L|breakdown|50|B-CORE-no-bottleneck,2026-06-03T15:05:30,L_breakdown_seed50,L,breakdown,50,30050,30050,1.0,B-CORE-no-bottleneck,solved,,0.195394,161.472341,161.472341,1448.861599,952.109303,0.396552,25.917963,25.917963,0.000485,true,3,objective equals makespan; due-date/tardiness fields are not available in this instance format
main|L|breakdown|50|B-CORE-no-qp,2026-06-03T15:05:30,L_breakdown_seed50,L,breakdown,50,30050,30050,1.0,B-CORE-no-qp,solved,,0.193714,160.046780,160.046780,1416.979440,784.889752,0.356465,22.450060,22.450060,0.000453,true,3,objective equals makespan; due-date/tardiness fields are not available in this instance format
main|L|breakdown|50|B-CORE-no-transport,2026-06-03T15:05:30,L_breakdown_seed50,L,breakdown,50,30050,30050,1.0,B-CORE-no-transport,solved,,0.199691,199.009911,199.009911,1629.807819,1386.826835,0.459726,34.465355,34.465355,0.000455,true,3,objective equals makespan; due-date/tardiness fields are not available in this instance format
main|L|breakdown|51|B-CORE,2026-06-03T15:05:31,L_breakdown_seed51,L,breakdown,51,30051,30051,1.0,B-CORE,solved,,0.207428,156.062332,156.062332,1433.081738,745.090047,0.342071,21.542042,21.542042,0.000462,true,4,objective equals makespan; due-date/tardiness fields are not available in this instance format
main|L|breakdown|51|B-CORE-no-graph,2026-06-03T15:05:31,L_breakdown_seed51,L,breakdown,51,30051,30051,1.0,B-CORE-no-graph,solved,,0.207391,156.062332,156.062332,1433.081738,745.090047,0.342071,21.542042,21.542042,0.000503,true,4,objective equals makespan; due-date/tardiness fields are not available in this instance format
main|L|breakdown|51|B-CORE-no-bottleneck,2026-06-03T15:05:31,L_breakdown_seed51,L,breakdown,51,30051,30051,1.0,B-CORE-no-bottleneck,solved,,0.214120,184.248802,184.248802,1635.609969,1020.735669,0.384263,27.872623,27.872623,0.000504,true,4,objective equals makespan; due-date/tardiness fields are not available in this instance format
main|L|breakdown|51|B-CORE-no-qp,2026-06-03T15:05:31,L_breakdown_seed51,L,breakdown,51,30051,30051,1.0,B-CORE-no-qp,solved,,0.206612,154.334818,154.334818,1420.774341,720.671301,0.336535,21.212115,21.212115,0.000445,true,4,objective equals makespan; due-date/tardiness fields are not available in this instance format
main|L|breakdown|51|B-CORE-no-transport,2026-06-03T15:05:31,L_breakdown_seed51,L,breakdown,51,30051,30051,1.0,B-CORE-no-transport,solved,,0.215190,213.922698,213.922698,1772.938938,1429.893566,0.446447,35.053041,35.053041,0.000494,true,4,objective equals makespan; due-date/tardiness fields are not available in this instance format
main|L|rush_job|42|B-CORE,2026-06-03T15:05:33,L_rush_job_seed42,L,rush_job,42,40042,40042,1.0,B-CORE,solved,,0.192670,149.108961,149.108961,1358.183647,855.817722,0.386548,23.490518,23.490518,0.000445,true,4,objective equals makespan; due-date/tardiness fields are not available in this instance format
main|L|rush_job|42|B-CORE-no-graph,2026-06-03T15:05:33,L_rush_job_seed42,L,rush_job,42,40042,40042,1.0,B-CORE-no-graph,solved,,0.188040,149.108961,149.108961,1358.183647,855.817722,0.386548,23.490518,23.490518,0.000410,true,4,objective equals makespan; due-date/tardiness fields are not available in this instance format
main|L|rush_job|42|B-CORE-no-bottleneck,2026-06-03T15:05:34,L_rush_job_seed42,L,rush_job,42,40042,40042,1.0,B-CORE-no-bottleneck,solved,,0.191969,167.056539,167.056539,1526.012544,946.717125,0.382863,27.521293,27.521293,0.000450,true,4,objective equals makespan; due-date/tardiness fields are not available in this instance format
main|L|rush_job|42|B-CORE-no-qp,2026-06-03T15:05:34,L_rush_job_seed42,L,rush_job,42,40042,40042,1.0,B-CORE-no-qp,solved,,0.192647,160.855602,160.855602,1416.827137,776.743694,0.354100,23.366957,23.366957,0.000436,true,4,objective equals makespan; due-date/tardiness fields are not available in this instance format
main|L|rush_job|42|B-CORE-no-transport,2026-06-03T15:05:34,L_rush_job_seed42,L,rush_job,42,40042,40042,1.0,B-CORE-no-transport,solved,,0.195637,205.532813,205.532813,1723.863756,1403.010415,0.448694,35.662633,35.662633,0.000468,true,4,objective equals makespan; due-date/tardiness fields are not available in this instance format
main|L|rush_job|43|B-CORE,2026-06-03T15:05:34,L_rush_job_seed43,L,rush_job,43,40043,40043,1.0,B-CORE,solved,,0.195186,153.875131,153.875131,1418.438335,788.126150,0.357173,22.398490,22.398490,0.000421,true,4,objective equals makespan; due-date/tardiness fields are not available in this instance format
main|L|rush_job|43|B-CORE-no-graph,2026-06-03T15:05:34,L_rush_job_seed43,L,rush_job,43,40043,40043,1.0,B-CORE-no-graph,solved,,0.192271,153.875131,153.875131,1418.438335,788.126150,0.357173,22.398490,22.398490,0.000426,true,4,objective equals makespan; due-date/tardiness fields are not available in this instance format
main|L|rush_job|43|B-CORE-no-bottleneck,2026-06-03T15:05:35,L_rush_job_seed43,L,rush_job,43,40043,40043,1.0,B-CORE-no-bottleneck,solved,,0.194444,168.610479,168.610479,1498.749864,936.180730,0.384479,28.305128,28.305128,0.000485,true,4,objective equals makespan; due-date/tardiness fields are not available in this instance format
main|L|rush_job|43|B-CORE-no-qp,2026-06-03T15:05:35,L_rush_job_seed43,L,rush_job,43,40043,40043,1.0,B-CORE-no-qp,solved,,0.191540,163.930959,163.930959,1422.446610,783.347980,0.355132,22.509618,22.509618,0.000442,true,4,objective equals makespan; due-date/tardiness fields are not available in this instance format
main|L|rush_job|43|B-CORE-no-transport,2026-06-03T15:05:35,L_rush_job_seed43,L,rush_job,43,40043,40043,1.0,B-CORE-no-transport,solved,,0.196248,209.737234,209.737234,1687.474226,1479.130184,0.467103,37.275527,37.275527,0.000675,true,4,objective equals makespan; due-date/tardiness fields are not available in this instance format
main|L|rush_job|44|B-CORE,2026-06-03T15:05:36,L_rush_job_seed44,L,rush_job,44,40044,40044,1.0,B-CORE,solved,,0.183787,154.354225,154.354225,1344.580688,774.365240,0.365448,22.275669,22.275669,0.000490,true,4,objective equals makespan; due-date/tardiness fields are not available in this instance format
main|L|rush_job|44|B-CORE-no-graph,2026-06-03T15:05:36,L_rush_job_seed44,L,rush_job,44,40044,40044,1.0,B-CORE-no-graph,solved,,0.181176,154.354225,154.354225,1344.580688,774.365240,0.365448,22.275669,22.275669,0.000489,true,4,objective equals makespan; due-date/tardiness fields are not available in this instance format
main|L|rush_job|44|B-CORE-no-bottleneck,2026-06-03T15:05:37,L_rush_job_seed44,L,rush_job,44,40044,40044,1.0,B-CORE-no-bottleneck,solved,,0.189463,173.335125,173.335125,1402.934347,969.112424,0.408555,27.534114,27.534114,0.000450,true,4,objective equals makespan; due-date/tardiness fields are not available in this instance format
main|L|rush_job|44|B-CORE-no-qp,2026-06-03T15:05:37,L_rush_job_seed44,L,rush_job,44,40044,40044,1.0,B-CORE-no-qp,solved,,0.181077,160.186336,160.186336,1372.229935,751.183727,0.353762,21.391364,21.391364,0.000485,true,4,objective equals makespan; due-date/tardiness fields are not available in this instance format
main|L|rush_job|44|B-CORE-no-transport,2026-06-03T15:05:37,L_rush_job_seed44,L,rush_job,44,40044,40044,1.0,B-CORE-no-transport,solved,,0.188324,218.598569,218.598569,1668.262761,1526.597534,0.477829,37.431887,37.431887,0.000455,true,4,objective equals makespan; due-date/tardiness fields are not available in this instance format
main|L|rush_job|45|B-CORE,2026-06-03T15:05:39,L_rush_job_seed45,L,rush_job,45,40045,40045,1.0,B-CORE,solved,,0.199143,166.055345,166.055345,1530.657285,859.723257,0.359660,25.978237,25.978237,0.000424,true,4,objective equals makespan; due-date/tardiness fields are not available in this instance format
main|L|rush_job|45|B-CORE-no-graph,2026-06-03T15:05:39,L_rush_job_seed45,L,rush_job,45,40045,40045,1.0,B-CORE-no-graph,solved,,0.194358,166.055345,166.055345,1530.657285,859.723257,0.359660,25.978237,25.978237,0.000436,true,4,objective equals makespan; due-date/tardiness fields are not available in this instance format
main|L|rush_job|45|B-CORE-no-bottleneck,2026-06-03T15:05:39,L_rush_job_seed45,L,rush_job,45,40045,40045,1.0,B-CORE-no-bottleneck,solved,,0.191261,164.216131,164.216131,1484.808806,842.203271,0.361925,27.023471,27.023471,0.000431,true,4,objective equals makespan; due-date/tardiness fields are not available in this instance format
main|L|rush_job|45|B-CORE-no-qp,2026-06-03T15:05:39,L_rush_job_seed45,L,rush_job,45,40045,40045,1.0,B-CORE-no-qp,solved,,0.195147,150.687610,150.687610,1523.263525,715.038748,0.319456,25.027627,25.027627,0.000449,true,4,objective equals makespan; due-date/tardiness fields are not available in this instance format
main|L|rush_job|45|B-CORE-no-transport,2026-06-03T15:05:39,L_rush_job_seed45,L,rush_job,45,40045,40045,1.0,B-CORE-no-transport,solved,,0.199412,206.429295,206.429295,1713.165046,1421.894362,0.453546,37.605302,37.605302,0.000469,true,4,objective equals makespan; due-date/tardiness fields are not available in this instance format
main|L|rush_job|46|B-CORE,2026-06-03T15:05:40,L_rush_job_seed46,L,rush_job,46,40046,40046,1.0,B-CORE,solved,,0.178266,160.576360,160.576360,1314.969669,688.676198,0.343712,19.851663,19.851663,0.000474,true,4,objective equals makespan; due-date/tardiness fields are not available in this instance format
main|L|rush_job|46|B-CORE-no-graph,2026-06-03T15:05:40,L_rush_job_seed46,L,rush_job,46,40046,40046,1.0,B-CORE-no-graph,solved,,0.179164,160.576360,160.576360,1314.969669,688.676198,0.343712,19.851663,19.851663,0.000489,true,4,objective equals makespan; due-date/tardiness fields are not available in this instance format
main|L|rush_job|46|B-CORE-no-bottleneck,2026-06-03T15:05:40,L_rush_job_seed46,L,rush_job,46,40046,40046,1.0,B-CORE-no-bottleneck,solved,,0.178779,162.254492,162.254492,1377.037959,920.915282,0.400755,26.638658,26.638658,0.000447,true,4,objective equals makespan; due-date/tardiness fields are not available in this instance format
main|L|rush_job|46|B-CORE-no-qp,2026-06-03T15:05:40,L_rush_job_seed46,L,rush_job,46,40046,40046,1.0,B-CORE-no-qp,solved,,0.178581,158.342340,158.342340,1309.689393,690.317984,0.345158,21.707166,21.707166,0.000448,true,4,objective equals makespan; due-date/tardiness fields are not available in this instance format
main|L|rush_job|46|B-CORE-no-transport,2026-06-03T15:05:40,L_rush_job_seed46,L,rush_job,46,40046,40046,1.0,B-CORE-no-transport,solved,,0.179661,193.059073,193.059073,1603.414909,1214.963178,0.431086,35.363554,35.363554,0.000552,true,4,objective equals makespan; due-date/tardiness fields are not available in this instance format
main|L|rush_job|47|B-CORE,2026-06-03T15:05:41,L_rush_job_seed47,L,rush_job,47,40047,40047,1.0,B-CORE,solved,,0.189456,142.704369,142.704369,1315.953224,685.243647,0.342417,20.981772,20.981772,0.000589,true,3,objective equals makespan; due-date/tardiness fields are not available in this instance format
main|L|rush_job|47|B-CORE-no-graph,2026-06-03T15:05:41,L_rush_job_seed47,L,rush_job,47,40047,40047,1.0,B-CORE-no-graph,solved,,0.191862,142.704369,142.704369,1315.953224,685.243647,0.342417,20.981772,20.981772,0.000605,true,3,objective equals makespan; due-date/tardiness fields are not available in this instance format
main|L|rush_job|47|B-CORE-no-bottleneck,2026-06-03T15:05:42,L_rush_job_seed47,L,rush_job,47,40047,40047,1.0,B-CORE-no-bottleneck,solved,,0.191540,159.809200,159.809200,1365.145911,891.655286,0.395097,25.055862,25.055862,0.000567,true,3,objective equals makespan; due-date/tardiness fields are not available in this instance format
main|L|rush_job|47|B-CORE-no-qp,2026-06-03T15:05:42,L_rush_job_seed47,L,rush_job,47,40047,40047,1.0,B-CORE-no-qp,solved,,0.190530,142.704369,142.704369,1315.953224,685.243647,0.342417,20.981772,20.981772,0.000594,true,3,objective equals makespan; due-date/tardiness fields are not available in this instance format
main|L|rush_job|47|B-CORE-no-transport,2026-06-03T15:05:42,L_rush_job_seed47,L,rush_job,47,40047,40047,1.0,B-CORE-no-transport,solved,,0.197939,198.240514,198.240514,1595.678033,1302.452120,0.449411,33.096173,33.096173,0.000506,true,3,objective equals makespan; due-date/tardiness fields are not available in this instance format
main|L|rush_job|48|B-CORE-no-graph,2026-06-03T15:05:43,L_rush_job_seed48,L,rush_job,48,40048,40048,1.0,B-CORE-no-graph,solved,,0.181518,160.670575,160.670575,1302.707136,839.942326,0.392011,21.640874,21.640874,0.000412,true,4,objective equals makespan; due-date/tardiness fields are not available in this instance format
main|L|rush_job|48|B-CORE,2026-06-03T15:05:43,L_rush_job_seed48,L,rush_job,48,40048,40048,1.0,B-CORE,solved,,0.189751,160.670575,160.670575,1302.707136,839.942326,0.392011,21.640874,21.640874,0.000456,true,4,objective equals makespan; due-date/tardiness fields are not available in this instance format
main|L|rush_job|48|B-CORE-no-bottleneck,2026-06-03T15:05:43,L_rush_job_seed48,L,rush_job,48,40048,40048,1.0,B-CORE-no-bottleneck,solved,,0.185626,165.089484,165.089484,1407.710785,824.595319,0.369392,25.962855,25.962855,0.000465,true,4,objective equals makespan; due-date/tardiness fields are not available in this instance format
main|L|rush_job|48|B-CORE-no-qp,2026-06-03T15:05:43,L_rush_job_seed48,L,rush_job,48,40048,40048,1.0,B-CORE-no-qp,solved,,0.185840,160.670575,160.670575,1314.748770,827.664156,0.386323,21.639515,21.639515,0.000431,true,4,objective equals makespan; due-date/tardiness fields are not available in this instance format
main|L|rush_job|48|B-CORE-no-transport,2026-06-03T15:05:43,L_rush_job_seed48,L,rush_job,48,40048,40048,1.0,B-CORE-no-transport,solved,,0.188059,192.163121,192.163121,1580.518913,1358.391032,0.462209,35.678237,35.678237,0.000447,true,3,objective equals makespan; due-date/tardiness fields are not available in this instance format
main|L|rush_job|49|B-CORE,2026-06-03T15:05:45,L_rush_job_seed49,L,rush_job,49,40049,40049,1.0,B-CORE,solved,,0.171343,137.097272,137.097272,1256.975562,704.335127,0.359115,20.520623,20.520623,0.000424,true,4,objective equals makespan; due-date/tardiness fields are not available in this instance format
main|L|rush_job|49|B-CORE-no-graph,2026-06-03T15:05:45,L_rush_job_seed49,L,rush_job,49,40049,40049,1.0,B-CORE-no-graph,solved,,0.173757,137.097272,137.097272,1256.975562,704.335127,0.359115,20.520623,20.520623,0.000428,true,4,objective equals makespan; due-date/tardiness fields are not available in this instance format
main|L|rush_job|49|B-CORE-no-bottleneck,2026-06-03T15:05:45,L_rush_job_seed49,L,rush_job,49,40049,40049,1.0,B-CORE-no-bottleneck,solved,,0.173321,152.476080,152.476080,1393.929582,849.461564,0.378651,26.930431,26.930431,0.000444,true,4,objective equals makespan; due-date/tardiness fields are not available in this instance format
main|L|rush_job|49|B-CORE-no-qp,2026-06-03T15:05:45,L_rush_job_seed49,L,rush_job,49,40049,40049,1.0,B-CORE-no-qp,solved,,0.170637,127.980498,127.980498,1238.868961,617.095961,0.332493,19.821448,19.821448,0.000418,true,4,objective equals makespan; due-date/tardiness fields are not available in this instance format
main|L|rush_job|49|B-CORE-no-transport,2026-06-03T15:05:45,L_rush_job_seed49,L,rush_job,49,40049,40049,1.0,B-CORE-no-transport,solved,,0.177586,183.986885,183.986885,1506.967599,1259.929641,0.455358,34.535680,34.535680,0.000456,true,4,objective equals makespan; due-date/tardiness fields are not available in this instance format
main|L|rush_job|50|B-CORE,2026-06-03T15:05:46,L_rush_job_seed50,L,rush_job,50,40050,40050,1.0,B-CORE,solved,,0.190403,154.429136,154.429136,1312.661819,764.524616,0.368058,21.608089,21.608089,0.000550,true,4,objective equals makespan; due-date/tardiness fields are not available in this instance format
main|L|rush_job|50|B-CORE-no-graph,2026-06-03T15:05:46,L_rush_job_seed50,L,rush_job,50,40050,40050,1.0,B-CORE-no-graph,solved,,0.188292,154.429136,154.429136,1312.661819,764.524616,0.368058,21.608089,21.608089,0.000589,true,4,objective equals makespan; due-date/tardiness fields are not available in this instance format
main|L|rush_job|50|B-CORE-no-bottleneck,2026-06-03T15:05:46,L_rush_job_seed50,L,rush_job,50,40050,40050,1.0,B-CORE-no-bottleneck,solved,,0.183517,144.971360,144.971360,1262.338202,867.727477,0.407371,23.605362,23.605362,0.000451,true,4,objective equals makespan; due-date/tardiness fields are not available in this instance format
main|L|rush_job|50|B-CORE-no-qp,2026-06-03T15:05:46,L_rush_job_seed50,L,rush_job,50,40050,40050,1.0,B-CORE-no-qp,solved,,0.188574,143.131732,143.131732,1345.800126,718.487825,0.348056,21.335513,21.335513,0.000470,true,4,objective equals makespan; due-date/tardiness fields are not available in this instance format
main|L|rush_job|50|B-CORE-no-transport,2026-06-03T15:05:46,L_rush_job_seed50,L,rush_job,50,40050,40050,1.0,B-CORE-no-transport,solved,,0.190769,195.785429,195.785429,1512.130028,1307.589017,0.463730,33.078457,33.078457,0.000451,true,4,objective equals makespan; due-date/tardiness fields are not available in this instance format
main|L|rush_job|51|B-CORE,2026-06-03T15:05:48,L_rush_job_seed51,L,rush_job,51,40051,40051,1.0,B-CORE,solved,,0.206566,146.865071,146.865071,1368.775069,821.221797,0.374988,21.297826,21.297826,0.000484,true,4,objective equals makespan; due-date/tardiness fields are not available in this instance format
main|L|rush_job|51|B-CORE-no-graph,2026-06-03T15:05:48,L_rush_job_seed51,L,rush_job,51,40051,40051,1.0,B-CORE-no-graph,solved,,0.210999,146.865071,146.865071,1368.775069,821.221797,0.374988,21.297826,21.297826,0.000476,true,4,objective equals makespan; due-date/tardiness fields are not available in this instance format
main|L|rush_job|51|B-CORE-no-bottleneck,2026-06-03T15:05:48,L_rush_job_seed51,L,rush_job,51,40051,40051,1.0,B-CORE-no-bottleneck,solved,,0.214430,163.869890,163.869890,1539.944174,935.266807,0.377853,25.990433,25.990433,0.000552,true,4,objective equals makespan; due-date/tardiness fields are not available in this instance format
main|L|rush_job|51|B-CORE-no-qp,2026-06-03T15:05:49,L_rush_job_seed51,L,rush_job,51,40051,40051,1.0,B-CORE-no-qp,solved,,0.210167,154.541105,154.541105,1367.922690,811.397860,0.372317,21.038342,21.038342,0.000499,true,4,objective equals makespan; due-date/tardiness fields are not available in this instance format
main|L|rush_job|51|B-CORE-no-transport,2026-06-03T15:05:49,L_rush_job_seed51,L,rush_job,51,40051,40051,1.0,B-CORE-no-transport,solved,,0.223403,217.046138,217.046138,1722.969980,1584.053711,0.478997,35.960254,35.960254,0.000526,true,4,objective equals makespan; due-date/tardiness fields are not available in this instance format
main|L|mixed|42|B-CORE,2026-06-03T15:05:50,L_mixed_seed42,L,mixed,42,50042,50042,1.0,B-CORE,solved,,0.185488,147.699705,147.699705,1313.554873,763.822231,0.367686,22.394858,22.394858,0.000435,true,4,objective equals makespan; due-date/tardiness fields are not available in this instance format
main|L|mixed|42|B-CORE-no-graph,2026-06-03T15:05:50,L_mixed_seed42,L,mixed,42,50042,50042,1.0,B-CORE-no-graph,solved,,0.187775,147.699705,147.699705,1313.554873,763.822231,0.367686,22.394858,22.394858,0.000454,true,4,objective equals makespan; due-date/tardiness fields are not available in this instance format
main|L|mixed|42|B-CORE-no-bottleneck,2026-06-03T15:05:50,L_mixed_seed42,L,mixed,42,50042,50042,1.0,B-CORE-no-bottleneck,solved,,0.190669,175.482547,175.482547,1490.526832,994.804114,0.400270,28.532069,28.532069,0.000465,true,4,objective equals makespan; due-date/tardiness fields are not available in this instance format
main|L|mixed|42|B-CORE-no-qp,2026-06-03T15:05:50,L_mixed_seed42,L,mixed,42,50042,50042,1.0,B-CORE-no-qp,solved,,0.185281,147.671324,147.671324,1306.558655,785.421690,0.375444,22.459513,22.459513,0.000435,true,4,objective equals makespan; due-date/tardiness fields are not available in this instance format
main|L|mixed|42|B-CORE-no-transport,2026-06-03T15:05:50,L_mixed_seed42,L,mixed,42,50042,50042,1.0,B-CORE-no-transport,solved,,0.195477,200.111532,200.111532,1663.873927,1284.055537,0.435579,34.166555,34.166555,0.000502,true,4,objective equals makespan; due-date/tardiness fields are not available in this instance format
main|L|mixed|43|B-CORE,2026-06-03T15:05:51,L_mixed_seed43,L,mixed,43,50043,50043,1.0,B-CORE,solved,,0.196545,159.394990,159.394990,1468.299295,795.962966,0.351533,22.779680,22.779680,0.000427,true,4,objective equals makespan; due-date/tardiness fields are not available in this instance format
main|L|mixed|43|B-CORE-no-graph,2026-06-03T15:05:51,L_mixed_seed43,L,mixed,43,50043,50043,1.0,B-CORE-no-graph,solved,,0.195023,159.394990,159.394990,1468.299295,795.962966,0.351533,22.779680,22.779680,0.000388,true,4,objective equals makespan; due-date/tardiness fields are not available in this instance format
main|L|mixed|43|B-CORE-no-bottleneck,2026-06-03T15:05:51,L_mixed_seed43,L,mixed,43,50043,50043,1.0,B-CORE-no-bottleneck,solved,,0.197856,174.836458,174.836458,1577.368084,954.021114,0.376877,29.496911,29.496911,0.000559,true,4,objective equals makespan; due-date/tardiness fields are not available in this instance format
main|L|mixed|43|B-CORE-no-qp,2026-06-03T15:05:51,L_mixed_seed43,L,mixed,43,50043,50043,1.0,B-CORE-no-qp,solved,,0.190898,159.933252,159.933252,1445.713123,721.479517,0.332910,21.678856,21.678856,0.000397,true,4,objective equals makespan; due-date/tardiness fields are not available in this instance format
main|L|mixed|43|B-CORE-no-transport,2026-06-03T15:05:52,L_mixed_seed43,L,mixed,43,50043,50043,1.0,B-CORE-no-transport,solved,,0.196308,210.101600,210.101600,1666.833548,1520.518707,0.477048,37.008802,37.008802,0.000543,true,4,objective equals makespan; due-date/tardiness fields are not available in this instance format
main|L|mixed|44|B-CORE,2026-06-03T15:05:53,L_mixed_seed44,L,mixed,44,50044,50044,1.0,B-CORE,solved,,0.182890,148.475414,148.475414,1210.023112,654.524763,0.351037,18.717152,18.717152,0.000533,true,4,objective equals makespan; due-date/tardiness fields are not available in this instance format
main|L|mixed|44|B-CORE-no-graph,2026-06-03T15:05:53,L_mixed_seed44,L,mixed,44,50044,50044,1.0,B-CORE-no-graph,solved,,0.173129,148.475414,148.475414,1210.023112,654.524763,0.351037,18.717152,18.717152,0.000472,true,4,objective equals makespan; due-date/tardiness fields are not available in this instance format
main|L|mixed|44|B-CORE-no-bottleneck,2026-06-03T15:05:53,L_mixed_seed44,L,mixed,44,50044,50044,1.0,B-CORE-no-bottleneck,solved,,0.179161,162.541152,162.541152,1382.814140,1015.162271,0.423341,28.042924,28.042924,0.000400,true,4,objective equals makespan; due-date/tardiness fields are not available in this instance format
main|L|mixed|44|B-CORE-no-qp,2026-06-03T15:05:54,L_mixed_seed44,L,mixed,44,50044,50044,1.0,B-CORE-no-qp,solved,,0.176653,153.043204,153.043204,1312.769816,738.716833,0.360089,20.316030,20.316030,0.000431,true,4,objective equals makespan; due-date/tardiness fields are not available in this instance format
main|L|mixed|44|B-CORE-no-transport,2026-06-03T15:05:54,L_mixed_seed44,L,mixed,44,50044,50044,1.0,B-CORE-no-transport,solved,,0.187280,205.724548,205.724548,1604.207400,1442.472648,0.473457,35.539871,35.539871,0.000426,true,4,objective equals makespan; due-date/tardiness fields are not available in this instance format
main|L|mixed|45|B-CORE,2026-06-03T15:05:55,L_mixed_seed45,L,mixed,45,50045,50045,1.0,B-CORE,solved,,0.200327,161.132153,161.132153,1484.032539,814.141141,0.354256,24.513536,24.513536,0.000513,true,4,objective equals makespan; due-date/tardiness fields are not available in this instance format
main|L|mixed|45|B-CORE-no-graph,2026-06-03T15:05:55,L_mixed_seed45,L,mixed,45,50045,50045,1.0,B-CORE-no-graph,solved,,0.202864,161.132153,161.132153,1484.032539,814.141141,0.354256,24.513536,24.513536,0.000499,true,4,objective equals makespan; due-date/tardiness fields are not available in this instance format
main|L|mixed|45|B-CORE-no-bottleneck,2026-06-03T15:05:55,L_mixed_seed45,L,mixed,45,50045,50045,1.0,B-CORE-no-bottleneck,solved,,0.203692,163.959725,163.959725,1560.302917,872.202527,0.358561,27.243322,27.243322,0.000517,true,4,objective equals makespan; due-date/tardiness fields are not available in this instance format
main|L|mixed|45|B-CORE-no-qp,2026-06-03T15:05:55,L_mixed_seed45,L,mixed,45,50045,50045,1.0,B-CORE-no-qp,solved,,0.201768,165.437918,165.437918,1530.803400,867.322386,0.361667,25.027487,25.027487,0.000509,true,4,objective equals makespan; due-date/tardiness fields are not available in this instance format
main|L|mixed|45|B-CORE-no-transport,2026-06-03T15:05:55,L_mixed_seed45,L,mixed,45,50045,50045,1.0,B-CORE-no-transport,solved,,0.203378,199.322358,199.322358,1688.254048,1357.142200,0.445637,35.938694,35.938694,0.000473,true,4,objective equals makespan; due-date/tardiness fields are not available in this instance format
main|L|mixed|46|B-CORE,2026-06-03T15:05:56,L_mixed_seed46,L,mixed,46,50046,50046,1.0,B-CORE,solved,,0.180607,149.750241,149.750241,1309.301374,676.782800,0.340762,21.115975,21.115975,0.000453,true,4,objective equals makespan; due-date/tardiness fields are not available in this instance format
main|L|mixed|46|B-CORE-no-graph,2026-06-03T15:05:56,L_mixed_seed46,L,mixed,46,50046,50046,1.0,B-CORE-no-graph,solved,,0.181521,149.750241,149.750241,1309.301374,676.782800,0.340762,21.115975,21.115975,0.000453,true,4,objective equals makespan; due-date/tardiness fields are not available in this instance format
main|L|mixed|46|B-CORE-no-bottleneck,2026-06-03T15:05:56,L_mixed_seed46,L,mixed,46,50046,50046,1.0,B-CORE-no-bottleneck,solved,,0.168057,154.906337,154.906337,1459.695304,835.047105,0.363896,26.736667,26.736667,0.000468,true,4,objective equals makespan; due-date/tardiness fields are not available in this instance format
main|L|mixed|46|B-CORE-no-qp,2026-06-03T15:05:56,L_mixed_seed46,L,mixed,46,50046,50046,1.0,B-CORE-no-qp,solved,,0.160895,157.230787,157.230787,1376.769155,788.325165,0.364107,23.155942,23.155942,0.000452,true,4,objective equals makespan; due-date/tardiness fields are not available in this instance format
main|L|mixed|46|B-CORE-no-transport,2026-06-03T15:05:56,L_mixed_seed46,L,mixed,46,50046,50046,1.0,B-CORE-no-transport,solved,,0.171600,184.606264,184.606264,1606.854302,1192.265846,0.425943,34.491785,34.491785,0.000508,true,4,objective equals makespan; due-date/tardiness fields are not available in this instance format
main|L|mixed|47|B-CORE,2026-06-03T15:05:59,L_mixed_seed47,L,mixed,47,50047,50047,1.0,B-CORE,solved,,0.188957,139.634383,139.634383,1331.599282,721.792678,0.351512,21.573683,21.573683,0.000552,true,4,objective equals makespan; due-date/tardiness fields are not available in this instance format
main|L|mixed|47|B-CORE-no-graph,2026-06-03T15:05:59,L_mixed_seed47,L,mixed,47,50047,50047,1.0,B-CORE-no-graph,solved,,0.167163,139.634383,139.634383,1331.599282,721.792678,0.351512,21.573683,21.573683,0.000556,true,4,objective equals makespan; due-date/tardiness fields are not available in this instance format
main|L|mixed|47|B-CORE-no-bottleneck,2026-06-03T15:05:59,L_mixed_seed47,L,mixed,47,50047,50047,1.0,B-CORE-no-bottleneck,solved,,0.173252,148.644032,148.644032,1339.307750,825.806643,0.381415,24.502779,24.502779,0.000383,true,4,objective equals makespan; due-date/tardiness fields are not available in this instance format
main|L|mixed|47|B-CORE-no-qp,2026-06-03T15:05:59,L_mixed_seed47,L,mixed,47,50047,50047,1.0,B-CORE-no-qp,solved,,0.179762,143.215860,143.215860,1275.558263,748.317411,0.369745,21.996135,21.996135,0.000470,true,4,objective equals makespan; due-date/tardiness fields are not available in this instance format
main|L|mixed|47|B-CORE-no-transport,2026-06-03T15:05:59,L_mixed_seed47,L,mixed,47,50047,50047,1.0,B-CORE-no-transport,solved,,0.176524,197.381267,197.381267,1598.722901,1306.817213,0.449767,33.686093,33.686093,0.000467,true,4,objective equals makespan; due-date/tardiness fields are not available in this instance format
main|L|mixed|48|B-CORE,2026-06-03T15:06:00,L_mixed_seed48,L,mixed,48,50048,50048,1.0,B-CORE,solved,,0.185366,137.749937,137.749937,1263.653706,735.131050,0.367789,21.053558,21.053558,0.000453,true,4,objective equals makespan; due-date/tardiness fields are not available in this instance format
main|L|mixed|48|B-CORE-no-graph,2026-06-03T15:06:00,L_mixed_seed48,L,mixed,48,50048,50048,1.0,B-CORE-no-graph,solved,,0.188122,137.749937,137.749937,1263.653706,735.131050,0.367789,21.053558,21.053558,0.000427,true,4,objective equals makespan; due-date/tardiness fields are not available in this instance format
main|L|mixed|48|B-CORE-no-bottleneck,2026-06-03T15:06:00,L_mixed_seed48,L,mixed,48,50048,50048,1.0,B-CORE-no-bottleneck,solved,,0.192007,170.535803,170.535803,1361.127410,921.895414,0.403805,26.175670,26.175670,0.000439,true,4,objective equals makespan; due-date/tardiness fields are not available in this instance format
main|L|mixed|48|B-CORE-no-qp,2026-06-03T15:06:00,L_mixed_seed48,L,mixed,48,50048,50048,1.0,B-CORE-no-qp,solved,,0.186772,141.351682,141.351682,1277.268319,743.015822,0.367778,21.191760,21.191760,0.000445,true,4,objective equals makespan; due-date/tardiness fields are not available in this instance format
main|L|mixed|48|B-CORE-no-transport,2026-06-03T15:06:00,L_mixed_seed48,L,mixed,48,50048,50048,1.0,B-CORE-no-transport,solved,,0.199185,200.823466,200.823466,1682.258855,1335.276046,0.442506,34.527481,34.527481,0.000482,true,4,objective equals makespan; due-date/tardiness fields are not available in this instance format
main|L|mixed|49|B-CORE,2026-06-03T15:06:01,L_mixed_seed49,L,mixed,49,50049,50049,1.0,B-CORE,solved,,0.176944,155.872694,155.872694,1322.967271,778.579856,0.370479,21.735399,21.735399,0.000427,true,4,objective equals makespan; due-date/tardiness fields are not available in this instance format
main|L|mixed|49|B-CORE-no-graph,2026-06-03T15:06:02,L_mixed_seed49,L,mixed,49,50049,50049,1.0,B-CORE-no-graph,solved,,0.178322,155.872694,155.872694,1322.967271,778.579856,0.370479,21.735399,21.735399,0.000423,true,4,objective equals makespan; due-date/tardiness fields are not available in this instance format
main|L|mixed|49|B-CORE-no-bottleneck,2026-06-03T15:06:02,L_mixed_seed49,L,mixed,49,50049,50049,1.0,B-CORE-no-bottleneck,solved,,0.179536,164.251016,164.251016,1382.381006,822.496405,0.373035,25.504582,25.504582,0.000427,true,4,objective equals makespan; due-date/tardiness fields are not available in this instance format
main|L|mixed|49|B-CORE-no-qp,2026-06-03T15:06:02,L_mixed_seed49,L,mixed,49,50049,50049,1.0,B-CORE-no-qp,solved,,0.174937,141.686629,141.686629,1288.425637,778.579856,0.376670,21.785563,21.785563,0.000443,true,4,objective equals makespan; due-date/tardiness fields are not available in this instance format
main|L|mixed|49|B-CORE-no-transport,2026-06-03T15:06:02,L_mixed_seed49,L,mixed,49,50049,50049,1.0,B-CORE-no-transport,solved,,0.184783,196.185988,196.185988,1660.999078,1288.948931,0.436940,35.154759,35.154759,0.000421,true,4,objective equals makespan; due-date/tardiness fields are not available in this instance format
main|L|mixed|50|B-CORE,2026-06-03T15:06:03,L_mixed_seed50,L,mixed,50,50050,50050,1.0,B-CORE,solved,,0.188592,152.962054,152.962054,1379.249853,632.039837,0.314246,21.070943,21.070943,0.000509,true,4,objective equals makespan; due-date/tardiness fields are not available in this instance format
main|L|mixed|50|B-CORE-no-graph,2026-06-03T15:06:03,L_mixed_seed50,L,mixed,50,50050,50050,1.0,B-CORE-no-graph,solved,,0.185637,152.962054,152.962054,1379.249853,632.039837,0.314246,21.070943,21.070943,0.000589,true,4,objective equals makespan; due-date/tardiness fields are not available in this instance format
main|L|mixed|50|B-CORE-no-bottleneck,2026-06-03T15:06:03,L_mixed_seed50,L,mixed,50,50050,50050,1.0,B-CORE-no-bottleneck,solved,,0.190269,158.085137,158.085137,1352.991233,904.522527,0.400672,24.926893,24.926893,0.000514,true,4,objective equals makespan; due-date/tardiness fields are not available in this instance format
main|L|mixed|50|B-CORE-no-qp,2026-06-03T15:06:03,L_mixed_seed50,L,mixed,50,50050,50050,1.0,B-CORE-no-qp,solved,,0.184044,157.160561,157.160561,1396.634723,789.569414,0.361160,23.167577,23.167577,0.000459,true,4,objective equals makespan; due-date/tardiness fields are not available in this instance format
main|L|mixed|50|B-CORE-no-transport,2026-06-03T15:06:04,L_mixed_seed50,L,mixed,50,50050,50050,1.0,B-CORE-no-transport,solved,,0.192723,195.807174,195.807174,1650.244035,1311.592115,0.442831,33.681377,33.681377,0.000431,true,4,objective equals makespan; due-date/tardiness fields are not available in this instance format
main|L|mixed|51|B-CORE,2026-06-03T15:06:04,L_mixed_seed51,L,mixed,51,50051,50051,1.0,B-CORE,solved,,0.210882,163.125552,163.125552,1421.537803,738.382921,0.341856,21.523584,21.523584,0.000492,true,4,objective equals makespan; due-date/tardiness fields are not available in this instance format
main|L|mixed|51|B-CORE-no-graph,2026-06-03T15:06:04,L_mixed_seed51,L,mixed,51,50051,50051,1.0,B-CORE-no-graph,solved,,0.212660,163.125552,163.125552,1421.537803,738.382921,0.341856,21.523584,21.523584,0.000508,true,4,objective equals makespan; due-date/tardiness fields are not available in this instance format
main|L|mixed|51|B-CORE-no-bottleneck,2026-06-03T15:06:04,L_mixed_seed51,L,mixed,51,50051,50051,1.0,B-CORE-no-bottleneck,solved,,0.216650,174.357756,174.357756,1527.037289,1025.969998,0.401867,26.771440,26.771440,0.000564,true,4,objective equals makespan; due-date/tardiness fields are not available in this instance format
main|L|mixed|51|B-CORE-no-qp,2026-06-03T15:06:04,L_mixed_seed51,L,mixed,51,50051,50051,1.0,B-CORE-no-qp,solved,,0.214945,168.582961,168.582961,1416.697217,839.551758,0.372101,22.967009,22.967009,0.000547,true,4,objective equals makespan; due-date/tardiness fields are not available in this instance format
main|L|mixed|51|B-CORE-no-transport,2026-06-03T15:06:05,L_mixed_seed51,L,mixed,51,50051,50051,1.0,B-CORE-no-transport,solved,,0.223998,214.974162,214.974162,1725.898749,1477.416315,0.461215,35.552371,35.552371,0.000549,true,4,objective equals makespan; due-date/tardiness fields are not available in this instance format
