experiment_id,timestamp,instance_id,scale,event_type,instance_seed,dynamic_seed,algorithm_seed,budget_sec,algorithm,status,error_message,runtime_sec,makespan,objective,loaded_travel,empty_travel,empty_travel_ratio,machine_waiting_for_agv,queue_wait,response_latency,feasible,event_count,notes
main|S|breakdown|42|B-CORE,2026-06-03T14:42:00,S_breakdown_seed42,S,breakdown,42,30042,30042,1.0,B-CORE,solved,,0.012099,48.026998,48.026998,146.934072,83.962651,0.363637,6.477476,6.477476,0.000155,true,4,objective equals makespan; due-date/tardiness fields are not available in this instance format
main|S|breakdown|42|B-CORE-no-graph,2026-06-03T14:42:00,S_breakdown_seed42,S,breakdown,42,30042,30042,1.0,B-CORE-no-graph,solved,,0.012888,48.026998,48.026998,146.934072,83.962651,0.363637,6.477476,6.477476,0.000161,true,4,objective equals makespan; due-date/tardiness fields are not available in this instance format
main|S|breakdown|42|B-CORE-no-qp,2026-06-03T14:42:00,S_breakdown_seed42,S,breakdown,42,30042,30042,1.0,B-CORE-no-qp,solved,,0.012556,48.026998,48.026998,146.934072,83.962651,0.363637,6.477476,6.477476,0.000156,true,4,objective equals makespan; due-date/tardiness fields are not available in this instance format
main|S|breakdown|42|B-CORE-no-bottleneck,2026-06-03T14:42:00,S_breakdown_seed42,S,breakdown,42,30042,30042,1.0,B-CORE-no-bottleneck,solved,,0.011488,49.047524,49.047524,144.830141,84.072422,0.367285,8.002066,8.002066,0.000152,true,4,objective equals makespan; due-date/tardiness fields are not available in this instance format
main|S|breakdown|42|MOR,2026-06-03T14:42:00,S_breakdown_seed42,S,breakdown,42,30042,30042,1.0,MOR,solved,,0.006123,64.205767,64.205767,166.332957,116.110626,0.411093,8.413726,8.413726,0.000006,true,4,objective equals makespan; due-date/tardiness fields are not available in this instance format
main|S|breakdown|42|MachineRank,2026-06-03T14:42:00,S_breakdown_seed42,S,breakdown,42,30042,30042,1.0,MachineRank,solved,,0.007117,56.730517,56.730517,151.901209,115.057600,0.430994,8.071948,8.071948,0.000031,true,4,objective equals makespan; due-date/tardiness fields are not available in this instance format
main|S|breakdown|42|B-CORE-no-transport,2026-06-03T14:42:00,S_breakdown_seed42,S,breakdown,42,30042,30042,1.0,B-CORE-no-transport,solved,,0.012236,51.786665,51.786665,154.863005,107.953669,0.410757,9.170988,9.170988,0.000145,true,4,objective equals makespan; due-date/tardiness fields are not available in this instance format
main|S|breakdown|42|LNS,2026-06-03T14:42:03,S_breakdown_seed42,S,breakdown,42,30042,30042,1.0,LNS,solved,,3.016100,48.047524,48.047524,151.901209,87.986533,0.366782,7.376447,7.376447,1.004038,true,4,objective equals makespan; due-date/tardiness fields are not available in this instance format
main|S|breakdown|42|GA,2026-06-03T14:42:03,S_breakdown_seed42,S,breakdown,42,30042,30042,1.0,GA,solved,,3.012752,47.430517,47.430517,142.791937,84.702261,0.372327,7.166170,7.166170,1.001435,true,4,objective equals makespan; due-date/tardiness fields are not available in this instance format
main|S|breakdown|42|DCGA,2026-06-03T14:42:03,S_breakdown_seed42,S,breakdown,42,30042,30042,1.0,DCGA,solved,,3.014711,45.966051,45.966051,144.863005,84.702261,0.368968,7.213240,7.213240,1.002273,true,4,objective equals makespan; due-date/tardiness fields are not available in this instance format
main|S|breakdown|42|MOEA-NSGA2,2026-06-03T14:42:03,S_breakdown_seed42,S,breakdown,42,30042,30042,1.0,MOEA-NSGA2,solved,,3.014338,46.400078,46.400078,151.934072,88.811533,0.368902,6.790168,6.790168,1.002117,true,4,objective equals makespan; due-date/tardiness fields are not available in this instance format
main|S|breakdown|42|SA,2026-06-03T14:42:03,S_breakdown_seed42,S,breakdown,42,30042,30042,1.0,SA,solved,,3.015730,49.785153,49.785153,129.830141,90.024737,0.409473,7.174214,7.174214,1.003642,true,4,objective equals makespan; due-date/tardiness fields are not available in this instance format
main|S|breakdown|43|B-CORE,2026-06-03T15:03:53,S_breakdown_seed43,S,breakdown,43,30043,30043,1.0,B-CORE,solved,,0.011609,49.701893,49.701893,147.234409,88.514894,0.375462,9.154772,9.154772,0.000154,true,4,objective equals makespan; due-date/tardiness fields are not available in this instance format
main|S|breakdown|43|B-CORE-no-graph,2026-06-03T15:03:53,S_breakdown_seed43,S,breakdown,43,30043,30043,1.0,B-CORE-no-graph,solved,,0.012704,49.701893,49.701893,147.234409,88.514894,0.375462,9.154772,9.154772,0.000155,true,4,objective equals makespan; due-date/tardiness fields are not available in this instance format
main|S|breakdown|44|B-CORE,2026-06-03T15:03:53,S_breakdown_seed44,S,breakdown,44,30044,30044,1.0,B-CORE,solved,,0.019605,59.130517,59.130517,164.088232,104.474237,0.389013,8.947998,8.947998,0.000236,true,4,objective equals makespan; due-date/tardiness fields are not available in this instance format
main|S|breakdown|43|B-CORE-no-bottleneck,2026-06-03T15:03:53,S_breakdown_seed43,S,breakdown,43,30043,30043,1.0,B-CORE-no-bottleneck,solved,,0.014874,53.964053,53.964053,159.305477,127.088777,0.443755,11.940425,11.940425,0.000175,true,4,objective equals makespan; due-date/tardiness fields are not available in this instance format
main|S|breakdown|43|B-CORE-no-qp,2026-06-03T15:03:53,S_breakdown_seed43,S,breakdown,43,30043,30043,1.0,B-CORE-no-qp,solved,,0.011002,50.707298,50.707298,153.276255,87.624166,0.363736,9.886203,9.886203,0.000132,true,4,objective equals makespan; due-date/tardiness fields are not available in this instance format
main|S|breakdown|43|MOR,2026-06-03T15:03:53,S_breakdown_seed43,S,breakdown,43,30043,30043,1.0,MOR,solved,,0.005969,62.111165,62.111165,151.743064,115.882601,0.433003,8.675787,8.675787,0.000007,true,4,objective equals makespan; due-date/tardiness fields are not available in this instance format
main|S|breakdown|43|MachineRank,2026-06-03T15:03:53,S_breakdown_seed43,S,breakdown,43,30043,30043,1.0,MachineRank,solved,,0.007845,60.809491,60.809491,187.810746,147.158656,0.439320,14.003356,14.003356,0.000043,true,4,objective equals makespan; due-date/tardiness fields are not available in this instance format
main|S|breakdown|44|B-CORE-no-graph,2026-06-03T15:03:53,S_breakdown_seed44,S,breakdown,44,30044,30044,1.0,B-CORE-no-graph,solved,,0.017036,59.130517,59.130517,164.088232,104.474237,0.389013,8.947998,8.947998,0.000169,true,4,objective equals makespan; due-date/tardiness fields are not available in this instance format
main|S|breakdown|43|B-CORE-no-transport,2026-06-03T15:03:54,S_breakdown_seed43,S,breakdown,43,30043,30043,1.0,B-CORE-no-transport,solved,,0.012939,55.556539,55.556539,177.488270,116.740466,0.396768,11.296205,11.296205,0.000153,true,4,objective equals makespan; due-date/tardiness fields are not available in this instance format
main|S|breakdown|44|B-CORE-no-bottleneck,2026-06-03T15:03:54,S_breakdown_seed44,S,breakdown,44,30044,30044,1.0,B-CORE-no-bottleneck,solved,,0.021064,65.101295,65.101295,179.869189,142.396141,0.441860,11.711044,11.711044,0.000227,true,4,objective equals makespan; due-date/tardiness fields are not available in this instance format
main|S|breakdown|44|MOR,2026-06-03T15:03:54,S_breakdown_seed44,S,breakdown,44,30044,30044,1.0,MOR,solved,,0.006905,68.862901,68.862901,179.414859,126.904796,0.414289,7.583282,7.583282,0.000006,true,4,objective equals makespan; due-date/tardiness fields are not available in this instance format
main|S|breakdown|44|MachineRank,2026-06-03T15:03:54,S_breakdown_seed44,S,breakdown,44,30044,30044,1.0,MachineRank,solved,,0.009009,59.701036,59.701036,183.576646,123.962651,0.403079,10.355841,10.355841,0.000061,true,3,objective equals makespan; due-date/tardiness fields are not available in this instance format
main|S|breakdown|44|B-CORE-no-qp,2026-06-03T15:03:54,S_breakdown_seed44,S,breakdown,44,30044,30044,1.0,B-CORE-no-qp,solved,,0.020383,69.220687,69.220687,172.798122,121.354296,0.412556,9.432151,9.432151,0.000397,true,4,objective equals makespan; due-date/tardiness fields are not available in this instance format
main|S|breakdown|44|B-CORE-no-transport,2026-06-03T15:03:54,S_breakdown_seed44,S,breakdown,44,30044,30044,1.0,B-CORE-no-transport,solved,,0.020922,65.166719,65.166719,209.162443,137.246922,0.396199,12.551216,12.551216,0.000246,true,4,objective equals makespan; due-date/tardiness fields are not available in this instance format
main|S|breakdown|45|B-CORE,2026-06-03T15:03:54,S_breakdown_seed45,S,breakdown,45,30045,30045,1.0,B-CORE,solved,,0.012639,47.207357,47.207357,156.505579,81.843208,0.343376,11.232099,11.232099,0.000151,true,4,objective equals makespan; due-date/tardiness fields are not available in this instance format
main|S|breakdown|45|B-CORE-no-graph,2026-06-03T15:03:54,S_breakdown_seed45,S,breakdown,45,30045,30045,1.0,B-CORE-no-graph,solved,,0.014533,47.207357,47.207357,156.505579,81.843208,0.343376,11.232099,11.232099,0.000227,true,4,objective equals makespan; due-date/tardiness fields are not available in this instance format
main|S|breakdown|45|B-CORE-no-bottleneck,2026-06-03T15:03:54,S_breakdown_seed45,S,breakdown,45,30045,30045,1.0,B-CORE-no-bottleneck,solved,,0.016065,57.293290,57.293290,184.756986,101.957311,0.355606,13.982372,13.982372,0.000227,true,4,objective equals makespan; due-date/tardiness fields are not available in this instance format
main|S|breakdown|45|B-CORE-no-qp,2026-06-03T15:03:54,S_breakdown_seed45,S,breakdown,45,30045,30045,1.0,B-CORE-no-qp,solved,,0.012901,46.252721,46.252721,154.434511,85.952480,0.357559,11.241765,11.241765,0.000148,true,4,objective equals makespan; due-date/tardiness fields are not available in this instance format
main|S|breakdown|45|MachineRank,2026-06-03T15:03:54,S_breakdown_seed45,S,breakdown,45,30045,30045,1.0,MachineRank,solved,,0.006208,58.898988,58.898988,173.405289,146.198049,0.457436,15.873626,15.873626,0.000030,true,4,objective equals makespan; due-date/tardiness fields are not available in this instance format
main|S|breakdown|45|B-CORE-no-transport,2026-06-03T15:03:54,S_breakdown_seed45,S,breakdown,45,30045,30045,1.0,B-CORE-no-transport,solved,,0.014428,56.277816,56.277816,186.656696,115.645116,0.382549,14.306845,14.306845,0.000218,true,4,objective equals makespan; due-date/tardiness fields are not available in this instance format
main|S|breakdown|45|MOR,2026-06-03T15:03:54,S_breakdown_seed45,S,breakdown,45,30045,30045,1.0,MOR,solved,,0.006243,66.180109,66.180109,173.052437,120.486971,0.410463,12.484063,12.484063,0.000006,true,4,objective equals makespan; due-date/tardiness fields are not available in this instance format
main|S|breakdown|44|DCGA,2026-06-03T15:03:56,S_breakdown_seed44,S,breakdown,44,30044,30044,1.0,DCGA,solved,,2.008954,57.842531,57.842531,175.167093,97.990685,0.358733,8.832264,8.832264,1.000842,true,3,objective equals makespan; due-date/tardiness fields are not available in this instance format
main|S|breakdown|44|SA,2026-06-03T15:03:56,S_breakdown_seed44,S,breakdown,44,30044,30044,1.0,SA,solved,,2.010496,66.436829,66.436829,185.456705,121.766302,0.396345,9.848750,9.848750,1.001028,true,3,objective equals makespan; due-date/tardiness fields are not available in this instance format
main|S|breakdown|43|LNS,2026-06-03T15:03:57,S_breakdown_seed43,S,breakdown,43,30043,30043,1.0,LNS,solved,,3.013452,47.891156,47.891156,139.774739,102.132820,0.422198,8.336418,8.336418,1.002730,true,4,objective equals makespan; due-date/tardiness fields are not available in this instance format
main|S|breakdown|43|DCGA,2026-06-03T15:03:57,S_breakdown_seed43,S,breakdown,43,30043,30043,1.0,DCGA,solved,,3.016428,46.436520,46.436520,157.956267,102.953669,0.394595,9.280359,9.280359,1.003476,true,4,objective equals makespan; due-date/tardiness fields are not available in this instance format
main|S|breakdown|43|MOEA-NSGA2,2026-06-03T15:03:57,S_breakdown_seed43,S,breakdown,43,30043,30043,1.0,MOEA-NSGA2,solved,,3.013789,42.471764,42.471764,129.463622,62.459836,0.325441,6.747841,6.747841,1.003183,true,4,objective equals makespan; due-date/tardiness fields are not available in this instance format
main|S|breakdown|44|LNS,2026-06-03T15:03:57,S_breakdown_seed44,S,breakdown,44,30044,30044,1.0,LNS,solved,,3.021110,64.107896,64.107896,190.980915,125.908437,0.397326,11.441563,11.441563,1.003707,true,3,objective equals makespan; due-date/tardiness fields are not available in this instance format
main|S|breakdown|43|SA,2026-06-03T15:03:57,S_breakdown_seed43,S,breakdown,43,30043,30043,1.0,SA,solved,,3.012113,44.545436,44.545436,137.633792,90.560126,0.396856,7.036137,7.036137,1.002350,true,4,objective equals makespan; due-date/tardiness fields are not available in this instance format
main|S|breakdown|44|GA,2026-06-03T15:03:57,S_breakdown_seed44,S,breakdown,44,30044,30044,1.0,GA,solved,,3.019712,60.231471,60.231471,187.135418,121.433101,0.393537,8.649510,8.649510,1.002996,true,3,objective equals makespan; due-date/tardiness fields are not available in this instance format
main|S|breakdown|44|MOEA-NSGA2,2026-06-03T15:03:57,S_breakdown_seed44,S,breakdown,44,30044,30044,1.0,MOEA-NSGA2,solved,,3.017601,57.544529,57.544529,175.235708,100.985344,0.365596,8.820760,8.820760,1.003277,true,3,objective equals makespan; due-date/tardiness fields are not available in this instance format
main|S|breakdown|43|GA,2026-06-03T15:03:57,S_breakdown_seed43,S,breakdown,43,30043,30043,1.0,GA,solved,,3.016255,44.630517,44.630517,139.463622,76.110626,0.353060,7.929029,7.929029,1.002899,true,4,objective equals makespan; due-date/tardiness fields are not available in this instance format
main|S|breakdown|46|MOR,2026-06-03T15:03:57,S_breakdown_seed46,S,breakdown,46,30046,30046,1.0,MOR,solved,,0.005709,45.315597,45.315597,115.892227,69.702261,0.375562,6.617888,6.617888,0.000007,true,4,objective equals makespan; due-date/tardiness fields are not available in this instance format
main|S|breakdown|46|B-CORE,2026-06-03T15:03:57,S_breakdown_seed46,S,breakdown,46,30046,30046,1.0,B-CORE,solved,,0.012172,43.196860,43.196860,106.750091,56.740466,0.347057,6.297392,6.297392,0.000186,true,4,objective equals makespan; due-date/tardiness fields are not available in this instance format
main|S|breakdown|46|MachineRank,2026-06-03T15:03:57,S_breakdown_seed46,S,breakdown,46,30046,30046,1.0,MachineRank,solved,,0.007242,45.666051,45.666051,115.892227,72.403169,0.384519,7.764184,7.764184,0.000068,true,4,objective equals makespan; due-date/tardiness fields are not available in this instance format
main|S|breakdown|46|B-CORE-no-graph,2026-06-03T15:03:57,S_breakdown_seed46,S,breakdown,46,30046,30046,1.0,B-CORE-no-graph,solved,,0.012407,43.196860,43.196860,106.750091,56.740466,0.347057,6.297392,6.297392,0.000207,true,4,objective equals makespan; due-date/tardiness fields are not available in this instance format
main|S|breakdown|46|B-CORE-no-bottleneck,2026-06-03T15:03:57,S_breakdown_seed46,S,breakdown,46,30046,30046,1.0,B-CORE-no-bottleneck,solved,,0.012507,41.044529,41.044529,106.750091,56.740466,0.347057,6.297392,6.297392,0.000211,true,4,objective equals makespan; due-date/tardiness fields are not available in this instance format
main|S|breakdown|46|B-CORE-no-qp,2026-06-03T15:03:57,S_breakdown_seed46,S,breakdown,46,30046,30046,1.0,B-CORE-no-qp,solved,,0.013380,43.196860,43.196860,106.750091,56.740466,0.347057,6.297392,6.297392,0.000193,true,4,objective equals makespan; due-date/tardiness fields are not available in this instance format
main|S|breakdown|46|B-CORE-no-transport,2026-06-03T15:03:57,S_breakdown_seed46,S,breakdown,46,30046,30046,1.0,B-CORE-no-transport,solved,,0.013130,44.942224,44.942224,106.750091,57.631193,0.350595,6.290386,6.290386,0.000232,true,4,objective equals makespan; due-date/tardiness fields are not available in this instance format
main|S|breakdown|47|B-CORE,2026-06-03T15:03:57,S_breakdown_seed47,S,breakdown,47,30047,30047,1.0,B-CORE,solved,,0.016069,53.606090,53.606090,153.254171,85.813986,0.358952,9.792277,9.792277,0.000265,true,3,objective equals makespan; due-date/tardiness fields are not available in this instance format
main|S|breakdown|47|B-CORE-no-graph,2026-06-03T15:03:57,S_breakdown_seed47,S,breakdown,47,30047,30047,1.0,B-CORE-no-graph,solved,,0.016589,53.606090,53.606090,153.254171,85.813986,0.358952,9.792277,9.792277,0.000281,true,3,objective equals makespan; due-date/tardiness fields are not available in this instance format
main|S|breakdown|45|GA,2026-06-03T15:03:57,S_breakdown_seed45,S,breakdown,45,30045,30045,1.0,GA,solved,,3.013031,44.193290,44.193290,142.003952,97.815175,0.407871,10.708605,10.708605,1.001913,true,4,objective equals makespan; due-date/tardiness fields are not available in this instance format
main|S|breakdown|45|LNS,2026-06-03T15:03:57,S_breakdown_seed45,S,breakdown,45,30045,30045,1.0,LNS,solved,,3.014896,45.744529,45.744529,144.303044,85.972132,0.373345,9.446990,9.446990,1.003390,true,4,objective equals makespan; due-date/tardiness fields are not available in this instance format
main|S|breakdown|47|B-CORE-no-bottleneck,2026-06-03T15:03:57,S_breakdown_seed47,S,breakdown,47,30047,30047,1.0,B-CORE-no-bottleneck,solved,,0.017820,55.368235,55.368235,161.505579,131.377699,0.448567,13.039585,13.039585,0.000289,true,3,objective equals makespan; due-date/tardiness fields are not available in this instance format
main|S|breakdown|47|B-CORE-no-qp,2026-06-03T15:03:57,S_breakdown_seed47,S,breakdown,47,30047,30047,1.0,B-CORE-no-qp,solved,,0.016942,58.841011,58.841011,159.434511,98.742919,0.382461,10.320994,10.320994,0.000267,true,3,objective equals makespan; due-date/tardiness fields are not available in this instance format
main|S|breakdown|47|MachineRank,2026-06-03T15:03:57,S_breakdown_seed47,S,breakdown,47,30047,30047,1.0,MachineRank,solved,,0.009221,51.465143,51.465143,142.212325,116.605723,0.450532,10.889334,10.889334,0.000012,true,3,objective equals makespan; due-date/tardiness fields are not available in this instance format
main|S|breakdown|47|MOR,2026-06-03T15:03:57,S_breakdown_seed47,S,breakdown,47,30047,30047,1.0,MOR,solved,,0.008259,60.627367,60.627367,171.321597,136.792593,0.443967,11.003492,11.003492,0.000011,true,3,objective equals makespan; due-date/tardiness fields are not available in this instance format
main|S|breakdown|47|B-CORE-no-transport,2026-06-03T15:03:57,S_breakdown_seed47,S,breakdown,47,30047,30047,1.0,B-CORE-no-transport,solved,,0.016585,54.334699,54.334699,159.283393,111.242092,0.411207,10.758574,10.758574,0.000257,true,3,objective equals makespan; due-date/tardiness fields are not available in this instance format
main|S|breakdown|45|DCGA,2026-06-03T15:03:59,S_breakdown_seed45,S,breakdown,45,30045,30045,1.0,DCGA,solved,,3.013139,42.566051,42.566051,143.445180,90.744107,0.387482,9.811724,9.811724,1.002260,true,4,objective equals makespan; due-date/tardiness fields are not available in this instance format
main|S|breakdown|45|SA,2026-06-03T15:03:59,S_breakdown_seed45,S,breakdown,45,30045,30045,1.0,SA,solved,,3.013681,46.784245,46.784245,167.953834,77.001354,0.314349,8.003151,8.003151,1.001848,true,4,objective equals makespan; due-date/tardiness fields are not available in this instance format
main|S|breakdown|48|B-CORE,2026-06-03T15:03:59,S_breakdown_seed48,S,breakdown,48,30048,30048,1.0,B-CORE,solved,,0.017862,52.292063,52.292063,155.064351,88.914276,0.364435,8.398730,8.398730,0.000208,true,4,objective equals makespan; due-date/tardiness fields are not available in this instance format
main|S|breakdown|48|B-CORE-no-graph,2026-06-03T15:03:59,S_breakdown_seed48,S,breakdown,48,30048,30048,1.0,B-CORE-no-graph,solved,,0.018539,52.292063,52.292063,155.064351,88.914276,0.364435,8.398730,8.398730,0.000240,true,4,objective equals makespan; due-date/tardiness fields are not available in this instance format
main|S|breakdown|48|B-CORE-no-bottleneck,2026-06-03T15:03:59,S_breakdown_seed48,S,breakdown,48,30048,30048,1.0,B-CORE-no-bottleneck,solved,,0.017989,55.056544,55.056544,151.354461,98.023548,0.393072,8.124731,8.124731,0.000211,true,4,objective equals makespan; due-date/tardiness fields are not available in this instance format
main|S|breakdown|48|B-CORE-no-qp,2026-06-03T15:03:59,S_breakdown_seed48,S,breakdown,48,30048,30048,1.0,B-CORE-no-qp,solved,,0.017852,52.292063,52.292063,155.064351,88.914276,0.364435,8.398730,8.398730,0.000210,true,4,objective equals makespan; due-date/tardiness fields are not available in this instance format
main|S|breakdown|48|B-CORE-no-transport,2026-06-03T15:03:59,S_breakdown_seed48,S,breakdown,48,30048,30048,1.0,B-CORE-no-transport,solved,,0.019573,60.141614,60.141614,177.527773,108.881413,0.380160,10.303088,10.303088,0.000232,true,4,objective equals makespan; due-date/tardiness fields are not available in this instance format
main|S|breakdown|48|MachineRank,2026-06-03T15:03:59,S_breakdown_seed48,S,breakdown,48,30048,30048,1.0,MachineRank,solved,,0.010805,64.392708,64.392708,186.669909,123.207530,0.397601,11.544768,11.544768,0.000080,true,4,objective equals makespan; due-date/tardiness fields are not available in this instance format
main|S|breakdown|48|MOR,2026-06-03T15:03:59,S_breakdown_seed48,S,breakdown,48,30048,30048,1.0,MOR,solved,,0.008561,56.117187,56.117187,147.363443,119.203888,0.447181,8.499848,8.499848,0.000008,true,4,objective equals makespan; due-date/tardiness fields are not available in this instance format
main|S|breakdown|45|MOEA-NSGA2,2026-06-03T15:04:00,S_breakdown_seed45,S,breakdown,45,30045,30045,1.0,MOEA-NSGA2,solved,,3.017317,45.037118,45.037118,145.255359,86.773329,0.373977,9.962453,9.962453,1.003538,true,4,objective equals makespan; due-date/tardiness fields are not available in this instance format
main|S|breakdown|46|DCGA,2026-06-03T15:04:00,S_breakdown_seed46,S,breakdown,46,30046,30046,1.0,DCGA,solved,,3.013019,40.794983,40.794983,117.791937,58.489058,0.331794,6.625909,6.625909,1.002144,true,4,objective equals makespan; due-date/tardiness fields are not available in this instance format
main|S|breakdown|46|GA,2026-06-03T15:04:00,S_breakdown_seed46,S,breakdown,46,30046,30046,1.0,GA,solved,,3.014086,41.280063,41.280063,120.720869,69.702261,0.366039,8.207879,8.207879,1.002392,true,4,objective equals makespan; due-date/tardiness fields are not available in this instance format
main|S|breakdown|46|MOEA-NSGA2,2026-06-03T15:04:00,S_breakdown_seed46,S,breakdown,46,30046,30046,1.0,MOEA-NSGA2,solved,,3.014221,40.065143,40.065143,108.649801,63.489058,0.368825,6.924674,6.924674,1.002595,true,4,objective equals makespan; due-date/tardiness fields are not available in this instance format
main|S|breakdown|47|DCGA,2026-06-03T15:04:00,S_breakdown_seed47,S,breakdown,47,30047,30047,1.0,DCGA,solved,,3.015823,46.608995,46.608995,147.109582,87.071233,0.371812,7.876427,7.876427,1.002876,true,3,objective equals makespan; due-date/tardiness fields are not available in this instance format
main|S|breakdown|49|B-CORE,2026-06-03T15:04:00,S_breakdown_seed49,S,breakdown,49,30049,30049,1.0,B-CORE,solved,,0.018707,52.149061,52.149061,148.676092,86.740466,0.368455,6.592378,6.592378,0.000310,true,4,objective equals makespan; due-date/tardiness fields are not available in this instance format
main|S|breakdown|49|B-CORE-no-graph,2026-06-03T15:04:00,S_breakdown_seed49,S,breakdown,49,30049,30049,1.0,B-CORE-no-graph,solved,,0.017609,52.149061,52.149061,148.676092,86.740466,0.368455,6.592378,6.592378,0.000253,true,4,objective equals makespan; due-date/tardiness fields are not available in this instance format
main|S|breakdown|49|B-CORE-no-bottleneck,2026-06-03T15:04:00,S_breakdown_seed49,S,breakdown,49,30049,30049,1.0,B-CORE-no-bottleneck,solved,,0.018104,53.658891,53.658891,158.676092,114.101145,0.418294,8.255065,8.255065,0.000289,true,4,objective equals makespan; due-date/tardiness fields are not available in this instance format
main|S|breakdown|49|B-CORE-no-qp,2026-06-03T15:04:00,S_breakdown_seed49,S,breakdown,49,30049,30049,1.0,B-CORE-no-qp,solved,,0.017498,52.149061,52.149061,148.676092,86.740466,0.368455,6.592378,6.592378,0.000300,true,4,objective equals makespan; due-date/tardiness fields are not available in this instance format
main|S|breakdown|49|B-CORE-no-transport,2026-06-03T15:04:00,S_breakdown_seed49,S,breakdown,49,30049,30049,1.0,B-CORE-no-transport,solved,,0.018898,59.005209,59.005209,179.549068,128.732194,0.417580,10.089283,10.089283,0.000261,true,4,objective equals makespan; due-date/tardiness fields are not available in this instance format
main|S|breakdown|49|MachineRank,2026-06-03T15:04:00,S_breakdown_seed49,S,breakdown,49,30049,30049,1.0,MachineRank,solved,,0.011144,63.695029,63.695029,175.040413,126.601971,0.419709,8.810464,8.810464,0.000054,true,4,objective equals makespan; due-date/tardiness fields are not available in this instance format
main|S|breakdown|49|MOR,2026-06-03T15:04:00,S_breakdown_seed49,S,breakdown,49,30049,30049,1.0,MOR,solved,,0.008293,51.755313,51.755313,161.560981,91.110626,0.360589,8.051811,8.051811,0.000009,true,4,objective equals makespan; due-date/tardiness fields are not available in this instance format
main|S|breakdown|46|LNS,2026-06-03T15:04:01,S_breakdown_seed46,S,breakdown,46,30046,30046,1.0,LNS,solved,,4.011844,38.474369,38.474369,108.821159,52.631193,0.325986,6.455124,6.455124,1.001272,true,4,objective equals makespan; due-date/tardiness fields are not available in this instance format
main|S|breakdown|46|SA,2026-06-03T15:04:01,S_breakdown_seed46,S,breakdown,46,30046,30046,1.0,SA,solved,,4.016941,40.094384,40.094384,115.720869,52.701073,0.312911,6.545930,6.545930,1.002670,true,4,objective equals makespan; due-date/tardiness fields are not available in this instance format
main|S|breakdown|47|GA,2026-06-03T15:04:01,S_breakdown_seed47,S,breakdown,47,30047,30047,1.0,GA,solved,,4.016143,43.405767,43.405767,119.748902,76.110626,0.388598,6.919214,6.919214,1.002023,true,3,objective equals makespan; due-date/tardiness fields are not available in this instance format
main|S|breakdown|47|LNS,2026-06-03T15:04:01,S_breakdown_seed47,S,breakdown,47,30047,30047,1.0,LNS,solved,,4.026634,43.165456,43.165456,126.819970,85.952480,0.403964,7.907685,7.907685,1.004688,true,3,objective equals makespan; due-date/tardiness fields are not available in this instance format
main|S|breakdown|47|SA,2026-06-03T15:04:01,S_breakdown_seed47,S,breakdown,47,30047,30047,1.0,SA,solved,,4.022415,46.949619,46.949619,153.000310,75.000165,0.328947,7.999070,7.999070,1.003319,true,3,objective equals makespan; due-date/tardiness fields are not available in this instance format
main|S|breakdown|50|B-CORE,2026-06-03T15:04:01,S_breakdown_seed50,S,breakdown,50,30050,30050,1.0,B-CORE,solved,,0.018085,45.379155,45.379155,129.689214,102.779878,0.442123,8.395239,8.395239,0.000366,true,3,objective equals makespan; due-date/tardiness fields are not available in this instance format
main|S|breakdown|50|B-CORE-no-graph,2026-06-03T15:04:01,S_breakdown_seed50,S,breakdown,50,30050,30050,1.0,B-CORE-no-graph,solved,,0.017882,45.379155,45.379155,129.689214,102.779878,0.442123,8.395239,8.395239,0.000392,true,3,objective equals makespan; due-date/tardiness fields are not available in this instance format
main|S|breakdown|50|B-CORE-no-bottleneck,2026-06-03T15:04:01,S_breakdown_seed50,S,breakdown,50,30050,30050,1.0,B-CORE-no-bottleneck,solved,,0.017995,50.158541,50.158541,132.618146,86.599539,0.395039,7.754716,7.754716,0.000301,true,3,objective equals makespan; due-date/tardiness fields are not available in this instance format
main|S|breakdown|50|B-CORE-no-qp,2026-06-03T15:04:01,S_breakdown_seed50,S,breakdown,50,30050,30050,1.0,B-CORE-no-qp,solved,,0.017829,45.179155,45.179155,119.689214,102.779878,0.461996,8.594959,8.594959,0.000294,true,3,objective equals makespan; due-date/tardiness fields are not available in this instance format
main|S|breakdown|50|B-CORE-no-transport,2026-06-03T15:04:01,S_breakdown_seed50,S,breakdown,50,30050,30050,1.0,B-CORE-no-transport,solved,,0.019066,59.095029,59.095029,144.531069,134.249830,0.481560,9.562263,9.562263,0.000305,true,3,objective equals makespan; due-date/tardiness fields are not available in this instance format
main|S|breakdown|50|MachineRank,2026-06-03T15:04:01,S_breakdown_seed50,S,breakdown,50,30050,30050,1.0,MachineRank,solved,,0.010208,49.765143,49.765143,137.460001,101.763869,0.425392,8.553746,8.553746,0.000086,true,3,objective equals makespan; due-date/tardiness fields are not available in this instance format
main|S|breakdown|50|MOR,2026-06-03T15:04:01,S_breakdown_seed50,S,breakdown,50,30050,30050,1.0,MOR,solved,,0.008303,60.221010,60.221010,142.701238,105.425383,0.424885,7.513818,7.513818,0.000010,true,3,objective equals makespan; due-date/tardiness fields are not available in this instance format
main|S|breakdown|47|MOEA-NSGA2,2026-06-03T15:04:02,S_breakdown_seed47,S,breakdown,47,30047,30047,1.0,MOEA-NSGA2,solved,,3.019592,42.799165,42.799165,142.021316,74.772141,0.344900,7.594487,7.594487,1.004041,true,3,objective equals makespan; due-date/tardiness fields are not available in this instance format
main|S|breakdown|48|SA,2026-06-03T15:04:02,S_breakdown_seed48,S,breakdown,48,30048,30048,1.0,SA,solved,,2.016220,57.406076,57.406076,172.135418,105.401980,0.379776,7.997212,7.997212,1.003521,true,4,objective equals makespan; due-date/tardiness fields are not available in this instance format
main|S|breakdown|48|GA,2026-06-03T15:04:03,S_breakdown_seed48,S,breakdown,48,30048,30048,1.0,GA,solved,,3.014689,55.950536,55.950536,158.646526,90.322641,0.362786,9.310790,9.310790,1.002938,true,4,objective equals makespan; due-date/tardiness fields are not available in this instance format
main|S|breakdown|49|DCGA,2026-06-03T15:04:03,S_breakdown_seed49,S,breakdown,49,30049,30049,1.0,DCGA,solved,,2.017782,48.438881,48.438881,154.717938,88.010336,0.362588,7.624543,7.624543,1.007224,true,4,objective equals makespan; due-date/tardiness fields are not available in this instance format
main|S|breakdown|49|SA,2026-06-03T15:04:03,S_breakdown_seed49,S,breakdown,49,30049,30049,1.0,SA,solved,,2.016642,54.158541,54.158541,165.531759,98.824157,0.373830,8.571902,8.571902,1.005444,true,4,objective equals makespan; due-date/tardiness fields are not available in this instance format
main|S|breakdown|51|B-CORE,2026-06-03T15:04:03,S_breakdown_seed51,S,breakdown,51,30051,30051,1.0,B-CORE,solved,,0.017965,59.121604,59.121604,158.355649,127.062941,0.445181,8.665500,8.665500,0.000215,true,4,objective equals makespan; due-date/tardiness fields are not available in this instance format
main|S|breakdown|51|B-CORE-no-graph,2026-06-03T15:04:03,S_breakdown_seed51,S,breakdown,51,30051,30051,1.0,B-CORE-no-graph,solved,,0.017509,59.121604,59.121604,158.355649,127.062941,0.445181,8.665500,8.665500,0.000211,true,4,objective equals makespan; due-date/tardiness fields are not available in this instance format
main|S|breakdown|48|LNS,2026-06-03T15:04:03,S_breakdown_seed48,S,breakdown,48,30048,30048,1.0,LNS,solved,,4.019219,57.735612,57.735612,159.276365,88.914276,0.358250,9.072940,9.072940,1.003395,true,4,objective equals makespan; due-date/tardiness fields are not available in this instance format
main|S|breakdown|51|B-CORE-no-bottleneck,2026-06-03T15:04:03,S_breakdown_seed51,S,breakdown,51,30051,30051,1.0,B-CORE-no-bottleneck,solved,,0.018253,61.121604,61.121604,170.255359,112.062941,0.396938,9.864286,9.864286,0.000207,true,4,objective equals makespan; due-date/tardiness fields are not available in this instance format
main|S|breakdown|51|B-CORE-no-qp,2026-06-03T15:04:03,S_breakdown_seed51,S,breakdown,51,30051,30051,1.0,B-CORE-no-qp,solved,,0.018426,56.366051,56.366051,172.616039,132.815175,0.434845,10.488179,10.488179,0.000216,true,4,objective equals makespan; due-date/tardiness fields are not available in this instance format
main|S|breakdown|51|B-CORE-no-transport,2026-06-03T15:04:03,S_breakdown_seed51,S,breakdown,51,30051,30051,1.0,B-CORE-no-transport,solved,,0.018803,63.615643,63.615643,189.789850,141.426074,0.426991,12.203165,12.203165,0.000248,true,4,objective equals makespan; due-date/tardiness fields are not available in this instance format
main|S|breakdown|51|MachineRank,2026-06-03T15:04:03,S_breakdown_seed51,S,breakdown,51,30051,30051,1.0,MachineRank,solved,,0.009995,55.685462,55.685462,171.435699,134.526364,0.439683,11.097133,11.097133,0.000076,true,4,objective equals makespan; due-date/tardiness fields are not available in this instance format
main|S|breakdown|51|MOR,2026-06-03T15:04:03,S_breakdown_seed51,S,breakdown,51,30051,30051,1.0,MOR,solved,,0.008282,66.915316,66.915316,173.653553,123.023548,0.414672,8.737128,8.737128,0.000010,true,4,objective equals makespan; due-date/tardiness fields are not available in this instance format
main|S|breakdown|49|LNS,2026-06-03T15:04:03,S_breakdown_seed49,S,breakdown,49,30049,30049,1.0,LNS,solved,,3.018047,47.288381,47.288381,139.689214,90.480786,0.393104,7.586401,7.586401,1.003948,true,4,objective equals makespan; due-date/tardiness fields are not available in this instance format
main|S|breakdown|49|GA,2026-06-03T15:04:04,S_breakdown_seed49,S,breakdown,49,30049,30049,1.0,GA,solved,,3.020763,50.905767,50.905767,164.673895,108.574048,0.397346,8.909906,8.909906,1.003280,true,4,objective equals makespan; due-date/tardiness fields are not available in this instance format
main|S|breakdown|48|MOEA-NSGA2,2026-06-03T15:04:04,S_breakdown_seed48,S,breakdown,48,30048,30048,1.0,MOEA-NSGA2,solved,,4.020255,53.664539,53.664539,153.322786,92.030077,0.375093,7.912950,7.912950,1.002952,true,4,objective equals makespan; due-date/tardiness fields are not available in this instance format
main|S|breakdown|48|DCGA,2026-06-03T15:04:04,S_breakdown_seed48,S,breakdown,48,30048,30048,1.0,DCGA,solved,,4.027929,56.465143,56.465143,157.205298,88.214557,0.359443,9.498114,9.498114,1.004837,true,4,objective equals makespan; due-date/tardiness fields are not available in this instance format
main|S|rush_job|42|B-CORE,2026-06-03T15:04:04,S_rush_job_seed42,S,rush_job,42,40042,40042,1.0,B-CORE,solved,,0.016869,48.065452,48.065452,132.370470,85.711244,0.393024,8.058899,8.058899,0.000261,true,4,objective equals makespan; due-date/tardiness fields are not available in this instance format
main|S|rush_job|42|B-CORE-no-graph,2026-06-03T15:04:04,S_rush_job_seed42,S,rush_job,42,40042,40042,1.0,B-CORE-no-graph,solved,,0.015938,48.065452,48.065452,132.370470,85.711244,0.393024,8.058899,8.058899,0.000221,true,4,objective equals makespan; due-date/tardiness fields are not available in this instance format
main|S|rush_job|42|B-CORE-no-bottleneck,2026-06-03T15:04:04,S_rush_job_seed42,S,rush_job,42,40042,40042,1.0,B-CORE-no-bottleneck,solved,,0.016392,45.884245,45.884245,138.550810,89.302879,0.391931,8.932636,8.932636,0.000283,true,4,objective equals makespan; due-date/tardiness fields are not available in this instance format
main|S|rush_job|42|B-CORE-no-qp,2026-06-03T15:04:04,S_rush_job_seed42,S,rush_job,42,40042,40042,1.0,B-CORE-no-qp,solved,,0.016522,48.065452,48.065452,132.370470,85.711244,0.393024,8.058899,8.058899,0.000226,true,4,objective equals makespan; due-date/tardiness fields are not available in this instance format
main|S|rush_job|42|B-CORE-no-transport,2026-06-03T15:04:04,S_rush_job_seed42,S,rush_job,42,40042,40042,1.0,B-CORE-no-transport,solved,,0.016518,50.561320,50.561320,133.261198,118.995515,0.471724,10.742709,10.742709,0.000269,true,4,objective equals makespan; due-date/tardiness fields are not available in this instance format
main|S|rush_job|42|MachineRank,2026-06-03T15:04:04,S_rush_job_seed42,S,rush_job,42,40042,40042,1.0,MachineRank,solved,,0.008780,59.266097,59.266097,138.550810,119.945397,0.464012,10.218374,10.218374,0.000045,true,4,objective equals makespan; due-date/tardiness fields are not available in this instance format
main|S|rush_job|42|MOR,2026-06-03T15:04:04,S_rush_job_seed42,S,rush_job,42,40042,40042,1.0,MOR,solved,,0.007627,53.081017,53.081017,142.851091,95.252761,0.400047,7.401553,7.401553,0.000009,true,4,objective equals makespan; due-date/tardiness fields are not available in this instance format
main|S|breakdown|50|LNS,2026-06-03T15:04:04,S_breakdown_seed50,S,breakdown,50,30050,30050,1.0,LNS,solved,,3.018738,41.979155,41.979155,111.727418,80.480786,0.418717,8.216988,8.216988,1.002719,true,3,objective equals makespan; due-date/tardiness fields are not available in this instance format
main|S|breakdown|50|SA,2026-06-03T15:04:05,S_breakdown_seed50,S,breakdown,50,30050,30050,1.0,SA,solved,,2.016103,49.250223,49.250223,146.532257,74.930286,0.338343,7.173725,7.173725,1.007680,true,3,objective equals makespan; due-date/tardiness fields are not available in this instance format
main|S|breakdown|50|GA,2026-06-03T15:04:05,S_breakdown_seed50,S,breakdown,50,30050,30050,1.0,GA,solved,,3.017109,48.279155,48.279155,144.303044,103.056412,0.416626,9.413064,9.413064,1.003302,true,3,objective equals makespan; due-date/tardiness fields are not available in this instance format
main|S|breakdown|50|DCGA,2026-06-03T15:04:05,S_breakdown_seed50,S,breakdown,50,30050,30050,1.0,DCGA,solved,,3.017469,47.894075,47.894075,127.001519,83.023548,0.395303,9.186701,9.186701,1.002103,true,3,objective equals makespan; due-date/tardiness fields are not available in this instance format
main|S|breakdown|50|MOEA-NSGA2,2026-06-03T15:04:05,S_breakdown_seed50,S,breakdown,50,30050,30050,1.0,MOEA-NSGA2,solved,,2.016713,46.114689,46.114689,130.319054,94.072422,0.419233,8.546895,8.546895,1.003296,true,3,objective equals makespan; due-date/tardiness fields are not available in this instance format
main|S|rush_job|43|B-CORE,2026-06-03T15:04:05,S_rush_job_seed43,S,rush_job,43,40043,40043,1.0,B-CORE,solved,,0.018487,54.532693,54.532693,172.187933,108.804506,0.387215,11.230936,11.230936,0.000630,true,4,objective equals makespan; due-date/tardiness fields are not available in this instance format
main|S|breakdown|49|MOEA-NSGA2,2026-06-03T15:04:05,S_breakdown_seed49,S,breakdown,49,30049,30049,1.0,MOEA-NSGA2,solved,,4.017950,49.000078,49.000078,144.351419,95.219898,0.397460,8.686776,8.686776,1.002831,true,4,objective equals makespan; due-date/tardiness fields are not available in this instance format
main|S|rush_job|43|B-CORE-no-graph,2026-06-03T15:04:05,S_rush_job_seed43,S,rush_job,43,40043,40043,1.0,B-CORE-no-graph,solved,,0.016655,54.532693,54.532693,172.187933,108.804506,0.387215,11.230936,11.230936,0.000323,true,4,objective equals makespan; due-date/tardiness fields are not available in this instance format
main|S|rush_job|43|B-CORE-no-bottleneck,2026-06-03T15:04:05,S_rush_job_seed43,S,rush_job,43,40043,40043,1.0,B-CORE-no-bottleneck,solved,,0.016415,54.335921,54.335921,171.297205,116.766302,0.405349,12.337954,12.337954,0.000333,true,4,objective equals makespan; due-date/tardiness fields are not available in this instance format
main|S|rush_job|43|B-CORE-no-qp,2026-06-03T15:04:05,S_rush_job_seed43,S,rush_job,43,40043,40043,1.0,B-CORE-no-qp,solved,,0.016249,51.463131,51.463131,168.368273,100.483219,0.373750,10.431668,10.431668,0.000349,true,4,objective equals makespan; due-date/tardiness fields are not available in this instance format
main|S|rush_job|43|MachineRank,2026-06-03T15:04:05,S_rush_job_seed43,S,rush_job,43,40043,40043,1.0,MachineRank,solved,,0.009387,58.607607,58.607607,177.257812,139.879215,0.441069,12.998042,12.998042,0.000014,true,4,objective equals makespan; due-date/tardiness fields are not available in this instance format
main|S|rush_job|43|B-CORE-no-transport,2026-06-03T15:04:05,S_rush_job_seed43,S,rush_job,43,40043,40043,1.0,B-CORE-no-transport,solved,,0.017449,55.133306,55.133306,189.651356,111.433101,0.370106,13.600818,13.600818,0.000290,true,4,objective equals makespan; due-date/tardiness fields are not available in this instance format
main|S|rush_job|43|MOR,2026-06-03T15:04:05,S_rush_job_seed43,S,rush_job,43,40043,40043,1.0,MOR,solved,,0.007508,65.291548,65.291548,150.483384,94.991873,0.386971,7.534422,7.534422,0.000012,true,4,objective equals makespan; due-date/tardiness fields are not available in this instance format
main|S|breakdown|51|GA,2026-06-03T15:04:06,S_breakdown_seed51,S,breakdown,51,30051,30051,1.0,GA,solved,,3.020534,52.418412,52.418412,152.865568,105.645116,0.408668,8.218350,8.218350,1.005025,true,4,objective equals makespan; due-date/tardiness fields are not available in this instance format
main|S|breakdown|51|SA,2026-06-03T15:04:07,S_breakdown_seed51,S,breakdown,51,30051,30051,1.0,SA,solved,,3.016172,52.591156,52.591156,156.435699,107.473048,0.407236,8.205047,8.205047,1.004122,true,4,objective equals makespan; due-date/tardiness fields are not available in this instance format
main|S|breakdown|51|MOEA-NSGA2,2026-06-03T15:04:07,S_breakdown_seed51,S,breakdown,51,30051,30051,1.0,MOEA-NSGA2,solved,,3.020331,49.824869,49.824869,142.534801,82.631193,0.366979,7.136745,7.136745,1.003362,true,4,objective equals makespan; due-date/tardiness fields are not available in this instance format
main|S|breakdown|51|LNS,2026-06-03T15:04:07,S_breakdown_seed51,S,breakdown,51,30051,30051,1.0,LNS,solved,,4.020291,54.086487,54.086487,149.213514,84.213348,0.360770,6.703644,6.703644,1.003030,true,4,objective equals makespan; due-date/tardiness fields are not available in this instance format
main|S|rush_job|44|B-CORE,2026-06-03T15:04:07,S_rush_job_seed44,S,rush_job,44,40044,40044,1.0,B-CORE,solved,,0.019035,57.035616,57.035616,168.197504,107.953669,0.390922,9.189726,9.189726,0.000258,true,3,objective equals makespan; due-date/tardiness fields are not available in this instance format
main|S|breakdown|51|DCGA,2026-06-03T15:04:07,S_breakdown_seed51,S,breakdown,51,30051,30051,1.0,DCGA,solved,,4.024639,50.880376,50.880376,157.795689,90.827199,0.365321,7.965960,7.965960,1.003488,true,4,objective equals makespan; due-date/tardiness fields are not available in this instance format
main|S|rush_job|44|B-CORE-no-graph,2026-06-03T15:04:07,S_rush_job_seed44,S,rush_job,44,40044,40044,1.0,B-CORE-no-graph,solved,,0.020028,57.035616,57.035616,168.197504,107.953669,0.390922,9.189726,9.189726,0.000269,true,3,objective equals makespan; due-date/tardiness fields are not available in this instance format
main|S|rush_job|44|B-CORE-no-bottleneck,2026-06-03T15:04:07,S_rush_job_seed44,S,rush_job,44,40044,40044,1.0,B-CORE-no-bottleneck,solved,,0.020262,68.057451,68.057451,189.869189,148.576481,0.438997,11.436950,11.436950,0.000243,true,3,objective equals makespan; due-date/tardiness fields are not available in this instance format
main|S|rush_job|44|B-CORE-no-qp,2026-06-03T15:04:07,S_rush_job_seed44,S,rush_job,44,40044,40044,1.0,B-CORE-no-qp,solved,,0.019841,59.930825,59.930825,165.727054,107.245023,0.392879,10.380588,10.380588,0.000241,true,3,objective equals makespan; due-date/tardiness fields are not available in this instance format
main|S|rush_job|44|MachineRank,2026-06-03T15:04:07,S_rush_job_seed44,S,rush_job,44,40044,40044,1.0,MachineRank,solved,,0.011751,58.941324,58.941324,170.805860,118.962651,0.410544,10.103022,10.103022,0.000110,true,3,objective equals makespan; due-date/tardiness fields are not available in this instance format
main|S|rush_job|44|B-CORE-no-transport,2026-06-03T15:04:07,S_rush_job_seed44,S,rush_job,44,40044,40044,1.0,B-CORE-no-transport,solved,,0.020111,64.513276,64.513276,195.911035,141.766302,0.419828,12.940965,12.940965,0.000284,true,4,objective equals makespan; due-date/tardiness fields are not available in this instance format
main|S|rush_job|44|MOR,2026-06-03T15:04:07,S_rush_job_seed44,S,rush_job,44,40044,40044,1.0,MOR,solved,,0.009376,63.299478,63.299478,136.031985,120.724456,0.470191,6.829406,6.829406,0.000007,true,4,objective equals makespan; due-date/tardiness fields are not available in this instance format
main|S|rush_job|43|LNS,2026-06-03T15:04:08,S_rush_job_seed43,S,rush_job,43,40043,40043,1.0,LNS,solved,,3.015686,48.506989,48.506989,151.626708,58.901064,0.279778,7.301585,7.301585,1.003830,true,4,objective equals makespan; due-date/tardiness fields are not available in this instance format
main|S|rush_job|43|GA,2026-06-03T15:04:08,S_rush_job_seed43,S,rush_job,43,40043,40043,1.0,GA,solved,,3.013223,45.099769,45.099769,143.603325,87.001354,0.377275,8.726741,8.726741,1.002099,true,4,objective equals makespan; due-date/tardiness fields are not available in this instance format
main|S|rush_job|42|LNS,2026-06-03T15:04:08,S_rush_job_seed42,S,rush_job,42,40042,40042,1.0,LNS,solved,,4.013221,43.765143,43.765143,134.441538,92.473048,0.407524,8.890953,8.890953,1.001689,true,4,objective equals makespan; due-date/tardiness fields are not available in this instance format
main|S|rush_job|42|GA,2026-06-03T15:04:08,S_rush_job_seed42,S,rush_job,42,40042,40042,1.0,GA,solved,,4.013837,43.100990,43.100990,138.103053,82.631193,0.374347,8.254126,8.254126,1.001683,true,4,objective equals makespan; due-date/tardiness fields are not available in this instance format
main|S|rush_job|45|B-CORE,2026-06-03T15:04:08,S_rush_job_seed45,S,rush_job,45,40045,40045,1.0,B-CORE,solved,,0.017085,47.195292,47.195292,155.084002,64.772141,0.294611,10.467274,10.467274,0.000329,true,4,objective equals makespan; due-date/tardiness fields are not available in this instance format
main|S|rush_job|45|B-CORE-no-graph,2026-06-03T15:04:08,S_rush_job_seed45,S,rush_job,45,40045,40045,1.0,B-CORE-no-graph,solved,,0.021481,47.195292,47.195292,155.084002,64.772141,0.294611,10.467274,10.467274,0.000283,true,4,objective equals makespan; due-date/tardiness fields are not available in this instance format
main|S|rush_job|45|B-CORE-no-bottleneck,2026-06-03T15:04:08,S_rush_job_seed45,S,rush_job,45,40045,40045,1.0,B-CORE-no-bottleneck,solved,,0.017428,58.398375,58.398375,193.177264,123.104787,0.389225,14.261216,14.261216,0.000264,true,4,objective equals makespan; due-date/tardiness fields are not available in this instance format
main|S|rush_job|45|B-CORE-no-qp,2026-06-03T15:04:08,S_rush_job_seed45,S,rush_job,45,40045,40045,1.0,B-CORE-no-qp,solved,,0.016677,47.195292,47.195292,155.084002,64.772141,0.294611,10.467274,10.467274,0.000281,true,4,objective equals makespan; due-date/tardiness fields are not available in this instance format
main|S|rush_job|45|B-CORE-no-transport,2026-06-03T15:04:08,S_rush_job_seed45,S,rush_job,45,40045,40045,1.0,B-CORE-no-transport,solved,,0.017044,60.087646,60.087646,191.257314,120.245734,0.386018,14.600485,14.600485,0.000225,true,4,objective equals makespan; due-date/tardiness fields are not available in this instance format
main|S|rush_job|45|MachineRank,2026-06-03T15:04:08,S_rush_job_seed45,S,rush_job,45,40045,40045,1.0,MachineRank,solved,,0.009793,66.679043,66.679043,187.148042,141.917420,0.431274,15.793206,15.793206,0.000041,true,4,objective equals makespan; due-date/tardiness fields are not available in this instance format
main|S|rush_job|45|MOR,2026-06-03T15:04:08,S_rush_job_seed45,S,rush_job,45,40045,40045,1.0,MOR,solved,,0.007979,71.637233,71.637233,178.342049,133.705515,0.428478,12.035378,12.035378,0.000009,true,4,objective equals makespan; due-date/tardiness fields are not available in this instance format
main|S|rush_job|42|DCGA,2026-06-03T15:04:09,S_rush_job_seed42,S,rush_job,42,40042,40042,1.0,DCGA,solved,,4.019332,43.245436,43.245436,132.370470,88.181694,0.399822,8.530291,8.530291,1.003227,true,4,objective equals makespan; due-date/tardiness fields are not available in this instance format
main|S|rush_job|42|SA,2026-06-03T15:04:09,S_rush_job_seed42,S,rush_job,42,40042,40042,1.0,SA,solved,,4.016551,44.550536,44.550536,136.321597,86.843208,0.389144,8.705357,8.705357,1.002782,true,4,objective equals makespan; due-date/tardiness fields are not available in this instance format
main|S|rush_job|42|MOEA-NSGA2,2026-06-03T15:04:09,S_rush_job_seed42,S,rush_job,42,40042,40042,1.0,MOEA-NSGA2,solved,,4.016155,43.966051,43.966051,121.348276,82.631193,0.405096,6.746265,6.746265,1.002212,true,4,objective equals makespan; due-date/tardiness fields are not available in this instance format
main|S|rush_job|43|DCGA,2026-06-03T15:04:09,S_rush_job_seed43,S,rush_job,43,40043,40043,1.0,DCGA,solved,,3.015825,52.136829,52.136829,152.085190,80.160743,0.345155,8.848404,8.848404,1.002574,true,4,objective equals makespan; due-date/tardiness fields are not available in this instance format
main|S|rush_job|43|SA,2026-06-03T15:04:10,S_rush_job_seed43,S,rush_job,43,40043,40043,1.0,SA,solved,,3.012977,47.300986,47.300986,136.304233,74.039558,0.351993,7.823459,7.823459,1.002250,true,4,objective equals makespan; due-date/tardiness fields are not available in this instance format
main|S|rush_job|46|B-CORE,2026-06-03T15:04:10,S_rush_job_seed46,S,rush_job,46,40046,40046,1.0,B-CORE,solved,,0.012873,50.393471,50.393471,107.930431,60.560126,0.359427,6.293414,6.293414,0.000208,true,4,objective equals makespan; due-date/tardiness fields are not available in this instance format
main|S|rush_job|43|MOEA-NSGA2,2026-06-03T15:04:10,S_rush_job_seed43,S,rush_job,43,40043,40043,1.0,MOEA-NSGA2,solved,,3.019871,48.035921,48.035921,131.271369,75.711244,0.365786,9.013152,9.013152,1.003744,true,4,objective equals makespan; due-date/tardiness fields are not available in this instance format
main|S|rush_job|46|B-CORE-no-graph,2026-06-03T15:04:10,S_rush_job_seed46,S,rush_job,46,40046,40046,1.0,B-CORE-no-graph,solved,,0.012490,50.393471,50.393471,107.930431,60.560126,0.359427,6.293414,6.293414,0.000204,true,4,objective equals makespan; due-date/tardiness fields are not available in this instance format
main|S|rush_job|46|B-CORE-no-bottleneck,2026-06-03T15:04:10,S_rush_job_seed46,S,rush_job,46,40046,40046,1.0,B-CORE-no-bottleneck,solved,,0.012686,47.993471,47.993471,107.930431,60.560126,0.359427,6.293414,6.293414,0.000183,true,4,objective equals makespan; due-date/tardiness fields are not available in this instance format
main|S|rush_job|46|B-CORE-no-qp,2026-06-03T15:04:10,S_rush_job_seed46,S,rush_job,46,40046,40046,1.0,B-CORE-no-qp,solved,,0.012157,50.393471,50.393471,107.930431,60.560126,0.359427,6.293414,6.293414,0.000192,true,4,objective equals makespan; due-date/tardiness fields are not available in this instance format
main|S|rush_job|46|B-CORE-no-transport,2026-06-03T15:04:10,S_rush_job_seed46,S,rush_job,46,40046,40046,1.0,B-CORE-no-transport,solved,,0.012089,50.508838,50.508838,107.930431,67.631193,0.385228,6.539966,6.539966,0.000179,true,4,objective equals makespan; due-date/tardiness fields are not available in this instance format
main|S|rush_job|46|MachineRank,2026-06-03T15:04:10,S_rush_job_seed46,S,rush_job,46,40046,40046,1.0,MachineRank,solved,,0.007402,53.434699,53.434699,107.930431,74.702261,0.409030,7.649875,7.649875,0.000075,true,4,objective equals makespan; due-date/tardiness fields are not available in this instance format
main|S|rush_job|46|MOR,2026-06-03T15:04:10,S_rush_job_seed46,S,rush_job,46,40046,40046,1.0,MOR,solved,,0.006404,55.542208,55.542208,117.072567,76.773329,0.396053,6.887390,6.887390,0.000008,true,4,objective equals makespan; due-date/tardiness fields are not available in this instance format
main|S|rush_job|44|LNS,2026-06-03T15:04:10,S_rush_job_seed44,S,rush_job,44,40044,40044,1.0,LNS,solved,,3.021426,55.356220,55.356220,168.039359,117.762660,0.412043,9.017883,9.017883,1.003515,true,3,objective equals makespan; due-date/tardiness fields are not available in this instance format
main|S|rush_job|44|GA,2026-06-03T15:04:10,S_rush_job_seed44,S,rush_job,44,40044,40044,1.0,GA,solved,,3.024143,56.256539,56.256539,160.325239,110.583529,0.408195,9.647611,9.647611,1.004904,true,3,objective equals makespan; due-date/tardiness fields are not available in this instance format
main|S|rush_job|44|SA,2026-06-03T15:04:11,S_rush_job_seed44,S,rush_job,44,40044,40044,1.0,SA,solved,,3.012913,59.672961,59.672961,170.167093,135.197359,0.442741,11.679543,11.679543,1.001582,true,3,objective equals makespan; due-date/tardiness fields are not available in this instance format
main|S|rush_job|44|DCGA,2026-06-03T15:04:11,S_rush_job_seed44,S,rush_job,44,40044,40044,1.0,DCGA,solved,,3.016368,56.648843,56.648843,181.917585,118.277409,0.394002,11.760535,11.760535,1.001480,true,3,objective equals makespan; due-date/tardiness fields are not available in this instance format
main|S|rush_job|47|B-CORE,2026-06-03T15:04:11,S_rush_job_seed47,S,rush_job,47,40047,40047,1.0,B-CORE,solved,,0.012684,56.841614,56.841614,173.576646,114.956122,0.398416,12.059221,12.059221,0.000179,true,3,objective equals makespan; due-date/tardiness fields are not available in this instance format
main|S|rush_job|44|MOEA-NSGA2,2026-06-03T15:04:11,S_rush_job_seed44,S,rush_job,44,40044,40044,1.0,MOEA-NSGA2,solved,,3.028824,58.009308,58.009308,163.425528,105.985344,0.393397,9.220485,9.220485,1.005985,true,3,objective equals makespan; due-date/tardiness fields are not available in this instance format
main|S|rush_job|47|B-CORE-no-graph,2026-06-03T15:04:11,S_rush_job_seed47,S,rush_job,47,40047,40047,1.0,B-CORE-no-graph,solved,,0.034552,56.841614,56.841614,173.576646,114.956122,0.398416,12.059221,12.059221,0.000730,true,3,objective equals makespan; due-date/tardiness fields are not available in this instance format
main|S|rush_job|47|B-CORE-no-bottleneck,2026-06-03T15:04:11,S_rush_job_seed47,S,rush_job,47,40047,40047,1.0,B-CORE-no-bottleneck,solved,,0.019496,60.257443,60.257443,184.756986,137.027190,0.425836,12.373603,12.373603,0.000239,true,3,objective equals makespan; due-date/tardiness fields are not available in this instance format
main|S|rush_job|47|B-CORE-no-qp,2026-06-03T15:04:11,S_rush_job_seed47,S,rush_job,47,40047,40047,1.0,B-CORE-no-qp,solved,,0.018783,60.256885,60.256885,192.527773,114.065394,0.372042,12.077865,12.077865,0.000269,true,3,objective equals makespan; due-date/tardiness fields are not available in this instance format
main|S|rush_job|47|B-CORE-no-transport,2026-06-03T15:04:11,S_rush_job_seed47,S,rush_job,47,40047,40047,1.0,B-CORE-no-transport,solved,,0.018301,57.667328,57.667328,178.715140,115.985344,0.393570,12.385231,12.385231,0.000309,true,3,objective equals makespan; due-date/tardiness fields are not available in this instance format
main|S|rush_job|47|MachineRank,2026-06-03T15:04:11,S_rush_job_seed47,S,rush_job,47,40047,40047,1.0,MachineRank,solved,,0.010360,66.065644,66.065644,184.447723,147.558039,0.444444,12.642803,12.642803,0.000047,true,4,objective equals makespan; due-date/tardiness fields are not available in this instance format
main|S|rush_job|47|MOR,2026-06-03T15:04:11,S_rush_job_seed47,S,rush_job,47,40047,40047,1.0,MOR,solved,,0.007629,55.814689,55.814689,165.463733,123.574048,0.427536,10.942375,10.942375,0.000017,true,4,objective equals makespan; due-date/tardiness fields are not available in this instance format
main|S|rush_job|45|LNS,2026-06-03T15:04:11,S_rush_job_seed45,S,rush_job,45,40045,40045,1.0,LNS,solved,,3.015317,47.405767,47.405767,148.816030,76.601971,0.339822,11.327347,11.327347,1.003271,true,4,objective equals makespan; due-date/tardiness fields are not available in this instance format
main|S|rush_job|45|GA,2026-06-03T15:04:12,S_rush_job_seed45,S,rush_job,45,40045,40045,1.0,GA,solved,,3.016023,46.225782,46.225782,149.934783,86.371514,0.365507,10.967161,10.967161,1.003151,true,4,objective equals makespan; due-date/tardiness fields are not available in this instance format
main|S|rush_job|45|DCGA,2026-06-03T15:04:12,S_rush_job_seed45,S,rush_job,45,40045,40045,1.0,DCGA,solved,,3.022473,46.700986,46.700986,157.085190,71.110626,0.311621,8.478279,8.478279,1.005653,true,4,objective equals makespan; due-date/tardiness fields are not available in this instance format
main|S|rush_job|45|SA,2026-06-03T15:04:12,S_rush_job_seed45,S,rush_job,45,40045,40045,1.0,SA,solved,,3.016345,47.316504,47.316504,145.336598,77.001354,0.346326,11.596034,11.596034,1.002849,true,4,objective equals makespan; due-date/tardiness fields are not available in this instance format
main|S|rush_job|48|B-CORE,2026-06-03T15:04:12,S_rush_job_seed48,S,rush_job,48,40048,40048,1.0,B-CORE,solved,,0.014283,62.086070,62.086070,158.267383,91.773329,0.367034,7.972854,7.972854,0.000131,true,3,objective equals makespan; due-date/tardiness fields are not available in this instance format
main|S|rush_job|48|B-CORE-no-graph,2026-06-03T15:04:12,S_rush_job_seed48,S,rush_job,48,40048,40048,1.0,B-CORE-no-graph,solved,,0.016243,62.086070,62.086070,158.267383,91.773329,0.367034,7.972854,7.972854,0.000147,true,3,objective equals makespan; due-date/tardiness fields are not available in this instance format
main|S|rush_job|48|B-CORE-no-bottleneck,2026-06-03T15:04:12,S_rush_job_seed48,S,rush_job,48,40048,40048,1.0,B-CORE-no-bottleneck,solved,,0.015948,66.153629,66.153629,158.267383,109.936471,0.409899,9.907576,9.907576,0.000142,true,3,objective equals makespan; due-date/tardiness fields are not available in this instance format
main|S|rush_job|48|B-CORE-no-qp,2026-06-03T15:04:12,S_rush_job_seed48,S,rush_job,48,40048,40048,1.0,B-CORE-no-qp,solved,,0.014311,62.086070,62.086070,158.267383,84.702261,0.348613,7.793880,7.793880,0.000125,true,3,objective equals makespan; due-date/tardiness fields are not available in this instance format
main|S|rush_job|48|B-CORE-no-transport,2026-06-03T15:04:12,S_rush_job_seed48,S,rush_job,48,40048,40048,1.0,B-CORE-no-transport,solved,,0.016074,68.751444,68.751444,158.267383,117.001354,0.425044,10.118393,10.118393,0.000158,true,3,objective equals makespan; due-date/tardiness fields are not available in this instance format
main|S|rush_job|48|MachineRank,2026-06-03T15:04:12,S_rush_job_seed48,S,rush_job,48,40048,40048,1.0,MachineRank,solved,,0.008494,67.037197,67.037197,151.196315,115.645116,0.433385,10.667862,10.667862,0.000050,true,3,objective equals makespan; due-date/tardiness fields are not available in this instance format
main|S|rush_job|48|MOR,2026-06-03T15:04:12,S_rush_job_seed48,S,rush_job,48,40048,40048,1.0,MOR,solved,,0.007606,57.203301,57.203301,131.031985,82.001354,0.384923,6.879805,6.879805,0.000009,true,4,objective equals makespan; due-date/tardiness fields are not available in this instance format
main|S|rush_job|45|MOEA-NSGA2,2026-06-03T15:04:12,S_rush_job_seed45,S,rush_job,45,40045,40045,1.0,MOEA-NSGA2,solved,,3.017995,47.141609,47.141609,147.774185,67.631193,0.313972,9.878709,9.878709,1.003263,true,4,objective equals makespan; due-date/tardiness fields are not available in this instance format
main|S|rush_job|46|GA,2026-06-03T15:04:14,S_rush_job_seed46,S,rush_job,46,40046,40046,1.0,GA,solved,,4.014543,48.305767,48.305767,116.901209,83.881413,0.417772,7.681536,7.681536,1.002432,true,4,objective equals makespan; due-date/tardiness fields are not available in this instance format
main|S|rush_job|46|LNS,2026-06-03T15:04:14,S_rush_job_seed46,S,rush_job,46,40046,40046,1.0,LNS,solved,,4.015870,46.520088,46.520088,127.531049,72.231811,0.361588,8.044150,8.044150,1.002585,true,4,objective equals makespan; due-date/tardiness fields are not available in this instance format
main|S|rush_job|47|LNS,2026-06-03T15:04:14,S_rush_job_seed47,S,rush_job,47,40047,40047,1.0,LNS,solved,,3.017698,53.293471,53.293471,153.392665,89.772141,0.369182,8.499717,8.499717,1.003533,true,3,objective equals makespan; due-date/tardiness fields are not available in this instance format
main|S|rush_job|47|GA,2026-06-03T15:04:14,S_rush_job_seed47,S,rush_job,47,40047,40047,1.0,GA,solved,,3.018388,48.315002,48.315002,133.891038,96.143489,0.417952,8.634181,8.634181,1.005333,true,3,objective equals makespan; due-date/tardiness fields are not available in this instance format
main|S|rush_job|49|B-CORE,2026-06-03T15:04:14,S_rush_job_seed49,S,rush_job,49,40049,40049,1.0,B-CORE,solved,,0.019268,55.981635,55.981635,173.081549,122.521423,0.414480,8.151407,8.151407,0.000227,true,4,objective equals makespan; due-date/tardiness fields are not available in this instance format
main|S|rush_job|49|B-CORE-no-graph,2026-06-03T15:04:14,S_rush_job_seed49,S,rush_job,49,40049,40049,1.0,B-CORE-no-graph,solved,,0.018366,55.981635,55.981635,173.081549,122.521423,0.414480,8.151407,8.151407,0.000224,true,4,objective equals makespan; due-date/tardiness fields are not available in this instance format
main|S|rush_job|46|DCGA,2026-06-03T15:04:14,S_rush_job_seed46,S,rush_job,46,40046,40046,1.0,DCGA,solved,,4.016092,46.400073,46.400073,129.602117,77.473048,0.374130,8.011771,8.011771,1.002293,true,4,objective equals makespan; due-date/tardiness fields are not available in this instance format
main|S|rush_job|46|SA,2026-06-03T15:04:14,S_rush_job_seed46,S,rush_job,46,40046,40046,1.0,SA,solved,,4.017847,47.234699,47.234699,118.972277,66.968490,0.360160,7.354258,7.354258,1.002416,true,4,objective equals makespan; due-date/tardiness fields are not available in this instance format
main|S|rush_job|49|B-CORE-no-bottleneck,2026-06-03T15:04:14,S_rush_job_seed49,S,rush_job,49,40049,40049,1.0,B-CORE-no-bottleneck,solved,,0.019243,53.441015,53.441015,159.830141,94.511252,0.371592,6.951931,6.951931,0.000235,true,4,objective equals makespan; due-date/tardiness fields are not available in this instance format
main|S|rush_job|49|B-CORE-no-qp,2026-06-03T15:04:14,S_rush_job_seed49,S,rush_job,49,40049,40049,1.0,B-CORE-no-qp,solved,,0.019781,55.981635,55.981635,173.081549,122.521423,0.414480,8.151407,8.151407,0.000227,true,4,objective equals makespan; due-date/tardiness fields are not available in this instance format
main|S|rush_job|49|MachineRank,2026-06-03T15:04:14,S_rush_job_seed49,S,rush_job,49,40049,40049,1.0,MachineRank,solved,,0.010186,55.664539,55.664539,181.560981,125.542373,0.408795,7.983531,7.983531,0.000051,true,4,objective equals makespan; due-date/tardiness fields are not available in this instance format
main|S|rush_job|49|B-CORE-no-transport,2026-06-03T15:04:14,S_rush_job_seed49,S,rush_job,49,40049,40049,1.0,B-CORE-no-transport,solved,,0.019134,67.725178,67.725178,200.772996,158.163941,0.440645,12.527737,12.527737,0.000242,true,4,objective equals makespan; due-date/tardiness fields are not available in this instance format
main|S|rush_job|49|MOR,2026-06-03T15:04:14,S_rush_job_seed49,S,rush_job,49,40049,40049,1.0,MOR,solved,,0.007935,60.203301,60.203301,155.222496,90.849738,0.369199,6.887811,6.887811,0.000010,true,4,objective equals makespan; due-date/tardiness fields are not available in this instance format
main|S|rush_job|47|DCGA,2026-06-03T15:04:14,S_rush_job_seed47,S,rush_job,47,40047,40047,1.0,DCGA,solved,,3.019282,54.770546,54.770546,158.322786,103.043200,0.394249,10.411860,10.411860,1.004161,true,4,objective equals makespan; due-date/tardiness fields are not available in this instance format
main|S|rush_job|47|SA,2026-06-03T15:04:15,S_rush_job_seed47,S,rush_job,47,40047,40047,1.0,SA,solved,,3.016287,55.086070,55.086070,150.071378,117.356693,0.438835,9.460884,9.460884,1.003364,true,4,objective equals makespan; due-date/tardiness fields are not available in this instance format
main|S|rush_job|47|MOEA-NSGA2,2026-06-03T15:04:15,S_rush_job_seed47,S,rush_job,47,40047,40047,1.0,MOEA-NSGA2,solved,,3.016532,46.141624,46.141624,145.071378,83.284436,0.364713,8.081947,8.081947,1.003567,true,3,objective equals makespan; due-date/tardiness fields are not available in this instance format
main|S|rush_job|50|B-CORE,2026-06-03T15:04:15,S_rush_job_seed50,S,rush_job,50,40050,40050,1.0,B-CORE,solved,,0.015626,42.669325,42.669325,123.798486,81.889151,0.398124,8.348158,8.348158,0.000227,true,3,objective equals makespan; due-date/tardiness fields are not available in this instance format
main|S|rush_job|50|B-CORE-no-graph,2026-06-03T15:04:15,S_rush_job_seed50,S,rush_job,50,40050,40050,1.0,B-CORE-no-graph,solved,,0.015268,42.669325,42.669325,123.798486,81.889151,0.398124,8.348158,8.348158,0.000236,true,3,objective equals makespan; due-date/tardiness fields are not available in this instance format
main|S|rush_job|50|B-CORE-no-bottleneck,2026-06-03T15:04:15,S_rush_job_seed50,S,rush_job,50,40050,40050,1.0,B-CORE-no-bottleneck,solved,,0.016676,49.294075,49.294075,132.618146,94.622922,0.416399,7.833591,7.833591,0.000251,true,3,objective equals makespan; due-date/tardiness fields are not available in this instance format
main|S|rush_job|50|B-CORE-no-qp,2026-06-03T15:04:15,S_rush_job_seed50,S,rush_job,50,40050,40050,1.0,B-CORE-no-qp,solved,,0.015988,39.579155,39.579155,118.798486,69.528471,0.369190,7.547767,7.547767,0.000242,true,3,objective equals makespan; due-date/tardiness fields are not available in this instance format
main|S|rush_job|46|MOEA-NSGA2,2026-06-03T15:04:15,S_rush_job_seed46,S,rush_job,46,40046,40046,1.0,MOEA-NSGA2,solved,,4.016132,47.299165,47.299165,135.152617,72.859218,0.350265,8.200941,8.200941,1.002841,true,4,objective equals makespan; due-date/tardiness fields are not available in this instance format
main|S|rush_job|50|B-CORE-no-transport,2026-06-03T15:04:15,S_rush_job_seed50,S,rush_job,50,40050,40050,1.0,B-CORE-no-transport,solved,,0.016475,50.325782,50.325782,132.460001,122.841466,0.481162,8.786525,8.786525,0.000249,true,3,objective equals makespan; due-date/tardiness fields are not available in this instance format
main|S|rush_job|50|MachineRank,2026-06-03T15:04:15,S_rush_job_seed50,S,rush_job,50,40050,40050,1.0,MachineRank,solved,,0.009059,48.329609,48.329609,132.460001,93.732194,0.414392,8.424580,8.424580,0.000045,true,3,objective equals makespan; due-date/tardiness fields are not available in this instance format
main|S|rush_job|50|MOR,2026-06-03T15:04:15,S_rush_job_seed50,S,rush_job,50,40050,40050,1.0,MOR,solved,,0.007335,52.505172,52.505172,151.443991,106.502981,0.412887,8.563220,8.563220,0.000009,true,3,objective equals makespan; due-date/tardiness fields are not available in this instance format
main|S|rush_job|48|LNS,2026-06-03T15:04:16,S_rush_job_seed48,S,rush_job,48,40048,40048,1.0,LNS,solved,,4.026509,54.109903,54.109903,123.663013,60.560126,0.328732,6.742918,6.742918,1.005909,true,3,objective equals makespan; due-date/tardiness fields are not available in this instance format
main|S|rush_job|48|GA,2026-06-03T15:04:16,S_rush_job_seed48,S,rush_job,48,40048,40048,1.0,GA,solved,,4.023625,53.851444,53.851444,143.434989,87.631193,0.379247,7.511840,7.511840,1.003440,true,3,objective equals makespan; due-date/tardiness fields are not available in this instance format
main|S|rush_job|49|GA,2026-06-03T15:04:16,S_rush_job_seed49,S,rush_job,49,40049,40049,1.0,GA,solved,,2.013200,47.000078,47.000078,153.342437,90.480786,0.371092,6.932735,6.932735,1.001924,true,4,objective equals makespan; due-date/tardiness fields are not available in this instance format
main|S|rush_job|49|DCGA,2026-06-03T15:04:16,S_rush_job_seed49,S,rush_job,49,40049,40049,1.0,DCGA,solved,,2.014597,46.399474,46.399474,151.010481,97.030077,0.391186,7.139027,7.139027,1.001825,true,4,objective equals makespan; due-date/tardiness fields are not available in this instance format
main|S|rush_job|51|B-CORE,2026-06-03T15:04:16,S_rush_job_seed51,S,rush_job,51,40051,40051,1.0,B-CORE,solved,,0.019216,55.219741,55.219741,155.323974,109.991873,0.414570,7.790380,7.790380,0.000265,true,4,objective equals makespan; due-date/tardiness fields are not available in this instance format
main|S|rush_job|51|B-CORE-no-graph,2026-06-03T15:04:16,S_rush_job_seed51,S,rush_job,51,40051,40051,1.0,B-CORE-no-graph,solved,,0.023197,55.219741,55.219741,155.323974,109.991873,0.414570,7.790380,7.790380,0.000243,true,4,objective equals makespan; due-date/tardiness fields are not available in this instance format
main|S|rush_job|51|B-CORE-no-bottleneck,2026-06-03T15:04:16,S_rush_job_seed51,S,rush_job,51,40051,40051,1.0,B-CORE-no-bottleneck,solved,,0.019173,67.036520,67.036520,166.365820,123.243281,0.425550,9.552517,9.552517,0.000207,true,4,objective equals makespan; due-date/tardiness fields are not available in this instance format
main|S|rush_job|51|B-CORE-no-qp,2026-06-03T15:04:16,S_rush_job_seed51,S,rush_job,51,40051,40051,1.0,B-CORE-no-qp,solved,,0.019840,58.990847,58.990847,164.294752,112.920805,0.407339,9.980574,9.980574,0.000214,true,4,objective equals makespan; due-date/tardiness fields are not available in this instance format
main|S|rush_job|51|B-CORE-no-transport,2026-06-03T15:04:16,S_rush_job_seed51,S,rush_job,51,40051,40051,1.0,B-CORE-no-transport,solved,,0.019668,61.807306,61.807306,181.758175,135.094616,0.426364,11.203464,11.203464,0.000225,true,4,objective equals makespan; due-date/tardiness fields are not available in this instance format
main|S|rush_job|51|MachineRank,2026-06-03T15:04:16,S_rush_job_seed51,S,rush_job,51,40051,40051,1.0,MachineRank,solved,,0.011890,64.015597,64.015597,169.294752,124.394897,0.423559,10.548054,10.548054,0.000036,true,4,objective equals makespan; due-date/tardiness fields are not available in this instance format
main|S|rush_job|51|MOR,2026-06-03T15:04:16,S_rush_job_seed51,S,rush_job,51,40051,40051,1.0,MOR,solved,,0.009585,72.347125,72.347125,172.692946,110.724456,0.390676,7.483878,7.483878,0.000009,true,4,objective equals makespan; due-date/tardiness fields are not available in this instance format
main|S|rush_job|49|LNS,2026-06-03T15:04:17,S_rush_job_seed49,S,rush_job,49,40049,40049,1.0,LNS,solved,,3.021923,51.365765,51.365765,160.941866,100.000165,0.383228,8.620713,8.620713,1.005381,true,4,objective equals makespan; due-date/tardiness fields are not available in this instance format
main|S|rush_job|49|SA,2026-06-03T15:04:17,S_rush_job_seed49,S,rush_job,49,40049,40049,1.0,SA,solved,,3.025612,49.050532,49.050532,152.231976,109.134009,0.417552,8.017286,8.017286,1.006057,true,4,objective equals makespan; due-date/tardiness fields are not available in this instance format
main|S|rush_job|49|MOEA-NSGA2,2026-06-03T15:04:18,S_rush_job_seed49,S,rush_job,49,40049,40049,1.0,MOEA-NSGA2,solved,,3.022268,52.511165,52.511165,158.232667,113.995515,0.418750,8.690655,8.690655,1.004678,true,4,objective equals makespan; due-date/tardiness fields are not available in this instance format
main|S|rush_job|48|SA,2026-06-03T15:04:18,S_rush_job_seed48,S,rush_job,48,40048,40048,1.0,SA,solved,,4.021103,64.021954,64.021954,144.755087,103.975863,0.418025,9.233378,9.233378,1.003861,true,3,objective equals makespan; due-date/tardiness fields are not available in this instance format
main|S|rush_job|48|DCGA,2026-06-03T15:04:18,S_rush_job_seed48,S,rush_job,48,40048,40048,1.0,DCGA,solved,,4.023339,53.680970,53.680970,145.734081,76.740466,0.344940,7.352380,7.352380,1.003121,true,3,objective equals makespan; due-date/tardiness fields are not available in this instance format
main|S|mixed|42|B-CORE,2026-06-03T15:04:18,S_mixed_seed42,S,mixed,42,50042,50042,1.0,B-CORE,solved,,0.018099,48.676549,48.676549,144.213514,89.853379,0.383879,7.783973,7.783973,0.000276,true,4,objective equals makespan; due-date/tardiness fields are not available in this instance format
main|S|mixed|42|B-CORE-no-graph,2026-06-03T15:04:18,S_mixed_seed42,S,mixed,42,50042,50042,1.0,B-CORE-no-graph,solved,,0.017323,48.676549,48.676549,144.213514,89.853379,0.383879,7.783973,7.783973,0.000257,true,4,objective equals makespan; due-date/tardiness fields are not available in this instance format
main|S|rush_job|50|LNS,2026-06-03T15:04:18,S_rush_job_seed50,S,rush_job,50,40050,40050,1.0,LNS,solved,,3.020039,42.519779,42.519779,128.798486,98.442582,0.433208,8.354825,8.354825,1.003607,true,3,objective equals makespan; due-date/tardiness fields are not available in this instance format
main|S|rush_job|50|GA,2026-06-03T15:04:18,S_rush_job_seed50,S,rush_job,50,40050,40050,1.0,GA,solved,,3.019275,39.458541,39.458541,116.727418,62.229378,0.347734,7.091612,7.091612,1.004171,true,3,objective equals makespan; due-date/tardiness fields are not available in this instance format
main|S|mixed|42|B-CORE-no-bottleneck,2026-06-03T15:04:18,S_mixed_seed42,S,mixed,42,50042,50042,1.0,B-CORE-no-bottleneck,solved,,0.018322,47.435606,47.435606,142.142446,106.066583,0.427328,9.577454,9.577454,0.000368,true,4,objective equals makespan; due-date/tardiness fields are not available in this instance format
main|S|mixed|42|MachineRank,2026-06-03T15:04:18,S_mixed_seed42,S,mixed,42,50042,50042,1.0,MachineRank,solved,,0.010340,51.691754,51.691754,135.229523,112.356693,0.453808,9.759341,9.759341,0.000037,true,4,objective equals makespan; due-date/tardiness fields are not available in this instance format
main|S|mixed|42|B-CORE-no-qp,2026-06-03T15:04:18,S_mixed_seed42,S,mixed,42,50042,50042,1.0,B-CORE-no-qp,solved,,0.018201,48.676549,48.676549,144.213514,89.853379,0.383879,7.783973,7.783973,0.000298,true,4,objective equals makespan; due-date/tardiness fields are not available in this instance format
main|S|rush_job|50|DCGA,2026-06-03T15:04:18,S_rush_job_seed50,S,rush_job,50,40050,40050,1.0,DCGA,solved,,2.011755,39.479155,39.479155,126.499394,67.859218,0.349144,7.437586,7.437586,1.002001,true,3,objective equals makespan; due-date/tardiness fields are not available in this instance format
main|S|mixed|42|B-CORE-no-transport,2026-06-03T15:04:18,S_mixed_seed42,S,mixed,42,50042,50042,1.0,B-CORE-no-transport,solved,,0.016786,49.349619,49.349619,142.142446,100.724456,0.414731,8.592290,8.592290,0.000230,true,4,objective equals makespan; due-date/tardiness fields are not available in this instance format
main|S|mixed|42|MOR,2026-06-03T15:04:18,S_mixed_seed42,S,mixed,42,50042,50042,1.0,MOR,solved,,0.009036,58.801386,58.801386,160.944354,120.542373,0.428235,9.234371,9.234371,0.000013,true,4,objective equals makespan; due-date/tardiness fields are not available in this instance format
main|S|rush_job|48|MOEA-NSGA2,2026-06-03T15:04:18,S_rush_job_seed48,S,rush_job,48,40048,40048,1.0,MOEA-NSGA2,solved,,4.026175,57.421917,57.421917,147.087043,107.953669,0.423280,9.101320,9.101320,1.003710,true,3,objective equals makespan; due-date/tardiness fields are not available in this instance format
main|S|rush_job|50|SA,2026-06-03T15:04:19,S_rush_job_seed50,S,rush_job,50,40050,40050,1.0,SA,solved,,3.019177,43.284245,43.284245,132.460001,95.094616,0.417898,9.021758,9.021758,1.005511,true,3,objective equals makespan; due-date/tardiness fields are not available in this instance format
main|S|mixed|43|B-CORE,2026-06-03T15:04:19,S_mixed_seed43,S,mixed,43,50043,50043,1.0,B-CORE,solved,,0.016204,61.747027,61.747027,171.838779,99.695234,0.367156,11.565095,11.565095,0.000227,true,4,objective equals makespan; due-date/tardiness fields are not available in this instance format
main|S|mixed|43|B-CORE-no-graph,2026-06-03T15:04:19,S_mixed_seed43,S,mixed,43,50043,50043,1.0,B-CORE-no-graph,solved,,0.016090,61.747027,61.747027,171.838779,99.695234,0.367156,11.565095,11.565095,0.000188,true,4,objective equals makespan; due-date/tardiness fields are not available in this instance format
main|S|mixed|43|B-CORE-no-bottleneck,2026-06-03T15:04:19,S_mixed_seed43,S,mixed,43,50043,50043,1.0,B-CORE-no-bottleneck,solved,,0.015867,63.392382,63.392382,185.090187,125.017709,0.403143,13.452477,13.452477,0.000216,true,4,objective equals makespan; due-date/tardiness fields are not available in this instance format
main|S|mixed|43|B-CORE-no-qp,2026-06-03T15:04:19,S_mixed_seed43,S,mixed,43,50043,50043,1.0,B-CORE-no-qp,solved,,0.015294,58.882561,58.882561,168.909847,93.804506,0.357059,10.555081,10.555081,0.000189,true,4,objective equals makespan; due-date/tardiness fields are not available in this instance format
main|S|mixed|43|B-CORE-no-transport,2026-06-03T15:04:19,S_mixed_seed43,S,mixed,43,50043,50043,1.0,B-CORE-no-transport,solved,,0.016424,61.531190,61.531190,192.231134,121.341083,0.386964,13.876133,13.876133,0.000180,true,4,objective equals makespan; due-date/tardiness fields are not available in this instance format
main|S|mixed|43|MachineRank,2026-06-03T15:04:19,S_mixed_seed43,S,mixed,43,50043,50043,1.0,MachineRank,solved,,0.009406,68.519298,68.519298,186.270527,149.380842,0.445048,13.606130,13.606130,0.000011,true,4,objective equals makespan; due-date/tardiness fields are not available in this instance format
main|S|rush_job|50|MOEA-NSGA2,2026-06-03T15:04:19,S_rush_job_seed50,S,rush_job,50,40050,40050,1.0,MOEA-NSGA2,solved,,3.020321,43.667637,43.667637,132.460001,100.322641,0.430971,9.277629,9.277629,1.004358,true,3,objective equals makespan; due-date/tardiness fields are not available in this instance format
main|S|mixed|43|MOR,2026-06-03T15:04:19,S_mixed_seed43,S,mixed,43,50043,50043,1.0,MOR,solved,,0.007430,63.475333,63.475333,155.167093,86.601971,0.358201,7.192916,7.192916,0.000010,true,4,objective equals makespan; due-date/tardiness fields are not available in this instance format
main|S|rush_job|51|GA,2026-06-03T15:04:20,S_rush_job_seed51,S,rush_job,51,40051,40051,1.0,GA,solved,,3.026197,53.852038,53.852038,150.426717,115.024737,0.433317,7.882673,7.882673,1.005882,true,4,objective equals makespan; due-date/tardiness fields are not available in this instance format
main|S|rush_job|51|LNS,2026-06-03T15:04:20,S_rush_job_seed51,S,rush_job,51,40051,40051,1.0,LNS,solved,,4.024740,53.600986,53.600986,145.492844,91.545304,0.386205,6.573868,6.573868,1.003530,true,4,objective equals makespan; due-date/tardiness fields are not available in this instance format
main|S|rush_job|51|SA,2026-06-03T15:04:21,S_rush_job_seed51,S,rush_job,51,40051,40051,1.0,SA,solved,,3.016311,59.783155,59.783155,169.459082,118.837369,0.412205,11.103122,11.103122,1.001700,true,4,objective equals makespan; due-date/tardiness fields are not available in this instance format
main|S|mixed|42|LNS,2026-06-03T15:04:21,S_mixed_seed42,S,mixed,42,50042,50042,1.0,LNS,solved,,3.016820,42.959449,42.959449,135.332266,87.631193,0.393029,7.133369,7.133369,1.003028,true,4,objective equals makespan; due-date/tardiness fields are not available in this instance format
main|S|mixed|44|B-CORE,2026-06-03T15:04:21,S_mixed_seed44,S,mixed,44,50044,50044,1.0,B-CORE,solved,,0.017578,68.736211,68.736211,190.749193,132.692781,0.410252,9.737473,9.737473,0.000260,true,4,objective equals makespan; due-date/tardiness fields are not available in this instance format
main|S|mixed|44|B-CORE-no-graph,2026-06-03T15:04:21,S_mixed_seed44,S,mixed,44,50044,50044,1.0,B-CORE-no-graph,solved,,0.015638,68.736211,68.736211,190.749193,132.692781,0.410252,9.737473,9.737473,0.000174,true,4,objective equals makespan; due-date/tardiness fields are not available in this instance format
main|S|mixed|44|B-CORE-no-bottleneck,2026-06-03T15:04:21,S_mixed_seed44,S,mixed,44,50044,50044,1.0,B-CORE-no-bottleneck,solved,,0.021552,70.573919,70.573919,205.027335,167.975365,0.450333,12.887223,12.887223,0.000250,true,4,objective equals makespan; due-date/tardiness fields are not available in this instance format
main|S|mixed|44|B-CORE-no-qp,2026-06-03T15:04:21,S_mixed_seed44,S,mixed,44,50044,50044,1.0,B-CORE-no-qp,solved,,0.019587,62.966051,62.966051,176.775927,125.496431,0.415177,9.772598,9.772598,0.000214,true,4,objective equals makespan; due-date/tardiness fields are not available in this instance format
main|S|mixed|44|B-CORE-no-transport,2026-06-03T15:04:21,S_mixed_seed44,S,mixed,44,50044,50044,1.0,B-CORE-no-transport,solved,,0.015136,64.067912,64.067912,191.927045,146.066583,0.432158,12.153569,12.153569,0.000194,true,4,objective equals makespan; due-date/tardiness fields are not available in this instance format
main|S|mixed|44|MachineRank,2026-06-03T15:04:21,S_mixed_seed44,S,mixed,44,50044,50044,1.0,MachineRank,solved,,0.008822,67.076858,67.076858,186.663724,141.924447,0.431922,10.554807,10.554807,0.000036,true,4,objective equals makespan; due-date/tardiness fields are not available in this instance format
main|S|mixed|44|MOR,2026-06-03T15:04:21,S_mixed_seed44,S,mixed,44,50044,50044,1.0,MOR,solved,,0.010049,59.140706,59.140706,153.392665,106.582320,0.409971,6.404683,6.404683,0.000009,true,4,objective equals makespan; due-date/tardiness fields are not available in this instance format
main|S|rush_job|51|DCGA,2026-06-03T15:04:21,S_rush_job_seed51,S,rush_job,51,40051,40051,1.0,DCGA,solved,,4.022693,58.380063,58.380063,149.726998,110.952480,0.425628,7.713853,7.713853,1.003050,true,4,objective equals makespan; due-date/tardiness fields are not available in this instance format
main|S|rush_job|51|MOEA-NSGA2,2026-06-03T15:04:22,S_rush_job_seed51,S,rush_job,51,40051,40051,1.0,MOEA-NSGA2,solved,,4.028795,58.055275,58.055275,135.584862,105.061752,0.436581,7.789214,7.789214,1.004927,true,4,objective equals makespan; due-date/tardiness fields are not available in this instance format
main|S|mixed|42|DCGA,2026-06-03T15:04:22,S_mixed_seed42,S,mixed,42,50042,50042,1.0,DCGA,solved,,4.019764,44.130517,44.130517,129.049183,76.740466,0.372907,6.725445,6.725445,1.002362,true,4,objective equals makespan; due-date/tardiness fields are not available in this instance format
main|S|mixed|42|GA,2026-06-03T15:04:22,S_mixed_seed42,S,mixed,42,50042,50042,1.0,GA,solved,,4.022562,44.400990,44.400990,147.403334,88.261033,0.374520,7.552839,7.552839,1.003131,true,4,objective equals makespan; due-date/tardiness fields are not available in this instance format
main|S|mixed|42|SA,2026-06-03T15:04:22,S_mixed_seed42,S,mixed,42,50042,50042,1.0,SA,solved,,4.019259,45.049619,45.049619,146.284581,77.631193,0.346698,7.913258,7.913258,1.002961,true,4,objective equals makespan; due-date/tardiness fields are not available in this instance format
main|S|mixed|45|B-CORE,2026-06-03T15:04:22,S_mixed_seed45,S,mixed,45,50045,50045,1.0,B-CORE,solved,,0.017432,62.530825,62.530825,167.956267,105.952480,0.386817,11.997053,11.997053,0.000250,true,4,objective equals makespan; due-date/tardiness fields are not available in this instance format
main|S|mixed|45|B-CORE-no-graph,2026-06-03T15:04:22,S_mixed_seed45,S,mixed,45,50045,50045,1.0,B-CORE-no-graph,solved,,0.017081,62.530825,62.530825,167.956267,105.952480,0.386817,11.997053,11.997053,0.000245,true,4,objective equals makespan; due-date/tardiness fields are not available in this instance format
main|S|mixed|45|B-CORE-no-bottleneck,2026-06-03T15:04:22,S_mixed_seed45,S,mixed,45,50045,50045,1.0,B-CORE-no-bottleneck,solved,,0.017633,60.620995,60.620995,170.885199,103.023548,0.376124,12.750432,12.750432,0.000250,true,4,objective equals makespan; due-date/tardiness fields are not available in this instance format
main|S|mixed|42|MOEA-NSGA2,2026-06-03T15:04:22,S_mixed_seed42,S,mixed,42,50042,50042,1.0,MOEA-NSGA2,solved,,4.027308,42.615597,42.615597,124.049183,86.512441,0.410865,7.372572,7.372572,1.005104,true,4,objective equals makespan; due-date/tardiness fields are not available in this instance format
main|S|mixed|45|B-CORE-no-qp,2026-06-03T15:04:22,S_mixed_seed45,S,mixed,45,50045,50045,1.0,B-CORE-no-qp,solved,,0.017087,62.530825,62.530825,165.885199,106.843208,0.391757,11.989633,11.989633,0.000247,true,4,objective equals makespan; due-date/tardiness fields are not available in this instance format
main|S|mixed|45|B-CORE-no-transport,2026-06-03T15:04:22,S_mixed_seed45,S,mixed,45,50045,50045,1.0,B-CORE-no-transport,solved,,0.017015,61.646699,61.646699,176.894181,141.198049,0.443890,14.205046,14.205046,0.000219,true,4,objective equals makespan; due-date/tardiness fields are not available in this instance format
main|S|mixed|45|MachineRank,2026-06-03T15:04:22,S_mixed_seed45,S,mixed,45,50045,50045,1.0,MachineRank,solved,,0.009907,67.172961,67.172961,183.074521,151.274956,0.452446,15.855154,15.855154,0.000048,true,4,objective equals makespan; due-date/tardiness fields are not available in this instance format
main|S|mixed|45|MOR,2026-06-03T15:04:22,S_mixed_seed45,S,mixed,45,50045,50045,1.0,MOR,solved,,0.008049,69.980109,69.980109,159.731150,97.393708,0.378780,9.553190,9.553190,0.000008,true,4,objective equals makespan; due-date/tardiness fields are not available in this instance format
main|S|mixed|43|GA,2026-06-03T15:04:22,S_mixed_seed43,S,mixed,43,50043,50043,1.0,GA,solved,,3.015714,54.311774,54.311774,157.238161,93.811533,0.373677,8.914792,8.914792,1.003370,true,4,objective equals makespan; due-date/tardiness fields are not available in this instance format
main|S|mixed|43|LNS,2026-06-03T15:04:23,S_mixed_seed43,S,mixed,43,50043,50043,1.0,LNS,solved,,4.016744,51.147018,51.147018,147.065539,80.711244,0.354344,7.813396,7.813396,1.001638,true,4,objective equals makespan; due-date/tardiness fields are not available in this instance format
main|S|mixed|44|LNS,2026-06-03T15:04:24,S_mixed_seed44,S,mixed,44,50044,50044,1.0,LNS,solved,,3.019430,70.837197,70.837197,197.514561,137.125793,0.409771,11.691183,11.691183,1.002913,true,4,objective equals makespan; due-date/tardiness fields are not available in this instance format
main|S|mixed|43|DCGA,2026-06-03T15:04:24,S_mixed_seed43,S,mixed,43,50043,50043,1.0,DCGA,solved,,4.018453,51.147018,51.147018,147.065539,80.711244,0.354344,7.813396,7.813396,1.002721,true,4,objective equals makespan; due-date/tardiness fields are not available in this instance format
main|S|mixed|46|B-CORE,2026-06-03T15:04:24,S_mixed_seed46,S,mixed,46,50046,50046,1.0,B-CORE,solved,,0.013166,41.076999,41.076999,104.049183,63.489058,0.378953,5.997401,5.997401,0.000259,true,4,objective equals makespan; due-date/tardiness fields are not available in this instance format
main|S|mixed|46|B-CORE-no-graph,2026-06-03T15:04:24,S_mixed_seed46,S,mixed,46,50046,50046,1.0,B-CORE-no-graph,solved,,0.012829,41.076999,41.076999,104.049183,63.489058,0.378953,5.997401,5.997401,0.000288,true,4,objective equals makespan; due-date/tardiness fields are not available in this instance format
main|S|mixed|46|B-CORE-no-bottleneck,2026-06-03T15:04:24,S_mixed_seed46,S,mixed,46,50046,50046,1.0,B-CORE-no-bottleneck,solved,,0.012417,41.076999,41.076999,104.049183,63.489058,0.378953,5.997401,5.997401,0.000259,true,4,objective equals makespan; due-date/tardiness fields are not available in this instance format
main|S|mixed|46|B-CORE-no-qp,2026-06-03T15:04:24,S_mixed_seed46,S,mixed,46,50046,50046,1.0,B-CORE-no-qp,solved,,0.012327,41.076999,41.076999,104.049183,63.489058,0.378953,5.997401,5.997401,0.000261,true,4,objective equals makespan; due-date/tardiness fields are not available in this instance format
main|S|mixed|46|B-CORE-no-transport,2026-06-03T15:04:24,S_mixed_seed46,S,mixed,46,50046,50046,1.0,B-CORE-no-transport,solved,,0.012706,47.148711,47.148711,110.229523,70.560126,0.390289,6.434891,6.434891,0.000264,true,4,objective equals makespan; due-date/tardiness fields are not available in this instance format
main|S|mixed|46|MachineRank,2026-06-03T15:04:24,S_mixed_seed46,S,mixed,46,50046,50046,1.0,MachineRank,solved,,0.007628,43.734699,43.734699,110.229523,65.560126,0.372946,6.524719,6.524719,0.000068,true,4,objective equals makespan; due-date/tardiness fields are not available in this instance format
main|S|mixed|46|MOR,2026-06-03T15:04:24,S_mixed_seed46,S,mixed,46,50046,50046,1.0,MOR,solved,,0.006037,51.294075,51.294075,106.120251,80.560126,0.431540,6.562505,6.562505,0.000011,true,4,objective equals makespan; due-date/tardiness fields are not available in this instance format
main|S|mixed|43|SA,2026-06-03T15:04:24,S_mixed_seed43,S,mixed,43,50043,50043,1.0,SA,solved,,4.022129,57.182552,57.182552,159.595089,104.625355,0.395978,9.731475,9.731475,1.003356,true,4,objective equals makespan; due-date/tardiness fields are not available in this instance format
main|S|mixed|43|MOEA-NSGA2,2026-06-03T15:04:25,S_mixed_seed43,S,mixed,43,50043,50043,1.0,MOEA-NSGA2,solved,,4.016909,53.346409,53.346409,162.846497,86.341083,0.346490,8.491957,8.491957,1.002741,true,4,objective equals makespan; due-date/tardiness fields are not available in this instance format
main|S|mixed|44|DCGA,2026-06-03T15:04:25,S_mixed_seed44,S,mixed,44,50044,50044,1.0,DCGA,solved,,3.023784,63.415002,63.415002,200.614851,118.023548,0.370400,9.886780,9.886780,1.004045,true,4,objective equals makespan; due-date/tardiness fields are not available in this instance format
main|S|mixed|44|MOEA-NSGA2,2026-06-03T15:04:25,S_mixed_seed44,S,mixed,44,50044,50044,1.0,MOEA-NSGA2,solved,,3.025775,65.311165,65.311165,188.087734,131.113059,0.410754,10.975956,10.975956,1.006158,true,4,objective equals makespan; due-date/tardiness fields are not available in this instance format
main|S|mixed|45|LNS,2026-06-03T15:04:25,S_mixed_seed45,S,mixed,45,50045,50045,1.0,LNS,solved,,3.019039,57.269325,57.269325,160.812887,90.342292,0.359707,8.567487,8.567487,1.004126,true,4,objective equals makespan; due-date/tardiness fields are not available in this instance format
main|S|mixed|45|GA,2026-06-03T15:04:25,S_mixed_seed45,S,mixed,45,50045,50045,1.0,GA,solved,,3.020511,54.915597,54.915597,146.442727,95.985344,0.395933,8.619804,8.619804,1.006005,true,4,objective equals makespan; due-date/tardiness fields are not available in this instance format
main|S|mixed|47|B-CORE,2026-06-03T15:04:25,S_mixed_seed47,S,mixed,47,50047,50047,1.0,B-CORE,solved,,0.017137,63.622512,63.622512,169.467374,87.885054,0.341497,9.975632,9.975632,0.000227,true,4,objective equals makespan; due-date/tardiness fields are not available in this instance format
main|S|mixed|47|B-CORE-no-graph,2026-06-03T15:04:25,S_mixed_seed47,S,mixed,47,50047,50047,1.0,B-CORE-no-graph,solved,,0.017566,63.622512,63.622512,169.467374,87.885054,0.341497,9.975632,9.975632,0.000238,true,4,objective equals makespan; due-date/tardiness fields are not available in this instance format
main|S|mixed|47|B-CORE-no-bottleneck,2026-06-03T15:04:25,S_mixed_seed47,S,mixed,47,50047,50047,1.0,B-CORE-no-bottleneck,solved,,0.017084,55.186375,55.186375,167.396307,112.027190,0.400923,11.223562,11.223562,0.000237,true,4,objective equals makespan; due-date/tardiness fields are not available in this instance format
main|S|mixed|47|B-CORE-no-qp,2026-06-03T15:04:25,S_mixed_seed47,S,mixed,47,50047,50047,1.0,B-CORE-no-qp,solved,,0.017275,63.622512,63.622512,169.467374,87.885054,0.341497,9.975632,9.975632,0.000226,true,4,objective equals makespan; due-date/tardiness fields are not available in this instance format
main|S|mixed|45|DCGA,2026-06-03T15:04:25,S_mixed_seed45,S,mixed,45,50045,50045,1.0,DCGA,solved,,3.013568,58.005767,58.005767,154.522777,70.972132,0.314739,9.318492,9.318492,1.001510,true,4,objective equals makespan; due-date/tardiness fields are not available in this instance format
main|S|mixed|47|MachineRank,2026-06-03T15:04:25,S_mixed_seed47,S,mixed,47,50047,50047,1.0,MachineRank,solved,,0.009552,59.651131,59.651131,158.425528,91.843208,0.366978,8.726380,8.726380,0.000042,true,4,objective equals makespan; due-date/tardiness fields are not available in this instance format
main|S|mixed|47|B-CORE-no-transport,2026-06-03T15:04:25,S_mixed_seed47,S,mixed,47,50047,50047,1.0,B-CORE-no-transport,solved,,0.017274,69.867328,69.867328,169.605868,147.558039,0.465242,12.436218,12.436218,0.000256,true,4,objective equals makespan; due-date/tardiness fields are not available in this instance format
main|S|mixed|47|MOR,2026-06-03T15:04:25,S_mixed_seed47,S,mixed,47,50047,50047,1.0,MOR,solved,,0.008384,67.350223,67.350223,177.534801,139.754388,0.440464,10.670632,10.670632,0.000010,true,4,objective equals makespan; due-date/tardiness fields are not available in this instance format
main|S|mixed|44|GA,2026-06-03T15:04:25,S_mixed_seed44,S,mixed,44,50044,50044,1.0,GA,solved,,4.020376,63.500083,63.500083,179.173623,123.482030,0.407995,9.087950,9.087950,1.002959,true,4,objective equals makespan; due-date/tardiness fields are not available in this instance format
main|S|mixed|44|SA,2026-06-03T15:04:26,S_mixed_seed44,S,mixed,44,50044,50044,1.0,SA,solved,,4.023971,63.774369,63.774369,186.244690,118.313160,0.388475,8.048162,8.048162,1.003348,true,4,objective equals makespan; due-date/tardiness fields are not available in this instance format
main|S|mixed|45|SA,2026-06-03T15:04:26,S_mixed_seed45,S,mixed,45,50045,50045,1.0,SA,solved,,3.019248,65.420088,65.420088,193.588006,100.744107,0.342280,10.854546,10.854546,1.002924,true,4,objective equals makespan; due-date/tardiness fields are not available in this instance format
main|S|mixed|48|B-CORE,2026-06-03T15:04:26,S_mixed_seed48,S,mixed,48,50048,50048,1.0,B-CORE,solved,,0.017827,64.469638,64.469638,161.505579,79.772141,0.330624,9.078826,9.078826,0.000230,true,4,objective equals makespan; due-date/tardiness fields are not available in this instance format
main|S|mixed|48|B-CORE-no-graph,2026-06-03T15:04:26,S_mixed_seed48,S,mixed,48,50048,50048,1.0,B-CORE-no-graph,solved,,0.018216,64.469638,64.469638,161.505579,79.772141,0.330624,9.078826,9.078826,0.000230,true,4,objective equals makespan; due-date/tardiness fields are not available in this instance format
main|S|mixed|48|B-CORE-no-bottleneck,2026-06-03T15:04:26,S_mixed_seed48,S,mixed,48,50048,50048,1.0,B-CORE-no-bottleneck,solved,,0.019135,62.621604,62.621604,160.325239,117.898266,0.423754,11.032117,11.032117,0.000230,true,4,objective equals makespan; due-date/tardiness fields are not available in this instance format
main|S|mixed|48|B-CORE-no-qp,2026-06-03T15:04:26,S_mixed_seed48,S,mixed,48,50048,50048,1.0,B-CORE-no-qp,solved,,0.018842,56.179469,56.179469,145.325239,79.772141,0.354389,9.133751,9.133751,0.000263,true,4,objective equals makespan; due-date/tardiness fields are not available in this instance format
main|S|mixed|48|B-CORE-no-transport,2026-06-03T15:04:26,S_mixed_seed48,S,mixed,48,50048,50048,1.0,B-CORE-no-transport,solved,,0.019573,78.531784,78.531784,202.560637,135.908437,0.401539,11.998954,11.998954,0.000169,true,4,objective equals makespan; due-date/tardiness fields are not available in this instance format
main|S|mixed|48|MachineRank,2026-06-03T15:04:26,S_mixed_seed48,S,mixed,48,50048,50048,1.0,MachineRank,solved,,0.008943,61.880063,61.880063,170.167093,114.273767,0.401749,10.530535,10.530535,0.000029,true,4,objective equals makespan; due-date/tardiness fields are not available in this instance format
main|S|mixed|48|MOR,2026-06-03T15:04:26,S_mixed_seed48,S,mixed,48,50048,50048,1.0,MOR,solved,,0.008893,63.984488,63.984488,139.511417,90.219898,0.392719,7.628989,7.628989,0.000013,true,4,objective equals makespan; due-date/tardiness fields are not available in this instance format
main|S|mixed|45|MOEA-NSGA2,2026-06-03T15:04:27,S_mixed_seed45,S,mixed,45,50045,50045,1.0,MOEA-NSGA2,solved,,3.017346,59.470233,59.470233,147.484573,84.930286,0.365425,9.736937,9.736937,1.002626,true,4,objective equals makespan; due-date/tardiness fields are not available in this instance format
main|S|mixed|46|LNS,2026-06-03T15:04:27,S_mixed_seed46,S,mixed,46,50046,50046,1.0,LNS,solved,,3.010329,38.094075,38.094075,110.091029,65.788150,0.374053,6.744959,6.744959,1.001301,true,4,objective equals makespan; due-date/tardiness fields are not available in this instance format
main|S|mixed|46|GA,2026-06-03T15:04:27,S_mixed_seed46,S,mixed,46,50046,50046,1.0,GA,solved,,3.014830,35.644529,35.644529,112.129234,55.788150,0.332236,6.465990,6.465990,1.002653,true,4,objective equals makespan; due-date/tardiness fields are not available in this instance format
main|S|mixed|46|DCGA,2026-06-03T15:04:28,S_mixed_seed46,S,mixed,46,50046,50046,1.0,DCGA,solved,,3.009980,41.076999,41.076999,113.019961,78.811533,0.410837,7.762739,7.762739,1.000751,true,4,objective equals makespan; due-date/tardiness fields are not available in this instance format
main|S|mixed|46|SA,2026-06-03T15:04:28,S_mixed_seed46,S,mixed,46,50046,50046,1.0,SA,solved,,3.013312,44.899165,44.899165,120.091029,95.952480,0.444135,8.497538,8.497538,1.002600,true,4,objective equals makespan; due-date/tardiness fields are not available in this instance format
main|S|mixed|49|B-CORE,2026-06-03T15:04:28,S_mixed_seed49,S,mixed,49,50049,50049,1.0,B-CORE,solved,,0.019878,69.985153,69.985153,178.770543,135.849738,0.431790,8.261597,8.261597,0.000287,true,4,objective equals makespan; due-date/tardiness fields are not available in this instance format
main|S|mixed|49|B-CORE-no-graph,2026-06-03T15:04:28,S_mixed_seed49,S,mixed,49,50049,50049,1.0,B-CORE-no-graph,solved,,0.020402,69.985153,69.985153,178.770543,135.849738,0.431790,8.261597,8.261597,0.000258,true,4,objective equals makespan; due-date/tardiness fields are not available in this instance format
main|S|mixed|49|B-CORE-no-bottleneck,2026-06-03T15:04:28,S_mixed_seed49,S,mixed,49,50049,50049,1.0,B-CORE-no-bottleneck,solved,,0.021756,65.390847,65.390847,205.841611,105.560126,0.338984,8.388083,8.388083,0.000227,true,4,objective equals makespan; due-date/tardiness fields are not available in this instance format
main|S|mixed|46|MOEA-NSGA2,2026-06-03T15:04:28,S_mixed_seed46,S,mixed,46,50046,50046,1.0,MOEA-NSGA2,solved,,3.012196,39.855313,39.855313,103.158456,60.560126,0.369904,6.530664,6.530664,1.002561,true,4,objective equals makespan; due-date/tardiness fields are not available in this instance format
main|S|mixed|49|B-CORE-no-qp,2026-06-03T15:04:28,S_mixed_seed49,S,mixed,49,50049,50049,1.0,B-CORE-no-qp,solved,,0.021056,69.156220,69.156220,200.841611,114.991873,0.364090,7.712763,7.712763,0.000266,true,4,objective equals makespan; due-date/tardiness fields are not available in this instance format
main|S|mixed|49|B-CORE-no-transport,2026-06-03T15:04:28,S_mixed_seed49,S,mixed,49,50049,50049,1.0,B-CORE-no-transport,solved,,0.020909,71.651690,71.651690,189.031431,152.613441,0.446702,9.041047,9.041047,0.000235,true,4,objective equals makespan; due-date/tardiness fields are not available in this instance format
main|S|mixed|49|MOR,2026-06-03T15:04:28,S_mixed_seed49,S,mixed,49,50049,50049,1.0,MOR,solved,,0.009551,66.959054,66.959054,158.448068,133.181694,0.456681,7.837212,7.837212,0.000009,true,4,objective equals makespan; due-date/tardiness fields are not available in this instance format
main|S|mixed|49|MachineRank,2026-06-03T15:04:28,S_mixed_seed49,S,mixed,49,50049,50049,1.0,MachineRank,solved,,0.011924,71.674415,71.674415,213.463179,150.114267,0.412881,10.170230,10.170230,0.000052,true,4,objective equals makespan; due-date/tardiness fields are not available in this instance format
main|S|mixed|48|LNS,2026-06-03T15:04:29,S_mixed_seed48,S,mixed,48,50048,50048,1.0,LNS,solved,,3.023669,61.722512,61.722512,171.457203,119.203888,0.410113,10.842776,10.842776,1.005802,true,4,objective equals makespan; due-date/tardiness fields are not available in this instance format
main|S|mixed|47|MOEA-NSGA2,2026-06-03T15:04:30,S_mixed_seed47,S,mixed,47,50047,50047,1.0,MOEA-NSGA2,solved,,4.014493,51.101893,51.101893,148.033174,84.956122,0.364635,7.380507,7.380507,1.000962,true,4,objective equals makespan; due-date/tardiness fields are not available in this instance format
main|S|mixed|48|GA,2026-06-03T15:04:30,S_mixed_seed48,S,mixed,48,50048,50048,1.0,GA,solved,,3.018074,52.329922,52.329922,146.845806,78.811533,0.349253,8.091485,8.091485,1.001799,true,4,objective equals makespan; due-date/tardiness fields are not available in this instance format
main|S|mixed|47|LNS,2026-06-03T15:04:30,S_mixed_seed47,S,mixed,47,50047,50047,1.0,LNS,solved,,5.018994,45.315597,45.315597,155.104242,58.489058,0.273834,6.545913,6.545913,1.002402,true,4,objective equals makespan; due-date/tardiness fields are not available in this instance format
main|S|mixed|47|GA,2026-06-03T15:04:30,S_mixed_seed47,S,mixed,47,50047,50047,1.0,GA,solved,,5.021325,48.794983,48.794983,140.962106,69.772141,0.331091,6.730716,6.730716,1.002588,true,4,objective equals makespan; due-date/tardiness fields are not available in this instance format
main|S|mixed|47|DCGA,2026-06-03T15:04:30,S_mixed_seed47,S,mixed,47,50047,50047,1.0,DCGA,solved,,5.024262,48.851131,48.851131,154.213514,79.930286,0.341373,7.139816,7.139816,1.003043,true,4,objective equals makespan; due-date/tardiness fields are not available in this instance format
main|S|mixed|50|B-CORE,2026-06-03T15:04:30,S_mixed_seed50,S,mixed,50,50050,50050,1.0,B-CORE,solved,,0.016641,41.929609,41.929609,139.059374,83.670606,0.375659,9.399052,9.399052,0.000242,true,4,objective equals makespan; due-date/tardiness fields are not available in this instance format
main|S|mixed|50|B-CORE-no-graph,2026-06-03T15:04:30,S_mixed_seed50,S,mixed,50,50050,50050,1.0,B-CORE-no-graph,solved,,0.016741,41.929609,41.929609,139.059374,83.670606,0.375659,9.399052,9.399052,0.000247,true,4,objective equals makespan; due-date/tardiness fields are not available in this instance format
main|S|mixed|50|B-CORE-no-bottleneck,2026-06-03T15:04:30,S_mixed_seed50,S,mixed,50,50050,50050,1.0,B-CORE-no-bottleneck,solved,,0.016152,41.894075,41.894075,141.130442,81.599539,0.366361,8.718613,8.718613,0.000236,true,4,objective equals makespan; due-date/tardiness fields are not available in this instance format
main|S|mixed|50|B-CORE-no-qp,2026-06-03T15:04:30,S_mixed_seed50,S,mixed,50,50050,50050,1.0,B-CORE-no-qp,solved,,0.016793,41.264235,41.264235,134.059374,71.599539,0.348147,8.161867,8.161867,0.000234,true,4,objective equals makespan; due-date/tardiness fields are not available in this instance format
main|S|mixed|50|MachineRank,2026-06-03T15:04:30,S_mixed_seed50,S,mixed,50,50050,50050,1.0,MachineRank,solved,,0.008996,54.684068,54.684068,150.972297,112.426572,0.426830,10.118870,10.118870,0.000071,true,4,objective equals makespan; due-date/tardiness fields are not available in this instance format
main|S|mixed|50|B-CORE-no-transport,2026-06-03T15:04:30,S_mixed_seed50,S,mixed,50,50050,50050,1.0,B-CORE-no-transport,solved,,0.017022,50.877467,50.877467,145.972297,109.725664,0.429122,10.423844,10.423844,0.000264,true,4,objective equals makespan; due-date/tardiness fields are not available in this instance format
main|S|mixed|50|MOR,2026-06-03T15:04:30,S_mixed_seed50,S,mixed,50,50050,50050,1.0,MOR,solved,,0.007890,48.579469,48.579469,146.913253,102.654597,0.411329,9.050417,9.050417,0.000013,true,4,objective equals makespan; due-date/tardiness fields are not available in this instance format
main|S|mixed|47|SA,2026-06-03T15:04:30,S_mixed_seed47,S,mixed,47,50047,50047,1.0,SA,solved,,5.023998,56.744529,56.744529,152.875028,72.071233,0.320393,6.785739,6.785739,1.002879,true,4,objective equals makespan; due-date/tardiness fields are not available in this instance format
main|S|mixed|48|DCGA,2026-06-03T15:04:30,S_mixed_seed48,S,mixed,48,50048,50048,1.0,DCGA,solved,,3.015043,57.606998,57.606998,161.457203,95.252761,0.371052,8.186899,8.186899,1.000873,true,4,objective equals makespan; due-date/tardiness fields are not available in this instance format
main|S|mixed|48|SA,2026-06-03T15:04:30,S_mixed_seed48,S,mixed,48,50048,50048,1.0,SA,solved,,3.018187,56.451444,56.451444,145.104242,86.773329,0.374220,7.708970,7.708970,1.003830,true,4,objective equals makespan; due-date/tardiness fields are not available in this instance format
main|S|mixed|51|B-CORE,2026-06-03T15:04:30,S_mixed_seed51,S,mixed,51,50051,50051,1.0,B-CORE,solved,,0.017826,58.222198,58.222198,176.056557,109.763849,0.384031,7.988346,7.988346,0.000193,true,4,objective equals makespan; due-date/tardiness fields are not available in this instance format
main|S|mixed|51|B-CORE-no-graph,2026-06-03T15:04:30,S_mixed_seed51,S,mixed,51,50051,50051,1.0,B-CORE-no-graph,solved,,0.017874,58.222198,58.222198,176.056557,109.763849,0.384031,7.988346,7.988346,0.000184,true,4,objective equals makespan; due-date/tardiness fields are not available in this instance format
main|S|mixed|51|B-CORE-no-bottleneck,2026-06-03T15:04:30,S_mixed_seed51,S,mixed,51,50051,50051,1.0,B-CORE-no-bottleneck,solved,,0.018466,62.655622,62.655622,186.207675,129.134009,0.409505,10.386843,10.386843,0.000227,true,4,objective equals makespan; due-date/tardiness fields are not available in this instance format
main|S|mixed|51|B-CORE-no-qp,2026-06-03T15:04:30,S_mixed_seed51,S,mixed,51,50051,50051,1.0,B-CORE-no-qp,solved,,0.017838,64.636520,64.636520,180.027335,98.844397,0.354444,8.995875,8.995875,0.000245,true,4,objective equals makespan; due-date/tardiness fields are not available in this instance format
main|S|mixed|51|B-CORE-no-transport,2026-06-03T15:04:30,S_mixed_seed51,S,mixed,51,50051,50051,1.0,B-CORE-no-transport,solved,,0.018706,66.834831,66.834831,197.490757,146.136462,0.425276,11.864581,11.864581,0.000172,true,4,objective equals makespan; due-date/tardiness fields are not available in this instance format
main|S|mixed|51|MachineRank,2026-06-03T15:04:30,S_mixed_seed51,S,mixed,51,50051,50051,1.0,MachineRank,solved,,0.010260,68.224869,68.224869,186.207675,133.622423,0.417792,10.406327,10.406327,0.000044,true,4,objective equals makespan; due-date/tardiness fields are not available in this instance format
main|S|mixed|51|MOR,2026-06-03T15:04:30,S_mixed_seed51,S,mixed,51,50051,50051,1.0,MOR,solved,,0.008689,70.639789,70.639789,178.425528,127.132820,0.416067,8.559042,8.559042,0.000008,true,4,objective equals makespan; due-date/tardiness fields are not available in this instance format
main|S|mixed|48|MOEA-NSGA2,2026-06-03T15:04:31,S_mixed_seed48,S,mixed,48,50048,50048,1.0,MOEA-NSGA2,solved,,3.018959,52.485163,52.485163,135.562724,77.631193,0.364134,7.593790,7.593790,1.004410,true,4,objective equals makespan; due-date/tardiness fields are not available in this instance format
main|S|mixed|49|GA,2026-06-03T15:04:31,S_mixed_seed49,S,mixed,49,50049,50049,1.0,GA,solved,,3.024579,57.765143,57.765143,174.860572,100.480786,0.364932,7.905622,7.905622,1.004684,true,4,objective equals makespan; due-date/tardiness fields are not available in this instance format
main|S|mixed|49|LNS,2026-06-03T15:04:31,S_mixed_seed49,S,mixed,49,50049,50049,1.0,LNS,solved,,3.026679,58.426381,58.426381,167.590203,91.924447,0.354217,6.702887,6.702887,1.006620,true,4,objective equals makespan; due-date/tardiness fields are not available in this instance format
main|S|mixed|49|SA,2026-06-03T15:04:32,S_mixed_seed49,S,mixed,49,50049,50049,1.0,SA,solved,,2.011935,69.995937,69.995937,205.992729,113.365675,0.354979,9.224214,9.224214,1.001117,true,4,objective equals makespan; due-date/tardiness fields are not available in this instance format
main|S|mixed|50|DCGA,2026-06-03T15:04:32,S_mixed_seed50,S,mixed,50,50050,50050,1.0,DCGA,solved,,2.015651,41.620697,41.620697,129.930451,91.371514,0.412882,8.875527,8.875527,1.005519,true,4,objective equals makespan; due-date/tardiness fields are not available in this instance format
main|S|mixed|50|MOEA-NSGA2,2026-06-03T15:04:32,S_mixed_seed50,S,mixed,50,50050,50050,1.0,MOEA-NSGA2,solved,,2.017158,45.556220,45.556220,135.252927,91.371514,0.403185,9.905067,9.905067,1.006808,true,4,objective equals makespan; due-date/tardiness fields are not available in this instance format
main|M|breakdown|42|B-CORE,2026-06-03T15:04:32,M_breakdown_seed42,M,breakdown,42,30042,30042,1.0,B-CORE,solved,,0.050724,77.843280,77.843280,396.451304,233.797166,0.370960,11.600384,11.600384,0.000305,true,4,objective equals makespan; due-date/tardiness fields are not available in this instance format
main|S|mixed|49|DCGA,2026-06-03T15:04:32,S_mixed_seed49,S,mixed,49,50049,50049,1.0,DCGA,solved,,3.024607,59.580109,59.580109,169.031431,78.442582,0.316973,7.006833,7.006833,1.004996,true,4,objective equals makespan; due-date/tardiness fields are not available in this instance format
main|M|breakdown|42|B-CORE-no-graph,2026-06-03T15:04:32,M_breakdown_seed42,M,breakdown,42,30042,30042,1.0,B-CORE-no-graph,solved,,0.052952,77.843280,77.843280,396.451304,233.797166,0.370960,11.600384,11.600384,0.000305,true,4,objective equals makespan; due-date/tardiness fields are not available in this instance format
main|M|breakdown|42|B-CORE-no-bottleneck,2026-06-03T15:04:32,M_breakdown_seed42,M,breakdown,42,30042,30042,1.0,B-CORE-no-bottleneck,solved,,0.054829,85.950757,85.950757,416.271654,322.726167,0.436708,13.905481,13.905481,0.000317,true,4,objective equals makespan; due-date/tardiness fields are not available in this instance format
main|M|breakdown|42|MachineRank,2026-06-03T15:04:32,M_breakdown_seed42,M,breakdown,42,30042,30042,1.0,MachineRank,solved,,0.031421,86.655486,86.655486,412.506817,317.333520,0.434799,14.210822,14.210822,0.000095,true,4,objective equals makespan; due-date/tardiness fields are not available in this instance format
main|M|breakdown|42|B-CORE-no-qp,2026-06-03T15:04:32,M_breakdown_seed42,M,breakdown,42,30042,30042,1.0,B-CORE-no-qp,solved,,0.051907,82.459670,82.459670,396.451304,242.906438,0.379923,11.862204,11.862204,0.000311,true,4,objective equals makespan; due-date/tardiness fields are not available in this instance format
main|M|breakdown|42|B-CORE-no-transport,2026-06-03T15:04:32,M_breakdown_seed42,M,breakdown,42,30042,30042,1.0,B-CORE-no-transport,solved,,0.052958,79.264667,79.264667,423.939753,308.888725,0.421502,15.134537,15.134537,0.000309,true,4,objective equals makespan; due-date/tardiness fields are not available in this instance format
main|M|breakdown|42|MOR,2026-06-03T15:04:32,M_breakdown_seed42,M,breakdown,42,30042,30042,1.0,MOR,solved,,0.025386,99.192063,99.192063,419.506302,301.364500,0.418056,11.001015,11.001015,0.000009,true,4,objective equals makespan; due-date/tardiness fields are not available in this instance format
main|S|mixed|49|MOEA-NSGA2,2026-06-03T15:04:33,S_mixed_seed49,S,mixed,49,50049,50049,1.0,MOEA-NSGA2,solved,,3.024433,61.999769,61.999769,176.040912,118.512461,0.402346,7.964685,7.964685,1.006599,true,4,objective equals makespan; due-date/tardiness fields are not available in this instance format
main|S|mixed|50|LNS,2026-06-03T15:04:33,S_mixed_seed50,S,mixed,50,50050,50050,1.0,LNS,solved,,3.015017,39.994075,39.994075,127.229543,75.708811,0.373063,7.735735,7.735735,1.002647,true,4,objective equals makespan; due-date/tardiness fields are not available in this instance format
main|S|mixed|50|GA,2026-06-03T15:04:33,S_mixed_seed50,S,mixed,50,50050,50050,1.0,GA,solved,,3.013743,40.656231,40.656231,135.480951,78.670606,0.367359,8.042195,8.042195,1.003169,true,4,objective equals makespan; due-date/tardiness fields are not available in this instance format
main|S|mixed|50|SA,2026-06-03T15:04:33,S_mixed_seed50,S,mixed,50,50050,50050,1.0,SA,solved,,3.014977,45.210867,45.210867,134.300611,106.922014,0.443250,9.379467,9.379467,1.002844,true,4,objective equals makespan; due-date/tardiness fields are not available in this instance format
main|M|breakdown|43|B-CORE,2026-06-03T15:04:33,M_breakdown_seed43,M,breakdown,43,30043,30043,1.0,B-CORE,solved,,0.054796,89.799928,89.799928,421.146068,262.882413,0.384315,11.452267,11.452267,0.000331,true,4,objective equals makespan; due-date/tardiness fields are not available in this instance format
main|M|breakdown|43|B-CORE-no-graph,2026-06-03T15:04:33,M_breakdown_seed43,M,breakdown,43,30043,30043,1.0,B-CORE-no-graph,solved,,0.056265,89.799928,89.799928,421.146068,262.882413,0.384315,11.452267,11.452267,0.000338,true,4,objective equals makespan; due-date/tardiness fields are not available in this instance format
main|M|breakdown|43|B-CORE-no-bottleneck,2026-06-03T15:04:33,M_breakdown_seed43,M,breakdown,43,30043,30043,1.0,B-CORE-no-bottleneck,solved,,0.055278,77.279019,77.279019,404.900001,298.741651,0.424565,13.467498,13.467498,0.000340,true,4,objective equals makespan; due-date/tardiness fields are not available in this instance format
main|M|breakdown|43|B-CORE-no-qp,2026-06-03T15:04:33,M_breakdown_seed43,M,breakdown,43,30043,30043,1.0,B-CORE-no-qp,solved,,0.057778,89.799928,89.799928,421.146068,262.882413,0.384315,11.452267,11.452267,0.000355,true,4,objective equals makespan; due-date/tardiness fields are not available in this instance format
main|M|breakdown|43|MachineRank,2026-06-03T15:04:33,M_breakdown_seed43,M,breakdown,43,30043,30043,1.0,MachineRank,solved,,0.034261,104.525282,104.525282,462.518148,331.626774,0.417590,13.223464,13.223464,0.000147,true,4,objective equals makespan; due-date/tardiness fields are not available in this instance format
main|M|breakdown|43|B-CORE-no-transport,2026-06-03T15:04:33,M_breakdown_seed43,M,breakdown,43,30043,30043,1.0,B-CORE-no-transport,solved,,0.057561,86.845024,86.845024,458.900676,345.203644,0.429302,14.760307,14.760307,0.000354,true,4,objective equals makespan; due-date/tardiness fields are not available in this instance format
main|M|breakdown|43|MOR,2026-06-03T15:04:33,M_breakdown_seed43,M,breakdown,43,30043,30043,1.0,MOR,solved,,0.026846,99.273012,99.273012,381.119518,281.112125,0.424492,10.052893,10.052893,0.000013,true,4,objective equals makespan; due-date/tardiness fields are not available in this instance format
main|S|mixed|51|LNS,2026-06-03T15:04:33,S_mixed_seed51,S,mixed,51,50051,50051,1.0,LNS,solved,,3.019745,55.715002,55.715002,170.496596,101.601971,0.373401,7.546049,7.546049,1.003026,true,4,objective equals makespan; due-date/tardiness fields are not available in this instance format
main|S|mixed|51|GA,2026-06-03T15:04:34,S_mixed_seed51,S,mixed,51,50051,50051,1.0,GA,solved,,3.021300,60.051444,60.051444,176.159300,123.975863,0.413067,8.536135,8.536135,1.004112,true,4,objective equals makespan; due-date/tardiness fields are not available in this instance format
main|S|mixed|51|SA,2026-06-03T15:04:34,S_mixed_seed51,S,mixed,51,50051,50051,1.0,SA,solved,,3.015081,59.393789,59.393789,168.197504,139.134009,0.452716,8.651631,8.651631,1.002254,true,4,objective equals makespan; due-date/tardiness fields are not available in this instance format
main|S|mixed|51|DCGA,2026-06-03T15:04:34,S_mixed_seed51,S,mixed,51,50051,50051,1.0,DCGA,solved,,3.016451,56.045436,56.045436,176.551654,102.314903,0.366896,8.176319,8.176319,1.002667,true,4,objective equals makespan; due-date/tardiness fields are not available in this instance format
main|M|breakdown|44|B-CORE,2026-06-03T15:04:34,M_breakdown_seed44,M,breakdown,44,30044,30044,1.0,B-CORE,solved,,0.051645,76.477507,76.477507,356.207162,209.555952,0.370395,10.380722,10.380722,0.000337,true,4,objective equals makespan; due-date/tardiness fields are not available in this instance format
main|M|breakdown|44|B-CORE-no-graph,2026-06-03T15:04:34,M_breakdown_seed44,M,breakdown,44,30044,30044,1.0,B-CORE-no-graph,solved,,0.052394,76.477507,76.477507,356.207162,209.555952,0.370395,10.380722,10.380722,0.000323,true,4,objective equals makespan; due-date/tardiness fields are not available in this instance format
main|M|breakdown|44|B-CORE-no-bottleneck,2026-06-03T15:04:34,M_breakdown_seed44,M,breakdown,44,30044,30044,1.0,B-CORE-no-bottleneck,solved,,0.054046,74.313041,74.313041,397.756454,236.936283,0.373309,10.964082,10.964082,0.000313,true,4,objective equals makespan; due-date/tardiness fields are not available in this instance format
main|M|breakdown|44|B-CORE-no-qp,2026-06-03T15:04:34,M_breakdown_seed44,M,breakdown,44,30044,30044,1.0,B-CORE-no-qp,solved,,0.050607,76.413959,76.413959,347.922891,227.195272,0.395041,10.645141,10.645141,0.000318,true,4,objective equals makespan; due-date/tardiness fields are not available in this instance format
main|M|breakdown|44|B-CORE-no-transport,2026-06-03T15:04:34,M_breakdown_seed44,M,breakdown,44,30044,30044,1.0,B-CORE-no-transport,solved,,0.052248,85.013456,85.013456,411.156768,297.780535,0.420038,12.582079,12.582079,0.000322,true,4,objective equals makespan; due-date/tardiness fields are not available in this instance format
main|M|breakdown|44|MachineRank,2026-06-03T15:04:34,M_breakdown_seed44,M,breakdown,44,30044,30044,1.0,MachineRank,solved,,0.030977,91.939054,91.939054,399.379230,300.387772,0.429268,12.695270,12.695270,0.000100,true,4,objective equals makespan; due-date/tardiness fields are not available in this instance format
main|M|breakdown|44|MOR,2026-06-03T15:04:34,M_breakdown_seed44,M,breakdown,44,30044,30044,1.0,MOR,solved,,0.025016,106.363740,106.363740,365.242733,275.661601,0.430113,9.367082,9.367082,0.000012,true,4,objective equals makespan; due-date/tardiness fields are not available in this instance format
main|S|mixed|51|MOEA-NSGA2,2026-06-03T15:04:35,S_mixed_seed51,S,mixed,51,50051,50051,1.0,MOEA-NSGA2,solved,,3.018684,55.664539,55.664539,145.174121,118.346024,0.449097,7.772090,7.772090,1.003269,true,4,objective equals makespan; due-date/tardiness fields are not available in this instance format
main|M|breakdown|42|GA,2026-06-03T15:04:35,M_breakdown_seed42,M,breakdown,42,30042,30042,1.0,GA,solved,,3.051898,84.689731,84.689731,430.844166,291.076565,0.403197,11.742272,11.742272,1.011023,true,4,objective equals makespan; due-date/tardiness fields are not available in this instance format
main|M|breakdown|42|LNS,2026-06-03T15:04:36,M_breakdown_seed42,M,breakdown,42,30042,30042,1.0,LNS,solved,,4.067558,85.692063,85.692063,393.177277,231.669431,0.370762,9.888182,9.888182,1.009878,true,4,objective equals makespan; due-date/tardiness fields are not available in this instance format
main|M|breakdown|43|LNS,2026-06-03T15:04:36,M_breakdown_seed43,M,breakdown,43,30043,30043,1.0,LNS,solved,,3.054028,94.006721,94.006721,426.328017,320.644842,0.429259,12.148084,12.148084,1.013042,true,4,objective equals makespan; due-date/tardiness fields are not available in this instance format
main|M|breakdown|42|DCGA,2026-06-03T15:04:36,M_breakdown_seed42,M,breakdown,42,30042,30042,1.0,DCGA,solved,,4.062446,87.037148,87.037148,410.510840,323.265403,0.440550,13.161478,13.161478,1.010884,true,4,objective equals makespan; due-date/tardiness fields are not available in this instance format
main|M|breakdown|43|GA,2026-06-03T15:04:36,M_breakdown_seed43,M,breakdown,43,30043,30043,1.0,GA,solved,,3.058002,84.844384,84.844384,386.168757,271.607289,0.412918,9.862447,9.862447,1.009593,true,4,objective equals makespan; due-date/tardiness fields are not available in this instance format
main|M|breakdown|45|B-CORE,2026-06-03T15:04:36,M_breakdown_seed45,M,breakdown,45,30045,30045,1.0,B-CORE,solved,,0.037179,70.391156,70.391156,325.048097,199.223139,0.380000,9.448444,9.448444,0.000205,true,4,objective equals makespan; due-date/tardiness fields are not available in this instance format
main|M|breakdown|43|DCGA,2026-06-03T15:04:36,M_breakdown_seed43,M,breakdown,43,30043,30043,1.0,DCGA,solved,,3.058263,95.682305,95.682305,423.622970,320.628149,0.430806,12.570280,12.570280,1.011478,true,4,objective equals makespan; due-date/tardiness fields are not available in this instance format
main|M|breakdown|45|B-CORE-no-graph,2026-06-03T15:04:36,M_breakdown_seed45,M,breakdown,45,30045,30045,1.0,B-CORE-no-graph,solved,,0.043198,70.391156,70.391156,325.048097,199.223139,0.380000,9.448444,9.448444,0.000306,true,4,objective equals makespan; due-date/tardiness fields are not available in this instance format
main|M|breakdown|45|B-CORE-no-bottleneck,2026-06-03T15:04:36,M_breakdown_seed45,M,breakdown,45,30045,30045,1.0,B-CORE-no-bottleneck,solved,,0.040686,77.003446,77.003446,346.261300,262.757131,0.431444,11.216873,11.216873,0.000326,true,4,objective equals makespan; due-date/tardiness fields are not available in this instance format
main|M|breakdown|45|B-CORE-no-qp,2026-06-03T15:04:36,M_breakdown_seed45,M,breakdown,45,30045,30045,1.0,B-CORE-no-qp,solved,,0.043261,71.781326,71.781326,336.228437,199.223139,0.372066,9.346911,9.346911,0.000232,true,4,objective equals makespan; due-date/tardiness fields are not available in this instance format
main|M|breakdown|45|B-CORE-no-transport,2026-06-03T15:04:36,M_breakdown_seed45,M,breakdown,45,30045,30045,1.0,B-CORE-no-transport,solved,,0.043120,85.110048,85.110048,372.075122,286.093917,0.434682,13.427726,13.427726,0.000219,true,4,objective equals makespan; due-date/tardiness fields are not available in this instance format
main|M|breakdown|45|MachineRank,2026-06-03T15:04:36,M_breakdown_seed45,M,breakdown,45,30045,30045,1.0,MachineRank,solved,,0.021385,85.116127,85.116127,357.709335,285.163753,0.443577,11.533084,11.533084,0.000052,true,4,objective equals makespan; due-date/tardiness fields are not available in this instance format
main|M|breakdown|45|MOR,2026-06-03T15:04:36,M_breakdown_seed45,M,breakdown,45,30045,30045,1.0,MOR,solved,,0.023217,100.880109,100.880109,375.969256,298.737845,0.442767,9.664721,9.664721,0.000009,true,4,objective equals makespan; due-date/tardiness fields are not available in this instance format
main|M|breakdown|43|SA,2026-06-03T15:04:37,M_breakdown_seed43,M,breakdown,43,30043,30043,1.0,SA,solved,,3.076376,96.256000,96.256000,465.186317,335.000797,0.418653,12.966360,12.966360,1.015456,true,4,objective equals makespan; due-date/tardiness fields are not available in this instance format
main|M|breakdown|43|MOEA-NSGA2,2026-06-03T15:04:37,M_breakdown_seed43,M,breakdown,43,30043,30043,1.0,MOEA-NSGA2,solved,,3.052925,85.166719,85.166719,413.059641,272.318701,0.397326,10.035727,10.035727,1.011354,true,4,objective equals makespan; due-date/tardiness fields are not available in this instance format
main|M|breakdown|42|SA,2026-06-03T15:04:37,M_breakdown_seed42,M,breakdown,42,30042,30042,1.0,SA,solved,,4.068252,93.057059,93.057059,464.681041,354.395349,0.432677,15.444027,15.444027,1.010558,true,4,objective equals makespan; due-date/tardiness fields are not available in this instance format
main|M|breakdown|42|MOEA-NSGA2,2026-06-03T15:04:37,M_breakdown_seed42,M,breakdown,42,30042,30042,1.0,MOEA-NSGA2,solved,,4.061174,86.664626,86.664626,423.887238,317.790450,0.428475,14.214454,14.214454,1.009031,true,4,objective equals makespan; due-date/tardiness fields are not available in this instance format
main|M|breakdown|46|B-CORE,2026-06-03T15:04:37,M_breakdown_seed46,M,breakdown,46,30046,30046,1.0,B-CORE,solved,,0.050757,80.546750,80.546750,392.057770,176.801064,0.310800,9.832334,9.832334,0.000331,true,4,objective equals makespan; due-date/tardiness fields are not available in this instance format
main|M|breakdown|46|B-CORE-no-graph,2026-06-03T15:04:37,M_breakdown_seed46,M,breakdown,46,30046,30046,1.0,B-CORE-no-graph,solved,,0.050130,80.546750,80.546750,392.057770,176.801064,0.310800,9.832334,9.832334,0.000349,true,4,objective equals makespan; due-date/tardiness fields are not available in this instance format
main|M|breakdown|46|B-CORE-no-bottleneck,2026-06-03T15:04:37,M_breakdown_seed46,M,breakdown,46,30046,30046,1.0,B-CORE-no-bottleneck,solved,,0.052949,90.086281,90.086281,432.183478,281.315369,0.394276,13.217175,13.217175,0.000338,true,4,objective equals makespan; due-date/tardiness fields are not available in this instance format
main|M|breakdown|46|B-CORE-no-qp,2026-06-03T15:04:37,M_breakdown_seed46,M,breakdown,46,30046,30046,1.0,B-CORE-no-qp,solved,,0.050260,82.390598,82.390598,365.989633,203.839268,0.357720,10.275729,10.275729,0.000372,true,4,objective equals makespan; due-date/tardiness fields are not available in this instance format
main|M|breakdown|46|B-CORE-no-transport,2026-06-03T15:04:37,M_breakdown_seed46,M,breakdown,46,30046,30046,1.0,B-CORE-no-transport,solved,,0.050882,96.187369,96.187369,465.693541,376.398874,0.446980,17.002295,17.002295,0.000330,true,4,objective equals makespan; due-date/tardiness fields are not available in this instance format
main|M|breakdown|46|MachineRank,2026-06-03T15:04:37,M_breakdown_seed46,M,breakdown,46,30046,30046,1.0,MachineRank,solved,,0.029822,101.718297,101.718297,423.719691,323.608603,0.433021,13.628839,13.628839,0.000077,true,4,objective equals makespan; due-date/tardiness fields are not available in this instance format
main|M|breakdown|46|MOR,2026-06-03T15:04:37,M_breakdown_seed46,M,breakdown,46,30046,30046,1.0,MOR,solved,,0.023108,94.580759,94.580759,337.577455,271.377165,0.445644,8.533852,8.533852,0.000011,true,4,objective equals makespan; due-date/tardiness fields are not available in this instance format
main|M|breakdown|44|LNS,2026-06-03T15:04:38,M_breakdown_seed44,M,breakdown,44,30044,30044,1.0,LNS,solved,,4.070430,97.449842,97.449842,392.688474,316.400894,0.446207,11.463030,11.463030,1.010760,true,4,objective equals makespan; due-date/tardiness fields are not available in this instance format
main|M|breakdown|44|GA,2026-06-03T15:04:39,M_breakdown_seed44,M,breakdown,44,30044,30044,1.0,GA,solved,,4.044983,90.162274,90.162274,442.186278,325.494742,0.423997,12.016682,12.016682,1.005531,true,4,objective equals makespan; due-date/tardiness fields are not available in this instance format
main|M|breakdown|44|DCGA,2026-06-03T15:04:39,M_breakdown_seed44,M,breakdown,44,30044,30044,1.0,DCGA,solved,,4.044017,88.053711,88.053711,385.624433,297.030734,0.435111,11.334552,11.334552,1.005072,true,4,objective equals makespan; due-date/tardiness fields are not available in this instance format
main|M|breakdown|45|LNS,2026-06-03T15:04:39,M_breakdown_seed45,M,breakdown,45,30045,30045,1.0,LNS,solved,,3.053472,79.374828,79.374828,385.326529,270.124250,0.412120,12.202842,12.202842,1.008723,true,4,objective equals makespan; due-date/tardiness fields are not available in this instance format
main|M|breakdown|45|DCGA,2026-06-03T15:04:39,M_breakdown_seed45,M,breakdown,45,30045,30045,1.0,DCGA,solved,,3.050646,67.682248,67.682248,325.609322,256.062043,0.440218,10.892947,10.892947,1.012272,true,4,objective equals makespan; due-date/tardiness fields are not available in this instance format
main|M|breakdown|47|B-CORE,2026-06-03T15:04:39,M_breakdown_seed47,M,breakdown,47,30047,30047,1.0,B-CORE,solved,,0.053137,85.410680,85.410680,434.383880,266.494067,0.380229,12.144693,12.144693,0.000301,true,4,objective equals makespan; due-date/tardiness fields are not available in this instance format
main|M|breakdown|47|B-CORE-no-graph,2026-06-03T15:04:39,M_breakdown_seed47,M,breakdown,47,30047,30047,1.0,B-CORE-no-graph,solved,,0.053978,85.410680,85.410680,434.383880,266.494067,0.380229,12.144693,12.144693,0.000332,true,4,objective equals makespan; due-date/tardiness fields are not available in this instance format
main|M|breakdown|47|B-CORE-no-bottleneck,2026-06-03T15:04:39,M_breakdown_seed47,M,breakdown,47,30047,30047,1.0,B-CORE-no-bottleneck,solved,,0.054625,88.171817,88.171817,430.241744,297.694485,0.408957,13.611810,13.611810,0.000393,true,4,objective equals makespan; due-date/tardiness fields are not available in this instance format
main|M|breakdown|47|B-CORE-no-qp,2026-06-03T15:04:39,M_breakdown_seed47,M,breakdown,47,30047,30047,1.0,B-CORE-no-qp,solved,,0.055083,85.275146,85.275146,437.312812,266.494067,0.378647,12.177237,12.177237,0.000349,true,4,objective equals makespan; due-date/tardiness fields are not available in this instance format
main|M|breakdown|47|MachineRank,2026-06-03T15:04:40,M_breakdown_seed47,M,breakdown,47,30047,30047,1.0,MachineRank,solved,,0.033044,105.487978,105.487978,461.462705,348.547015,0.430300,15.143635,15.143635,0.000015,true,4,objective equals makespan; due-date/tardiness fields are not available in this instance format
main|M|breakdown|47|B-CORE-no-transport,2026-06-03T15:04:40,M_breakdown_seed47,M,breakdown,47,30047,30047,1.0,B-CORE-no-transport,solved,,0.054865,99.047534,99.047534,495.666303,343.992787,0.409681,16.615769,16.615769,0.000332,true,4,objective equals makespan; due-date/tardiness fields are not available in this instance format
main|M|breakdown|47|MOR,2026-06-03T15:04:40,M_breakdown_seed47,M,breakdown,47,30047,30047,1.0,MOR,solved,,0.024236,98.016504,98.016504,364.488524,264.410008,0.420433,10.305058,10.305058,0.000011,true,4,objective equals makespan; due-date/tardiness fields are not available in this instance format
main|M|breakdown|45|SA,2026-06-03T15:04:40,M_breakdown_seed45,M,breakdown,45,30045,30045,1.0,SA,solved,,3.051930,72.111461,72.111461,350.861918,247.433391,0.413564,11.420702,11.420702,1.013102,true,4,objective equals makespan; due-date/tardiness fields are not available in this instance format
main|M|breakdown|45|MOEA-NSGA2,2026-06-03T15:04:40,M_breakdown_seed45,M,breakdown,45,30045,30045,1.0,MOEA-NSGA2,solved,,3.054114,74.477499,74.477499,328.095284,267.976864,0.449571,10.593816,10.593816,1.013277,true,4,objective equals makespan; due-date/tardiness fields are not available in this instance format
main|M|breakdown|46|LNS,2026-06-03T15:04:40,M_breakdown_seed46,M,breakdown,46,30046,30046,1.0,LNS,solved,,3.066397,87.252022,87.252022,403.075328,238.761782,0.371997,10.526096,10.526096,1.014697,true,4,objective equals makespan; due-date/tardiness fields are not available in this instance format
main|M|breakdown|46|GA,2026-06-03T15:04:40,M_breakdown_seed46,M,breakdown,46,30046,30046,1.0,GA,solved,,3.060895,82.140743,82.140743,362.235120,287.704616,0.442664,9.173391,9.173391,1.018424,true,4,objective equals makespan; due-date/tardiness fields are not available in this instance format
main|M|breakdown|44|SA,2026-06-03T15:04:40,M_breakdown_seed44,M,breakdown,44,30044,30044,1.0,SA,solved,,4.075843,93.357050,93.357050,402.736778,334.854586,0.453984,11.576137,11.576137,1.012628,true,4,objective equals makespan; due-date/tardiness fields are not available in this instance format
main|M|breakdown|44|MOEA-NSGA2,2026-06-03T15:04:40,M_breakdown_seed44,M,breakdown,44,30044,30044,1.0,MOEA-NSGA2,solved,,4.066642,88.020201,88.020201,377.029785,274.135065,0.420992,11.188276,11.188276,1.010123,true,4,objective equals makespan; due-date/tardiness fields are not available in this instance format
main|M|breakdown|48|B-CORE,2026-06-03T15:04:40,M_breakdown_seed48,M,breakdown,48,30048,30048,1.0,B-CORE,solved,,0.047537,70.001631,70.001631,362.149470,226.647513,0.384933,9.921367,9.921367,0.000342,true,4,objective equals makespan; due-date/tardiness fields are not available in this instance format
main|M|breakdown|48|B-CORE-no-graph,2026-06-03T15:04:40,M_breakdown_seed48,M,breakdown,48,30048,30048,1.0,B-CORE-no-graph,solved,,0.042352,70.001631,70.001631,362.149470,226.647513,0.384933,9.921367,9.921367,0.000313,true,4,objective equals makespan; due-date/tardiness fields are not available in this instance format
main|M|breakdown|48|B-CORE-no-bottleneck,2026-06-03T15:04:40,M_breakdown_seed48,M,breakdown,48,30048,30048,1.0,B-CORE-no-bottleneck,solved,,0.047892,73.915643,73.915643,354.630111,300.679712,0.458836,12.325425,12.325425,0.000355,true,4,objective equals makespan; due-date/tardiness fields are not available in this instance format
main|M|breakdown|48|B-CORE-no-qp,2026-06-03T15:04:40,M_breakdown_seed48,M,breakdown,48,30048,30048,1.0,B-CORE-no-qp,solved,,0.042059,71.125339,71.125339,366.054576,237.926677,0.393931,11.611442,11.611442,0.000334,true,4,objective equals makespan; due-date/tardiness fields are not available in this instance format
main|M|breakdown|48|MachineRank,2026-06-03T15:04:40,M_breakdown_seed48,M,breakdown,48,30048,30048,1.0,MachineRank,solved,,0.026859,100.888572,100.888572,394.967448,295.487810,0.427961,11.231610,11.231610,0.000027,true,4,objective equals makespan; due-date/tardiness fields are not available in this instance format
main|M|breakdown|48|MOR,2026-06-03T15:04:40,M_breakdown_seed48,M,breakdown,48,30048,30048,1.0,MOR,solved,,0.020730,90.652626,90.652626,399.152048,274.858505,0.407796,10.316003,10.316003,0.000014,true,4,objective equals makespan; due-date/tardiness fields are not available in this instance format
main|M|breakdown|48|B-CORE-no-transport,2026-06-03T15:04:40,M_breakdown_seed48,M,breakdown,48,30048,30048,1.0,B-CORE-no-transport,solved,,0.048386,73.711216,73.711216,385.522321,271.315244,0.413063,13.442928,13.442928,0.000335,true,4,objective equals makespan; due-date/tardiness fields are not available in this instance format
main|M|breakdown|45|GA,2026-06-03T15:04:40,M_breakdown_seed45,M,breakdown,45,30045,30045,1.0,GA,solved,,4.069991,79.061357,79.061357,366.291143,254.301102,0.409772,11.029904,11.029904,1.014694,true,4,objective equals makespan; due-date/tardiness fields are not available in this instance format
main|M|breakdown|46|DCGA,2026-06-03T15:04:41,M_breakdown_seed46,M,breakdown,46,30046,30046,1.0,DCGA,solved,,3.073591,80.523521,80.523521,352.167540,270.339651,0.434276,9.368400,9.368400,1.014548,true,4,objective equals makespan; due-date/tardiness fields are not available in this instance format
main|M|breakdown|47|GA,2026-06-03T15:04:42,M_breakdown_seed47,M,breakdown,47,30047,30047,1.0,GA,solved,,2.060469,93.270378,93.270378,425.578053,354.903583,0.454724,12.568582,12.568582,1.020513,true,4,objective equals makespan; due-date/tardiness fields are not available in this instance format
main|M|breakdown|49|B-CORE,2026-06-03T15:04:42,M_breakdown_seed49,M,breakdown,49,30049,30049,1.0,B-CORE,solved,,0.046613,71.781326,71.781326,351.093569,232.982598,0.398891,10.820031,10.820031,0.000272,true,4,objective equals makespan; due-date/tardiness fields are not available in this instance format
main|M|breakdown|49|B-CORE-no-graph,2026-06-03T15:04:42,M_breakdown_seed49,M,breakdown,49,30049,30049,1.0,B-CORE-no-graph,solved,,0.047237,71.781326,71.781326,351.093569,232.982598,0.398891,10.820031,10.820031,0.000271,true,4,objective equals makespan; due-date/tardiness fields are not available in this instance format
main|M|breakdown|49|B-CORE-no-bottleneck,2026-06-03T15:04:42,M_breakdown_seed49,M,breakdown,49,30049,30049,1.0,B-CORE-no-bottleneck,solved,,0.048283,81.904397,81.904397,423.506239,324.779896,0.434032,15.247010,15.247010,0.000301,true,4,objective equals makespan; due-date/tardiness fields are not available in this instance format
main|M|breakdown|49|B-CORE-no-qp,2026-06-03T15:04:42,M_breakdown_seed49,M,breakdown,49,30049,30049,1.0,B-CORE-no-qp,solved,,0.047875,71.781326,71.781326,354.913230,232.982598,0.396299,10.870289,10.870289,0.000287,true,4,objective equals makespan; due-date/tardiness fields are not available in this instance format
main|M|breakdown|49|B-CORE-no-transport,2026-06-03T15:04:42,M_breakdown_seed49,M,breakdown,49,30049,30049,1.0,B-CORE-no-transport,solved,,0.047569,92.112234,92.112234,440.699701,371.489694,0.457393,16.891736,16.891736,0.000326,true,4,objective equals makespan; due-date/tardiness fields are not available in this instance format
main|M|breakdown|49|MachineRank,2026-06-03T15:04:42,M_breakdown_seed49,M,breakdown,49,30049,30049,1.0,MachineRank,solved,,0.028473,97.955197,97.955197,404.853016,295.471857,0.421907,13.506991,13.506991,0.000056,true,4,objective equals makespan; due-date/tardiness fields are not available in this instance format
main|M|breakdown|49|MOR,2026-06-03T15:04:42,M_breakdown_seed49,M,breakdown,49,30049,30049,1.0,MOR,solved,,0.022644,90.116561,90.116561,395.025232,293.064416,0.425910,10.102657,10.102657,0.000010,true,4,objective equals makespan; due-date/tardiness fields are not available in this instance format
main|M|breakdown|47|LNS,2026-06-03T15:04:43,M_breakdown_seed47,M,breakdown,47,30047,30047,1.0,LNS,solved,,3.066037,85.178112,85.178112,435.241744,277.747671,0.389554,12.306641,12.306641,1.017301,true,4,objective equals makespan; due-date/tardiness fields are not available in this instance format
main|M|breakdown|47|DCGA,2026-06-03T15:04:43,M_breakdown_seed47,M,breakdown,47,30047,30047,1.0,DCGA,solved,,3.061457,86.042265,86.042265,433.252963,307.103229,0.414805,12.854720,12.854720,1.011990,true,4,objective equals makespan; due-date/tardiness fields are not available in this instance format
main|M|breakdown|46|SA,2026-06-03T15:04:43,M_breakdown_seed46,M,breakdown,46,30046,30046,1.0,SA,solved,,4.079045,105.269336,105.269336,496.746166,331.726353,0.400407,13.859831,13.859831,1.015258,true,4,objective equals makespan; due-date/tardiness fields are not available in this instance format
main|M|breakdown|47|SA,2026-06-03T15:04:43,M_breakdown_seed47,M,breakdown,47,30047,30047,1.0,SA,solved,,3.076776,96.689142,96.689142,468.079498,305.124617,0.394624,14.669822,14.669822,1.016920,true,4,objective equals makespan; due-date/tardiness fields are not available in this instance format
main|M|breakdown|46|MOEA-NSGA2,2026-06-03T15:04:43,M_breakdown_seed46,M,breakdown,46,30046,30046,1.0,MOEA-NSGA2,solved,,4.070468,75.528566,75.528566,349.474524,227.672141,0.394479,9.047986,9.047986,1.014070,true,4,objective equals makespan; due-date/tardiness fields are not available in this instance format
main|M|breakdown|47|MOEA-NSGA2,2026-06-03T15:04:43,M_breakdown_seed47,M,breakdown,47,30047,30047,1.0,MOEA-NSGA2,solved,,3.061329,86.608422,86.608422,414.533553,289.089637,0.410859,12.383243,12.383243,1.010660,true,4,objective equals makespan; due-date/tardiness fields are not available in this instance format
main|M|breakdown|50|B-CORE,2026-06-03T15:04:43,M_breakdown_seed50,M,breakdown,50,30050,30050,1.0,B-CORE,solved,,0.050607,75.302852,75.302852,334.964426,248.211862,0.425621,10.121837,10.121837,0.000313,true,3,objective equals makespan; due-date/tardiness fields are not available in this instance format
main|M|breakdown|50|B-CORE-no-graph,2026-06-03T15:04:43,M_breakdown_seed50,M,breakdown,50,30050,30050,1.0,B-CORE-no-graph,solved,,0.049979,75.302852,75.302852,334.964426,248.211862,0.425621,10.121837,10.121837,0.000314,true,3,objective equals makespan; due-date/tardiness fields are not available in this instance format
main|M|breakdown|48|LNS,2026-06-03T15:04:43,M_breakdown_seed48,M,breakdown,48,30048,30048,1.0,LNS,solved,,3.051862,90.825075,90.825075,433.836747,335.901424,0.436384,14.930849,14.930849,1.010343,true,4,objective equals makespan; due-date/tardiness fields are not available in this instance format
main|M|breakdown|50|B-CORE-no-qp,2026-06-03T15:04:43,M_breakdown_seed50,M,breakdown,50,30050,30050,1.0,B-CORE-no-qp,solved,,0.049725,75.302852,75.302852,334.964426,248.211862,0.425621,10.121837,10.121837,0.000314,true,3,objective equals makespan; due-date/tardiness fields are not available in this instance format
main|M|breakdown|50|B-CORE-no-bottleneck,2026-06-03T15:04:43,M_breakdown_seed50,M,breakdown,50,30050,30050,1.0,B-CORE-no-bottleneck,solved,,0.053862,82.925282,82.925282,403.151605,304.843807,0.430573,13.012278,13.012278,0.000323,true,3,objective equals makespan; due-date/tardiness fields are not available in this instance format
main|M|breakdown|50|MOR,2026-06-03T15:04:43,M_breakdown_seed50,M,breakdown,50,30050,30050,1.0,MOR,solved,,0.023477,108.583749,108.583749,348.058076,264.499139,0.431795,9.403680,9.403680,0.000009,true,3,objective equals makespan; due-date/tardiness fields are not available in this instance format
main|M|breakdown|50|MachineRank,2026-06-03T15:04:43,M_breakdown_seed50,M,breakdown,50,30050,30050,1.0,MachineRank,solved,,0.029859,99.931326,99.931326,426.971265,295.749425,0.409217,12.697930,12.697930,0.000014,true,3,objective equals makespan; due-date/tardiness fields are not available in this instance format
main|M|breakdown|50|B-CORE-no-transport,2026-06-03T15:04:43,M_breakdown_seed50,M,breakdown,50,30050,30050,1.0,B-CORE-no-transport,solved,,0.052672,96.800223,96.800223,470.017517,399.215466,0.459273,15.600576,15.600576,0.000309,true,4,objective equals makespan; due-date/tardiness fields are not available in this instance format
main|M|breakdown|48|GA,2026-06-03T15:04:44,M_breakdown_seed48,M,breakdown,48,30048,30048,1.0,GA,solved,,4.046938,92.154584,92.154584,405.265602,344.823221,0.459710,11.261092,11.261092,1.006996,true,4,objective equals makespan; due-date/tardiness fields are not available in this instance format
main|M|breakdown|48|MOEA-NSGA2,2026-06-03T15:04:44,M_breakdown_seed48,M,breakdown,48,30048,30048,1.0,MOEA-NSGA2,solved,,3.074748,91.384697,91.384697,422.847250,347.049684,0.450774,12.158507,12.158507,1.017511,true,4,objective equals makespan; due-date/tardiness fields are not available in this instance format
main|M|breakdown|48|DCGA,2026-06-03T15:04:45,M_breakdown_seed48,M,breakdown,48,30048,30048,1.0,DCGA,solved,,5.090397,79.092114,79.092114,394.529714,315.368947,0.444245,13.906137,13.906137,1.015296,true,4,objective equals makespan; due-date/tardiness fields are not available in this instance format
main|M|breakdown|48|SA,2026-06-03T15:04:45,M_breakdown_seed48,M,breakdown,48,30048,30048,1.0,SA,solved,,5.100136,89.417818,89.417818,410.280463,309.669616,0.430127,12.203975,12.203975,1.015766,true,4,objective equals makespan; due-date/tardiness fields are not available in this instance format
main|M|breakdown|51|B-CORE,2026-06-03T15:04:46,M_breakdown_seed51,M,breakdown,51,30051,30051,1.0,B-CORE,solved,,0.043133,80.028844,80.028844,401.219636,251.405434,0.385222,11.874383,11.874383,0.000206,true,4,objective equals makespan; due-date/tardiness fields are not available in this instance format
main|M|breakdown|51|B-CORE-no-graph,2026-06-03T15:04:46,M_breakdown_seed51,M,breakdown,51,30051,30051,1.0,B-CORE-no-graph,solved,,0.047812,80.028844,80.028844,401.219636,251.405434,0.385222,11.874383,11.874383,0.000295,true,4,objective equals makespan; due-date/tardiness fields are not available in this instance format
main|M|breakdown|51|B-CORE-no-bottleneck,2026-06-03T15:04:46,M_breakdown_seed51,M,breakdown,51,30051,30051,1.0,B-CORE-no-bottleneck,solved,,0.046794,78.629872,78.629872,409.591005,256.873210,0.385427,13.954428,13.954428,0.000304,true,4,objective equals makespan; due-date/tardiness fields are not available in this instance format
main|M|breakdown|51|B-CORE-no-qp,2026-06-03T15:04:46,M_breakdown_seed51,M,breakdown,51,30051,30051,1.0,B-CORE-no-qp,solved,,0.043466,69.423180,69.423180,375.976501,250.659773,0.400008,11.648397,11.648397,0.000211,true,4,objective equals makespan; due-date/tardiness fields are not available in this instance format
main|M|breakdown|51|B-CORE-no-transport,2026-06-03T15:04:46,M_breakdown_seed51,M,breakdown,51,30051,30051,1.0,B-CORE-no-transport,solved,,0.046171,82.606752,82.606752,429.544529,332.008157,0.435962,16.305462,16.305462,0.000313,true,4,objective equals makespan; due-date/tardiness fields are not available in this instance format
main|M|breakdown|51|MachineRank,2026-06-03T15:04:46,M_breakdown_seed51,M,breakdown,51,30051,30051,1.0,MachineRank,solved,,0.026811,84.978107,84.978107,417.417854,312.743752,0.428321,13.622320,13.622320,0.000035,true,4,objective equals makespan; due-date/tardiness fields are not available in this instance format
main|M|breakdown|51|MOR,2026-06-03T15:04:46,M_breakdown_seed51,M,breakdown,51,30051,30051,1.0,MOR,solved,,0.022302,92.967609,92.967609,398.062942,285.215417,0.417422,11.319814,11.319814,0.000009,true,4,objective equals makespan; due-date/tardiness fields are not available in this instance format
main|M|breakdown|49|LNS,2026-06-03T15:04:46,M_breakdown_seed49,M,breakdown,49,30049,30049,1.0,LNS,solved,,4.048586,84.844080,84.844080,424.066930,296.900507,0.411808,12.031926,12.031926,1.004202,true,4,objective equals makespan; due-date/tardiness fields are not available in this instance format
main|M|breakdown|50|LNS,2026-06-03T15:04:46,M_breakdown_seed50,M,breakdown,50,30050,30050,1.0,LNS,solved,,3.048361,77.801806,77.801806,381.833885,306.279342,0.445100,11.812653,11.812653,1.007052,true,3,objective equals makespan; due-date/tardiness fields are not available in this instance format
main|M|breakdown|50|DCGA,2026-06-03T15:04:47,M_breakdown_seed50,M,breakdown,50,30050,30050,1.0,DCGA,solved,,3.046031,89.898356,89.898356,422.937318,325.677993,0.435041,12.388744,12.388744,1.010115,true,3,objective equals makespan; due-date/tardiness fields are not available in this instance format
main|M|breakdown|50|GA,2026-06-03T15:04:47,M_breakdown_seed50,M,breakdown,50,30050,30050,1.0,GA,solved,,3.072487,82.097199,82.097199,414.900732,301.517759,0.420868,12.506382,12.506382,1.015261,true,3,objective equals makespan; due-date/tardiness fields are not available in this instance format
main|M|rush_job|42|B-CORE,2026-06-03T15:04:47,M_rush_job_seed42,M,rush_job,42,40042,40042,1.0,B-CORE,solved,,0.049873,89.509742,89.509742,430.136731,234.791584,0.353108,11.130996,11.130996,0.000288,true,4,objective equals makespan; due-date/tardiness fields are not available in this instance format
main|M|rush_job|42|B-CORE-no-graph,2026-06-03T15:04:47,M_rush_job_seed42,M,rush_job,42,40042,40042,1.0,B-CORE-no-graph,solved,,0.051241,89.509742,89.509742,430.136731,234.791584,0.353108,11.130996,11.130996,0.000297,true,4,objective equals makespan; due-date/tardiness fields are not available in this instance format
main|M|breakdown|49|GA,2026-06-03T15:04:47,M_breakdown_seed49,M,breakdown,49,30049,30049,1.0,GA,solved,,4.061375,88.535653,88.535653,466.056734,299.392035,0.391133,12.050482,12.050482,1.011234,true,4,objective equals makespan; due-date/tardiness fields are not available in this instance format
main|M|rush_job|42|B-CORE-no-bottleneck,2026-06-03T15:04:47,M_rush_job_seed42,M,rush_job,42,40042,40042,1.0,B-CORE-no-bottleneck,solved,,0.051223,84.639603,84.639603,429.689428,270.084948,0.385960,13.735439,13.735439,0.000311,true,4,objective equals makespan; due-date/tardiness fields are not available in this instance format
main|M|rush_job|42|B-CORE-no-qp,2026-06-03T15:04:47,M_rush_job_seed42,M,rush_job,42,40042,40042,1.0,B-CORE-no-qp,solved,,0.052493,89.509742,89.509742,421.027459,211.540176,0.334415,11.173891,11.173891,0.000357,true,4,objective equals makespan; due-date/tardiness fields are not available in this instance format
main|M|rush_job|42|B-CORE-no-transport,2026-06-03T15:04:47,M_rush_job_seed42,M,rush_job,42,40042,40042,1.0,B-CORE-no-transport,solved,,0.052662,89.911944,89.911944,471.080041,321.736544,0.405815,15.800007,15.800007,0.000294,true,4,objective equals makespan; due-date/tardiness fields are not available in this instance format
main|M|rush_job|42|MOR,2026-06-03T15:04:47,M_rush_job_seed42,M,rush_job,42,40042,40042,1.0,MOR,solved,,0.024941,102.547344,102.547344,401.142332,307.706903,0.434094,10.542321,10.542321,0.000011,true,4,objective equals makespan; due-date/tardiness fields are not available in this instance format
main|M|rush_job|42|MachineRank,2026-06-03T15:04:47,M_rush_job_seed42,M,rush_job,42,40042,40042,1.0,MachineRank,solved,,0.030807,92.605075,92.605075,458.938639,348.007362,0.431265,14.672050,14.672050,0.000096,true,4,objective equals makespan; due-date/tardiness fields are not available in this instance format
main|M|breakdown|49|DCGA,2026-06-03T15:04:47,M_breakdown_seed49,M,breakdown,49,30049,30049,1.0,DCGA,solved,,4.043131,79.843618,79.843618,429.202936,265.744104,0.382395,11.732550,11.732550,1.004050,true,4,objective equals makespan; due-date/tardiness fields are not available in this instance format
main|M|breakdown|49|SA,2026-06-03T15:04:47,M_breakdown_seed49,M,breakdown,49,30049,30049,1.0,SA,solved,,4.057947,87.140212,87.140212,465.433725,283.620250,0.378638,13.418338,13.418338,1.008308,true,4,objective equals makespan; due-date/tardiness fields are not available in this instance format
main|M|breakdown|50|SA,2026-06-03T15:04:47,M_breakdown_seed50,M,breakdown,50,30050,30050,1.0,SA,solved,,3.047496,100.288835,100.288835,434.747498,299.609635,0.407989,13.191307,13.191307,1.010716,true,3,objective equals makespan; due-date/tardiness fields are not available in this instance format
main|M|breakdown|50|MOEA-NSGA2,2026-06-03T15:04:47,M_breakdown_seed50,M,breakdown,50,30050,30050,1.0,MOEA-NSGA2,solved,,3.053553,86.243739,86.243739,412.926221,287.733728,0.410661,12.118061,12.118061,1.011390,true,4,objective equals makespan; due-date/tardiness fields are not available in this instance format
main|M|rush_job|43|B-CORE,2026-06-03T15:04:48,M_rush_job_seed43,M,rush_job,43,40043,40043,1.0,B-CORE,solved,,0.051238,75.999835,75.999835,369.759074,237.451749,0.391053,11.274302,11.274302,0.000312,true,4,objective equals makespan; due-date/tardiness fields are not available in this instance format
main|M|rush_job|43|B-CORE-no-graph,2026-06-03T15:04:48,M_rush_job_seed43,M,rush_job,43,40043,40043,1.0,B-CORE-no-graph,solved,,0.051318,75.999835,75.999835,369.759074,237.451749,0.391053,11.274302,11.274302,0.000350,true,4,objective equals makespan; due-date/tardiness fields are not available in this instance format
main|M|rush_job|43|B-CORE-no-bottleneck,2026-06-03T15:04:48,M_rush_job_seed43,M,rush_job,43,40043,40043,1.0,B-CORE-no-bottleneck,solved,,0.053284,75.504564,75.504564,377.427118,239.205262,0.387922,11.643550,11.643550,0.000325,true,4,objective equals makespan; due-date/tardiness fields are not available in this instance format
main|M|rush_job|43|B-CORE-no-qp,2026-06-03T15:04:48,M_rush_job_seed43,M,rush_job,43,40043,40043,1.0,B-CORE-no-qp,solved,,0.050994,75.999835,75.999835,369.759074,237.451749,0.391053,11.274302,11.274302,0.000293,true,4,objective equals makespan; due-date/tardiness fields are not available in this instance format
main|M|rush_job|43|B-CORE-no-transport,2026-06-03T15:04:48,M_rush_job_seed43,M,rush_job,43,40043,40043,1.0,B-CORE-no-transport,solved,,0.055611,89.674968,89.674968,412.277899,393.724353,0.488490,15.991855,15.991855,0.000304,true,4,objective equals makespan; due-date/tardiness fields are not available in this instance format
main|M|rush_job|43|MachineRank,2026-06-03T15:04:48,M_rush_job_seed43,M,rush_job,43,40043,40043,1.0,MachineRank,solved,,0.032215,92.205622,92.205622,409.480434,291.811510,0.416106,12.701871,12.701871,0.000055,true,4,objective equals makespan; due-date/tardiness fields are not available in this instance format
main|M|rush_job|43|MOR,2026-06-03T15:04:48,M_rush_job_seed43,M,rush_job,43,40043,40043,1.0,MOR,solved,,0.024296,100.594158,100.594158,392.323261,271.882891,0.409335,10.260436,10.260436,0.000009,true,4,objective equals makespan; due-date/tardiness fields are not available in this instance format
main|M|breakdown|49|MOEA-NSGA2,2026-06-03T15:04:48,M_breakdown_seed49,M,breakdown,49,30049,30049,1.0,MOEA-NSGA2,solved,,5.073191,86.082821,86.082821,361.003109,280.569049,0.437315,10.447368,10.447368,1.007499,true,4,objective equals makespan; due-date/tardiness fields are not available in this instance format
main|M|breakdown|51|SA,2026-06-03T15:04:50,M_breakdown_seed51,M,breakdown,51,30051,30051,1.0,SA,solved,,3.057030,88.208834,88.208834,429.503249,331.762672,0.435804,14.020070,14.020070,1.015524,true,4,objective equals makespan; due-date/tardiness fields are not available in this instance format
main|M|breakdown|51|LNS,2026-06-03T15:04:50,M_breakdown_seed51,M,breakdown,51,30051,30051,1.0,LNS,solved,,4.059027,81.398375,81.398375,431.233967,318.052657,0.424474,14.417161,14.417161,1.008659,true,4,objective equals makespan; due-date/tardiness fields are not available in this instance format
main|M|breakdown|51|GA,2026-06-03T15:04:50,M_breakdown_seed51,M,breakdown,51,30051,30051,1.0,GA,solved,,4.064417,83.549117,83.549117,418.467094,292.577290,0.411475,11.273123,11.273123,1.008800,true,4,objective equals makespan; due-date/tardiness fields are not available in this instance format
main|M|rush_job|42|GA,2026-06-03T15:04:50,M_rush_job_seed42,M,rush_job,42,40042,40042,1.0,GA,solved,,3.060442,97.909164,97.909164,479.134292,321.025632,0.401202,12.738514,12.738514,1.013332,true,4,objective equals makespan; due-date/tardiness fields are not available in this instance format
main|M|rush_job|44|B-CORE,2026-06-03T15:04:50,M_rush_job_seed44,M,rush_job,44,40044,40044,1.0,B-CORE,solved,,0.040619,67.368544,67.368544,340.248988,183.134375,0.349905,10.324103,10.324103,0.000265,true,3,objective equals makespan; due-date/tardiness fields are not available in this instance format
main|M|rush_job|44|B-CORE-no-graph,2026-06-03T15:04:50,M_rush_job_seed44,M,rush_job,44,40044,40044,1.0,B-CORE-no-graph,solved,,0.039845,67.368544,67.368544,340.248988,183.134375,0.349905,10.324103,10.324103,0.000309,true,3,objective equals makespan; due-date/tardiness fields are not available in this instance format
main|M|rush_job|44|B-CORE-no-bottleneck,2026-06-03T15:04:50,M_rush_job_seed44,M,rush_job,44,40044,40044,1.0,B-CORE-no-bottleneck,solved,,0.043850,73.557488,73.557488,382.254329,242.552910,0.388204,11.949838,11.949838,0.000329,true,3,objective equals makespan; due-date/tardiness fields are not available in this instance format
main|M|rush_job|44|B-CORE-no-qp,2026-06-03T15:04:50,M_rush_job_seed44,M,rush_job,44,40044,40044,1.0,B-CORE-no-qp,solved,,0.042683,71.761943,71.761943,342.117542,235.935592,0.408156,11.212436,11.212436,0.000307,true,3,objective equals makespan; due-date/tardiness fields are not available in this instance format
main|M|breakdown|51|DCGA,2026-06-03T15:04:50,M_breakdown_seed51,M,breakdown,51,30051,30051,1.0,DCGA,solved,,4.068633,84.186648,84.186648,421.926383,324.766804,0.434940,13.434678,13.434678,1.012228,true,4,objective equals makespan; due-date/tardiness fields are not available in this instance format
main|M|rush_job|44|B-CORE-no-transport,2026-06-03T15:04:50,M_rush_job_seed44,M,rush_job,44,40044,40044,1.0,B-CORE-no-transport,solved,,0.045967,75.923180,75.923180,395.422245,282.906350,0.417064,13.891580,13.891580,0.000351,true,3,objective equals makespan; due-date/tardiness fields are not available in this instance format
main|M|rush_job|44|MachineRank,2026-06-03T15:04:50,M_rush_job_seed44,M,rush_job,44,40044,40044,1.0,MachineRank,solved,,0.026490,72.161943,72.161943,336.964717,247.382141,0.423348,11.858078,11.858078,0.000073,true,3,objective equals makespan; due-date/tardiness fields are not available in this instance format
main|M|rush_job|44|MOR,2026-06-03T15:04:50,M_rush_job_seed44,M,rush_job,44,40044,40044,1.0,MOR,solved,,0.021554,87.525776,87.525776,326.763300,271.453738,0.453771,11.041133,11.041133,0.000011,true,3,objective equals makespan; due-date/tardiness fields are not available in this instance format
main|M|breakdown|51|MOEA-NSGA2,2026-06-03T15:04:51,M_breakdown_seed51,M,breakdown,51,30051,30051,1.0,MOEA-NSGA2,solved,,4.056387,80.398066,80.398066,394.511995,284.018710,0.418579,11.063919,11.063919,1.005290,true,4,objective equals makespan; due-date/tardiness fields are not available in this instance format
main|M|rush_job|42|LNS,2026-06-03T15:04:51,M_rush_job_seed42,M,rush_job,42,40042,40042,1.0,LNS,solved,,4.062309,100.503801,100.503801,460.272696,329.487533,0.417199,13.726129,13.726129,1.007627,true,4,objective equals makespan; due-date/tardiness fields are not available in this instance format
main|M|rush_job|42|DCGA,2026-06-03T15:04:51,M_rush_job_seed42,M,rush_job,42,40042,40042,1.0,DCGA,solved,,4.059959,93.455007,93.455007,470.646280,311.335388,0.398136,12.520773,12.520773,1.005907,true,4,objective equals makespan; due-date/tardiness fields are not available in this instance format
main|M|rush_job|42|SA,2026-06-03T15:04:51,M_rush_job_seed42,M,rush_job,42,40042,40042,1.0,SA,solved,,4.055714,114.665895,114.665895,438.760475,350.228821,0.443896,13.605144,13.605144,1.005313,true,4,objective equals makespan; due-date/tardiness fields are not available in this instance format
main|M|rush_job|45|B-CORE,2026-06-03T15:04:51,M_rush_job_seed45,M,rush_job,45,40045,40045,1.0,B-CORE,solved,,0.046060,74.168721,74.168721,332.347189,188.929387,0.362436,10.049515,10.049515,0.000376,true,3,objective equals makespan; due-date/tardiness fields are not available in this instance format
main|M|rush_job|45|B-CORE-no-graph,2026-06-03T15:04:51,M_rush_job_seed45,M,rush_job,45,40045,40045,1.0,B-CORE-no-graph,solved,,0.045241,74.168721,74.168721,332.347189,188.929387,0.362436,10.049515,10.049515,0.000344,true,3,objective equals makespan; due-date/tardiness fields are not available in this instance format
main|M|rush_job|43|GA,2026-06-03T15:04:51,M_rush_job_seed43,M,rush_job,43,40043,40043,1.0,GA,solved,,3.066261,80.942218,80.942218,372.977250,278.496741,0.427487,9.836644,9.836644,1.015985,true,4,objective equals makespan; due-date/tardiness fields are not available in this instance format
main|M|rush_job|45|B-CORE-no-bottleneck,2026-06-03T15:04:51,M_rush_job_seed45,M,rush_job,45,40045,40045,1.0,B-CORE-no-bottleneck,solved,,0.046730,74.615946,74.615946,351.811801,264.948160,0.429581,12.597501,12.597501,0.000316,true,4,objective equals makespan; due-date/tardiness fields are not available in this instance format
main|M|rush_job|45|B-CORE-no-qp,2026-06-03T15:04:51,M_rush_job_seed45,M,rush_job,45,40045,40045,1.0,B-CORE-no-qp,solved,,0.046195,74.168721,74.168721,332.347189,188.929387,0.362436,10.049515,10.049515,0.000321,true,3,objective equals makespan; due-date/tardiness fields are not available in this instance format
main|M|rush_job|45|B-CORE-no-transport,2026-06-03T15:04:51,M_rush_job_seed45,M,rush_job,45,40045,40045,1.0,B-CORE-no-transport,solved,,0.047343,80.093616,80.093616,391.767757,298.567034,0.432496,14.369335,14.369335,0.000335,true,3,objective equals makespan; due-date/tardiness fields are not available in this instance format
main|M|rush_job|45|MachineRank,2026-06-03T15:04:51,M_rush_job_seed45,M,rush_job,45,40045,40045,1.0,MachineRank,solved,,0.027557,92.247902,92.247902,368.628786,271.232645,0.423893,12.219109,12.219109,0.000015,true,3,objective equals makespan; due-date/tardiness fields are not available in this instance format
main|M|rush_job|45|MOR,2026-06-03T15:04:51,M_rush_job_seed45,M,rush_job,45,40045,40045,1.0,MOR,solved,,0.021908,91.001036,91.001036,341.692047,264.417766,0.436254,8.861266,8.861266,0.000010,true,3,objective equals makespan; due-date/tardiness fields are not available in this instance format
main|M|rush_job|42|MOEA-NSGA2,2026-06-03T15:04:52,M_rush_job_seed42,M,rush_job,42,40042,40042,1.0,MOEA-NSGA2,solved,,4.064103,94.337058,94.337058,430.348776,272.636636,0.387827,10.578351,10.578351,1.009481,true,4,objective equals makespan; due-date/tardiness fields are not available in this instance format
main|M|rush_job|43|LNS,2026-06-03T15:04:52,M_rush_job_seed43,M,rush_job,43,40043,40043,1.0,LNS,solved,,4.075916,92.372699,92.372699,450.570588,321.620189,0.416504,12.844086,12.844086,1.015387,true,4,objective equals makespan; due-date/tardiness fields are not available in this instance format
main|M|rush_job|43|DCGA,2026-06-03T15:04:53,M_rush_job_seed43,M,rush_job,43,40043,40043,1.0,DCGA,solved,,3.050282,92.482529,92.482529,427.470173,316.160580,0.425158,12.773579,12.773579,1.011286,true,4,objective equals makespan; due-date/tardiness fields are not available in this instance format
main|M|rush_job|43|SA,2026-06-03T15:04:53,M_rush_job_seed43,M,rush_job,43,40043,40043,1.0,SA,solved,,3.034895,90.377190,90.377190,454.131134,288.897238,0.388811,12.748256,12.748256,1.002776,true,4,objective equals makespan; due-date/tardiness fields are not available in this instance format
main|M|rush_job|46|B-CORE,2026-06-03T15:04:53,M_rush_job_seed46,M,rush_job,46,40046,40046,1.0,B-CORE,solved,,0.051431,76.423770,76.423770,404.284095,211.801064,0.343785,10.103892,10.103892,0.000300,true,4,objective equals makespan; due-date/tardiness fields are not available in this instance format
main|M|rush_job|46|B-CORE-no-graph,2026-06-03T15:04:53,M_rush_job_seed46,M,rush_job,46,40046,40046,1.0,B-CORE-no-graph,solved,,0.051512,76.423770,76.423770,404.284095,211.801064,0.343785,10.103892,10.103892,0.000368,true,4,objective equals makespan; due-date/tardiness fields are not available in this instance format
main|M|rush_job|46|B-CORE-no-bottleneck,2026-06-03T15:04:53,M_rush_job_seed46,M,rush_job,46,40046,40046,1.0,B-CORE-no-bottleneck,solved,,0.051290,76.430268,76.430268,378.621392,264.874016,0.411618,12.584721,12.584721,0.000297,true,4,objective equals makespan; due-date/tardiness fields are not available in this instance format
main|M|rush_job|46|B-CORE-no-qp,2026-06-03T15:04:53,M_rush_job_seed46,M,rush_job,46,40046,40046,1.0,B-CORE-no-qp,solved,,0.050046,71.431471,71.431471,376.032687,207.691792,0.355804,10.411775,10.411775,0.000298,true,4,objective equals makespan; due-date/tardiness fields are not available in this instance format
main|M|rush_job|46|B-CORE-no-transport,2026-06-03T15:04:53,M_rush_job_seed46,M,rush_job,46,40046,40046,1.0,B-CORE-no-transport,solved,,0.053048,91.911624,91.911624,448.840599,366.396975,0.449436,15.058377,15.058377,0.000323,true,4,objective equals makespan; due-date/tardiness fields are not available in this instance format
main|M|rush_job|46|MachineRank,2026-06-03T15:04:53,M_rush_job_seed46,M,rush_job,46,40046,40046,1.0,MachineRank,solved,,0.030305,92.870691,92.870691,434.741518,371.594023,0.460843,14.809384,14.809384,0.000074,true,4,objective equals makespan; due-date/tardiness fields are not available in this instance format
main|M|rush_job|46|MOR,2026-06-03T15:04:53,M_rush_job_seed46,M,rush_job,46,40046,40046,1.0,MOR,solved,,0.023485,88.586070,88.586070,342.590079,220.677980,0.391781,8.068185,8.068185,0.000008,true,4,objective equals makespan; due-date/tardiness fields are not available in this instance format
main|M|rush_job|44|LNS,2026-06-03T15:04:53,M_rush_job_seed44,M,rush_job,44,40044,40044,1.0,LNS,solved,,3.046167,73.864408,73.864408,337.715907,298.672664,0.469324,13.914796,13.914796,1.012017,true,3,objective equals makespan; due-date/tardiness fields are not available in this instance format
main|M|rush_job|44|GA,2026-06-03T15:04:53,M_rush_job_seed44,M,rush_job,44,40044,40044,1.0,GA,solved,,3.055415,71.868544,71.868544,337.086915,260.508267,0.435928,10.897451,10.897451,1.013925,true,3,objective equals makespan; due-date/tardiness fields are not available in this instance format
main|M|rush_job|44|DCGA,2026-06-03T15:04:54,M_rush_job_seed44,M,rush_job,44,40044,40044,1.0,DCGA,solved,,3.051242,67.512428,67.512428,336.789662,262.086136,0.437630,11.059249,11.059249,1.006735,true,3,objective equals makespan; due-date/tardiness fields are not available in this instance format
main|M|rush_job|43|MOEA-NSGA2,2026-06-03T15:04:54,M_rush_job_seed43,M,rush_job,43,40043,40043,1.0,MOEA-NSGA2,solved,,4.077242,87.906384,87.906384,438.888394,302.938555,0.408368,11.493971,11.493971,1.012195,true,4,objective equals makespan; due-date/tardiness fields are not available in this instance format
main|M|rush_job|44|SA,2026-06-03T15:04:54,M_rush_job_seed44,M,rush_job,44,40044,40044,1.0,SA,solved,,3.037692,76.400428,76.400428,377.539789,282.496243,0.428001,12.910705,12.910705,1.002818,true,3,objective equals makespan; due-date/tardiness fields are not available in this instance format
main|M|rush_job|47|B-CORE,2026-06-03T15:04:54,M_rush_job_seed47,M,rush_job,47,40047,40047,1.0,B-CORE,solved,,0.039083,72.292969,72.292969,355.183453,238.362621,0.401591,11.097874,11.097874,0.000210,true,3,objective equals makespan; due-date/tardiness fields are not available in this instance format
main|M|rush_job|47|B-CORE-no-graph,2026-06-03T15:04:54,M_rush_job_seed47,M,rush_job,47,40047,40047,1.0,B-CORE-no-graph,solved,,0.044715,72.292969,72.292969,355.183453,238.362621,0.401591,11.097874,11.097874,0.000232,true,3,objective equals makespan; due-date/tardiness fields are not available in this instance format
main|M|rush_job|47|B-CORE-no-bottleneck,2026-06-03T15:04:54,M_rush_job_seed47,M,rush_job,47,40047,40047,1.0,B-CORE-no-bottleneck,solved,,0.048781,85.113908,85.113908,408.019433,291.473757,0.416693,13.472675,13.472675,0.000343,true,3,objective equals makespan; due-date/tardiness fields are not available in this instance format
main|M|rush_job|47|B-CORE-no-qp,2026-06-03T15:04:54,M_rush_job_seed47,M,rush_job,47,40047,40047,1.0,B-CORE-no-qp,solved,,0.043117,70.603698,70.603698,371.363793,241.660504,0.394210,11.455133,11.455133,0.000259,true,3,objective equals makespan; due-date/tardiness fields are not available in this instance format
main|M|rush_job|44|MOEA-NSGA2,2026-06-03T15:04:54,M_rush_job_seed44,M,rush_job,44,40044,40044,1.0,MOEA-NSGA2,solved,,3.037531,73.826091,73.826091,357.765255,259.428817,0.420336,12.142581,12.142581,1.007063,true,3,objective equals makespan; due-date/tardiness fields are not available in this instance format
main|M|rush_job|47|B-CORE-no-transport,2026-06-03T15:04:54,M_rush_job_seed47,M,rush_job,47,40047,40047,1.0,B-CORE-no-transport,solved,,0.051997,96.713039,96.713039,471.036836,376.987446,0.444548,17.490672,17.490672,0.000341,true,3,objective equals makespan; due-date/tardiness fields are not available in this instance format
main|M|rush_job|47|MachineRank,2026-06-03T15:04:54,M_rush_job_seed47,M,rush_job,47,40047,40047,1.0,MachineRank,solved,,0.035460,87.766410,87.766410,402.711944,316.789814,0.440291,13.282712,13.282712,0.000078,true,3,objective equals makespan; due-date/tardiness fields are not available in this instance format
main|M|rush_job|47|MOR,2026-06-03T15:04:54,M_rush_job_seed47,M,rush_job,47,40047,40047,1.0,MOR,solved,,0.023547,96.676531,96.676531,380.573354,287.259601,0.430137,10.576599,10.576599,0.000010,true,3,objective equals makespan; due-date/tardiness fields are not available in this instance format
main|M|rush_job|45|LNS,2026-06-03T15:04:54,M_rush_job_seed45,M,rush_job,45,40045,40045,1.0,LNS,solved,,3.039572,76.322816,76.322816,366.566412,252.153970,0.407541,12.187989,12.187989,1.005972,true,3,objective equals makespan; due-date/tardiness fields are not available in this instance format
main|M|rush_job|45|DCGA,2026-06-03T15:04:55,M_rush_job_seed45,M,rush_job,45,40045,40045,1.0,DCGA,solved,,3.056582,67.569747,67.569747,324.028335,235.260845,0.420643,11.581275,11.581275,1.010807,true,3,objective equals makespan; due-date/tardiness fields are not available in this instance format
main|M|rush_job|45|SA,2026-06-03T15:04:55,M_rush_job_seed45,M,rush_job,45,40045,40045,1.0,SA,solved,,3.040750,80.061310,80.061310,374.519514,283.014101,0.430418,12.421875,12.421875,1.004899,true,3,objective equals makespan; due-date/tardiness fields are not available in this instance format
main|M|rush_job|45|MOEA-NSGA2,2026-06-03T15:04:56,M_rush_job_seed45,M,rush_job,45,40045,40045,1.0,MOEA-NSGA2,solved,,3.046703,78.465358,78.465358,373.661650,260.583542,0.410856,11.798856,11.798856,1.009172,true,3,objective equals makespan; due-date/tardiness fields are not available in this instance format
main|M|rush_job|48|B-CORE,2026-06-03T15:04:56,M_rush_job_seed48,M,rush_job,48,40048,40048,1.0,B-CORE,solved,,0.051917,75.673331,75.673331,376.048888,247.109214,0.396543,10.369006,10.369006,0.000288,true,3,objective equals makespan; due-date/tardiness fields are not available in this instance format
main|M|rush_job|48|B-CORE-no-graph,2026-06-03T15:04:56,M_rush_job_seed48,M,rush_job,48,40048,40048,1.0,B-CORE-no-graph,solved,,0.051674,75.673331,75.673331,376.048888,247.109214,0.396543,10.369006,10.369006,0.000345,true,3,objective equals makespan; due-date/tardiness fields are not available in this instance format
main|M|rush_job|48|B-CORE-no-bottleneck,2026-06-03T15:04:56,M_rush_job_seed48,M,rush_job,48,40048,40048,1.0,B-CORE-no-bottleneck,solved,,0.056569,76.564451,76.564451,387.010442,297.803003,0.434867,12.380876,12.380876,0.000287,true,3,objective equals makespan; due-date/tardiness fields are not available in this instance format
main|M|rush_job|48|B-CORE-no-qp,2026-06-03T15:04:56,M_rush_job_seed48,M,rush_job,48,40048,40048,1.0,B-CORE-no-qp,solved,,0.052790,78.227893,78.227893,397.452879,241.182004,0.377652,10.270821,10.270821,0.000285,true,3,objective equals makespan; due-date/tardiness fields are not available in this instance format
main|M|rush_job|48|B-CORE-no-transport,2026-06-03T15:04:56,M_rush_job_seed48,M,rush_job,48,40048,40048,1.0,B-CORE-no-transport,solved,,0.053891,98.535565,98.535565,451.706171,378.418475,0.455857,15.911637,15.911637,0.000331,true,3,objective equals makespan; due-date/tardiness fields are not available in this instance format
main|M|rush_job|48|MachineRank,2026-06-03T15:04:56,M_rush_job_seed48,M,rush_job,48,40048,40048,1.0,MachineRank,solved,,0.032805,95.339010,95.339010,388.432019,306.001966,0.440649,12.208912,12.208912,0.000102,true,3,objective equals makespan; due-date/tardiness fields are not available in this instance format
main|M|rush_job|48|MOR,2026-06-03T15:04:56,M_rush_job_seed48,M,rush_job,48,40048,40048,1.0,MOR,solved,,0.025378,94.247599,94.247599,382.861212,310.567275,0.447872,10.342737,10.342737,0.000009,true,3,objective equals makespan; due-date/tardiness fields are not available in this instance format
main|M|rush_job|46|GA,2026-06-03T15:04:56,M_rush_job_seed46,M,rush_job,46,40046,40046,1.0,GA,solved,,3.054388,79.756220,79.756220,374.956492,254.745108,0.404549,9.416361,9.416361,1.007397,true,4,objective equals makespan; due-date/tardiness fields are not available in this instance format
main|M|rush_job|45|GA,2026-06-03T15:04:56,M_rush_job_seed45,M,rush_job,45,40045,40045,1.0,GA,solved,,5.074617,74.165635,74.165635,342.445792,223.037671,0.394419,10.320637,10.320637,1.011962,true,4,objective equals makespan; due-date/tardiness fields are not available in this instance format
main|M|rush_job|46|MOEA-NSGA2,2026-06-03T15:04:57,M_rush_job_seed46,M,rush_job,46,40046,40046,1.0,MOEA-NSGA2,solved,,3.045900,84.202249,84.202249,395.178299,307.883912,0.437918,11.630690,11.630690,1.009563,true,4,objective equals makespan; due-date/tardiness fields are not available in this instance format
main|M|rush_job|46|LNS,2026-06-03T15:04:57,M_rush_job_seed46,M,rush_job,46,40046,40046,1.0,LNS,solved,,4.065473,88.732362,88.732362,427.673338,280.262744,0.395887,12.682057,12.682057,1.009208,true,4,objective equals makespan; due-date/tardiness fields are not available in this instance format
main|M|rush_job|47|LNS,2026-06-03T15:04:57,M_rush_job_seed47,M,rush_job,47,40047,40047,1.0,LNS,solved,,3.045429,95.080175,95.080175,454.499630,345.085441,0.431581,13.714951,13.714951,1.008273,true,4,objective equals makespan; due-date/tardiness fields are not available in this instance format
main|M|rush_job|47|GA,2026-06-03T15:04:57,M_rush_job_seed47,M,rush_job,47,40047,40047,1.0,GA,solved,,3.048576,88.890432,88.890432,425.847012,335.538163,0.440694,12.624832,12.624832,1.010011,true,3,objective equals makespan; due-date/tardiness fields are not available in this instance format
main|M|rush_job|46|DCGA,2026-06-03T15:04:57,M_rush_job_seed46,M,rush_job,46,40046,40046,1.0,DCGA,solved,,4.054721,84.206116,84.206116,374.194439,267.768366,0.417109,11.457319,11.457319,1.008047,true,4,objective equals makespan; due-date/tardiness fields are not available in this instance format
main|M|rush_job|49|B-CORE,2026-06-03T15:04:57,M_rush_job_seed49,M,rush_job,49,40049,40049,1.0,B-CORE,solved,,0.038744,77.860825,77.860825,376.159297,249.228665,0.398518,11.170141,11.170141,0.000295,true,4,objective equals makespan; due-date/tardiness fields are not available in this instance format
main|M|rush_job|49|B-CORE-no-graph,2026-06-03T15:04:57,M_rush_job_seed49,M,rush_job,49,40049,40049,1.0,B-CORE-no-graph,solved,,0.042970,77.860825,77.860825,376.159297,249.228665,0.398518,11.170141,11.170141,0.000285,true,4,objective equals makespan; due-date/tardiness fields are not available in this instance format
main|M|rush_job|49|B-CORE-no-bottleneck,2026-06-03T15:04:57,M_rush_job_seed49,M,rush_job,49,40049,40049,1.0,B-CORE-no-bottleneck,solved,,0.042583,82.290005,82.290005,401.369444,279.736841,0.410710,13.107638,13.107638,0.000366,true,4,objective equals makespan; due-date/tardiness fields are not available in this instance format
main|M|rush_job|49|B-CORE-no-qp,2026-06-03T15:04:57,M_rush_job_seed49,M,rush_job,49,40049,40049,1.0,B-CORE-no-qp,solved,,0.047344,76.860825,76.860825,372.050025,244.228665,0.396296,11.056275,11.056275,0.000288,true,4,objective equals makespan; due-date/tardiness fields are not available in this instance format
main|M|rush_job|49|MachineRank,2026-06-03T15:04:57,M_rush_job_seed49,M,rush_job,49,40049,40049,1.0,MachineRank,solved,,0.020444,91.081449,91.081449,426.522268,295.141089,0.408973,13.295287,13.295287,0.000038,true,4,objective equals makespan; due-date/tardiness fields are not available in this instance format
main|M|rush_job|49|B-CORE-no-transport,2026-06-03T15:04:57,M_rush_job_seed49,M,rush_job,49,40049,40049,1.0,B-CORE-no-transport,solved,,0.043673,88.128127,88.128127,438.073993,331.479795,0.430743,15.273595,15.273595,0.000342,true,4,objective equals makespan; due-date/tardiness fields are not available in this instance format
main|M|rush_job|49|MOR,2026-06-03T15:04:57,M_rush_job_seed49,M,rush_job,49,40049,40049,1.0,MOR,solved,,0.021578,88.641301,88.641301,394.176294,327.028388,0.453447,10.691131,10.691131,0.000008,true,4,objective equals makespan; due-date/tardiness fields are not available in this instance format
main|M|rush_job|47|DCGA,2026-06-03T15:04:57,M_rush_job_seed47,M,rush_job,47,40047,40047,1.0,DCGA,solved,,3.038543,86.783786,86.783786,438.541402,325.694769,0.426170,13.639092,13.639092,1.008528,true,3,objective equals makespan; due-date/tardiness fields are not available in this instance format
main|M|rush_job|47|SA,2026-06-03T15:04:58,M_rush_job_seed47,M,rush_job,47,40047,40047,1.0,SA,solved,,3.050002,90.079257,90.079257,434.705516,302.032729,0.409959,13.434174,13.434174,1.007868,true,3,objective equals makespan; due-date/tardiness fields are not available in this instance format
main|M|rush_job|46|SA,2026-06-03T15:04:58,M_rush_job_seed46,M,rush_job,46,40046,40046,1.0,SA,solved,,4.076763,83.142563,83.142563,389.009924,326.945430,0.456656,11.771647,11.771647,1.014044,true,4,objective equals makespan; due-date/tardiness fields are not available in this instance format
main|M|rush_job|50|B-CORE,2026-06-03T15:04:58,M_rush_job_seed50,M,rush_job,50,40050,40050,1.0,B-CORE,solved,,0.045971,73.973858,73.973858,349.713728,234.056113,0.400939,11.209693,11.209693,0.000294,true,4,objective equals makespan; due-date/tardiness fields are not available in this instance format
main|M|rush_job|50|B-CORE-no-graph,2026-06-03T15:04:58,M_rush_job_seed50,M,rush_job,50,40050,40050,1.0,B-CORE-no-graph,solved,,0.047665,73.973858,73.973858,349.713728,234.056113,0.400939,11.209693,11.209693,0.000277,true,4,objective equals makespan; due-date/tardiness fields are not available in this instance format
main|M|rush_job|50|B-CORE-no-bottleneck,2026-06-03T15:04:58,M_rush_job_seed50,M,rush_job,50,40050,40050,1.0,B-CORE-no-bottleneck,solved,,0.055735,79.571124,79.571124,367.120884,293.656731,0.444411,13.543326,13.543326,0.000324,true,4,objective equals makespan; due-date/tardiness fields are not available in this instance format
main|M|rush_job|50|B-CORE-no-qp,2026-06-03T15:04:58,M_rush_job_seed50,M,rush_job,50,40050,40050,1.0,B-CORE-no-qp,solved,,0.050025,73.973858,73.973858,344.713728,217.017909,0.386337,11.087472,11.087472,0.000431,true,4,objective equals makespan; due-date/tardiness fields are not available in this instance format
main|M|rush_job|50|B-CORE-no-transport,2026-06-03T15:04:58,M_rush_job_seed50,M,rush_job,50,40050,40050,1.0,B-CORE-no-transport,solved,,0.053797,83.409449,83.409449,408.899699,299.608976,0.422873,13.369567,13.369567,0.000356,true,4,objective equals makespan; due-date/tardiness fields are not available in this instance format
main|M|rush_job|47|MOEA-NSGA2,2026-06-03T15:04:58,M_rush_job_seed47,M,rush_job,47,40047,40047,1.0,MOEA-NSGA2,solved,,3.067101,81.519051,81.519051,419.249467,315.503689,0.429401,12.459860,12.459860,1.010790,true,3,objective equals makespan; due-date/tardiness fields are not available in this instance format
main|M|rush_job|50|MachineRank,2026-06-03T15:04:58,M_rush_job_seed50,M,rush_job,50,40050,40050,1.0,MachineRank,solved,,0.030869,98.530681,98.530681,399.869767,320.769076,0.445118,14.529654,14.529654,0.000018,true,4,objective equals makespan; due-date/tardiness fields are not available in this instance format
main|M|rush_job|50|MOR,2026-06-03T15:04:58,M_rush_job_seed50,M,rush_job,50,40050,40050,1.0,MOR,solved,,0.022657,86.377503,86.377503,365.168058,249.313450,0.405730,9.440891,9.440891,0.000009,true,4,objective equals makespan; due-date/tardiness fields are not available in this instance format
main|M|rush_job|48|LNS,2026-06-03T15:04:59,M_rush_job_seed48,M,rush_job,48,40048,40048,1.0,LNS,solved,,3.057767,83.391156,83.391156,384.092235,280.119918,0.421733,10.882932,10.882932,1.011683,true,3,objective equals makespan; due-date/tardiness fields are not available in this instance format
main|M|rush_job|48|GA,2026-06-03T15:04:59,M_rush_job_seed48,M,rush_job,48,40048,40048,1.0,GA,solved,,3.069756,84.881406,84.881406,400.579192,303.457965,0.431025,13.111258,13.111258,1.016596,true,3,objective equals makespan; due-date/tardiness fields are not available in this instance format
main|M|rush_job|48|SA,2026-06-03T15:05:00,M_rush_job_seed48,M,rush_job,48,40048,40048,1.0,SA,solved,,3.064827,82.782842,82.782842,378.137813,323.699327,0.461217,13.071155,13.071155,1.010031,true,3,objective equals makespan; due-date/tardiness fields are not available in this instance format
main|M|rush_job|48|MOEA-NSGA2,2026-06-03T15:05:00,M_rush_job_seed48,M,rush_job,48,40048,40048,1.0,MOEA-NSGA2,solved,,3.050184,80.410728,80.410728,394.746880,294.907993,0.427617,12.337756,12.337756,1.005609,true,3,objective equals makespan; due-date/tardiness fields are not available in this instance format
main|M|rush_job|51|B-CORE,2026-06-03T15:05:00,M_rush_job_seed51,M,rush_job,51,40051,40051,1.0,B-CORE,solved,,0.050603,78.977807,78.977807,416.429784,252.361889,0.377340,11.589987,11.589987,0.000354,true,4,objective equals makespan; due-date/tardiness fields are not available in this instance format
main|M|rush_job|51|B-CORE-no-graph,2026-06-03T15:05:00,M_rush_job_seed51,M,rush_job,51,40051,40051,1.0,B-CORE-no-graph,solved,,0.049398,78.977807,78.977807,416.429784,252.361889,0.377340,11.589987,11.589987,0.000322,true,4,objective equals makespan; due-date/tardiness fields are not available in this instance format
main|M|rush_job|49|LNS,2026-06-03T15:05:00,M_rush_job_seed49,M,rush_job,49,40049,40049,1.0,LNS,solved,,3.046150,89.033946,89.033946,445.605375,297.338185,0.400216,12.417026,12.417026,1.003353,true,4,objective equals makespan; due-date/tardiness fields are not available in this instance format
main|M|rush_job|51|B-CORE-no-bottleneck,2026-06-03T15:05:00,M_rush_job_seed51,M,rush_job,51,40051,40051,1.0,B-CORE-no-bottleneck,solved,,0.049900,80.955417,80.955417,428.871510,299.610365,0.411280,13.309570,13.309570,0.000310,true,4,objective equals makespan; due-date/tardiness fields are not available in this instance format
main|M|rush_job|49|GA,2026-06-03T15:05:00,M_rush_job_seed49,M,rush_job,49,40049,40049,1.0,GA,solved,,3.059337,90.641433,90.641433,444.931892,304.700677,0.406467,11.736111,11.736111,1.010416,true,4,objective equals makespan; due-date/tardiness fields are not available in this instance format
main|M|rush_job|51|B-CORE-no-qp,2026-06-03T15:05:00,M_rush_job_seed51,M,rush_job,51,40051,40051,1.0,B-CORE-no-qp,solved,,0.049809,72.518664,72.518664,367.678492,264.320753,0.418230,11.409805,11.409805,0.000329,true,4,objective equals makespan; due-date/tardiness fields are not available in this instance format
main|M|rush_job|51|MachineRank,2026-06-03T15:05:00,M_rush_job_seed51,M,rush_job,51,40051,40051,1.0,MachineRank,solved,,0.031520,79.925266,79.925266,421.158049,311.868302,0.425453,14.075466,14.075466,0.000012,true,4,objective equals makespan; due-date/tardiness fields are not available in this instance format
main|M|rush_job|51|B-CORE-no-transport,2026-06-03T15:05:00,M_rush_job_seed51,M,rush_job,51,40051,40051,1.0,B-CORE-no-transport,solved,,0.052796,90.070072,90.070072,448.284725,371.579350,0.453221,16.741368,16.741368,0.000317,true,4,objective equals makespan; due-date/tardiness fields are not available in this instance format
main|M|rush_job|51|MOR,2026-06-03T15:05:00,M_rush_job_seed51,M,rush_job,51,40051,40051,1.0,MOR,solved,,0.026111,86.630517,86.630517,369.141073,284.056043,0.434870,10.485900,10.485900,0.000014,true,4,objective equals makespan; due-date/tardiness fields are not available in this instance format
main|M|rush_job|49|SA,2026-06-03T15:05:00,M_rush_job_seed49,M,rush_job,49,40049,40049,1.0,SA,solved,,3.050136,87.481500,87.481500,431.079957,290.433155,0.402533,11.032269,11.032269,1.004883,true,4,objective equals makespan; due-date/tardiness fields are not available in this instance format
main|M|rush_job|48|DCGA,2026-06-03T15:05:00,M_rush_job_seed48,M,rush_job,48,40048,40048,1.0,DCGA,solved,,4.073797,79.792732,79.792732,387.261745,296.194749,0.433378,12.226876,12.226876,1.012922,true,3,objective equals makespan; due-date/tardiness fields are not available in this instance format
main|M|rush_job|50|LNS,2026-06-03T15:05:01,M_rush_job_seed50,M,rush_job,50,40050,40050,1.0,LNS,solved,,3.049107,84.253301,84.253301,425.282886,286.421714,0.402445,13.215737,13.215737,1.004814,true,4,objective equals makespan; due-date/tardiness fields are not available in this instance format
main|M|rush_job|50|GA,2026-06-03T15:05:01,M_rush_job_seed50,M,rush_job,50,40050,40050,1.0,GA,solved,,3.051897,77.816136,77.816136,395.604727,275.872519,0.410844,12.280900,12.280900,1.009714,true,4,objective equals makespan; due-date/tardiness fields are not available in this instance format
main|M|mixed|42|B-CORE,2026-06-03T15:05:01,M_mixed_seed42,M,mixed,42,50042,50042,1.0,B-CORE,solved,,0.055029,78.536410,78.536410,424.671747,242.353997,0.363335,12.800094,12.800094,0.000327,true,4,objective equals makespan; due-date/tardiness fields are not available in this instance format
main|M|mixed|42|B-CORE-no-graph,2026-06-03T15:05:01,M_mixed_seed42,M,mixed,42,50042,50042,1.0,B-CORE-no-graph,solved,,0.054212,78.536410,78.536410,424.671747,242.353997,0.363335,12.800094,12.800094,0.000337,true,4,objective equals makespan; due-date/tardiness fields are not available in this instance format
main|M|mixed|42|B-CORE-no-bottleneck,2026-06-03T15:05:01,M_mixed_seed42,M,mixed,42,50042,50042,1.0,B-CORE-no-bottleneck,solved,,0.051602,75.586466,75.586466,399.092523,280.780748,0.412990,13.962032,13.962032,0.000343,true,4,objective equals makespan; due-date/tardiness fields are not available in this instance format
main|M|mixed|42|B-CORE-no-qp,2026-06-03T15:05:01,M_mixed_seed42,M,mixed,42,50042,50042,1.0,B-CORE-no-qp,solved,,0.054144,81.188644,81.188644,408.201795,225.381754,0.355725,12.691177,12.691177,0.000312,true,4,objective equals makespan; due-date/tardiness fields are not available in this instance format
main|M|mixed|42|B-CORE-no-transport,2026-06-03T15:05:01,M_mixed_seed42,M,mixed,42,50042,50042,1.0,B-CORE-no-transport,solved,,0.055861,80.900997,80.900997,437.409891,312.168569,0.416459,15.269974,15.269974,0.000352,true,4,objective equals makespan; due-date/tardiness fields are not available in this instance format
main|M|mixed|42|MachineRank,2026-06-03T15:05:01,M_mixed_seed42,M,mixed,42,50042,50042,1.0,MachineRank,solved,,0.031088,89.377003,89.377003,428.813883,336.286437,0.439532,14.412705,14.412705,0.000105,true,4,objective equals makespan; due-date/tardiness fields are not available in this instance format
main|M|mixed|42|MOR,2026-06-03T15:05:01,M_mixed_seed42,M,mixed,42,50042,50042,1.0,MOR,solved,,0.024593,86.406080,86.406080,391.759452,301.265675,0.434711,11.573156,11.573156,0.000011,true,4,objective equals makespan; due-date/tardiness fields are not available in this instance format
main|M|rush_job|49|DCGA,2026-06-03T15:05:01,M_rush_job_seed49,M,rush_job,49,40049,40049,1.0,DCGA,solved,,4.082251,83.928800,83.928800,407.319839,247.945707,0.378390,10.030675,10.030675,1.016041,true,4,objective equals makespan; due-date/tardiness fields are not available in this instance format
main|M|rush_job|49|MOEA-NSGA2,2026-06-03T15:05:02,M_rush_job_seed49,M,rush_job,49,40049,40049,1.0,MOEA-NSGA2,solved,,4.083310,86.521640,86.521640,406.593842,291.288419,0.417389,10.089087,10.089087,1.013355,true,4,objective equals makespan; due-date/tardiness fields are not available in this instance format
main|M|rush_job|50|DCGA,2026-06-03T15:05:02,M_rush_job_seed50,M,rush_job,50,40050,40050,1.0,DCGA,solved,,3.054177,78.716070,78.716070,389.728840,289.790524,0.426464,13.054875,13.054875,1.010767,true,4,objective equals makespan; due-date/tardiness fields are not available in this instance format
main|M|rush_job|51|MOEA-NSGA2,2026-06-03T15:05:02,M_rush_job_seed51,M,rush_job,51,40051,40051,1.0,MOEA-NSGA2,solved,,2.049722,84.805034,84.805034,395.218946,320.670126,0.447933,12.944326,12.944326,1.016209,true,4,objective equals makespan; due-date/tardiness fields are not available in this instance format
main|M|mixed|43|B-CORE,2026-06-03T15:05:03,M_mixed_seed43,M,mixed,43,50043,50043,1.0,B-CORE,solved,,0.056406,84.308774,84.308774,407.713843,300.152782,0.424024,12.110290,12.110290,0.000299,true,4,objective equals makespan; due-date/tardiness fields are not available in this instance format
main|M|mixed|43|B-CORE-no-graph,2026-06-03T15:05:03,M_mixed_seed43,M,mixed,43,50043,50043,1.0,B-CORE-no-graph,solved,,0.058469,84.308774,84.308774,407.713843,300.152782,0.424024,12.110290,12.110290,0.000306,true,4,objective equals makespan; due-date/tardiness fields are not available in this instance format
main|M|mixed|43|B-CORE-no-bottleneck,2026-06-03T15:05:03,M_mixed_seed43,M,mixed,43,50043,50043,1.0,B-CORE-no-bottleneck,solved,,0.054544,75.528266,75.528266,388.249231,263.251365,0.404069,12.393705,12.393705,0.000311,true,4,objective equals makespan; due-date/tardiness fields are not available in this instance format
main|M|mixed|43|B-CORE-no-qp,2026-06-03T15:05:03,M_mixed_seed43,M,mixed,43,50043,50043,1.0,B-CORE-no-qp,solved,,0.055544,84.308774,84.308774,407.713843,300.152782,0.424024,12.110290,12.110290,0.000310,true,4,objective equals makespan; due-date/tardiness fields are not available in this instance format
main|M|mixed|43|B-CORE-no-transport,2026-06-03T15:05:03,M_mixed_seed43,M,mixed,43,50043,50043,1.0,B-CORE-no-transport,solved,,0.056185,88.679782,88.679782,440.157468,385.514101,0.466910,16.115339,16.115339,0.000289,true,4,objective equals makespan; due-date/tardiness fields are not available in this instance format
main|M|mixed|43|MachineRank,2026-06-03T15:05:03,M_mixed_seed43,M,mixed,43,50043,50043,1.0,MachineRank,solved,,0.034145,87.807628,87.807628,408.082794,344.345433,0.457646,13.234129,13.234129,0.000078,true,4,objective equals makespan; due-date/tardiness fields are not available in this instance format
main|M|mixed|43|MOR,2026-06-03T15:05:03,M_mixed_seed43,M,mixed,43,50043,50043,1.0,MOR,solved,,0.027363,104.804078,104.804078,394.883241,326.114557,0.452310,11.596137,11.596137,0.000011,true,4,objective equals makespan; due-date/tardiness fields are not available in this instance format
main|M|rush_job|50|MOEA-NSGA2,2026-06-03T15:05:03,M_rush_job_seed50,M,rush_job,50,40050,40050,1.0,MOEA-NSGA2,solved,,3.053597,80.482233,80.482233,373.654789,305.948851,0.450187,12.307636,12.307636,1.011860,true,4,objective equals makespan; due-date/tardiness fields are not available in this instance format
main|M|rush_job|50|SA,2026-06-03T15:05:03,M_rush_job_seed50,M,rush_job,50,40050,40050,1.0,SA,solved,,4.054227,74.467004,74.467004,382.912621,257.123540,0.401733,12.391510,12.391510,1.006309,true,4,objective equals makespan; due-date/tardiness fields are not available in this instance format
main|M|rush_job|51|LNS,2026-06-03T15:05:03,M_rush_job_seed51,M,rush_job,51,40051,40051,1.0,LNS,solved,,3.053371,82.989163,82.989163,417.692722,281.567552,0.402665,12.967141,12.967141,1.013246,true,4,objective equals makespan; due-date/tardiness fields are not available in this instance format
main|M|rush_job|51|GA,2026-06-03T15:05:03,M_rush_job_seed51,M,rush_job,51,40051,40051,1.0,GA,solved,,3.061821,101.256118,101.256118,456.297862,326.574756,0.417149,12.840327,12.840327,1.015409,true,4,objective equals makespan; due-date/tardiness fields are not available in this instance format
main|M|rush_job|51|DCGA,2026-06-03T15:05:03,M_rush_job_seed51,M,rush_job,51,40051,40051,1.0,DCGA,solved,,3.067760,80.799562,80.799562,401.388507,286.658030,0.416626,13.315898,13.315898,1.013432,true,4,objective equals makespan; due-date/tardiness fields are not available in this instance format
main|M|mixed|44|B-CORE,2026-06-03T15:05:03,M_mixed_seed44,M,mixed,44,50044,50044,1.0,B-CORE,solved,,0.047242,68.507587,68.507587,341.593332,217.228135,0.388725,10.679346,10.679346,0.000350,true,4,objective equals makespan; due-date/tardiness fields are not available in this instance format
main|M|rush_job|51|SA,2026-06-03T15:05:03,M_rush_job_seed51,M,rush_job,51,40051,40051,1.0,SA,solved,,3.061273,87.956309,87.956309,453.571077,350.273523,0.435748,14.553730,14.553730,1.013092,true,4,objective equals makespan; due-date/tardiness fields are not available in this instance format
main|M|mixed|44|B-CORE-no-graph,2026-06-03T15:05:04,M_mixed_seed44,M,mixed,44,50044,50044,1.0,B-CORE-no-graph,solved,,0.047370,68.507587,68.507587,341.593332,217.228135,0.388725,10.679346,10.679346,0.000314,true,4,objective equals makespan; due-date/tardiness fields are not available in this instance format
main|M|mixed|44|B-CORE-no-bottleneck,2026-06-03T15:05:04,M_mixed_seed44,M,mixed,44,50044,50044,1.0,B-CORE-no-bottleneck,solved,,0.047295,72.163495,72.163495,366.394031,258.866957,0.414014,11.382346,11.382346,0.000341,true,4,objective equals makespan; due-date/tardiness fields are not available in this instance format
main|M|mixed|44|B-CORE-no-qp,2026-06-03T15:05:04,M_mixed_seed44,M,mixed,44,50044,50044,1.0,B-CORE-no-qp,solved,,0.045957,61.512692,61.512692,302.041624,189.834592,0.385940,9.271174,9.271174,0.000325,true,4,objective equals makespan; due-date/tardiness fields are not available in this instance format
main|M|mixed|44|B-CORE-no-transport,2026-06-03T15:05:04,M_mixed_seed44,M,mixed,44,50044,50044,1.0,B-CORE-no-transport,solved,,0.048715,79.713646,79.713646,389.967915,312.888819,0.445167,13.355950,13.355950,0.000295,true,4,objective equals makespan; due-date/tardiness fields are not available in this instance format
main|M|mixed|44|MachineRank,2026-06-03T15:05:04,M_mixed_seed44,M,mixed,44,50044,50044,1.0,MachineRank,solved,,0.028736,87.311774,87.311774,370.316434,264.714097,0.416853,12.269847,12.269847,0.000092,true,4,objective equals makespan; due-date/tardiness fields are not available in this instance format
main|M|mixed|44|MOR,2026-06-03T15:05:04,M_mixed_seed44,M,mixed,44,50044,50044,1.0,MOR,solved,,0.022346,96.466701,96.466701,340.882763,278.880145,0.449979,10.199403,10.199403,0.000010,true,4,objective equals makespan; due-date/tardiness fields are not available in this instance format
main|M|mixed|42|SA,2026-06-03T15:05:05,M_mixed_seed42,M,mixed,42,50042,50042,1.0,SA,solved,,3.066629,93.838132,93.838132,414.264732,303.553822,0.422884,13.471120,13.471120,1.015555,true,4,objective equals makespan; due-date/tardiness fields are not available in this instance format
main|M|mixed|42|MOEA-NSGA2,2026-06-03T15:05:05,M_mixed_seed42,M,mixed,42,50042,50042,1.0,MOEA-NSGA2,solved,,3.075341,81.735936,81.735936,398.080887,298.596655,0.428601,12.817581,12.817581,1.017000,true,4,objective equals makespan; due-date/tardiness fields are not available in this instance format
main|M|mixed|42|LNS,2026-06-03T15:05:05,M_mixed_seed42,M,mixed,42,50042,50042,1.0,LNS,solved,,4.088294,85.481943,85.481943,438.712404,316.501125,0.419088,14.756250,14.756250,1.016148,true,4,objective equals makespan; due-date/tardiness fields are not available in this instance format
main|M|mixed|42|DCGA,2026-06-03T15:05:05,M_mixed_seed42,M,mixed,42,50042,50042,1.0,DCGA,solved,,4.051126,77.973663,77.973663,393.614819,252.592801,0.390885,11.860502,11.860502,1.006911,true,4,objective equals makespan; due-date/tardiness fields are not available in this instance format
main|M|mixed|45|B-CORE,2026-06-03T15:05:05,M_mixed_seed45,M,mixed,45,50045,50045,1.0,B-CORE,solved,,0.051936,72.616860,72.616860,347.086301,236.550955,0.405305,9.479875,9.479875,0.000318,true,4,objective equals makespan; due-date/tardiness fields are not available in this instance format
main|M|mixed|45|B-CORE-no-graph,2026-06-03T15:05:05,M_mixed_seed45,M,mixed,45,50045,50045,1.0,B-CORE-no-graph,solved,,0.051416,72.616860,72.616860,347.086301,236.550955,0.405305,9.479875,9.479875,0.000305,true,4,objective equals makespan; due-date/tardiness fields are not available in this instance format
main|M|mixed|45|B-CORE-no-bottleneck,2026-06-03T15:05:06,M_mixed_seed45,M,mixed,45,50045,50045,1.0,B-CORE-no-bottleneck,solved,,0.052739,73.016504,73.016504,380.725912,252.915277,0.399146,11.852146,11.852146,0.000343,true,4,objective equals makespan; due-date/tardiness fields are not available in this instance format
main|M|mixed|45|B-CORE-no-qp,2026-06-03T15:05:06,M_mixed_seed45,M,mixed,45,50045,50045,1.0,B-CORE-no-qp,solved,,0.053152,71.801944,71.801944,355.337709,213.589160,0.375425,9.672979,9.672979,0.000308,true,4,objective equals makespan; due-date/tardiness fields are not available in this instance format
main|M|mixed|45|B-CORE-no-transport,2026-06-03T15:05:06,M_mixed_seed45,M,mixed,45,50045,50045,1.0,B-CORE-no-transport,solved,,0.055326,88.890388,88.890388,435.491314,368.288615,0.458196,15.701502,15.701502,0.000357,true,4,objective equals makespan; due-date/tardiness fields are not available in this instance format
main|M|mixed|45|MachineRank,2026-06-03T15:05:06,M_mixed_seed45,M,mixed,45,50045,50045,1.0,MachineRank,solved,,0.031146,90.063806,90.063806,385.671130,312.007018,0.447208,12.047070,12.047070,0.000073,true,4,objective equals makespan; due-date/tardiness fields are not available in this instance format
main|M|mixed|45|MOR,2026-06-03T15:05:06,M_mixed_seed45,M,mixed,45,50045,50045,1.0,MOR,solved,,0.025893,105.642759,105.642759,387.979191,269.394897,0.409805,8.449544,8.449544,0.000012,true,4,objective equals makespan; due-date/tardiness fields are not available in this instance format
main|M|mixed|43|LNS,2026-06-03T15:05:06,M_mixed_seed43,M,mixed,43,50043,50043,1.0,LNS,solved,,3.063604,83.537782,83.537782,420.839229,309.841812,0.424045,11.784135,11.784135,1.009247,true,4,objective equals makespan; due-date/tardiness fields are not available in this instance format
main|M|mixed|42|GA,2026-06-03T15:05:06,M_mixed_seed42,M,mixed,42,50042,50042,1.0,GA,solved,,5.050027,81.261294,81.261294,387.573370,292.285437,0.429921,12.240796,12.240796,1.005067,true,4,objective equals makespan; due-date/tardiness fields are not available in this instance format
main|M|mixed|43|GA,2026-06-03T15:05:07,M_mixed_seed43,M,mixed,43,50043,50043,1.0,GA,solved,,4.064966,88.113934,88.113934,435.950623,347.673873,0.443674,11.737477,11.737477,1.006566,true,4,objective equals makespan; due-date/tardiness fields are not available in this instance format
main|M|mixed|43|SA,2026-06-03T15:05:07,M_mixed_seed43,M,mixed,43,50043,50043,1.0,SA,solved,,4.051177,97.178272,97.178272,458.727215,349.467661,0.432405,13.502699,13.502699,1.006691,true,4,objective equals makespan; due-date/tardiness fields are not available in this instance format
main|M|mixed|43|MOEA-NSGA2,2026-06-03T15:05:07,M_mixed_seed43,M,mixed,43,50043,50043,1.0,MOEA-NSGA2,solved,,4.063663,86.682529,86.682529,398.384758,300.958186,0.430344,11.677624,11.677624,1.005311,true,4,objective equals makespan; due-date/tardiness fields are not available in this instance format
main|M|mixed|46|B-CORE,2026-06-03T15:05:08,M_mixed_seed46,M,mixed,46,50046,50046,1.0,B-CORE,solved,,0.050493,77.839603,77.839603,440.395286,222.579589,0.335729,11.684352,11.684352,0.000356,true,4,objective equals makespan; due-date/tardiness fields are not available in this instance format
main|M|mixed|46|B-CORE-no-graph,2026-06-03T15:05:08,M_mixed_seed46,M,mixed,46,50046,50046,1.0,B-CORE-no-graph,solved,,0.050791,77.839603,77.839603,440.395286,222.579589,0.335729,11.684352,11.684352,0.000347,true,4,objective equals makespan; due-date/tardiness fields are not available in this instance format
main|M|mixed|46|B-CORE-no-bottleneck,2026-06-03T15:05:08,M_mixed_seed46,M,mixed,46,50046,50046,1.0,B-CORE-no-bottleneck,solved,,0.051888,80.873666,80.873666,420.352232,319.133046,0.431561,14.724439,14.724439,0.000299,true,4,objective equals makespan; due-date/tardiness fields are not available in this instance format
main|M|mixed|44|GA,2026-06-03T15:05:08,M_mixed_seed44,M,mixed,44,50044,50044,1.0,GA,solved,,4.055122,76.430439,76.430439,315.481607,303.314684,0.490169,11.603632,11.603632,1.008914,true,4,objective equals makespan; due-date/tardiness fields are not available in this instance format
main|M|mixed|44|LNS,2026-06-03T15:05:08,M_mixed_seed44,M,mixed,44,50044,50044,1.0,LNS,solved,,4.062852,71.843799,71.843799,345.909659,248.331569,0.417897,10.972083,10.972083,1.010347,true,4,objective equals makespan; due-date/tardiness fields are not available in this instance format
main|M|mixed|46|B-CORE-no-qp,2026-06-03T15:05:08,M_mixed_seed46,M,mixed,46,50046,50046,1.0,B-CORE-no-qp,solved,,0.049795,74.760816,74.760816,403.285304,235.005996,0.368180,12.210576,12.210576,0.000327,true,4,objective equals makespan; due-date/tardiness fields are not available in this instance format
main|M|mixed|46|MachineRank,2026-06-03T15:05:08,M_mixed_seed46,M,mixed,46,50046,50046,1.0,MachineRank,solved,,0.030911,87.874390,87.874390,426.189552,338.204121,0.442448,16.180616,16.180616,0.000074,true,4,objective equals makespan; due-date/tardiness fields are not available in this instance format
main|M|mixed|46|MOR,2026-06-03T15:05:08,M_mixed_seed46,M,mixed,46,50046,50046,1.0,MOR,solved,,0.024565,100.122255,100.122255,368.487667,299.470648,0.448337,9.812413,9.812413,0.000010,true,4,objective equals makespan; due-date/tardiness fields are not available in this instance format
main|M|mixed|46|B-CORE-no-transport,2026-06-03T15:05:08,M_mixed_seed46,M,mixed,46,50046,50046,1.0,B-CORE-no-transport,solved,,0.052309,96.140831,96.140831,452.593543,414.832294,0.478234,17.354490,17.354490,0.000321,true,4,objective equals makespan; due-date/tardiness fields are not available in this instance format
main|M|mixed|43|DCGA,2026-06-03T15:05:08,M_mixed_seed43,M,mixed,43,50043,50043,1.0,DCGA,solved,,5.098318,87.379530,87.379530,394.475514,308.372574,0.438747,13.108382,13.108382,1.015295,true,4,objective equals makespan; due-date/tardiness fields are not available in this instance format
main|M|mixed|45|LNS,2026-06-03T15:05:09,M_mixed_seed45,M,mixed,45,50045,50045,1.0,LNS,solved,,3.062841,86.337938,86.337938,412.467931,300.605005,0.421563,11.867362,11.867362,1.009398,true,4,objective equals makespan; due-date/tardiness fields are not available in this instance format
main|M|mixed|44|DCGA,2026-06-03T15:05:09,M_mixed_seed44,M,mixed,44,50044,50044,1.0,DCGA,solved,,4.056878,67.482294,67.482294,339.990207,257.274270,0.430754,10.877852,10.877852,1.009506,true,4,objective equals makespan; due-date/tardiness fields are not available in this instance format
main|M|mixed|47|B-CORE,2026-06-03T15:05:09,M_mixed_seed47,M,mixed,47,50047,50047,1.0,B-CORE,solved,,0.052871,83.499942,83.499942,447.170178,252.608446,0.360983,12.139641,12.139641,0.000313,true,4,objective equals makespan; due-date/tardiness fields are not available in this instance format
main|M|mixed|47|B-CORE-no-graph,2026-06-03T15:05:09,M_mixed_seed47,M,mixed,47,50047,50047,1.0,B-CORE-no-graph,solved,,0.053118,83.499942,83.499942,447.170178,252.608446,0.360983,12.139641,12.139641,0.000322,true,4,objective equals makespan; due-date/tardiness fields are not available in this instance format
main|M|mixed|45|GA,2026-06-03T15:05:09,M_mixed_seed45,M,mixed,45,50045,50045,1.0,GA,solved,,3.064214,83.088602,83.088602,360.449365,309.056402,0.461619,10.179791,10.179791,1.018614,true,4,objective equals makespan; due-date/tardiness fields are not available in this instance format
main|M|mixed|47|B-CORE-no-qp,2026-06-03T15:05:09,M_mixed_seed47,M,mixed,47,50047,50047,1.0,B-CORE-no-qp,solved,,0.034873,83.499942,83.499942,447.170178,252.608446,0.360983,12.139641,12.139641,0.000221,true,4,objective equals makespan; due-date/tardiness fields are not available in this instance format
main|M|mixed|47|B-CORE-no-bottleneck,2026-06-03T15:05:09,M_mixed_seed47,M,mixed,47,50047,50047,1.0,B-CORE-no-bottleneck,solved,,0.050624,81.610053,81.610053,452.612615,302.620999,0.400699,14.194710,14.194710,0.000344,true,4,objective equals makespan; due-date/tardiness fields are not available in this instance format
main|M|mixed|47|MachineRank,2026-06-03T15:05:09,M_mixed_seed47,M,mixed,47,50047,50047,1.0,MachineRank,solved,,0.022612,94.879300,94.879300,466.063323,339.358404,0.421342,14.847655,14.847655,0.000049,true,4,objective equals makespan; due-date/tardiness fields are not available in this instance format
main|M|mixed|47|B-CORE-no-transport,2026-06-03T15:05:09,M_mixed_seed47,M,mixed,47,50047,50047,1.0,B-CORE-no-transport,solved,,0.048490,102.870466,102.870466,476.936174,415.025394,0.465295,17.258746,17.258746,0.000356,true,4,objective equals makespan; due-date/tardiness fields are not available in this instance format
main|M|mixed|47|MOR,2026-06-03T15:05:09,M_mixed_seed47,M,mixed,47,50047,50047,1.0,MOR,solved,,0.016580,98.377439,98.377439,392.599005,302.213125,0.434957,10.425874,10.425874,0.000008,true,4,objective equals makespan; due-date/tardiness fields are not available in this instance format
main|M|mixed|44|SA,2026-06-03T15:05:09,M_mixed_seed44,M,mixed,44,50044,50044,1.0,SA,solved,,4.052235,78.627925,78.627925,355.170637,254.288424,0.417236,10.746922,10.746922,1.008389,true,4,objective equals makespan; due-date/tardiness fields are not available in this instance format
main|M|mixed|45|DCGA,2026-06-03T15:05:09,M_mixed_seed45,M,mixed,45,50045,50045,1.0,DCGA,solved,,3.049787,86.456580,86.456580,446.869841,280.650947,0.385763,10.780531,10.780531,1.005965,true,4,objective equals makespan; due-date/tardiness fields are not available in this instance format
main|M|mixed|44|MOEA-NSGA2,2026-06-03T15:05:09,M_mixed_seed44,M,mixed,44,50044,50044,1.0,MOEA-NSGA2,solved,,4.062220,78.233909,78.233909,355.483381,268.369219,0.430180,11.579586,11.579586,1.011458,true,4,objective equals makespan; due-date/tardiness fields are not available in this instance format
main|M|mixed|45|SA,2026-06-03T15:05:10,M_mixed_seed45,M,mixed,45,50045,50045,1.0,SA,solved,,3.063668,92.508158,92.508158,398.031810,301.746004,0.431203,11.946446,11.946446,1.016326,true,4,objective equals makespan; due-date/tardiness fields are not available in this instance format
main|M|mixed|48|B-CORE,2026-06-03T15:05:10,M_mixed_seed48,M,mixed,48,50048,50048,1.0,B-CORE,solved,,0.051188,76.249619,76.249619,363.676310,234.951048,0.392483,10.060981,10.060981,0.000350,true,4,objective equals makespan; due-date/tardiness fields are not available in this instance format
main|M|mixed|48|B-CORE-no-graph,2026-06-03T15:05:10,M_mixed_seed48,M,mixed,48,50048,50048,1.0,B-CORE-no-graph,solved,,0.050963,76.249619,76.249619,363.676310,234.951048,0.392483,10.060981,10.060981,0.000389,true,4,objective equals makespan; due-date/tardiness fields are not available in this instance format
main|M|mixed|48|B-CORE-no-bottleneck,2026-06-03T15:05:10,M_mixed_seed48,M,mixed,48,50048,50048,1.0,B-CORE-no-bottleneck,solved,,0.052555,79.620460,79.620460,386.446330,293.361849,0.431536,11.195051,11.195051,0.000359,true,4,objective equals makespan; due-date/tardiness fields are not available in this instance format
main|M|mixed|48|B-CORE-no-qp,2026-06-03T15:05:10,M_mixed_seed48,M,mixed,48,50048,50048,1.0,B-CORE-no-qp,solved,,0.053240,83.806221,83.806221,384.118747,279.466275,0.421146,11.176689,11.176689,0.000356,true,4,objective equals makespan; due-date/tardiness fields are not available in this instance format
main|M|mixed|48|B-CORE-no-transport,2026-06-03T15:05:10,M_mixed_seed48,M,mixed,48,50048,50048,1.0,B-CORE-no-transport,solved,,0.053785,100.701631,100.701631,454.488851,376.577865,0.453126,15.507081,15.507081,0.000361,true,4,objective equals makespan; due-date/tardiness fields are not available in this instance format
main|M|mixed|48|MachineRank,2026-06-03T15:05:10,M_mixed_seed48,M,mixed,48,50048,50048,1.0,MachineRank,solved,,0.031238,115.242254,115.242254,384.955020,305.287854,0.442290,10.959100,10.959100,0.000132,true,4,objective equals makespan; due-date/tardiness fields are not available in this instance format
main|M|mixed|48|MOR,2026-06-03T15:05:10,M_mixed_seed48,M,mixed,48,50048,50048,1.0,MOR,solved,,0.025781,113.593933,113.593933,419.963437,320.978989,0.433204,10.919708,10.919708,0.000013,true,4,objective equals makespan; due-date/tardiness fields are not available in this instance format
main|M|mixed|45|MOEA-NSGA2,2026-06-03T15:05:11,M_mixed_seed45,M,mixed,45,50045,50045,1.0,MOEA-NSGA2,solved,,3.068585,87.443477,87.443477,411.370537,311.726645,0.431099,11.967350,11.967350,1.013239,true,4,objective equals makespan; due-date/tardiness fields are not available in this instance format
main|M|mixed|46|LNS,2026-06-03T15:05:11,M_mixed_seed46,M,mixed,46,50046,50046,1.0,LNS,solved,,3.061383,86.880214,86.880214,423.681920,296.605077,0.411787,13.905447,13.905447,1.010601,true,4,objective equals makespan; due-date/tardiness fields are not available in this instance format
main|M|mixed|46|GA,2026-06-03T15:05:11,M_mixed_seed46,M,mixed,46,50046,50046,1.0,GA,solved,,3.044911,91.318970,91.318970,406.923782,325.605005,0.444494,11.323459,11.323459,1.006021,true,4,objective equals makespan; due-date/tardiness fields are not available in this instance format
main|M|mixed|47|MOEA-NSGA2,2026-06-03T15:05:11,M_mixed_seed47,M,mixed,47,50047,50047,1.0,MOEA-NSGA2,solved,,2.039938,92.736869,92.736869,428.139123,298.854380,0.411083,11.480948,11.480948,1.008693,true,4,objective equals makespan; due-date/tardiness fields are not available in this instance format
main|M|mixed|46|SA,2026-06-03T15:05:11,M_mixed_seed46,M,mixed,46,50046,50046,1.0,SA,solved,,3.041665,89.270458,89.270458,468.181184,278.489801,0.372975,13.896878,13.896878,1.006134,true,4,objective equals makespan; due-date/tardiness fields are not available in this instance format
main|M|mixed|49|B-CORE,2026-06-03T15:05:11,M_mixed_seed49,M,mixed,49,50049,50049,1.0,B-CORE,solved,,0.053130,86.454223,86.454223,426.799327,259.651851,0.378252,10.659467,10.659467,0.000282,true,4,objective equals makespan; due-date/tardiness fields are not available in this instance format
main|M|mixed|49|B-CORE-no-graph,2026-06-03T15:05:12,M_mixed_seed49,M,mixed,49,50049,50049,1.0,B-CORE-no-graph,solved,,0.053691,86.454223,86.454223,426.799327,259.651851,0.378252,10.659467,10.659467,0.000280,true,4,objective equals makespan; due-date/tardiness fields are not available in this instance format
main|M|mixed|49|B-CORE-no-bottleneck,2026-06-03T15:05:12,M_mixed_seed49,M,mixed,49,50049,50049,1.0,B-CORE-no-bottleneck,solved,,0.053185,86.364279,86.364279,442.477017,308.166413,0.410536,13.186274,13.186274,0.000281,true,4,objective equals makespan; due-date/tardiness fields are not available in this instance format
main|M|mixed|49|B-CORE-no-qp,2026-06-03T15:05:12,M_mixed_seed49,M,mixed,49,50049,50049,1.0,B-CORE-no-qp,solved,,0.051346,83.095342,83.095342,400.130075,269.236423,0.402226,10.659608,10.659608,0.000268,true,4,objective equals makespan; due-date/tardiness fields are not available in this instance format
main|M|mixed|49|B-CORE-no-transport,2026-06-03T15:05:12,M_mixed_seed49,M,mixed,49,50049,50049,1.0,B-CORE-no-transport,solved,,0.053401,95.710113,95.710113,469.927227,379.344278,0.446670,16.126969,16.126969,0.000305,true,4,objective equals makespan; due-date/tardiness fields are not available in this instance format
main|M|mixed|49|MachineRank,2026-06-03T15:05:12,M_mixed_seed49,M,mixed,49,50049,50049,1.0,MachineRank,solved,,0.032747,96.530051,96.530051,442.444153,296.251550,0.401047,12.139718,12.139718,0.000060,true,4,objective equals makespan; due-date/tardiness fields are not available in this instance format
main|M|mixed|49|MOR,2026-06-03T15:05:12,M_mixed_seed49,M,mixed,49,50049,50049,1.0,MOR,solved,,0.026881,100.751131,100.751131,449.064625,320.777259,0.416679,10.399870,10.399870,0.000011,true,4,objective equals makespan; due-date/tardiness fields are not available in this instance format
main|M|mixed|46|DCGA,2026-06-03T15:05:12,M_mixed_seed46,M,mixed,46,50046,50046,1.0,DCGA,solved,,4.048427,81.069121,81.069121,402.796266,280.569049,0.410570,12.881163,12.881163,1.004311,true,4,objective equals makespan; due-date/tardiness fields are not available in this instance format
main|M|mixed|46|MOEA-NSGA2,2026-06-03T15:05:12,M_mixed_seed46,M,mixed,46,50046,50046,1.0,MOEA-NSGA2,solved,,3.048906,85.232733,85.232733,418.683567,293.016534,0.411713,12.662358,12.662358,1.011317,true,4,objective equals makespan; due-date/tardiness fields are not available in this instance format
main|M|mixed|47|LNS,2026-06-03T15:05:12,M_mixed_seed47,M,mixed,47,50047,50047,1.0,LNS,solved,,3.032471,87.465326,87.465326,475.985999,267.710530,0.359973,14.436085,14.436085,1.003188,true,4,objective equals makespan; due-date/tardiness fields are not available in this instance format
main|M|mixed|47|GA,2026-06-03T15:05:12,M_mixed_seed47,M,mixed,47,50047,50047,1.0,GA,solved,,3.058227,90.337427,90.337427,413.969511,291.866625,0.413505,11.760902,11.760902,1.009043,true,4,objective equals makespan; due-date/tardiness fields are not available in this instance format
main|M|mixed|47|DCGA,2026-06-03T15:05:12,M_mixed_seed47,M,mixed,47,50047,50047,1.0,DCGA,solved,,3.060292,89.316417,89.316417,487.222159,341.117775,0.411809,14.279400,14.279400,1.014677,true,4,objective equals makespan; due-date/tardiness fields are not available in this instance format
main|M|mixed|50|B-CORE,2026-06-03T15:05:12,M_mixed_seed50,M,mixed,50,50050,50050,1.0,B-CORE,solved,,0.048255,73.770061,73.770061,375.538329,239.264487,0.389173,10.897172,10.897172,0.000284,true,4,objective equals makespan; due-date/tardiness fields are not available in this instance format
main|M|mixed|50|B-CORE-no-graph,2026-06-03T15:05:12,M_mixed_seed50,M,mixed,50,50050,50050,1.0,B-CORE-no-graph,solved,,0.048974,73.770061,73.770061,375.538329,239.264487,0.389173,10.897172,10.897172,0.000277,true,4,objective equals makespan; due-date/tardiness fields are not available in this instance format
main|M|mixed|47|SA,2026-06-03T15:05:12,M_mixed_seed47,M,mixed,47,50047,50047,1.0,SA,solved,,3.053480,95.443766,95.443766,449.525266,311.320690,0.409177,13.931797,13.931797,1.010046,true,4,objective equals makespan; due-date/tardiness fields are not available in this instance format
main|M|mixed|50|B-CORE-no-bottleneck,2026-06-03T15:05:12,M_mixed_seed50,M,mixed,50,50050,50050,1.0,B-CORE-no-bottleneck,solved,,0.048288,77.578969,77.578969,399.401824,254.806570,0.389488,12.537558,12.537558,0.000300,true,4,objective equals makespan; due-date/tardiness fields are not available in this instance format
main|M|mixed|50|B-CORE-no-qp,2026-06-03T15:05:12,M_mixed_seed50,M,mixed,50,50050,50050,1.0,B-CORE-no-qp,solved,,0.048463,73.033291,73.033291,382.609397,249.586962,0.394793,10.972699,10.972699,0.000281,true,4,objective equals makespan; due-date/tardiness fields are not available in this instance format
main|M|mixed|50|MachineRank,2026-06-03T15:05:12,M_mixed_seed50,M,mixed,50,50050,50050,1.0,MachineRank,solved,,0.029430,90.541971,90.541971,437.135595,366.367551,0.455963,15.449160,15.449160,0.000014,true,4,objective equals makespan; due-date/tardiness fields are not available in this instance format
main|M|mixed|50|B-CORE-no-transport,2026-06-03T15:05:12,M_mixed_seed50,M,mixed,50,50050,50050,1.0,B-CORE-no-transport,solved,,0.048862,82.200149,82.200149,415.002940,316.342249,0.432548,13.880334,13.880334,0.000248,true,4,objective equals makespan; due-date/tardiness fields are not available in this instance format
main|M|mixed|50|MOR,2026-06-03T15:05:12,M_mixed_seed50,M,mixed,50,50050,50050,1.0,MOR,solved,,0.022725,93.713322,93.713322,373.590823,291.338042,0.438149,10.419706,10.419706,0.000011,true,4,objective equals makespan; due-date/tardiness fields are not available in this instance format
main|M|mixed|48|LNS,2026-06-03T15:05:13,M_mixed_seed48,M,mixed,48,50048,50048,1.0,LNS,solved,,3.069510,85.712675,85.712675,417.751109,280.525995,0.401740,12.230424,12.230424,1.019773,true,4,objective equals makespan; due-date/tardiness fields are not available in this instance format
main|M|mixed|48|GA,2026-06-03T15:05:14,M_mixed_seed48,M,mixed,48,50048,50048,1.0,GA,solved,,3.074412,86.680750,86.680750,412.443840,298.933553,0.420218,11.670237,11.670237,1.015961,true,4,objective equals makespan; due-date/tardiness fields are not available in this instance format
main|M|mixed|48|DCGA,2026-06-03T15:05:14,M_mixed_seed48,M,mixed,48,50048,50048,1.0,DCGA,solved,,3.060011,77.154435,77.154435,355.546675,248.077049,0.410980,9.966701,9.966701,1.012234,true,4,objective equals makespan; due-date/tardiness fields are not available in this instance format
main|M|mixed|48|SA,2026-06-03T15:05:14,M_mixed_seed48,M,mixed,48,50048,50048,1.0,SA,solved,,3.063412,88.329215,88.329215,439.672832,287.285437,0.395188,12.070930,12.070930,1.010095,true,4,objective equals makespan; due-date/tardiness fields are not available in this instance format
main|M|mixed|51|B-CORE,2026-06-03T15:05:14,M_mixed_seed51,M,mixed,51,50051,50051,1.0,B-CORE,solved,,0.047285,71.668825,71.668825,390.201069,258.107550,0.398125,11.751628,11.751628,0.000339,true,4,objective equals makespan; due-date/tardiness fields are not available in this instance format
main|M|mixed|51|B-CORE-no-graph,2026-06-03T15:05:14,M_mixed_seed51,M,mixed,51,50051,50051,1.0,B-CORE-no-graph,solved,,0.047495,71.668825,71.668825,390.201069,258.107550,0.398125,11.751628,11.751628,0.000319,true,4,objective equals makespan; due-date/tardiness fields are not available in this instance format
main|M|mixed|51|B-CORE-no-bottleneck,2026-06-03T15:05:14,M_mixed_seed51,M,mixed,51,50051,50051,1.0,B-CORE-no-bottleneck,solved,,0.045984,78.436884,78.436884,406.020874,249.287890,0.380413,13.216418,13.216418,0.000311,true,4,objective equals makespan; due-date/tardiness fields are not available in this instance format
main|M|mixed|51|B-CORE-no-qp,2026-06-03T15:05:14,M_mixed_seed51,M,mixed,51,50051,50051,1.0,B-CORE-no-qp,solved,,0.047533,74.428494,74.428494,386.138273,253.107550,0.395947,11.653817,11.653817,0.000318,true,4,objective equals makespan; due-date/tardiness fields are not available in this instance format
main|M|mixed|51|B-CORE-no-transport,2026-06-03T15:05:14,M_mixed_seed51,M,mixed,51,50051,50051,1.0,B-CORE-no-transport,solved,,0.048889,87.043485,87.043485,456.575514,318.947537,0.411268,15.512775,15.512775,0.000305,true,4,objective equals makespan; due-date/tardiness fields are not available in this instance format
main|M|mixed|51|MachineRank,2026-06-03T15:05:14,M_mixed_seed51,M,mixed,51,50051,50051,1.0,MachineRank,solved,,0.028555,85.351486,85.351486,441.857893,342.910190,0.436957,15.131516,15.131516,0.000071,true,4,objective equals makespan; due-date/tardiness fields are not available in this instance format
main|M|mixed|51|MOR,2026-06-03T15:05:14,M_mixed_seed51,M,mixed,51,50051,50051,1.0,MOR,solved,,0.023449,92.767922,92.767922,415.848715,318.238800,0.433516,12.195578,12.195578,0.000009,true,4,objective equals makespan; due-date/tardiness fields are not available in this instance format
main|M|mixed|48|MOEA-NSGA2,2026-06-03T15:05:14,M_mixed_seed48,M,mixed,48,50048,50048,1.0,MOEA-NSGA2,solved,,3.042277,79.242254,79.242254,422.163826,262.578404,0.383470,11.846291,11.846291,1.003996,true,4,objective equals makespan; due-date/tardiness fields are not available in this instance format
main|M|mixed|49|LNS,2026-06-03T15:05:15,M_mixed_seed49,M,mixed,49,50049,50049,1.0,LNS,solved,,3.052078,91.438614,91.438614,440.413102,334.858630,0.431924,10.808894,10.808894,1.010088,true,4,objective equals makespan; due-date/tardiness fields are not available in this instance format
main|M|mixed|49|DCGA,2026-06-03T15:05:15,M_mixed_seed49,M,mixed,49,50049,50049,1.0,DCGA,solved,,3.070489,88.909140,88.909140,414.534997,313.215301,0.430388,10.113785,10.113785,1.015134,true,4,objective equals makespan; due-date/tardiness fields are not available in this instance format
main|M|mixed|49|SA,2026-06-03T15:05:15,M_mixed_seed49,M,mixed,49,50049,50049,1.0,SA,solved,,3.057616,100.057716,100.057716,446.697958,350.198099,0.439453,12.449671,12.449671,1.012884,true,4,objective equals makespan; due-date/tardiness fields are not available in this instance format
main|M|mixed|50|LNS,2026-06-03T15:05:16,M_mixed_seed50,M,mixed,50,50050,50050,1.0,LNS,solved,,3.045286,84.870618,84.870618,396.026854,289.072418,0.421942,13.291571,13.291571,1.007124,true,4,objective equals makespan; due-date/tardiness fields are not available in this instance format
main|M|mixed|50|GA,2026-06-03T15:05:16,M_mixed_seed50,M,mixed,50,50050,50050,1.0,GA,solved,,3.053708,84.863989,84.863989,404.819684,279.198359,0.408174,12.933623,12.933623,1.010385,true,4,objective equals makespan; due-date/tardiness fields are not available in this instance format
main|L|breakdown|42|B-CORE,2026-06-03T15:05:16,L_breakdown_seed42,L,breakdown,42,30042,30042,1.0,B-CORE,solved,,0.162491,157.391420,157.391420,1348.947403,828.489040,0.380488,22.186863,22.186863,0.000386,true,4,objective equals makespan; due-date/tardiness fields are not available in this instance format
main|L|breakdown|42|B-CORE-no-graph,2026-06-03T15:05:16,L_breakdown_seed42,L,breakdown,42,30042,30042,1.0,B-CORE-no-graph,solved,,0.173845,157.391420,157.391420,1348.947403,828.489040,0.380488,22.186863,22.186863,0.000465,true,4,objective equals makespan; due-date/tardiness fields are not available in this instance format
main|L|breakdown|42|B-CORE-no-bottleneck,2026-06-03T15:05:16,L_breakdown_seed42,L,breakdown,42,30042,30042,1.0,B-CORE-no-bottleneck,solved,,0.170565,173.799398,173.799398,1519.342275,992.287259,0.395077,28.279573,28.279573,0.000342,true,4,objective equals makespan; due-date/tardiness fields are not available in this instance format
main|L|breakdown|42|B-CORE-no-qp,2026-06-03T15:05:16,L_breakdown_seed42,L,breakdown,42,30042,30042,1.0,B-CORE-no-qp,solved,,0.175605,153.181517,153.181517,1391.857524,792.174417,0.362712,22.756837,22.756837,0.000393,true,4,objective equals makespan; due-date/tardiness fields are not available in this instance format
main|L|breakdown|42|MachineRank,2026-06-03T15:05:16,L_breakdown_seed42,L,breakdown,42,30042,30042,1.0,MachineRank,solved,,0.127735,205.552260,205.552260,1566.846049,1250.879616,0.443932,28.914975,28.914975,0.000217,true,4,objective equals makespan; due-date/tardiness fields are not available in this instance format
main|L|breakdown|42|B-CORE-no-transport,2026-06-03T15:05:16,L_breakdown_seed42,L,breakdown,42,30042,30042,1.0,B-CORE-no-transport,solved,,0.199339,210.046529,210.046529,1684.804949,1433.297587,0.459670,35.407918,35.407918,0.000511,true,4,objective equals makespan; due-date/tardiness fields are not available in this instance format
main|L|breakdown|42|MOR,2026-06-03T15:05:16,L_breakdown_seed42,L,breakdown,42,30042,30042,1.0,MOR,solved,,0.100559,191.158843,191.158843,1398.186889,1135.918703,0.448252,23.381976,23.381976,0.000015,true,4,objective equals makespan; due-date/tardiness fields are not available in this instance format
main|M|mixed|49|MOEA-NSGA2,2026-06-03T15:05:16,M_mixed_seed49,M,mixed,49,50049,50049,1.0,MOEA-NSGA2,solved,,4.057212,91.218667,91.218667,432.008994,327.350630,0.431088,10.619320,10.619320,1.008040,true,4,objective equals makespan; due-date/tardiness fields are not available in this instance format
main|M|mixed|49|GA,2026-06-03T15:05:17,M_mixed_seed49,M,mixed,49,50049,50049,1.0,GA,solved,,5.090600,100.298408,100.298408,444.587842,341.884461,0.434706,10.995382,10.995382,1.012548,true,4,objective equals makespan; due-date/tardiness fields are not available in this instance format
main|M|mixed|51|LNS,2026-06-03T15:05:17,M_mixed_seed51,M,mixed,51,50051,50051,1.0,LNS,solved,,3.058307,80.592114,80.592114,423.996282,257.987589,0.378290,12.635944,12.635944,1.011363,true,4,objective equals makespan; due-date/tardiness fields are not available in this instance format
main|M|mixed|51|GA,2026-06-03T15:05:17,M_mixed_seed51,M,mixed,51,50051,50051,1.0,GA,solved,,3.042603,87.603801,87.603801,449.414582,285.974491,0.388875,13.083159,13.083159,1.002335,true,4,objective equals makespan; due-date/tardiness fields are not available in this instance format
main|M|mixed|50|DCGA,2026-06-03T15:05:17,M_mixed_seed50,M,mixed,50,50050,50050,1.0,DCGA,solved,,4.049346,86.459613,86.459613,438.692519,321.640153,0.423026,13.543030,13.543030,1.008469,true,4,objective equals makespan; due-date/tardiness fields are not available in this instance format
main|M|mixed|50|SA,2026-06-03T15:05:18,M_mixed_seed50,M,mixed,50,50050,50050,1.0,SA,solved,,4.058085,92.863652,92.863652,417.499556,350.911998,0.456672,13.363902,13.363902,1.006846,true,4,objective equals makespan; due-date/tardiness fields are not available in this instance format
main|L|breakdown|43|B-CORE,2026-06-03T15:05:18,L_breakdown_seed43,L,breakdown,43,30043,30043,1.0,B-CORE,solved,,0.191112,148.770709,148.770709,1442.975740,712.965644,0.330698,21.769182,21.769182,0.000445,true,4,objective equals makespan; due-date/tardiness fields are not available in this instance format
main|L|breakdown|43|B-CORE-no-graph,2026-06-03T15:05:18,L_breakdown_seed43,L,breakdown,43,30043,30043,1.0,B-CORE-no-graph,solved,,0.191827,148.770709,148.770709,1442.975740,712.965644,0.330698,21.769182,21.769182,0.000442,true,4,objective equals makespan; due-date/tardiness fields are not available in this instance format
main|L|breakdown|43|B-CORE-no-bottleneck,2026-06-03T15:05:18,L_breakdown_seed43,L,breakdown,43,30043,30043,1.0,B-CORE-no-bottleneck,solved,,0.191549,169.065726,169.065726,1511.877196,878.574676,0.367535,27.196550,27.196550,0.000509,true,4,objective equals makespan; due-date/tardiness fields are not available in this instance format
main|M|mixed|51|DCGA,2026-06-03T15:05:18,M_mixed_seed51,M,mixed,51,50051,50051,1.0,DCGA,solved,,3.050175,80.023789,80.023789,409.387977,267.708168,0.395377,11.591890,11.591890,1.008226,true,4,objective equals makespan; due-date/tardiness fields are not available in this instance format
main|L|breakdown|43|B-CORE-no-qp,2026-06-03T15:05:18,L_breakdown_seed43,L,breakdown,43,30043,30043,1.0,B-CORE-no-qp,solved,,0.191963,159.969161,159.969161,1466.225566,677.654115,0.316088,20.803494,20.803494,0.000623,true,4,objective equals makespan; due-date/tardiness fields are not available in this instance format
main|M|mixed|50|MOEA-NSGA2,2026-06-03T15:05:18,M_mixed_seed50,M,mixed,50,50050,50050,1.0,MOEA-NSGA2,solved,,4.062049,86.844693,86.844693,425.889528,322.016257,0.430557,13.609604,13.609604,1.007857,true,4,objective equals makespan; due-date/tardiness fields are not available in this instance format
main|L|breakdown|43|B-CORE-no-transport,2026-06-03T15:05:18,L_breakdown_seed43,L,breakdown,43,30043,30043,1.0,B-CORE-no-transport,solved,,0.193503,215.160843,215.160843,1700.131704,1431.804244,0.457163,36.046478,36.046478,0.000551,true,4,objective equals makespan; due-date/tardiness fields are not available in this instance format
main|M|mixed|51|SA,2026-06-03T15:05:18,M_mixed_seed51,M,mixed,51,50051,50051,1.0,SA,solved,,3.043174,80.303080,80.303080,407.148962,303.731535,0.427261,13.121213,13.121213,1.004250,true,4,objective equals makespan; due-date/tardiness fields are not available in this instance format
main|L|breakdown|43|MOR,2026-06-03T15:05:18,L_breakdown_seed43,L,breakdown,43,30043,30043,1.0,MOR,solved,,0.093614,170.464416,170.464416,1256.358524,1058.925153,0.457363,22.029077,22.029077,0.000012,true,4,objective equals makespan; due-date/tardiness fields are not available in this instance format
main|L|breakdown|43|MachineRank,2026-06-03T15:05:18,L_breakdown_seed43,L,breakdown,43,30043,30043,1.0,MachineRank,solved,,0.114967,201.415838,201.415838,1553.038914,1340.610215,0.463294,30.013700,30.013700,0.000151,true,4,objective equals makespan; due-date/tardiness fields are not available in this instance format
main|L|breakdown|44|B-CORE,2026-06-03T15:05:18,L_breakdown_seed44,L,breakdown,44,30044,30044,1.0,B-CORE,solved,,0.156925,149.947894,149.947894,1327.083181,715.730209,0.350365,20.971173,20.971173,0.000278,true,3,objective equals makespan; due-date/tardiness fields are not available in this instance format
main|M|mixed|51|MOEA-NSGA2,2026-06-03T15:05:18,M_mixed_seed51,M,mixed,51,50051,50051,1.0,MOEA-NSGA2,solved,,3.056058,82.055797,82.055797,416.156150,332.125806,0.443851,12.328033,12.328033,1.006861,true,4,objective equals makespan; due-date/tardiness fields are not available in this instance format
main|L|breakdown|44|B-CORE-no-graph,2026-06-03T15:05:18,L_breakdown_seed44,L,breakdown,44,30044,30044,1.0,B-CORE-no-graph,solved,,0.137511,149.947894,149.947894,1327.083181,715.730209,0.350365,20.971173,20.971173,0.000399,true,3,objective equals makespan; due-date/tardiness fields are not available in this instance format
main|L|breakdown|44|B-CORE-no-bottleneck,2026-06-03T15:05:18,L_breakdown_seed44,L,breakdown,44,30044,30044,1.0,B-CORE-no-bottleneck,solved,,0.151085,158.012901,158.012901,1374.402174,887.241963,0.392300,26.483219,26.483219,0.000266,true,3,objective equals makespan; due-date/tardiness fields are not available in this instance format
main|L|breakdown|44|B-CORE-no-qp,2026-06-03T15:05:18,L_breakdown_seed44,L,breakdown,44,30044,30044,1.0,B-CORE-no-qp,solved,,0.148704,160.534725,160.534725,1317.223890,780.792082,0.372157,20.874563,20.874563,0.000311,true,3,objective equals makespan; due-date/tardiness fields are not available in this instance format
main|L|breakdown|44|MachineRank,2026-06-03T15:05:18,L_breakdown_seed44,L,breakdown,44,30044,30044,1.0,MachineRank,solved,,0.114491,197.761564,197.761564,1404.456684,1197.506196,0.460232,28.267235,28.267235,0.000179,true,4,objective equals makespan; due-date/tardiness fields are not available in this instance format
main|L|breakdown|44|B-CORE-no-transport,2026-06-03T15:05:19,L_breakdown_seed44,L,breakdown,44,30044,30044,1.0,B-CORE-no-transport,solved,,0.188106,217.759446,217.759446,1695.609594,1538.735967,0.475749,38.442268,38.442268,0.000432,true,3,objective equals makespan; due-date/tardiness fields are not available in this instance format
main|L|breakdown|44|MOR,2026-06-03T15:05:19,L_breakdown_seed44,L,breakdown,44,30044,30044,1.0,MOR,solved,,0.088115,176.053621,176.053621,1270.119332,1006.738020,0.442161,21.449493,21.449493,0.000011,true,3,objective equals makespan; due-date/tardiness fields are not available in this instance format
main|L|breakdown|42|LNS,2026-06-03T15:05:20,L_breakdown_seed42,L,breakdown,42,30042,30042,1.0,LNS,solved,,4.286723,228.445020,228.445020,1720.227345,1463.117313,0.459616,31.429440,31.429440,1.047513,true,4,objective equals makespan; due-date/tardiness fields are not available in this instance format
main|L|breakdown|42|DCGA,2026-06-03T15:05:20,L_breakdown_seed42,L,breakdown,42,30042,30042,1.0,DCGA,solved,,4.299860,209.178600,209.178600,1523.525141,1289.153054,0.458336,25.254455,25.254455,1.039070,true,4,objective equals makespan; due-date/tardiness fields are not available in this instance format
main|L|breakdown|43|LNS,2026-06-03T15:05:21,L_breakdown_seed43,L,breakdown,43,30043,30043,1.0,LNS,solved,,3.193804,217.388289,217.388289,1682.746834,1374.757890,0.449634,28.998115,28.998115,1.044828,true,4,objective equals makespan; due-date/tardiness fields are not available in this instance format
main|L|breakdown|43|GA,2026-06-03T15:05:21,L_breakdown_seed43,L,breakdown,43,30043,30043,1.0,GA,solved,,3.187392,212.745293,212.745293,1522.236475,1343.953284,0.468899,27.828770,27.828770,1.044510,true,4,objective equals makespan; due-date/tardiness fields are not available in this instance format
main|L|breakdown|43|DCGA,2026-06-03T15:05:21,L_breakdown_seed43,L,breakdown,43,30043,30043,1.0,DCGA,solved,,3.204491,215.660906,215.660906,1589.361562,1304.421544,0.450767,28.276415,28.276415,1.034148,true,4,objective equals makespan; due-date/tardiness fields are not available in this instance format
main|L|breakdown|43|MOEA-NSGA2,2026-06-03T15:05:21,L_breakdown_seed43,L,breakdown,43,30043,30043,1.0,MOEA-NSGA2,solved,,3.168511,221.649046,221.649046,1554.882507,1413.897460,0.476255,29.559284,29.559284,1.027982,true,4,objective equals makespan; due-date/tardiness fields are not available in this instance format
main|L|breakdown|42|SA,2026-06-03T15:05:21,L_breakdown_seed42,L,breakdown,42,30042,30042,1.0,SA,solved,,4.272790,233.868512,233.868512,1799.454498,1377.126791,0.433525,30.172173,30.172173,1.046226,true,4,objective equals makespan; due-date/tardiness fields are not available in this instance format
main|L|breakdown|43|SA,2026-06-03T15:05:21,L_breakdown_seed43,L,breakdown,43,30043,30043,1.0,SA,solved,,3.295919,220.925484,220.925484,1689.366656,1484.975832,0.467806,31.126829,31.126829,1.059494,true,4,objective equals makespan; due-date/tardiness fields are not available in this instance format
main|L|breakdown|45|B-CORE,2026-06-03T15:05:21,L_breakdown_seed45,L,breakdown,45,30045,30045,1.0,B-CORE,solved,,0.192143,170.287718,170.287718,1490.909560,900.910102,0.376663,25.605945,25.605945,0.000431,true,4,objective equals makespan; due-date/tardiness fields are not available in this instance format
main|L|breakdown|45|B-CORE-no-graph,2026-06-03T15:05:21,L_breakdown_seed45,L,breakdown,45,30045,30045,1.0,B-CORE-no-graph,solved,,0.190347,170.287718,170.287718,1490.909560,900.910102,0.376663,25.605945,25.605945,0.000435,true,4,objective equals makespan; due-date/tardiness fields are not available in this instance format
main|L|breakdown|45|B-CORE-no-bottleneck,2026-06-03T15:05:21,L_breakdown_seed45,L,breakdown,45,30045,30045,1.0,B-CORE-no-bottleneck,solved,,0.201208,176.243080,176.243080,1590.798079,934.235750,0.369989,28.639659,28.639659,0.000512,true,4,objective equals makespan; due-date/tardiness fields are not available in this instance format
main|L|breakdown|45|B-CORE-no-qp,2026-06-03T15:05:21,L_breakdown_seed45,L,breakdown,45,30045,30045,1.0,B-CORE-no-qp,solved,,0.195522,165.861741,165.861741,1530.433376,810.930521,0.346350,25.223546,25.223546,0.000481,true,4,objective equals makespan; due-date/tardiness fields are not available in this instance format
main|L|breakdown|45|MachineRank,2026-06-03T15:05:21,L_breakdown_seed45,L,breakdown,45,30045,30045,1.0,MachineRank,solved,,0.125218,199.453873,199.453873,1549.382185,1240.852187,0.444713,31.572308,31.572308,0.000019,true,4,objective equals makespan; due-date/tardiness fields are not available in this instance format
main|L|breakdown|45|MOR,2026-06-03T15:05:21,L_breakdown_seed45,L,breakdown,45,30045,30045,1.0,MOR,solved,,0.103069,192.292674,192.292674,1479.636215,1253.184397,0.458568,26.148376,26.148376,0.000016,true,4,objective equals makespan; due-date/tardiness fields are not available in this instance format
main|L|breakdown|42|GA,2026-06-03T15:05:21,L_breakdown_seed42,L,breakdown,42,30042,30042,1.0,GA,solved,,5.280163,222.976406,222.976406,1441.012356,1185.709642,0.451403,24.182007,24.182007,1.043071,true,4,objective equals makespan; due-date/tardiness fields are not available in this instance format
main|L|breakdown|45|B-CORE-no-transport,2026-06-03T15:05:21,L_breakdown_seed45,L,breakdown,45,30045,30045,1.0,B-CORE-no-transport,solved,,0.204083,207.995071,207.995071,1717.724189,1439.748206,0.455981,37.574358,37.574358,0.000517,true,4,objective equals makespan; due-date/tardiness fields are not available in this instance format
main|L|breakdown|46|B-CORE,2026-06-03T15:05:22,L_breakdown_seed46,L,breakdown,46,30046,30046,1.0,B-CORE,solved,,0.169727,146.363584,146.363584,1183.852255,695.595955,0.370106,20.672320,20.672320,0.000505,true,4,objective equals makespan; due-date/tardiness fields are not available in this instance format
main|L|breakdown|44|LNS,2026-06-03T15:05:22,L_breakdown_seed44,L,breakdown,44,30044,30044,1.0,LNS,solved,,3.181446,207.824235,207.824235,1690.669661,1418.879828,0.456298,29.382712,29.382712,1.038245,true,4,objective equals makespan; due-date/tardiness fields are not available in this instance format
main|L|breakdown|46|B-CORE-no-graph,2026-06-03T15:05:22,L_breakdown_seed46,L,breakdown,46,30046,30046,1.0,B-CORE-no-graph,solved,,0.165348,146.363584,146.363584,1183.852255,695.595955,0.370106,20.672320,20.672320,0.000455,true,4,objective equals makespan; due-date/tardiness fields are not available in this instance format
main|L|breakdown|46|B-CORE-no-bottleneck,2026-06-03T15:05:22,L_breakdown_seed46,L,breakdown,46,30046,30046,1.0,B-CORE-no-bottleneck,solved,,0.169577,155.072570,155.072570,1308.173461,879.480020,0.402020,25.796037,25.796037,0.000453,true,4,objective equals makespan; due-date/tardiness fields are not available in this instance format
main|L|breakdown|46|B-CORE-no-qp,2026-06-03T15:05:22,L_breakdown_seed46,L,breakdown,46,30046,30046,1.0,B-CORE-no-qp,solved,,0.165333,155.145514,155.145514,1322.458576,667.258797,0.335354,22.236110,22.236110,0.000384,true,4,objective equals makespan; due-date/tardiness fields are not available in this instance format
main|L|breakdown|46|MachineRank,2026-06-03T15:05:22,L_breakdown_seed46,L,breakdown,46,30046,30046,1.0,MachineRank,solved,,0.109309,226.797932,226.797932,1482.458931,1216.498575,0.450729,29.102808,29.102808,0.000198,true,4,objective equals makespan; due-date/tardiness fields are not available in this instance format
main|L|breakdown|46|B-CORE-no-transport,2026-06-03T15:05:22,L_breakdown_seed46,L,breakdown,46,30046,30046,1.0,B-CORE-no-transport,solved,,0.182124,195.859512,195.859512,1557.782772,1374.912472,0.468822,36.722348,36.722348,0.000446,true,4,objective equals makespan; due-date/tardiness fields are not available in this instance format
main|L|breakdown|46|MOR,2026-06-03T15:05:22,L_breakdown_seed46,L,breakdown,46,30046,30046,1.0,MOR,solved,,0.084635,217.528578,217.528578,1264.189531,1032.019993,0.449445,23.898815,23.898815,0.000014,true,4,objective equals makespan; due-date/tardiness fields are not available in this instance format
main|L|breakdown|42|MOEA-NSGA2,2026-06-03T15:05:23,L_breakdown_seed42,L,breakdown,42,30042,30042,1.0,MOEA-NSGA2,solved,,5.363221,224.556855,224.556855,1601.803370,1321.165039,0.451994,27.131418,27.131418,1.064011,true,4,objective equals makespan; due-date/tardiness fields are not available in this instance format
main|L|breakdown|44|GA,2026-06-03T15:05:23,L_breakdown_seed44,L,breakdown,44,30044,30044,1.0,GA,solved,,4.357568,214.737584,214.737584,1526.821070,1276.443744,0.455342,26.707638,26.707638,1.068294,true,3,objective equals makespan; due-date/tardiness fields are not available in this instance format
main|L|breakdown|44|SA,2026-06-03T15:05:24,L_breakdown_seed44,L,breakdown,44,30044,30044,1.0,SA,solved,,3.289271,215.600292,215.600292,1708.578731,1228.931623,0.418358,27.817161,27.817161,1.057665,true,3,objective equals makespan; due-date/tardiness fields are not available in this instance format
main|L|breakdown|45|GA,2026-06-03T15:05:25,L_breakdown_seed45,L,breakdown,45,30045,30045,1.0,GA,solved,,3.261575,218.706450,218.706450,1629.581347,1286.724422,0.441217,28.154720,28.154720,1.052007,true,4,objective equals makespan; due-date/tardiness fields are not available in this instance format
main|L|breakdown|44|DCGA,2026-06-03T15:05:25,L_breakdown_seed44,L,breakdown,44,30044,30044,1.0,DCGA,solved,,4.294307,202.225621,202.225621,1480.469350,1199.213208,0.447521,23.804403,23.804403,1.044878,true,3,objective equals makespan; due-date/tardiness fields are not available in this instance format
main|L|breakdown|45|MOEA-NSGA2,2026-06-03T15:05:25,L_breakdown_seed45,L,breakdown,45,30045,30045,1.0,MOEA-NSGA2,solved,,3.270333,218.706450,218.706450,1629.581347,1286.724422,0.441217,28.154720,28.154720,1.051105,true,4,objective equals makespan; due-date/tardiness fields are not available in this instance format
main|L|breakdown|47|B-CORE,2026-06-03T15:05:25,L_breakdown_seed47,L,breakdown,47,30047,30047,1.0,B-CORE,solved,,0.211924,148.416481,148.416481,1414.476488,755.461515,0.348149,21.182537,21.182537,0.000452,true,4,objective equals makespan; due-date/tardiness fields are not available in this instance format
main|L|breakdown|47|B-CORE-no-graph,2026-06-03T15:05:25,L_breakdown_seed47,L,breakdown,47,30047,30047,1.0,B-CORE-no-graph,solved,,0.201391,148.416481,148.416481,1414.476488,755.461515,0.348149,21.182537,21.182537,0.000445,true,4,objective equals makespan; due-date/tardiness fields are not available in this instance format
main|L|breakdown|47|B-CORE-no-bottleneck,2026-06-03T15:05:25,L_breakdown_seed47,L,breakdown,47,30047,30047,1.0,B-CORE-no-bottleneck,solved,,0.201484,161.583494,161.583494,1483.762016,954.372022,0.391435,25.876908,25.876908,0.000641,true,4,objective equals makespan; due-date/tardiness fields are not available in this instance format
main|L|breakdown|47|B-CORE-no-qp,2026-06-03T15:05:25,L_breakdown_seed47,L,breakdown,47,30047,30047,1.0,B-CORE-no-qp,solved,,0.199667,145.518381,145.518381,1404.423314,687.981583,0.328799,20.440341,20.440341,0.000431,true,4,objective equals makespan; due-date/tardiness fields are not available in this instance format
main|L|breakdown|47|MachineRank,2026-06-03T15:05:25,L_breakdown_seed47,L,breakdown,47,30047,30047,1.0,MachineRank,solved,,0.129833,194.341613,194.341613,1475.049734,1250.766566,0.458859,27.345472,27.345472,0.000175,true,4,objective equals makespan; due-date/tardiness fields are not available in this instance format
main|L|breakdown|47|B-CORE-no-transport,2026-06-03T15:05:25,L_breakdown_seed47,L,breakdown,47,30047,30047,1.0,B-CORE-no-transport,solved,,0.206331,203.596449,203.596449,1663.357312,1413.011116,0.459311,34.321414,34.321414,0.000465,true,4,objective equals makespan; due-date/tardiness fields are not available in this instance format
main|L|breakdown|47|MOR,2026-06-03T15:05:25,L_breakdown_seed47,L,breakdown,47,30047,30047,1.0,MOR,solved,,0.107669,214.429501,214.429501,1579.698342,1284.525686,0.448472,24.576914,24.576914,0.000018,true,4,objective equals makespan; due-date/tardiness fields are not available in this instance format
main|L|breakdown|46|LNS,2026-06-03T15:05:25,L_breakdown_seed46,L,breakdown,46,30046,30046,1.0,LNS,solved,,3.205628,207.401888,207.401888,1500.750446,1216.517408,0.447699,27.826593,27.826593,1.041749,true,4,objective equals makespan; due-date/tardiness fields are not available in this instance format
main|L|breakdown|46|GA,2026-06-03T15:05:25,L_breakdown_seed46,L,breakdown,46,30046,30046,1.0,GA,solved,,3.216592,208.463059,208.463059,1478.673695,1088.365473,0.423977,24.689665,24.689665,1.050116,true,4,objective equals makespan; due-date/tardiness fields are not available in this instance format
main|L|breakdown|44|MOEA-NSGA2,2026-06-03T15:05:25,L_breakdown_seed44,L,breakdown,44,30044,30044,1.0,MOEA-NSGA2,solved,,4.358096,203.337259,203.337259,1604.057224,1372.066188,0.461025,28.350375,28.350375,1.065755,true,3,objective equals makespan; due-date/tardiness fields are not available in this instance format
main|L|breakdown|48|B-CORE,2026-06-03T15:05:26,L_breakdown_seed48,L,breakdown,48,30048,30048,1.0,B-CORE,solved,,0.179664,153.300778,153.300778,1258.336155,737.482731,0.369514,21.168458,21.168458,0.000418,true,4,objective equals makespan; due-date/tardiness fields are not available in this instance format
main|L|breakdown|45|DCGA,2026-06-03T15:05:26,L_breakdown_seed45,L,breakdown,45,30045,30045,1.0,DCGA,solved,,4.295609,219.185944,219.185944,1629.774175,1278.540203,0.439616,29.191946,29.191946,1.042646,true,4,objective equals makespan; due-date/tardiness fields are not available in this instance format
main|L|breakdown|46|DCGA,2026-06-03T15:05:26,L_breakdown_seed46,L,breakdown,46,30046,30046,1.0,DCGA,solved,,3.163361,192.289587,192.289587,1541.801380,1248.821874,0.447506,27.770149,27.770149,1.013184,true,4,objective equals makespan; due-date/tardiness fields are not available in this instance format
main|L|breakdown|48|B-CORE-no-graph,2026-06-03T15:05:26,L_breakdown_seed48,L,breakdown,48,30048,30048,1.0,B-CORE-no-graph,solved,,0.181315,153.300778,153.300778,1258.336155,737.482731,0.369514,21.168458,21.168458,0.000479,true,4,objective equals makespan; due-date/tardiness fields are not available in this instance format
main|L|breakdown|48|B-CORE-no-bottleneck,2026-06-03T15:05:26,L_breakdown_seed48,L,breakdown,48,30048,30048,1.0,B-CORE-no-bottleneck,solved,,0.189919,168.499215,168.499215,1365.807177,888.422620,0.394114,26.929159,26.929159,0.000405,true,4,objective equals makespan; due-date/tardiness fields are not available in this instance format
main|L|breakdown|48|B-CORE-no-qp,2026-06-03T15:05:26,L_breakdown_seed48,L,breakdown,48,30048,30048,1.0,B-CORE-no-qp,solved,,0.179666,153.300778,153.300778,1258.336155,737.482731,0.369514,21.168458,21.168458,0.000424,true,4,objective equals makespan; due-date/tardiness fields are not available in this instance format
main|L|breakdown|48|MOR,2026-06-03T15:05:26,L_breakdown_seed48,L,breakdown,48,30048,30048,1.0,MOR,solved,,0.094267,213.997678,213.997678,1364.867587,1143.289289,0.455828,24.766041,24.766041,0.000014,true,4,objective equals makespan; due-date/tardiness fields are not available in this instance format
main|L|breakdown|48|B-CORE-no-transport,2026-06-03T15:05:26,L_breakdown_seed48,L,breakdown,48,30048,30048,1.0,B-CORE-no-transport,solved,,0.190038,199.395423,199.395423,1607.907330,1350.364813,0.456471,35.115990,35.115990,0.000512,true,4,objective equals makespan; due-date/tardiness fields are not available in this instance format
main|L|breakdown|48|MachineRank,2026-06-03T15:05:26,L_breakdown_seed48,L,breakdown,48,30048,30048,1.0,MachineRank,solved,,0.118294,199.217163,199.217163,1547.087458,1302.974669,0.457174,31.924039,31.924039,0.000247,true,4,objective equals makespan; due-date/tardiness fields are not available in this instance format
main|L|breakdown|46|SA,2026-06-03T15:05:26,L_breakdown_seed46,L,breakdown,46,30046,30046,1.0,SA,solved,,3.252585,190.504845,190.504845,1571.740847,1196.514020,0.432227,28.434857,28.434857,1.065025,true,4,objective equals makespan; due-date/tardiness fields are not available in this instance format
main|L|breakdown|45|LNS,2026-06-03T15:05:27,L_breakdown_seed45,L,breakdown,45,30045,30045,1.0,LNS,solved,,5.408781,236.600829,236.600829,1767.561269,1334.421627,0.430183,31.022377,31.022377,1.054184,true,4,objective equals makespan; due-date/tardiness fields are not available in this instance format
main|L|breakdown|45|SA,2026-06-03T15:05:27,L_breakdown_seed45,L,breakdown,45,30045,30045,1.0,SA,solved,,5.397534,220.472412,220.472412,1692.166882,1339.029840,0.441750,29.810018,29.810018,1.055278,true,4,objective equals makespan; due-date/tardiness fields are not available in this instance format
main|L|breakdown|46|MOEA-NSGA2,2026-06-03T15:05:27,L_breakdown_seed46,L,breakdown,46,30046,30046,1.0,MOEA-NSGA2,solved,,3.155928,208.463059,208.463059,1478.673695,1088.365473,0.423977,24.689665,24.689665,1.020870,true,4,objective equals makespan; due-date/tardiness fields are not available in this instance format
main|L|breakdown|49|B-CORE,2026-06-03T15:05:27,L_breakdown_seed49,L,breakdown,49,30049,30049,1.0,B-CORE,solved,,0.179137,145.958554,145.958554,1292.151813,766.956532,0.372470,21.772656,21.772656,0.000461,true,4,objective equals makespan; due-date/tardiness fields are not available in this instance format
main|L|breakdown|49|B-CORE-no-graph,2026-06-03T15:05:27,L_breakdown_seed49,L,breakdown,49,30049,30049,1.0,B-CORE-no-graph,solved,,0.177436,145.958554,145.958554,1292.151813,766.956532,0.372470,21.772656,21.772656,0.000432,true,4,objective equals makespan; due-date/tardiness fields are not available in this instance format
main|L|breakdown|49|B-CORE-no-bottleneck,2026-06-03T15:05:27,L_breakdown_seed49,L,breakdown,49,30049,30049,1.0,B-CORE-no-bottleneck,solved,,0.181322,153.064550,153.064550,1338.131677,827.193068,0.382018,25.346529,25.346529,0.000449,true,4,objective equals makespan; due-date/tardiness fields are not available in this instance format
main|L|breakdown|49|B-CORE-no-qp,2026-06-03T15:05:27,L_breakdown_seed49,L,breakdown,49,30049,30049,1.0,B-CORE-no-qp,solved,,0.175123,145.803314,145.803314,1239.622586,781.204227,0.386577,20.927638,20.927638,0.000447,true,4,objective equals makespan; due-date/tardiness fields are not available in this instance format
main|L|breakdown|49|B-CORE-no-transport,2026-06-03T15:05:27,L_breakdown_seed49,L,breakdown,49,30049,30049,1.0,B-CORE-no-transport,solved,,0.181168,185.065421,185.065421,1551.855787,1284.669610,0.452903,34.038548,34.038548,0.000384,true,4,objective equals makespan; due-date/tardiness fields are not available in this instance format
main|L|breakdown|49|MachineRank,2026-06-03T15:05:27,L_breakdown_seed49,L,breakdown,49,30049,30049,1.0,MachineRank,solved,,0.112540,199.657883,199.657883,1574.509001,1300.446108,0.452336,29.901567,29.901567,0.000100,true,4,objective equals makespan; due-date/tardiness fields are not available in this instance format
main|L|breakdown|49|MOR,2026-06-03T15:05:27,L_breakdown_seed49,L,breakdown,49,30049,30049,1.0,MOR,solved,,0.087659,218.572649,218.572649,1377.013659,1145.096525,0.454023,22.988156,22.988156,0.000013,true,4,objective equals makespan; due-date/tardiness fields are not available in this instance format
main|L|breakdown|48|GA,2026-06-03T15:05:29,L_breakdown_seed48,L,breakdown,48,30048,30048,1.0,GA,solved,,3.183968,245.293435,245.293435,1672.379435,1420.939821,0.459358,27.403072,27.403072,1.022913,true,4,objective equals makespan; due-date/tardiness fields are not available in this instance format
main|L|breakdown|48|LNS,2026-06-03T15:05:29,L_breakdown_seed48,L,breakdown,48,30048,30048,1.0,LNS,solved,,3.249980,214.662145,214.662145,1522.453665,1143.108434,0.428843,27.235819,27.235819,1.048320,true,4,objective equals makespan; due-date/tardiness fields are not available in this instance format
main|L|breakdown|47|GA,2026-06-03T15:05:29,L_breakdown_seed47,L,breakdown,47,30047,30047,1.0,GA,solved,,4.171523,228.045999,228.045999,1647.702489,1340.923345,0.448676,26.990368,26.990368,1.007752,true,4,objective equals makespan; due-date/tardiness fields are not available in this instance format
main|L|breakdown|47|LNS,2026-06-03T15:05:29,L_breakdown_seed47,L,breakdown,47,30047,30047,1.0,LNS,solved,,4.330005,216.856917,216.856917,1631.329416,1276.507624,0.438989,27.433438,27.433438,1.061625,true,4,objective equals makespan; due-date/tardiness fields are not available in this instance format
main|L|breakdown|47|DCGA,2026-06-03T15:05:29,L_breakdown_seed47,L,breakdown,47,30047,30047,1.0,DCGA,solved,,4.316012,218.440995,218.440995,1624.104562,1510.349886,0.481854,27.985951,27.985951,1.061126,true,4,objective equals makespan; due-date/tardiness fields are not available in this instance format
main|L|breakdown|50|B-CORE,2026-06-03T15:05:29,L_breakdown_seed50,L,breakdown,50,30050,30050,1.0,B-CORE,solved,,0.174802,163.613524,163.613524,1374.622397,755.945560,0.354809,22.068513,22.068513,0.000435,true,3,objective equals makespan; due-date/tardiness fields are not available in this instance format
main|L|breakdown|47|SA,2026-06-03T15:05:30,L_breakdown_seed47,L,breakdown,47,30047,30047,1.0,SA,solved,,4.290385,241.601422,241.601422,1698.377340,1469.962846,0.463954,28.323419,28.323419,1.047496,true,4,objective equals makespan; due-date/tardiness fields are not available in this instance format
main|L|breakdown|50|B-CORE-no-graph,2026-06-03T15:05:30,L_breakdown_seed50,L,breakdown,50,30050,30050,1.0,B-CORE-no-graph,solved,,0.171539,163.613524,163.613524,1374.622397,755.945560,0.354809,22.068513,22.068513,0.000454,true,3,objective equals makespan; due-date/tardiness fields are not available in this instance format
main|L|breakdown|47|MOEA-NSGA2,2026-06-03T15:05:30,L_breakdown_seed47,L,breakdown,47,30047,30047,1.0,MOEA-NSGA2,solved,,4.311183,233.778676,233.778676,1611.452655,1380.860209,0.461469,25.848089,25.848089,1.056475,true,4,objective equals makespan; due-date/tardiness fields are not available in this instance format
main|L|breakdown|50|B-CORE-no-bottleneck,2026-06-03T15:05:30,L_breakdown_seed50,L,breakdown,50,30050,30050,1.0,B-CORE-no-bottleneck,solved,,0.195394,161.472341,161.472341,1448.861599,952.109303,0.396552,25.917963,25.917963,0.000485,true,3,objective equals makespan; due-date/tardiness fields are not available in this instance format
main|L|breakdown|50|B-CORE-no-qp,2026-06-03T15:05:30,L_breakdown_seed50,L,breakdown,50,30050,30050,1.0,B-CORE-no-qp,solved,,0.193714,160.046780,160.046780,1416.979440,784.889752,0.356465,22.450060,22.450060,0.000453,true,3,objective equals makespan; due-date/tardiness fields are not available in this instance format
main|L|breakdown|50|MachineRank,2026-06-03T15:05:30,L_breakdown_seed50,L,breakdown,50,30050,30050,1.0,MachineRank,solved,,0.127240,190.782971,190.782971,1467.440616,1188.501144,0.447488,27.958578,27.958578,0.000263,true,3,objective equals makespan; due-date/tardiness fields are not available in this instance format
main|L|breakdown|50|B-CORE-no-transport,2026-06-03T15:05:30,L_breakdown_seed50,L,breakdown,50,30050,30050,1.0,B-CORE-no-transport,solved,,0.199691,199.009911,199.009911,1629.807819,1386.826835,0.459726,34.465355,34.465355,0.000455,true,3,objective equals makespan; due-date/tardiness fields are not available in this instance format
main|L|breakdown|50|MOR,2026-06-03T15:05:30,L_breakdown_seed50,L,breakdown,50,30050,30050,1.0,MOR,solved,,0.097333,196.341813,196.341813,1253.217293,1065.364344,0.459490,21.534121,21.534121,0.000014,true,3,objective equals makespan; due-date/tardiness fields are not available in this instance format
main|L|breakdown|48|DCGA,2026-06-03T15:05:30,L_breakdown_seed48,L,breakdown,48,30048,30048,1.0,DCGA,solved,,4.238242,197.083161,197.083161,1452.301900,1169.217020,0.446007,26.983023,26.983023,1.032617,true,4,objective equals makespan; due-date/tardiness fields are not available in this instance format
main|L|breakdown|48|SA,2026-06-03T15:05:31,L_breakdown_seed48,L,breakdown,48,30048,30048,1.0,SA,solved,,4.303393,215.209684,215.209684,1577.337189,1360.022420,0.463008,27.819579,27.819579,1.054649,true,4,objective equals makespan; due-date/tardiness fields are not available in this instance format
main|L|breakdown|51|B-CORE,2026-06-03T15:05:31,L_breakdown_seed51,L,breakdown,51,30051,30051,1.0,B-CORE,solved,,0.207428,156.062332,156.062332,1433.081738,745.090047,0.342071,21.542042,21.542042,0.000462,true,4,objective equals makespan; due-date/tardiness fields are not available in this instance format
main|L|breakdown|51|B-CORE-no-graph,2026-06-03T15:05:31,L_breakdown_seed51,L,breakdown,51,30051,30051,1.0,B-CORE-no-graph,solved,,0.207391,156.062332,156.062332,1433.081738,745.090047,0.342071,21.542042,21.542042,0.000503,true,4,objective equals makespan; due-date/tardiness fields are not available in this instance format
main|L|breakdown|48|MOEA-NSGA2,2026-06-03T15:05:31,L_breakdown_seed48,L,breakdown,48,30048,30048,1.0,MOEA-NSGA2,solved,,4.315869,233.474207,233.474207,1670.230876,1329.272069,0.443164,28.675983,28.675983,1.054895,true,4,objective equals makespan; due-date/tardiness fields are not available in this instance format
main|L|breakdown|51|B-CORE-no-bottleneck,2026-06-03T15:05:31,L_breakdown_seed51,L,breakdown,51,30051,30051,1.0,B-CORE-no-bottleneck,solved,,0.214120,184.248802,184.248802,1635.609969,1020.735669,0.384263,27.872623,27.872623,0.000504,true,4,objective equals makespan; due-date/tardiness fields are not available in this instance format
main|L|breakdown|51|B-CORE-no-qp,2026-06-03T15:05:31,L_breakdown_seed51,L,breakdown,51,30051,30051,1.0,B-CORE-no-qp,solved,,0.206612,154.334818,154.334818,1420.774341,720.671301,0.336535,21.212115,21.212115,0.000445,true,4,objective equals makespan; due-date/tardiness fields are not available in this instance format
main|L|breakdown|51|B-CORE-no-transport,2026-06-03T15:05:31,L_breakdown_seed51,L,breakdown,51,30051,30051,1.0,B-CORE-no-transport,solved,,0.215190,213.922698,213.922698,1772.938938,1429.893566,0.446447,35.053041,35.053041,0.000494,true,4,objective equals makespan; due-date/tardiness fields are not available in this instance format
main|L|breakdown|51|MachineRank,2026-06-03T15:05:31,L_breakdown_seed51,L,breakdown,51,30051,30051,1.0,MachineRank,solved,,0.140470,220.924870,220.924870,1615.616897,1288.028609,0.443590,27.463046,27.463046,0.000123,true,4,objective equals makespan; due-date/tardiness fields are not available in this instance format
main|L|breakdown|51|MOR,2026-06-03T15:05:31,L_breakdown_seed51,L,breakdown,51,30051,30051,1.0,MOR,solved,,0.107734,213.673613,213.673613,1379.624937,1169.245052,0.458731,23.280057,23.280057,0.000011,true,4,objective equals makespan; due-date/tardiness fields are not available in this instance format
main|L|breakdown|49|LNS,2026-06-03T15:05:32,L_breakdown_seed49,L,breakdown,49,30049,30049,1.0,LNS,solved,,4.235834,220.545107,220.545107,1656.178450,1288.819798,0.437630,28.665854,28.665854,1.031647,true,4,objective equals makespan; due-date/tardiness fields are not available in this instance format
main|L|breakdown|49|GA,2026-06-03T15:05:32,L_breakdown_seed49,L,breakdown,49,30049,30049,1.0,GA,solved,,4.239231,210.406899,210.406899,1452.685870,1254.918213,0.463479,26.221401,26.221401,1.036650,true,4,objective equals makespan; due-date/tardiness fields are not available in this instance format
main|L|breakdown|50|SA,2026-06-03T15:05:33,L_breakdown_seed50,L,breakdown,50,30050,30050,1.0,SA,solved,,3.181509,221.398845,221.398845,1571.246218,1335.424101,0.459434,28.583287,28.583287,1.034930,true,3,objective equals makespan; due-date/tardiness fields are not available in this instance format
main|L|breakdown|50|DCGA,2026-06-03T15:05:33,L_breakdown_seed50,L,breakdown,50,30050,30050,1.0,DCGA,solved,,3.197796,222.334514,222.334514,1575.912678,1251.951949,0.442720,27.572989,27.572989,1.039181,true,3,objective equals makespan; due-date/tardiness fields are not available in this instance format
main|L|rush_job|42|B-CORE,2026-06-03T15:05:33,L_rush_job_seed42,L,rush_job,42,40042,40042,1.0,B-CORE,solved,,0.192670,149.108961,149.108961,1358.183647,855.817722,0.386548,23.490518,23.490518,0.000445,true,4,objective equals makespan; due-date/tardiness fields are not available in this instance format
main|L|rush_job|42|B-CORE-no-graph,2026-06-03T15:05:33,L_rush_job_seed42,L,rush_job,42,40042,40042,1.0,B-CORE-no-graph,solved,,0.188040,149.108961,149.108961,1358.183647,855.817722,0.386548,23.490518,23.490518,0.000410,true,4,objective equals makespan; due-date/tardiness fields are not available in this instance format
main|L|breakdown|49|MOEA-NSGA2,2026-06-03T15:05:33,L_breakdown_seed49,L,breakdown,49,30049,30049,1.0,MOEA-NSGA2,solved,,4.177650,209.325631,209.325631,1538.189565,1326.191870,0.462994,28.480848,28.480848,1.019126,true,4,objective equals makespan; due-date/tardiness fields are not available in this instance format
main|L|breakdown|49|DCGA,2026-06-03T15:05:33,L_breakdown_seed49,L,breakdown,49,30049,30049,1.0,DCGA,solved,,4.274278,228.931623,228.931623,1640.368042,1298.102496,0.441761,27.811267,27.811267,1.054495,true,4,objective equals makespan; due-date/tardiness fields are not available in this instance format
main|L|breakdown|49|SA,2026-06-03T15:05:33,L_breakdown_seed49,L,breakdown,49,30049,30049,1.0,SA,solved,,4.279827,239.400144,239.400144,1670.663031,1233.001611,0.424636,27.804022,27.804022,1.047609,true,4,objective equals makespan; due-date/tardiness fields are not available in this instance format
main|L|rush_job|42|B-CORE-no-bottleneck,2026-06-03T15:05:34,L_rush_job_seed42,L,rush_job,42,40042,40042,1.0,B-CORE-no-bottleneck,solved,,0.191969,167.056539,167.056539,1526.012544,946.717125,0.382863,27.521293,27.521293,0.000450,true,4,objective equals makespan; due-date/tardiness fields are not available in this instance format
main|L|rush_job|42|B-CORE-no-qp,2026-06-03T15:05:34,L_rush_job_seed42,L,rush_job,42,40042,40042,1.0,B-CORE-no-qp,solved,,0.192647,160.855602,160.855602,1416.827137,776.743694,0.354100,23.366957,23.366957,0.000436,true,4,objective equals makespan; due-date/tardiness fields are not available in this instance format
main|L|rush_job|42|MachineRank,2026-06-03T15:05:34,L_rush_job_seed42,L,rush_job,42,40042,40042,1.0,MachineRank,solved,,0.125368,206.048214,206.048214,1600.975601,1311.171507,0.450242,30.316376,30.316376,0.000204,true,4,objective equals makespan; due-date/tardiness fields are not available in this instance format
main|L|rush_job|42|B-CORE-no-transport,2026-06-03T15:05:34,L_rush_job_seed42,L,rush_job,42,40042,40042,1.0,B-CORE-no-transport,solved,,0.195637,205.532813,205.532813,1723.863756,1403.010415,0.448694,35.662633,35.662633,0.000468,true,4,objective equals makespan; due-date/tardiness fields are not available in this instance format
main|L|rush_job|42|MOR,2026-06-03T15:05:34,L_rush_job_seed42,L,rush_job,42,40042,40042,1.0,MOR,solved,,0.098802,194.570813,194.570813,1365.527475,1198.259597,0.467379,23.761844,23.761844,0.000017,true,4,objective equals makespan; due-date/tardiness fields are not available in this instance format
main|L|breakdown|50|LNS,2026-06-03T15:05:34,L_breakdown_seed50,L,breakdown,50,30050,30050,1.0,LNS,solved,,4.209094,217.827467,217.827467,1540.904431,1345.907434,0.466226,28.273796,28.273796,1.019737,true,3,objective equals makespan; due-date/tardiness fields are not available in this instance format
main|L|breakdown|50|GA,2026-06-03T15:05:34,L_breakdown_seed50,L,breakdown,50,30050,30050,1.0,GA,solved,,4.250446,212.852913,212.852913,1588.403828,1337.137414,0.457056,27.266296,27.266296,1.040777,true,3,objective equals makespan; due-date/tardiness fields are not available in this instance format
main|L|rush_job|43|B-CORE,2026-06-03T15:05:34,L_rush_job_seed43,L,rush_job,43,40043,40043,1.0,B-CORE,solved,,0.195186,153.875131,153.875131,1418.438335,788.126150,0.357173,22.398490,22.398490,0.000421,true,4,objective equals makespan; due-date/tardiness fields are not available in this instance format
main|L|rush_job|43|B-CORE-no-graph,2026-06-03T15:05:34,L_rush_job_seed43,L,rush_job,43,40043,40043,1.0,B-CORE-no-graph,solved,,0.192271,153.875131,153.875131,1418.438335,788.126150,0.357173,22.398490,22.398490,0.000426,true,4,objective equals makespan; due-date/tardiness fields are not available in this instance format
main|L|breakdown|50|MOEA-NSGA2,2026-06-03T15:05:34,L_breakdown_seed50,L,breakdown,50,30050,30050,1.0,MOEA-NSGA2,solved,,4.220522,212.852913,212.852913,1588.403828,1337.137414,0.457056,27.266296,27.266296,1.035245,true,3,objective equals makespan; due-date/tardiness fields are not available in this instance format
main|L|rush_job|43|B-CORE-no-bottleneck,2026-06-03T15:05:35,L_rush_job_seed43,L,rush_job,43,40043,40043,1.0,B-CORE-no-bottleneck,solved,,0.194444,168.610479,168.610479,1498.749864,936.180730,0.384479,28.305128,28.305128,0.000485,true,4,objective equals makespan; due-date/tardiness fields are not available in this instance format
main|L|rush_job|43|B-CORE-no-qp,2026-06-03T15:05:35,L_rush_job_seed43,L,rush_job,43,40043,40043,1.0,B-CORE-no-qp,solved,,0.191540,163.930959,163.930959,1422.446610,783.347980,0.355132,22.509618,22.509618,0.000442,true,4,objective equals makespan; due-date/tardiness fields are not available in this instance format
main|L|rush_job|43|MachineRank,2026-06-03T15:05:35,L_rush_job_seed43,L,rush_job,43,40043,40043,1.0,MachineRank,solved,,0.118404,199.074877,199.074877,1576.805292,1349.748853,0.461208,31.092747,31.092747,0.000153,true,4,objective equals makespan; due-date/tardiness fields are not available in this instance format
main|L|rush_job|43|B-CORE-no-transport,2026-06-03T15:05:35,L_rush_job_seed43,L,rush_job,43,40043,40043,1.0,B-CORE-no-transport,solved,,0.196248,209.737234,209.737234,1687.474226,1479.130184,0.467103,37.275527,37.275527,0.000675,true,4,objective equals makespan; due-date/tardiness fields are not available in this instance format
main|L|rush_job|43|MOR,2026-06-03T15:05:35,L_rush_job_seed43,L,rush_job,43,40043,40043,1.0,MOR,solved,,0.091321,211.776469,211.776469,1399.560026,1186.663519,0.458840,24.292924,24.292924,0.000021,true,4,objective equals makespan; due-date/tardiness fields are not available in this instance format
main|L|breakdown|51|LNS,2026-06-03T15:05:36,L_breakdown_seed51,L,breakdown,51,30051,30051,1.0,LNS,solved,,4.198364,221.086377,221.086377,1675.754931,1434.718841,0.461254,29.001667,29.001667,1.014254,true,4,objective equals makespan; due-date/tardiness fields are not available in this instance format
main|L|breakdown|51|GA,2026-06-03T15:05:36,L_breakdown_seed51,L,breakdown,51,30051,30051,1.0,GA,solved,,4.239813,220.511803,220.511803,1758.688888,1365.214746,0.437022,25.837207,25.837207,1.022598,true,4,objective equals makespan; due-date/tardiness fields are not available in this instance format
main|L|breakdown|51|DCGA,2026-06-03T15:05:36,L_breakdown_seed51,L,breakdown,51,30051,30051,1.0,DCGA,solved,,4.347378,217.615104,217.615104,1583.036011,1403.335119,0.469913,27.007487,27.007487,1.065207,true,4,objective equals makespan; due-date/tardiness fields are not available in this instance format
main|L|breakdown|51|SA,2026-06-03T15:05:36,L_breakdown_seed51,L,breakdown,51,30051,30051,1.0,SA,solved,,4.335140,226.710146,226.710146,1708.016991,1464.802134,0.461672,29.121837,29.121837,1.065101,true,4,objective equals makespan; due-date/tardiness fields are not available in this instance format
main|L|rush_job|44|B-CORE,2026-06-03T15:05:36,L_rush_job_seed44,L,rush_job,44,40044,40044,1.0,B-CORE,solved,,0.183787,154.354225,154.354225,1344.580688,774.365240,0.365448,22.275669,22.275669,0.000490,true,4,objective equals makespan; due-date/tardiness fields are not available in this instance format
main|L|rush_job|44|B-CORE-no-graph,2026-06-03T15:05:36,L_rush_job_seed44,L,rush_job,44,40044,40044,1.0,B-CORE-no-graph,solved,,0.181176,154.354225,154.354225,1344.580688,774.365240,0.365448,22.275669,22.275669,0.000489,true,4,objective equals makespan; due-date/tardiness fields are not available in this instance format
main|L|rush_job|44|B-CORE-no-bottleneck,2026-06-03T15:05:37,L_rush_job_seed44,L,rush_job,44,40044,40044,1.0,B-CORE-no-bottleneck,solved,,0.189463,173.335125,173.335125,1402.934347,969.112424,0.408555,27.534114,27.534114,0.000450,true,4,objective equals makespan; due-date/tardiness fields are not available in this instance format
main|L|rush_job|44|B-CORE-no-qp,2026-06-03T15:05:37,L_rush_job_seed44,L,rush_job,44,40044,40044,1.0,B-CORE-no-qp,solved,,0.181077,160.186336,160.186336,1372.229935,751.183727,0.353762,21.391364,21.391364,0.000485,true,4,objective equals makespan; due-date/tardiness fields are not available in this instance format
main|L|rush_job|44|B-CORE-no-transport,2026-06-03T15:05:37,L_rush_job_seed44,L,rush_job,44,40044,40044,1.0,B-CORE-no-transport,solved,,0.188324,218.598569,218.598569,1668.262761,1526.597534,0.477829,37.431887,37.431887,0.000455,true,4,objective equals makespan; due-date/tardiness fields are not available in this instance format
main|L|rush_job|44|MachineRank,2026-06-03T15:05:37,L_rush_job_seed44,L,rush_job,44,40044,40044,1.0,MachineRank,solved,,0.112760,189.917220,189.917220,1439.332313,1270.147033,0.468779,29.448544,29.448544,0.000245,true,4,objective equals makespan; due-date/tardiness fields are not available in this instance format
main|L|rush_job|44|MOR,2026-06-03T15:05:37,L_rush_job_seed44,L,rush_job,44,40044,40044,1.0,MOR,solved,,0.088886,199.586105,199.586105,1239.570787,1035.010677,0.455033,23.957808,23.957808,0.000014,true,4,objective equals makespan; due-date/tardiness fields are not available in this instance format
main|L|breakdown|51|MOEA-NSGA2,2026-06-03T15:05:38,L_breakdown_seed51,L,breakdown,51,30051,30051,1.0,MOEA-NSGA2,solved,,4.594455,228.056783,228.056783,1679.672452,1481.399919,0.468638,29.304501,29.304501,1.113468,true,4,objective equals makespan; due-date/tardiness fields are not available in this instance format
main|L|rush_job|42|LNS,2026-06-03T15:05:38,L_rush_job_seed42,L,rush_job,42,40042,40042,1.0,LNS,solved,,4.321541,225.105097,225.105097,1724.323031,1476.099940,0.461220,31.504545,31.504545,1.062813,true,4,objective equals makespan; due-date/tardiness fields are not available in this instance format
main|L|rush_job|42|SA,2026-06-03T15:05:38,L_rush_job_seed42,L,rush_job,42,40042,40042,1.0,SA,solved,,4.341586,246.943332,246.943332,1719.806974,1386.977588,0.446435,31.304780,31.304780,1.067958,true,4,objective equals makespan; due-date/tardiness fields are not available in this instance format
main|L|rush_job|43|LNS,2026-06-03T15:05:38,L_rush_job_seed43,L,rush_job,43,40043,40043,1.0,LNS,solved,,3.238506,224.935458,224.935458,1609.389176,1349.181154,0.456025,26.863865,26.863865,1.048725,true,4,objective equals makespan; due-date/tardiness fields are not available in this instance format
main|L|rush_job|43|DCGA,2026-06-03T15:05:39,L_rush_job_seed43,L,rush_job,43,40043,40043,1.0,DCGA,solved,,3.289926,226.904143,226.904143,1628.266168,1316.824195,0.447125,30.500564,30.500564,1.066494,true,4,objective equals makespan; due-date/tardiness fields are not available in this instance format
main|L|rush_job|42|DCGA,2026-06-03T15:05:39,L_rush_job_seed42,L,rush_job,42,40042,40042,1.0,DCGA,solved,,5.327361,219.323926,219.323926,1497.947434,1339.752498,0.472126,26.577700,26.577700,1.048909,true,4,objective equals makespan; due-date/tardiness fields are not available in this instance format
main|L|rush_job|43|SA,2026-06-03T15:05:39,L_rush_job_seed43,L,rush_job,43,40043,40043,1.0,SA,solved,,3.255310,250.724492,250.724492,1650.392537,1356.765715,0.451179,30.209795,30.209795,1.051023,true,4,objective equals makespan; due-date/tardiness fields are not available in this instance format
main|L|rush_job|42|GA,2026-06-03T15:05:39,L_rush_job_seed42,L,rush_job,42,40042,40042,1.0,GA,solved,,5.386291,221.152926,221.152926,1605.603491,1365.244817,0.459547,28.777037,28.777037,1.060713,true,4,objective equals makespan; due-date/tardiness fields are not available in this instance format
main|L|rush_job|45|B-CORE,2026-06-03T15:05:39,L_rush_job_seed45,L,rush_job,45,40045,40045,1.0,B-CORE,solved,,0.199143,166.055345,166.055345,1530.657285,859.723257,0.359660,25.978237,25.978237,0.000424,true,4,objective equals makespan; due-date/tardiness fields are not available in this instance format
main|L|rush_job|45|B-CORE-no-graph,2026-06-03T15:05:39,L_rush_job_seed45,L,rush_job,45,40045,40045,1.0,B-CORE-no-graph,solved,,0.194358,166.055345,166.055345,1530.657285,859.723257,0.359660,25.978237,25.978237,0.000436,true,4,objective equals makespan; due-date/tardiness fields are not available in this instance format
main|L|rush_job|43|GA,2026-06-03T15:05:39,L_rush_job_seed43,L,rush_job,43,40043,40043,1.0,GA,solved,,4.306675,213.433578,213.433578,1529.259623,1299.341561,0.459358,27.088177,27.088177,1.063790,true,4,objective equals makespan; due-date/tardiness fields are not available in this instance format
main|L|rush_job|45|B-CORE-no-bottleneck,2026-06-03T15:05:39,L_rush_job_seed45,L,rush_job,45,40045,40045,1.0,B-CORE-no-bottleneck,solved,,0.191261,164.216131,164.216131,1484.808806,842.203271,0.361925,27.023471,27.023471,0.000431,true,4,objective equals makespan; due-date/tardiness fields are not available in this instance format
main|L|rush_job|45|B-CORE-no-qp,2026-06-03T15:05:39,L_rush_job_seed45,L,rush_job,45,40045,40045,1.0,B-CORE-no-qp,solved,,0.195147,150.687610,150.687610,1523.263525,715.038748,0.319456,25.027627,25.027627,0.000449,true,4,objective equals makespan; due-date/tardiness fields are not available in this instance format
main|L|rush_job|45|MOR,2026-06-03T15:05:39,L_rush_job_seed45,L,rush_job,45,40045,40045,1.0,MOR,solved,,0.100763,228.845450,228.845450,1559.536243,1316.627791,0.457772,27.825448,27.825448,0.000016,true,4,objective equals makespan; due-date/tardiness fields are not available in this instance format
main|L|rush_job|45|MachineRank,2026-06-03T15:05:39,L_rush_job_seed45,L,rush_job,45,40045,40045,1.0,MachineRank,solved,,0.121952,221.266728,221.266728,1611.336185,1332.280328,0.452600,32.464290,32.464290,0.000195,true,4,objective equals makespan; due-date/tardiness fields are not available in this instance format
main|L|rush_job|45|B-CORE-no-transport,2026-06-03T15:05:39,L_rush_job_seed45,L,rush_job,45,40045,40045,1.0,B-CORE-no-transport,solved,,0.199412,206.429295,206.429295,1713.165046,1421.894362,0.453546,37.605302,37.605302,0.000469,true,4,objective equals makespan; due-date/tardiness fields are not available in this instance format
main|L|rush_job|42|MOEA-NSGA2,2026-06-03T15:05:39,L_rush_job_seed42,L,rush_job,42,40042,40042,1.0,MOEA-NSGA2,solved,,5.382001,221.152926,221.152926,1605.603491,1365.244817,0.459547,28.777037,28.777037,1.062951,true,4,objective equals makespan; due-date/tardiness fields are not available in this instance format
main|L|rush_job|46|B-CORE,2026-06-03T15:05:40,L_rush_job_seed46,L,rush_job,46,40046,40046,1.0,B-CORE,solved,,0.178266,160.576360,160.576360,1314.969669,688.676198,0.343712,19.851663,19.851663,0.000474,true,4,objective equals makespan; due-date/tardiness fields are not available in this instance format
main|L|rush_job|46|B-CORE-no-graph,2026-06-03T15:05:40,L_rush_job_seed46,L,rush_job,46,40046,40046,1.0,B-CORE-no-graph,solved,,0.179164,160.576360,160.576360,1314.969669,688.676198,0.343712,19.851663,19.851663,0.000489,true,4,objective equals makespan; due-date/tardiness fields are not available in this instance format
main|L|rush_job|46|B-CORE-no-bottleneck,2026-06-03T15:05:40,L_rush_job_seed46,L,rush_job,46,40046,40046,1.0,B-CORE-no-bottleneck,solved,,0.178779,162.254492,162.254492,1377.037959,920.915282,0.400755,26.638658,26.638658,0.000447,true,4,objective equals makespan; due-date/tardiness fields are not available in this instance format
main|L|rush_job|46|B-CORE-no-qp,2026-06-03T15:05:40,L_rush_job_seed46,L,rush_job,46,40046,40046,1.0,B-CORE-no-qp,solved,,0.178581,158.342340,158.342340,1309.689393,690.317984,0.345158,21.707166,21.707166,0.000448,true,4,objective equals makespan; due-date/tardiness fields are not available in this instance format
main|L|rush_job|43|MOEA-NSGA2,2026-06-03T15:05:40,L_rush_job_seed43,L,rush_job,43,40043,40043,1.0,MOEA-NSGA2,solved,,4.178253,212.262578,212.262578,1535.729230,1274.186553,0.453461,26.835528,26.835528,1.015093,true,4,objective equals makespan; due-date/tardiness fields are not available in this instance format
main|L|rush_job|46|B-CORE-no-transport,2026-06-03T15:05:40,L_rush_job_seed46,L,rush_job,46,40046,40046,1.0,B-CORE-no-transport,solved,,0.179661,193.059073,193.059073,1603.414909,1214.963178,0.431086,35.363554,35.363554,0.000552,true,4,objective equals makespan; due-date/tardiness fields are not available in this instance format
main|L|rush_job|46|MachineRank,2026-06-03T15:05:40,L_rush_job_seed46,L,rush_job,46,40046,40046,1.0,MachineRank,solved,,0.112296,250.283342,250.283342,1438.053277,1250.693590,0.465159,29.321199,29.321199,0.000194,true,4,objective equals makespan; due-date/tardiness fields are not available in this instance format
main|L|rush_job|44|LNS,2026-06-03T15:05:40,L_rush_job_seed44,L,rush_job,44,40044,40044,1.0,LNS,solved,,3.194400,207.671076,207.671076,1579.253954,1289.540398,0.449506,27.489794,27.489794,1.013590,true,4,objective equals makespan; due-date/tardiness fields are not available in this instance format
main|L|rush_job|46|MOR,2026-06-03T15:05:40,L_rush_job_seed46,L,rush_job,46,40046,40046,1.0,MOR,solved,,0.090122,232.853025,232.853025,1399.165463,1241.994153,0.470246,25.647913,25.647913,0.000015,true,4,objective equals makespan; due-date/tardiness fields are not available in this instance format
main|L|rush_job|44|GA,2026-06-03T15:05:41,L_rush_job_seed44,L,rush_job,44,40044,40044,1.0,GA,solved,,3.217245,213.310000,213.310000,1449.268623,1213.485611,0.455726,25.736099,25.736099,1.022100,true,4,objective equals makespan; due-date/tardiness fields are not available in this instance format
main|L|rush_job|44|DCGA,2026-06-03T15:05:41,L_rush_job_seed44,L,rush_job,44,40044,40044,1.0,DCGA,solved,,3.265896,214.186318,214.186318,1728.330191,1345.689785,0.437762,29.085804,29.085804,1.043480,true,4,objective equals makespan; due-date/tardiness fields are not available in this instance format
main|L|rush_job|44|SA,2026-06-03T15:05:41,L_rush_job_seed44,L,rush_job,44,40044,40044,1.0,SA,solved,,3.195425,243.435388,243.435388,1754.885634,1350.150463,0.434826,28.577019,28.577019,1.040925,true,4,objective equals makespan; due-date/tardiness fields are not available in this instance format
main|L|rush_job|44|MOEA-NSGA2,2026-06-03T15:05:41,L_rush_job_seed44,L,rush_job,44,40044,40044,1.0,MOEA-NSGA2,solved,,3.228757,218.974996,218.974996,1680.780560,1384.486767,0.451669,28.918441,28.918441,1.028768,true,4,objective equals makespan; due-date/tardiness fields are not available in this instance format
main|L|rush_job|47|B-CORE,2026-06-03T15:05:41,L_rush_job_seed47,L,rush_job,47,40047,40047,1.0,B-CORE,solved,,0.189456,142.704369,142.704369,1315.953224,685.243647,0.342417,20.981772,20.981772,0.000589,true,3,objective equals makespan; due-date/tardiness fields are not available in this instance format
main|L|rush_job|47|B-CORE-no-graph,2026-06-03T15:05:41,L_rush_job_seed47,L,rush_job,47,40047,40047,1.0,B-CORE-no-graph,solved,,0.191862,142.704369,142.704369,1315.953224,685.243647,0.342417,20.981772,20.981772,0.000605,true,3,objective equals makespan; due-date/tardiness fields are not available in this instance format
main|L|rush_job|47|B-CORE-no-bottleneck,2026-06-03T15:05:42,L_rush_job_seed47,L,rush_job,47,40047,40047,1.0,B-CORE-no-bottleneck,solved,,0.191540,159.809200,159.809200,1365.145911,891.655286,0.395097,25.055862,25.055862,0.000567,true,3,objective equals makespan; due-date/tardiness fields are not available in this instance format
main|L|rush_job|47|B-CORE-no-qp,2026-06-03T15:05:42,L_rush_job_seed47,L,rush_job,47,40047,40047,1.0,B-CORE-no-qp,solved,,0.190530,142.704369,142.704369,1315.953224,685.243647,0.342417,20.981772,20.981772,0.000594,true,3,objective equals makespan; due-date/tardiness fields are not available in this instance format
main|L|rush_job|47|B-CORE-no-transport,2026-06-03T15:05:42,L_rush_job_seed47,L,rush_job,47,40047,40047,1.0,B-CORE-no-transport,solved,,0.197939,198.240514,198.240514,1595.678033,1302.452120,0.449411,33.096173,33.096173,0.000506,true,3,objective equals makespan; due-date/tardiness fields are not available in this instance format
main|L|rush_job|47|MachineRank,2026-06-03T15:05:42,L_rush_job_seed47,L,rush_job,47,40047,40047,1.0,MachineRank,solved,,0.125098,180.189671,180.189671,1433.741136,1181.552011,0.451786,28.267147,28.267147,0.000145,true,4,objective equals makespan; due-date/tardiness fields are not available in this instance format
main|L|rush_job|47|MOR,2026-06-03T15:05:42,L_rush_job_seed47,L,rush_job,47,40047,40047,1.0,MOR,solved,,0.103534,231.047122,231.047122,1537.002918,1327.293798,0.463393,25.502090,25.502090,0.000017,true,4,objective equals makespan; due-date/tardiness fields are not available in this instance format
main|L|rush_job|45|LNS,2026-06-03T15:05:42,L_rush_job_seed45,L,rush_job,45,40045,40045,1.0,LNS,solved,,3.285882,225.194751,225.194751,1784.297896,1247.339102,0.411441,29.692406,29.692406,1.051213,true,4,objective equals makespan; due-date/tardiness fields are not available in this instance format
main|L|rush_job|45|DCGA,2026-06-03T15:05:42,L_rush_job_seed45,L,rush_job,45,40045,40045,1.0,DCGA,solved,,3.235064,216.947432,216.947432,1635.914016,1304.858774,0.443713,27.164627,27.164627,1.032082,true,4,objective equals makespan; due-date/tardiness fields are not available in this instance format
main|L|rush_job|45|GA,2026-06-03T15:05:42,L_rush_job_seed45,L,rush_job,45,40045,40045,1.0,GA,solved,,3.287519,220.674224,220.674224,1551.630237,1243.177047,0.444817,26.409268,26.409268,1.051621,true,4,objective equals makespan; due-date/tardiness fields are not available in this instance format
main|L|rush_job|45|MOEA-NSGA2,2026-06-03T15:05:43,L_rush_job_seed45,L,rush_job,45,40045,40045,1.0,MOEA-NSGA2,solved,,3.270491,210.800413,210.800413,1644.335986,1276.224695,0.436979,27.415350,27.415350,1.049609,true,4,objective equals makespan; due-date/tardiness fields are not available in this instance format
main|L|rush_job|45|SA,2026-06-03T15:05:43,L_rush_job_seed45,L,rush_job,45,40045,40045,1.0,SA,solved,,3.283103,223.237959,223.237959,1754.606761,1358.955295,0.436463,30.092196,30.092196,1.058019,true,4,objective equals makespan; due-date/tardiness fields are not available in this instance format
main|L|rush_job|48|B-CORE-no-graph,2026-06-03T15:05:43,L_rush_job_seed48,L,rush_job,48,40048,40048,1.0,B-CORE-no-graph,solved,,0.181518,160.670575,160.670575,1302.707136,839.942326,0.392011,21.640874,21.640874,0.000412,true,4,objective equals makespan; due-date/tardiness fields are not available in this instance format
main|L|rush_job|48|B-CORE,2026-06-03T15:05:43,L_rush_job_seed48,L,rush_job,48,40048,40048,1.0,B-CORE,solved,,0.189751,160.670575,160.670575,1302.707136,839.942326,0.392011,21.640874,21.640874,0.000456,true,4,objective equals makespan; due-date/tardiness fields are not available in this instance format
main|L|rush_job|48|B-CORE-no-bottleneck,2026-06-03T15:05:43,L_rush_job_seed48,L,rush_job,48,40048,40048,1.0,B-CORE-no-bottleneck,solved,,0.185626,165.089484,165.089484,1407.710785,824.595319,0.369392,25.962855,25.962855,0.000465,true,4,objective equals makespan; due-date/tardiness fields are not available in this instance format
main|L|rush_job|48|B-CORE-no-qp,2026-06-03T15:05:43,L_rush_job_seed48,L,rush_job,48,40048,40048,1.0,B-CORE-no-qp,solved,,0.185840,160.670575,160.670575,1314.748770,827.664156,0.386323,21.639515,21.639515,0.000431,true,4,objective equals makespan; due-date/tardiness fields are not available in this instance format
main|L|rush_job|48|MachineRank,2026-06-03T15:05:43,L_rush_job_seed48,L,rush_job,48,40048,40048,1.0,MachineRank,solved,,0.121052,185.519626,185.519626,1470.769556,1185.541827,0.446311,29.601715,29.601715,0.000275,true,3,objective equals makespan; due-date/tardiness fields are not available in this instance format
main|L|rush_job|48|B-CORE-no-transport,2026-06-03T15:05:43,L_rush_job_seed48,L,rush_job,48,40048,40048,1.0,B-CORE-no-transport,solved,,0.188059,192.163121,192.163121,1580.518913,1358.391032,0.462209,35.678237,35.678237,0.000447,true,3,objective equals makespan; due-date/tardiness fields are not available in this instance format
main|L|rush_job|48|MOR,2026-06-03T15:05:43,L_rush_job_seed48,L,rush_job,48,40048,40048,1.0,MOR,solved,,0.092866,210.763023,210.763023,1325.477035,1118.920233,0.457749,24.248442,24.248442,0.000013,true,4,objective equals makespan; due-date/tardiness fields are not available in this instance format
main|L|rush_job|46|GA,2026-06-03T15:05:44,L_rush_job_seed46,L,rush_job,46,40046,40046,1.0,GA,solved,,3.219101,206.862375,206.862375,1404.859492,1203.849946,0.461473,25.541743,25.541743,1.046196,true,4,objective equals makespan; due-date/tardiness fields are not available in this instance format
main|L|rush_job|46|MOEA-NSGA2,2026-06-03T15:05:44,L_rush_job_seed46,L,rush_job,46,40046,40046,1.0,MOEA-NSGA2,solved,,3.169593,199.971376,199.971376,1506.667640,1143.028873,0.431381,25.312225,25.312225,1.017701,true,4,objective equals makespan; due-date/tardiness fields are not available in this instance format
main|L|rush_job|46|LNS,2026-06-03T15:05:44,L_rush_job_seed46,L,rush_job,46,40046,40046,1.0,LNS,solved,,4.204141,213.575953,213.575953,1516.103618,1246.655165,0.451236,27.857613,27.857613,1.024991,true,4,objective equals makespan; due-date/tardiness fields are not available in this instance format
main|L|rush_job|46|DCGA,2026-06-03T15:05:45,L_rush_job_seed46,L,rush_job,46,40046,40046,1.0,DCGA,solved,,4.210280,204.610472,204.610472,1591.580032,1165.278359,0.422683,26.986071,26.986071,1.027334,true,4,objective equals makespan; due-date/tardiness fields are not available in this instance format
main|L|rush_job|49|B-CORE,2026-06-03T15:05:45,L_rush_job_seed49,L,rush_job,49,40049,40049,1.0,B-CORE,solved,,0.171343,137.097272,137.097272,1256.975562,704.335127,0.359115,20.520623,20.520623,0.000424,true,4,objective equals makespan; due-date/tardiness fields are not available in this instance format
main|L|rush_job|49|B-CORE-no-graph,2026-06-03T15:05:45,L_rush_job_seed49,L,rush_job,49,40049,40049,1.0,B-CORE-no-graph,solved,,0.173757,137.097272,137.097272,1256.975562,704.335127,0.359115,20.520623,20.520623,0.000428,true,4,objective equals makespan; due-date/tardiness fields are not available in this instance format
main|L|rush_job|47|LNS,2026-06-03T15:05:45,L_rush_job_seed47,L,rush_job,47,40047,40047,1.0,LNS,solved,,3.228111,213.546432,213.546432,1599.294094,1348.984059,0.457550,29.020749,29.020749,1.040851,true,3,objective equals makespan; due-date/tardiness fields are not available in this instance format
main|L|rush_job|49|B-CORE-no-bottleneck,2026-06-03T15:05:45,L_rush_job_seed49,L,rush_job,49,40049,40049,1.0,B-CORE-no-bottleneck,solved,,0.173321,152.476080,152.476080,1393.929582,849.461564,0.378651,26.930431,26.930431,0.000444,true,4,objective equals makespan; due-date/tardiness fields are not available in this instance format
main|L|rush_job|46|SA,2026-06-03T15:05:45,L_rush_job_seed46,L,rush_job,46,40046,40046,1.0,SA,solved,,4.283968,201.566774,201.566774,1583.011186,1112.962564,0.412824,25.992320,25.992320,1.051634,true,4,objective equals makespan; due-date/tardiness fields are not available in this instance format
main|L|rush_job|47|GA,2026-06-03T15:05:45,L_rush_job_seed47,L,rush_job,47,40047,40047,1.0,GA,solved,,3.259071,203.168002,203.168002,1572.000201,1214.522076,0.435856,25.759392,25.759392,1.052025,true,4,objective equals makespan; due-date/tardiness fields are not available in this instance format
main|L|rush_job|49|MachineRank,2026-06-03T15:05:45,L_rush_job_seed49,L,rush_job,49,40049,40049,1.0,MachineRank,solved,,0.109011,198.122517,198.122517,1488.281974,1232.553142,0.453005,30.737865,30.737865,0.000106,true,4,objective equals makespan; due-date/tardiness fields are not available in this instance format
main|L|rush_job|49|B-CORE-no-qp,2026-06-03T15:05:45,L_rush_job_seed49,L,rush_job,49,40049,40049,1.0,B-CORE-no-qp,solved,,0.170637,127.980498,127.980498,1238.868961,617.095961,0.332493,19.821448,19.821448,0.000418,true,4,objective equals makespan; due-date/tardiness fields are not available in this instance format
main|L|rush_job|49|MOR,2026-06-03T15:05:45,L_rush_job_seed49,L,rush_job,49,40049,40049,1.0,MOR,solved,,0.087927,216.669705,216.669705,1315.915398,1082.126604,0.451254,23.271893,23.271893,0.000014,true,4,objective equals makespan; due-date/tardiness fields are not available in this instance format
main|L|rush_job|49|B-CORE-no-transport,2026-06-03T15:05:45,L_rush_job_seed49,L,rush_job,49,40049,40049,1.0,B-CORE-no-transport,solved,,0.177586,183.986885,183.986885,1506.967599,1259.929641,0.455358,34.535680,34.535680,0.000456,true,4,objective equals makespan; due-date/tardiness fields are not available in this instance format
main|L|rush_job|47|SA,2026-06-03T15:05:46,L_rush_job_seed47,L,rush_job,47,40047,40047,1.0,SA,solved,,3.196279,212.645930,212.645930,1626.144978,1315.385032,0.447177,28.104848,28.104848,1.034967,true,3,objective equals makespan; due-date/tardiness fields are not available in this instance format
main|L|rush_job|47|DCGA,2026-06-03T15:05:46,L_rush_job_seed47,L,rush_job,47,40047,40047,1.0,DCGA,solved,,3.264903,215.141261,215.141261,1606.604044,1404.897894,0.466511,28.961276,28.961276,1.055380,true,3,objective equals makespan; due-date/tardiness fields are not available in this instance format
main|L|rush_job|47|MOEA-NSGA2,2026-06-03T15:05:46,L_rush_job_seed47,L,rush_job,47,40047,40047,1.0,MOEA-NSGA2,solved,,3.300751,219.101392,219.101392,1610.754040,1336.787766,0.453526,28.590914,28.590914,1.068288,true,3,objective equals makespan; due-date/tardiness fields are not available in this instance format
main|L|rush_job|50|B-CORE,2026-06-03T15:05:46,L_rush_job_seed50,L,rush_job,50,40050,40050,1.0,B-CORE,solved,,0.190403,154.429136,154.429136,1312.661819,764.524616,0.368058,21.608089,21.608089,0.000550,true,4,objective equals makespan; due-date/tardiness fields are not available in this instance format
main|L|rush_job|50|B-CORE-no-graph,2026-06-03T15:05:46,L_rush_job_seed50,L,rush_job,50,40050,40050,1.0,B-CORE-no-graph,solved,,0.188292,154.429136,154.429136,1312.661819,764.524616,0.368058,21.608089,21.608089,0.000589,true,4,objective equals makespan; due-date/tardiness fields are not available in this instance format
main|L|rush_job|50|B-CORE-no-bottleneck,2026-06-03T15:05:46,L_rush_job_seed50,L,rush_job,50,40050,40050,1.0,B-CORE-no-bottleneck,solved,,0.183517,144.971360,144.971360,1262.338202,867.727477,0.407371,23.605362,23.605362,0.000451,true,4,objective equals makespan; due-date/tardiness fields are not available in this instance format
main|L|rush_job|50|B-CORE-no-qp,2026-06-03T15:05:46,L_rush_job_seed50,L,rush_job,50,40050,40050,1.0,B-CORE-no-qp,solved,,0.188574,143.131732,143.131732,1345.800126,718.487825,0.348056,21.335513,21.335513,0.000470,true,4,objective equals makespan; due-date/tardiness fields are not available in this instance format
main|L|rush_job|50|B-CORE-no-transport,2026-06-03T15:05:46,L_rush_job_seed50,L,rush_job,50,40050,40050,1.0,B-CORE-no-transport,solved,,0.190769,195.785429,195.785429,1512.130028,1307.589017,0.463730,33.078457,33.078457,0.000451,true,4,objective equals makespan; due-date/tardiness fields are not available in this instance format
main|L|rush_job|50|MachineRank,2026-06-03T15:05:46,L_rush_job_seed50,L,rush_job,50,40050,40050,1.0,MachineRank,solved,,0.120981,212.553612,212.553612,1438.905327,1220.377894,0.458912,27.417518,27.417518,0.000172,true,4,objective equals makespan; due-date/tardiness fields are not available in this instance format
main|L|rush_job|48|GA,2026-06-03T15:05:46,L_rush_job_seed48,L,rush_job,48,40048,40048,1.0,GA,solved,,3.216315,240.783478,240.783478,1583.758551,1286.517783,0.448221,27.014085,27.014085,1.048868,true,3,objective equals makespan; due-date/tardiness fields are not available in this instance format
main|L|rush_job|50|MOR,2026-06-03T15:05:46,L_rush_job_seed50,L,rush_job,50,40050,40050,1.0,MOR,solved,,0.092131,197.953750,197.953750,1308.703457,1128.568260,0.463046,22.410140,22.410140,0.000014,true,4,objective equals makespan; due-date/tardiness fields are not available in this instance format
main|L|rush_job|48|LNS,2026-06-03T15:05:47,L_rush_job_seed48,L,rush_job,48,40048,40048,1.0,LNS,solved,,4.260574,203.768211,203.768211,1635.999219,1106.652900,0.403497,26.227884,26.227884,1.047396,true,3,objective equals makespan; due-date/tardiness fields are not available in this instance format
main|L|rush_job|48|MOEA-NSGA2,2026-06-03T15:05:48,L_rush_job_seed48,L,rush_job,48,40048,40048,1.0,MOEA-NSGA2,solved,,3.232280,220.238361,220.238361,1691.942248,1205.422381,0.416041,28.147222,28.147222,1.048582,true,3,objective equals makespan; due-date/tardiness fields are not available in this instance format
main|L|rush_job|48|DCGA,2026-06-03T15:05:48,L_rush_job_seed48,L,rush_job,48,40048,40048,1.0,DCGA,solved,,4.261346,221.960734,221.960734,1601.550070,1288.795360,0.445897,26.426262,26.426262,1.047707,true,4,objective equals makespan; due-date/tardiness fields are not available in this instance format
main|L|rush_job|51|B-CORE,2026-06-03T15:05:48,L_rush_job_seed51,L,rush_job,51,40051,40051,1.0,B-CORE,solved,,0.206566,146.865071,146.865071,1368.775069,821.221797,0.374988,21.297826,21.297826,0.000484,true,4,objective equals makespan; due-date/tardiness fields are not available in this instance format
main|L|rush_job|51|B-CORE-no-graph,2026-06-03T15:05:48,L_rush_job_seed51,L,rush_job,51,40051,40051,1.0,B-CORE-no-graph,solved,,0.210999,146.865071,146.865071,1368.775069,821.221797,0.374988,21.297826,21.297826,0.000476,true,4,objective equals makespan; due-date/tardiness fields are not available in this instance format
main|L|rush_job|51|B-CORE-no-bottleneck,2026-06-03T15:05:48,L_rush_job_seed51,L,rush_job,51,40051,40051,1.0,B-CORE-no-bottleneck,solved,,0.214430,163.869890,163.869890,1539.944174,935.266807,0.377853,25.990433,25.990433,0.000552,true,4,objective equals makespan; due-date/tardiness fields are not available in this instance format
main|L|rush_job|48|SA,2026-06-03T15:05:49,L_rush_job_seed48,L,rush_job,48,40048,40048,1.0,SA,solved,,4.264058,210.746439,210.746439,1605.006296,1210.809822,0.430003,27.243944,27.243944,1.037430,true,3,objective equals makespan; due-date/tardiness fields are not available in this instance format
main|L|rush_job|51|B-CORE-no-qp,2026-06-03T15:05:49,L_rush_job_seed51,L,rush_job,51,40051,40051,1.0,B-CORE-no-qp,solved,,0.210167,154.541105,154.541105,1367.922690,811.397860,0.372317,21.038342,21.038342,0.000499,true,4,objective equals makespan; due-date/tardiness fields are not available in this instance format
main|L|rush_job|51|MachineRank,2026-06-03T15:05:49,L_rush_job_seed51,L,rush_job,51,40051,40051,1.0,MachineRank,solved,,0.142879,231.442888,231.442888,1650.483163,1318.473688,0.444087,27.459249,27.459249,0.000152,true,4,objective equals makespan; due-date/tardiness fields are not available in this instance format
main|L|rush_job|51|B-CORE-no-transport,2026-06-03T15:05:49,L_rush_job_seed51,L,rush_job,51,40051,40051,1.0,B-CORE-no-transport,solved,,0.223403,217.046138,217.046138,1722.969980,1584.053711,0.478997,35.960254,35.960254,0.000526,true,4,objective equals makespan; due-date/tardiness fields are not available in this instance format
main|L|rush_job|51|MOR,2026-06-03T15:05:49,L_rush_job_seed51,L,rush_job,51,40051,40051,1.0,MOR,solved,,0.109625,244.002847,244.002847,1489.375740,1328.265498,0.471410,24.991638,24.991638,0.000021,true,4,objective equals makespan; due-date/tardiness fields are not available in this instance format
main|L|rush_job|49|GA,2026-06-03T15:05:49,L_rush_job_seed49,L,rush_job,49,40049,40049,1.0,GA,solved,,4.251752,190.181226,190.181226,1467.727348,1012.944606,0.408335,25.754311,25.754311,1.033918,true,4,objective equals makespan; due-date/tardiness fields are not available in this instance format
main|L|rush_job|49|LNS,2026-06-03T15:05:49,L_rush_job_seed49,L,rush_job,49,40049,40049,1.0,LNS,solved,,4.281441,223.710237,223.710237,1583.494356,1206.203651,0.432378,28.244931,28.244931,1.041522,true,4,objective equals makespan; due-date/tardiness fields are not available in this instance format
main|L|rush_job|49|DCGA,2026-06-03T15:05:49,L_rush_job_seed49,L,rush_job,49,40049,40049,1.0,DCGA,solved,,4.261806,193.678238,193.678238,1409.463254,1177.395094,0.455145,24.103653,24.103653,1.034622,true,4,objective equals makespan; due-date/tardiness fields are not available in this instance format
main|L|rush_job|49|SA,2026-06-03T15:05:49,L_rush_job_seed49,L,rush_job,49,40049,40049,1.0,SA,solved,,4.254559,209.280395,209.280395,1581.031797,1307.632166,0.452677,28.643580,28.643580,1.054126,true,4,objective equals makespan; due-date/tardiness fields are not available in this instance format
main|L|mixed|42|B-CORE,2026-06-03T15:05:50,L_mixed_seed42,L,mixed,42,50042,50042,1.0,B-CORE,solved,,0.185488,147.699705,147.699705,1313.554873,763.822231,0.367686,22.394858,22.394858,0.000435,true,4,objective equals makespan; due-date/tardiness fields are not available in this instance format
main|L|mixed|42|B-CORE-no-graph,2026-06-03T15:05:50,L_mixed_seed42,L,mixed,42,50042,50042,1.0,B-CORE-no-graph,solved,,0.187775,147.699705,147.699705,1313.554873,763.822231,0.367686,22.394858,22.394858,0.000454,true,4,objective equals makespan; due-date/tardiness fields are not available in this instance format
main|L|rush_job|49|MOEA-NSGA2,2026-06-03T15:05:50,L_rush_job_seed49,L,rush_job,49,40049,40049,1.0,MOEA-NSGA2,solved,,4.233660,190.181226,190.181226,1467.727348,1012.944606,0.408335,25.754311,25.754311,1.030786,true,4,objective equals makespan; due-date/tardiness fields are not available in this instance format
main|L|mixed|42|B-CORE-no-bottleneck,2026-06-03T15:05:50,L_mixed_seed42,L,mixed,42,50042,50042,1.0,B-CORE-no-bottleneck,solved,,0.190669,175.482547,175.482547,1490.526832,994.804114,0.400270,28.532069,28.532069,0.000465,true,4,objective equals makespan; due-date/tardiness fields are not available in this instance format
main|L|mixed|42|B-CORE-no-qp,2026-06-03T15:05:50,L_mixed_seed42,L,mixed,42,50042,50042,1.0,B-CORE-no-qp,solved,,0.185281,147.671324,147.671324,1306.558655,785.421690,0.375444,22.459513,22.459513,0.000435,true,4,objective equals makespan; due-date/tardiness fields are not available in this instance format
main|L|mixed|42|MachineRank,2026-06-03T15:05:50,L_mixed_seed42,L,mixed,42,50042,50042,1.0,MachineRank,solved,,0.127424,196.946894,196.946894,1506.434216,1252.023441,0.453885,28.612920,28.612920,0.000244,true,4,objective equals makespan; due-date/tardiness fields are not available in this instance format
main|L|mixed|42|B-CORE-no-transport,2026-06-03T15:05:50,L_mixed_seed42,L,mixed,42,50042,50042,1.0,B-CORE-no-transport,solved,,0.195477,200.111532,200.111532,1663.873927,1284.055537,0.435579,34.166555,34.166555,0.000502,true,4,objective equals makespan; due-date/tardiness fields are not available in this instance format
main|L|mixed|42|MOR,2026-06-03T15:05:50,L_mixed_seed42,L,mixed,42,50042,50042,1.0,MOR,solved,,0.094735,185.747423,185.747423,1362.506694,1077.540626,0.441606,23.076072,23.076072,0.000017,true,4,objective equals makespan; due-date/tardiness fields are not available in this instance format
main|L|rush_job|50|LNS,2026-06-03T15:05:51,L_rush_job_seed50,L,rush_job,50,40050,40050,1.0,LNS,solved,,4.228065,208.409844,208.409844,1512.769533,1364.964456,0.474319,28.423606,28.423606,1.029334,true,4,objective equals makespan; due-date/tardiness fields are not available in this instance format
main|L|rush_job|50|SA,2026-06-03T15:05:51,L_rush_job_seed50,L,rush_job,50,40050,40050,1.0,SA,solved,,3.216054,216.683585,216.683585,1649.134852,1318.177940,0.444233,29.327596,29.327596,1.045991,true,4,objective equals makespan; due-date/tardiness fields are not available in this instance format
main|L|rush_job|50|GA,2026-06-03T15:05:51,L_rush_job_seed50,L,rush_job,50,40050,40050,1.0,GA,solved,,4.292040,205.047193,205.047193,1522.068935,1197.233798,0.440272,26.707772,26.707772,1.052794,true,4,objective equals makespan; due-date/tardiness fields are not available in this instance format
main|L|rush_job|50|DCGA,2026-06-03T15:05:51,L_rush_job_seed50,L,rush_job,50,40050,40050,1.0,DCGA,solved,,4.307316,209.824543,209.824543,1505.038461,1207.921916,0.445241,25.797113,25.797113,1.057360,true,4,objective equals makespan; due-date/tardiness fields are not available in this instance format
main|L|mixed|43|B-CORE,2026-06-03T15:05:51,L_mixed_seed43,L,mixed,43,50043,50043,1.0,B-CORE,solved,,0.196545,159.394990,159.394990,1468.299295,795.962966,0.351533,22.779680,22.779680,0.000427,true,4,objective equals makespan; due-date/tardiness fields are not available in this instance format
main|L|mixed|43|B-CORE-no-graph,2026-06-03T15:05:51,L_mixed_seed43,L,mixed,43,50043,50043,1.0,B-CORE-no-graph,solved,,0.195023,159.394990,159.394990,1468.299295,795.962966,0.351533,22.779680,22.779680,0.000388,true,4,objective equals makespan; due-date/tardiness fields are not available in this instance format
main|L|mixed|43|B-CORE-no-bottleneck,2026-06-03T15:05:51,L_mixed_seed43,L,mixed,43,50043,50043,1.0,B-CORE-no-bottleneck,solved,,0.197856,174.836458,174.836458,1577.368084,954.021114,0.376877,29.496911,29.496911,0.000559,true,4,objective equals makespan; due-date/tardiness fields are not available in this instance format
main|L|mixed|43|B-CORE-no-qp,2026-06-03T15:05:51,L_mixed_seed43,L,mixed,43,50043,50043,1.0,B-CORE-no-qp,solved,,0.190898,159.933252,159.933252,1445.713123,721.479517,0.332910,21.678856,21.678856,0.000397,true,4,objective equals makespan; due-date/tardiness fields are not available in this instance format
main|L|mixed|43|B-CORE-no-transport,2026-06-03T15:05:52,L_mixed_seed43,L,mixed,43,50043,50043,1.0,B-CORE-no-transport,solved,,0.196308,210.101600,210.101600,1666.833548,1520.518707,0.477048,37.008802,37.008802,0.000543,true,4,objective equals makespan; due-date/tardiness fields are not available in this instance format
main|L|mixed|43|MachineRank,2026-06-03T15:05:52,L_mixed_seed43,L,mixed,43,50043,50043,1.0,MachineRank,solved,,0.125178,209.138758,209.138758,1547.137387,1401.291717,0.475267,31.028118,31.028118,0.000154,true,4,objective equals makespan; due-date/tardiness fields are not available in this instance format
main|L|mixed|43|MOR,2026-06-03T15:05:52,L_mixed_seed43,L,mixed,43,50043,50043,1.0,MOR,solved,,0.099487,207.167595,207.167595,1286.624555,1043.305822,0.447784,22.276078,22.276078,0.000016,true,4,objective equals makespan; due-date/tardiness fields are not available in this instance format
main|L|rush_job|50|MOEA-NSGA2,2026-06-03T15:05:52,L_rush_job_seed50,L,rush_job,50,40050,40050,1.0,MOEA-NSGA2,solved,,4.253428,205.653214,205.653214,1570.256408,1295.314764,0.452027,27.602337,27.602337,1.024137,true,4,objective equals makespan; due-date/tardiness fields are not available in this instance format
main|L|rush_job|51|LNS,2026-06-03T15:05:52,L_rush_job_seed51,L,rush_job,51,40051,40051,1.0,LNS,solved,,3.278859,221.063091,221.063091,1669.681627,1488.863226,0.471376,28.716775,28.716775,1.054404,true,4,objective equals makespan; due-date/tardiness fields are not available in this instance format
main|L|rush_job|51|DCGA,2026-06-03T15:05:53,L_rush_job_seed51,L,rush_job,51,40051,40051,1.0,DCGA,solved,,3.213336,218.901389,218.901389,1628.268543,1484.789625,0.476955,27.946604,27.946604,1.034494,true,4,objective equals makespan; due-date/tardiness fields are not available in this instance format
main|L|rush_job|51|SA,2026-06-03T15:05:53,L_rush_job_seed51,L,rush_job,51,40051,40051,1.0,SA,solved,,3.234880,232.614079,232.614079,1727.052860,1531.556858,0.470003,30.050980,30.050980,1.037559,true,4,objective equals makespan; due-date/tardiness fields are not available in this instance format
main|L|rush_job|51|MOEA-NSGA2,2026-06-03T15:05:53,L_rush_job_seed51,L,rush_job,51,40051,40051,1.0,MOEA-NSGA2,solved,,3.516141,223.439763,223.439763,1759.496351,1451.578416,0.452054,28.656464,28.656464,1.133862,true,4,objective equals makespan; due-date/tardiness fields are not available in this instance format
main|L|mixed|44|B-CORE,2026-06-03T15:05:53,L_mixed_seed44,L,mixed,44,50044,50044,1.0,B-CORE,solved,,0.182890,148.475414,148.475414,1210.023112,654.524763,0.351037,18.717152,18.717152,0.000533,true,4,objective equals makespan; due-date/tardiness fields are not available in this instance format
main|L|rush_job|51|GA,2026-06-03T15:05:53,L_rush_job_seed51,L,rush_job,51,40051,40051,1.0,GA,solved,,4.348541,239.576665,239.576665,1692.167648,1371.258284,0.447622,26.214414,26.214414,1.062396,true,4,objective equals makespan; due-date/tardiness fields are not available in this instance format
main|L|mixed|44|B-CORE-no-graph,2026-06-03T15:05:53,L_mixed_seed44,L,mixed,44,50044,50044,1.0,B-CORE-no-graph,solved,,0.173129,148.475414,148.475414,1210.023112,654.524763,0.351037,18.717152,18.717152,0.000472,true,4,objective equals makespan; due-date/tardiness fields are not available in this instance format
main|L|mixed|44|B-CORE-no-bottleneck,2026-06-03T15:05:53,L_mixed_seed44,L,mixed,44,50044,50044,1.0,B-CORE-no-bottleneck,solved,,0.179161,162.541152,162.541152,1382.814140,1015.162271,0.423341,28.042924,28.042924,0.000400,true,4,objective equals makespan; due-date/tardiness fields are not available in this instance format
main|L|mixed|44|B-CORE-no-qp,2026-06-03T15:05:54,L_mixed_seed44,L,mixed,44,50044,50044,1.0,B-CORE-no-qp,solved,,0.176653,153.043204,153.043204,1312.769816,738.716833,0.360089,20.316030,20.316030,0.000431,true,4,objective equals makespan; due-date/tardiness fields are not available in this instance format
main|L|mixed|44|B-CORE-no-transport,2026-06-03T15:05:54,L_mixed_seed44,L,mixed,44,50044,50044,1.0,B-CORE-no-transport,solved,,0.187280,205.724548,205.724548,1604.207400,1442.472648,0.473457,35.539871,35.539871,0.000426,true,4,objective equals makespan; due-date/tardiness fields are not available in this instance format
main|L|mixed|44|MachineRank,2026-06-03T15:05:54,L_mixed_seed44,L,mixed,44,50044,50044,1.0,MachineRank,solved,,0.116696,193.578899,193.578899,1537.621888,1209.196975,0.440217,28.942622,28.942622,0.000253,true,4,objective equals makespan; due-date/tardiness fields are not available in this instance format
main|L|mixed|44|MOR,2026-06-03T15:05:54,L_mixed_seed44,L,mixed,44,50044,50044,1.0,MOR,solved,,0.090071,197.998508,197.998508,1325.353619,1069.018953,0.446471,21.985210,21.985210,0.000011,true,4,objective equals makespan; due-date/tardiness fields are not available in this instance format
main|L|mixed|42|SA,2026-06-03T15:05:54,L_mixed_seed42,L,mixed,42,50042,50042,1.0,SA,solved,,3.188075,215.929389,215.929389,1712.431098,1435.414239,0.455999,30.641216,30.641216,1.037670,true,4,objective equals makespan; due-date/tardiness fields are not available in this instance format
main|L|mixed|42|GA,2026-06-03T15:05:55,L_mixed_seed42,L,mixed,42,50042,50042,1.0,GA,solved,,4.202409,226.490097,226.490097,1643.852724,1362.619186,0.453229,27.943691,27.943691,1.031040,true,4,objective equals makespan; due-date/tardiness fields are not available in this instance format
main|L|mixed|42|LNS,2026-06-03T15:05:55,L_mixed_seed42,L,mixed,42,50042,50042,1.0,LNS,solved,,4.277977,226.526761,226.526761,1672.597896,1276.089136,0.432765,29.344720,29.344720,1.051062,true,4,objective equals makespan; due-date/tardiness fields are not available in this instance format
main|L|mixed|42|DCGA,2026-06-03T15:05:55,L_mixed_seed42,L,mixed,42,50042,50042,1.0,DCGA,solved,,4.254078,219.201384,219.201384,1707.502870,1304.345532,0.433071,28.769402,28.769402,1.035154,true,4,objective equals makespan; due-date/tardiness fields are not available in this instance format
main|L|mixed|42|MOEA-NSGA2,2026-06-03T15:05:55,L_mixed_seed42,L,mixed,42,50042,50042,1.0,MOEA-NSGA2,solved,,4.280567,226.490097,226.490097,1643.852724,1362.619186,0.453229,27.943691,27.943691,1.049589,true,4,objective equals makespan; due-date/tardiness fields are not available in this instance format
main|L|mixed|45|B-CORE,2026-06-03T15:05:55,L_mixed_seed45,L,mixed,45,50045,50045,1.0,B-CORE,solved,,0.200327,161.132153,161.132153,1484.032539,814.141141,0.354256,24.513536,24.513536,0.000513,true,4,objective equals makespan; due-date/tardiness fields are not available in this instance format
main|L|mixed|45|B-CORE-no-graph,2026-06-03T15:05:55,L_mixed_seed45,L,mixed,45,50045,50045,1.0,B-CORE-no-graph,solved,,0.202864,161.132153,161.132153,1484.032539,814.141141,0.354256,24.513536,24.513536,0.000499,true,4,objective equals makespan; due-date/tardiness fields are not available in this instance format
main|L|mixed|43|LNS,2026-06-03T15:05:55,L_mixed_seed43,L,mixed,43,50043,50043,1.0,LNS,solved,,3.262999,233.098535,233.098535,1627.453042,1378.936630,0.458669,27.869599,27.869599,1.065511,true,4,objective equals makespan; due-date/tardiness fields are not available in this instance format
main|L|mixed|45|B-CORE-no-bottleneck,2026-06-03T15:05:55,L_mixed_seed45,L,mixed,45,50045,50045,1.0,B-CORE-no-bottleneck,solved,,0.203692,163.959725,163.959725,1560.302917,872.202527,0.358561,27.243322,27.243322,0.000517,true,4,objective equals makespan; due-date/tardiness fields are not available in this instance format
main|L|mixed|43|GA,2026-06-03T15:05:55,L_mixed_seed43,L,mixed,43,50043,50043,1.0,GA,solved,,3.249499,223.503288,223.503288,1657.014319,1336.634554,0.446490,27.997185,27.997185,1.053047,true,4,objective equals makespan; due-date/tardiness fields are not available in this instance format
main|L|mixed|45|MOR,2026-06-03T15:05:55,L_mixed_seed45,L,mixed,45,50045,50045,1.0,MOR,solved,,0.108283,213.258617,213.258617,1520.034230,1347.315846,0.469882,27.671897,27.671897,0.000018,true,4,objective equals makespan; due-date/tardiness fields are not available in this instance format
main|L|mixed|45|MachineRank,2026-06-03T15:05:55,L_mixed_seed45,L,mixed,45,50045,50045,1.0,MachineRank,solved,,0.130672,215.194755,215.194755,1610.403056,1321.882807,0.450803,32.473354,32.473354,0.000118,true,4,objective equals makespan; due-date/tardiness fields are not available in this instance format
main|L|mixed|45|B-CORE-no-qp,2026-06-03T15:05:55,L_mixed_seed45,L,mixed,45,50045,50045,1.0,B-CORE-no-qp,solved,,0.201768,165.437918,165.437918,1530.803400,867.322386,0.361667,25.027487,25.027487,0.000509,true,4,objective equals makespan; due-date/tardiness fields are not available in this instance format
main|L|mixed|45|B-CORE-no-transport,2026-06-03T15:05:55,L_mixed_seed45,L,mixed,45,50045,50045,1.0,B-CORE-no-transport,solved,,0.203378,199.322358,199.322358,1688.254048,1357.142200,0.445637,35.938694,35.938694,0.000473,true,4,objective equals makespan; due-date/tardiness fields are not available in this instance format
main|L|mixed|43|DCGA,2026-06-03T15:05:55,L_mixed_seed43,L,mixed,43,50043,50043,1.0,DCGA,solved,,3.301381,220.556983,220.556983,1680.379099,1385.184925,0.451853,30.051591,30.051591,1.068607,true,4,objective equals makespan; due-date/tardiness fields are not available in this instance format
main|L|mixed|43|SA,2026-06-03T15:05:56,L_mixed_seed43,L,mixed,43,50043,50043,1.0,SA,solved,,3.279274,220.643110,220.643110,1620.145709,1359.871306,0.456330,30.588005,30.588005,1.060232,true,4,objective equals makespan; due-date/tardiness fields are not available in this instance format
main|L|mixed|43|MOEA-NSGA2,2026-06-03T15:05:56,L_mixed_seed43,L,mixed,43,50043,50043,1.0,MOEA-NSGA2,solved,,3.258619,223.503288,223.503288,1657.014319,1336.634554,0.446490,27.997185,27.997185,1.052623,true,4,objective equals makespan; due-date/tardiness fields are not available in this instance format
main|L|mixed|46|B-CORE,2026-06-03T15:05:56,L_mixed_seed46,L,mixed,46,50046,50046,1.0,B-CORE,solved,,0.180607,149.750241,149.750241,1309.301374,676.782800,0.340762,21.115975,21.115975,0.000453,true,4,objective equals makespan; due-date/tardiness fields are not available in this instance format
main|L|mixed|46|B-CORE-no-graph,2026-06-03T15:05:56,L_mixed_seed46,L,mixed,46,50046,50046,1.0,B-CORE-no-graph,solved,,0.181521,149.750241,149.750241,1309.301374,676.782800,0.340762,21.115975,21.115975,0.000453,true,4,objective equals makespan; due-date/tardiness fields are not available in this instance format
main|L|mixed|46|B-CORE-no-bottleneck,2026-06-03T15:05:56,L_mixed_seed46,L,mixed,46,50046,50046,1.0,B-CORE-no-bottleneck,solved,,0.168057,154.906337,154.906337,1459.695304,835.047105,0.363896,26.736667,26.736667,0.000468,true,4,objective equals makespan; due-date/tardiness fields are not available in this instance format
main|L|mixed|46|B-CORE-no-qp,2026-06-03T15:05:56,L_mixed_seed46,L,mixed,46,50046,50046,1.0,B-CORE-no-qp,solved,,0.160895,157.230787,157.230787,1376.769155,788.325165,0.364107,23.155942,23.155942,0.000452,true,4,objective equals makespan; due-date/tardiness fields are not available in this instance format
main|L|mixed|46|MachineRank,2026-06-03T15:05:56,L_mixed_seed46,L,mixed,46,50046,50046,1.0,MachineRank,solved,,0.101617,226.137463,226.137463,1566.355517,1202.552298,0.434306,28.055983,28.055983,0.000146,true,4,objective equals makespan; due-date/tardiness fields are not available in this instance format
main|L|mixed|46|B-CORE-no-transport,2026-06-03T15:05:56,L_mixed_seed46,L,mixed,46,50046,50046,1.0,B-CORE-no-transport,solved,,0.171600,184.606264,184.606264,1606.854302,1192.265846,0.425943,34.491785,34.491785,0.000508,true,4,objective equals makespan; due-date/tardiness fields are not available in this instance format
main|L|mixed|46|MOR,2026-06-03T15:05:56,L_mixed_seed46,L,mixed,46,50046,50046,1.0,MOR,solved,,0.074985,220.109753,220.109753,1351.253707,1159.110325,0.461730,25.474464,25.474464,0.000011,true,4,objective equals makespan; due-date/tardiness fields are not available in this instance format
main|L|mixed|44|GA,2026-06-03T15:05:58,L_mixed_seed44,L,mixed,44,50044,50044,1.0,GA,solved,,4.235591,205.107919,205.107919,1532.863967,1168.213783,0.432499,26.752572,26.752572,1.028179,true,4,objective equals makespan; due-date/tardiness fields are not available in this instance format
main|L|mixed|44|LNS,2026-06-03T15:05:58,L_mixed_seed44,L,mixed,44,50044,50044,1.0,LNS,solved,,4.293977,216.707373,216.707373,1685.914408,1484.373052,0.468214,30.232892,30.232892,1.064479,true,4,objective equals makespan; due-date/tardiness fields are not available in this instance format
main|L|mixed|44|DCGA,2026-06-03T15:05:58,L_mixed_seed44,L,mixed,44,50044,50044,1.0,DCGA,solved,,4.303922,205.326029,205.326029,1441.959659,1105.166460,0.433888,24.633280,24.633280,1.045773,true,4,objective equals makespan; due-date/tardiness fields are not available in this instance format
main|L|mixed|45|GA,2026-06-03T15:05:59,L_mixed_seed45,L,mixed,45,50045,50045,1.0,GA,solved,,3.215562,238.093222,238.093222,1635.891394,1431.458332,0.466676,27.660666,27.660666,1.036613,true,4,objective equals makespan; due-date/tardiness fields are not available in this instance format
main|L|mixed|47|B-CORE,2026-06-03T15:05:59,L_mixed_seed47,L,mixed,47,50047,50047,1.0,B-CORE,solved,,0.188957,139.634383,139.634383,1331.599282,721.792678,0.351512,21.573683,21.573683,0.000552,true,4,objective equals makespan; due-date/tardiness fields are not available in this instance format
main|L|mixed|45|MOEA-NSGA2,2026-06-03T15:05:59,L_mixed_seed45,L,mixed,45,50045,50045,1.0,MOEA-NSGA2,solved,,3.312140,238.093222,238.093222,1635.891394,1431.458332,0.466676,27.660666,27.660666,1.088731,true,4,objective equals makespan; due-date/tardiness fields are not available in this instance format
main|L|mixed|44|SA,2026-06-03T15:05:59,L_mixed_seed44,L,mixed,44,50044,50044,1.0,SA,solved,,4.217862,233.542066,233.542066,1736.096431,1422.616567,0.450379,29.236238,29.236238,1.022078,true,4,objective equals makespan; due-date/tardiness fields are not available in this instance format
main|L|mixed|44|MOEA-NSGA2,2026-06-03T15:05:59,L_mixed_seed44,L,mixed,44,50044,50044,1.0,MOEA-NSGA2,solved,,4.257505,205.107919,205.107919,1532.863967,1168.213783,0.432499,26.752572,26.752572,1.034400,true,4,objective equals makespan; due-date/tardiness fields are not available in this instance format
main|L|mixed|47|B-CORE-no-graph,2026-06-03T15:05:59,L_mixed_seed47,L,mixed,47,50047,50047,1.0,B-CORE-no-graph,solved,,0.167163,139.634383,139.634383,1331.599282,721.792678,0.351512,21.573683,21.573683,0.000556,true,4,objective equals makespan; due-date/tardiness fields are not available in this instance format
main|L|mixed|47|B-CORE-no-bottleneck,2026-06-03T15:05:59,L_mixed_seed47,L,mixed,47,50047,50047,1.0,B-CORE-no-bottleneck,solved,,0.173252,148.644032,148.644032,1339.307750,825.806643,0.381415,24.502779,24.502779,0.000383,true,4,objective equals makespan; due-date/tardiness fields are not available in this instance format
main|L|mixed|47|B-CORE-no-qp,2026-06-03T15:05:59,L_mixed_seed47,L,mixed,47,50047,50047,1.0,B-CORE-no-qp,solved,,0.179762,143.215860,143.215860,1275.558263,748.317411,0.369745,21.996135,21.996135,0.000470,true,4,objective equals makespan; due-date/tardiness fields are not available in this instance format
main|L|mixed|47|B-CORE-no-transport,2026-06-03T15:05:59,L_mixed_seed47,L,mixed,47,50047,50047,1.0,B-CORE-no-transport,solved,,0.176524,197.381267,197.381267,1598.722901,1306.817213,0.449767,33.686093,33.686093,0.000467,true,4,objective equals makespan; due-date/tardiness fields are not available in this instance format
main|L|mixed|47|MOR,2026-06-03T15:05:59,L_mixed_seed47,L,mixed,47,50047,50047,1.0,MOR,solved,,0.088105,229.123038,229.123038,1432.921354,1207.960357,0.457408,24.725424,24.725424,0.000014,true,4,objective equals makespan; due-date/tardiness fields are not available in this instance format
main|L|mixed|47|MachineRank,2026-06-03T15:05:59,L_mixed_seed47,L,mixed,47,50047,50047,1.0,MachineRank,solved,,0.114257,180.574598,180.574598,1449.896485,1250.101877,0.463001,29.372825,29.372825,0.000179,true,4,objective equals makespan; due-date/tardiness fields are not available in this instance format
main|L|mixed|45|LNS,2026-06-03T15:06:00,L_mixed_seed45,L,mixed,45,50045,50045,1.0,LNS,solved,,4.253547,225.871421,225.871421,1723.733920,1407.932365,0.449579,29.981964,29.981964,1.030532,true,4,objective equals makespan; due-date/tardiness fields are not available in this instance format
main|L|mixed|45|SA,2026-06-03T15:06:00,L_mixed_seed45,L,mixed,45,50045,50045,1.0,SA,solved,,4.225283,248.316280,248.316280,1744.729485,1490.318120,0.460679,31.056822,31.056822,1.030331,true,4,objective equals makespan; due-date/tardiness fields are not available in this instance format
main|L|mixed|45|DCGA,2026-06-03T15:06:00,L_mixed_seed45,L,mixed,45,50045,50045,1.0,DCGA,solved,,4.291019,227.987828,227.987828,1592.255617,1293.003301,0.448141,27.666981,27.666981,1.042967,true,4,objective equals makespan; due-date/tardiness fields are not available in this instance format
main|L|mixed|46|GA,2026-06-03T15:06:00,L_mixed_seed46,L,mixed,46,50046,50046,1.0,GA,solved,,3.184936,219.156718,219.156718,1570.573398,1335.682909,0.459589,27.879698,27.879698,1.023308,true,4,objective equals makespan; due-date/tardiness fields are not available in this instance format
main|L|mixed|48|B-CORE,2026-06-03T15:06:00,L_mixed_seed48,L,mixed,48,50048,50048,1.0,B-CORE,solved,,0.185366,137.749937,137.749937,1263.653706,735.131050,0.367789,21.053558,21.053558,0.000453,true,4,objective equals makespan; due-date/tardiness fields are not available in this instance format
main|L|mixed|48|B-CORE-no-graph,2026-06-03T15:06:00,L_mixed_seed48,L,mixed,48,50048,50048,1.0,B-CORE-no-graph,solved,,0.188122,137.749937,137.749937,1263.653706,735.131050,0.367789,21.053558,21.053558,0.000427,true,4,objective equals makespan; due-date/tardiness fields are not available in this instance format
main|L|mixed|48|B-CORE-no-bottleneck,2026-06-03T15:06:00,L_mixed_seed48,L,mixed,48,50048,50048,1.0,B-CORE-no-bottleneck,solved,,0.192007,170.535803,170.535803,1361.127410,921.895414,0.403805,26.175670,26.175670,0.000439,true,4,objective equals makespan; due-date/tardiness fields are not available in this instance format
main|L|mixed|48|B-CORE-no-qp,2026-06-03T15:06:00,L_mixed_seed48,L,mixed,48,50048,50048,1.0,B-CORE-no-qp,solved,,0.186772,141.351682,141.351682,1277.268319,743.015822,0.367778,21.191760,21.191760,0.000445,true,4,objective equals makespan; due-date/tardiness fields are not available in this instance format
main|L|mixed|48|MachineRank,2026-06-03T15:06:00,L_mixed_seed48,L,mixed,48,50048,50048,1.0,MachineRank,solved,,0.124710,240.086282,240.086282,1502.733078,1226.321991,0.449358,29.036962,29.036962,0.000272,true,4,objective equals makespan; due-date/tardiness fields are not available in this instance format
main|L|mixed|48|B-CORE-no-transport,2026-06-03T15:06:00,L_mixed_seed48,L,mixed,48,50048,50048,1.0,B-CORE-no-transport,solved,,0.199185,200.823466,200.823466,1682.258855,1335.276046,0.442506,34.527481,34.527481,0.000482,true,4,objective equals makespan; due-date/tardiness fields are not available in this instance format
main|L|mixed|48|MOR,2026-06-03T15:06:00,L_mixed_seed48,L,mixed,48,50048,50048,1.0,MOR,solved,,0.091302,202.514694,202.514694,1251.844832,1083.112302,0.463868,23.114115,23.114115,0.000014,true,4,objective equals makespan; due-date/tardiness fields are not available in this instance format
main|L|mixed|46|LNS,2026-06-03T15:06:01,L_mixed_seed46,L,mixed,46,50046,50046,1.0,LNS,solved,,4.172437,208.488804,208.488804,1555.016885,1187.224212,0.432939,26.697282,26.697282,1.019751,true,4,objective equals makespan; due-date/tardiness fields are not available in this instance format
main|L|mixed|46|DCGA,2026-06-03T15:06:01,L_mixed_seed46,L,mixed,46,50046,50046,1.0,DCGA,solved,,3.128930,204.423638,204.423638,1400.831410,1281.122217,0.477682,25.241208,25.241208,1.017516,true,4,objective equals makespan; due-date/tardiness fields are not available in this instance format
main|L|mixed|46|MOEA-NSGA2,2026-06-03T15:06:01,L_mixed_seed46,L,mixed,46,50046,50046,1.0,MOEA-NSGA2,solved,,3.165550,220.822351,220.822351,1570.419862,1228.591996,0.438938,26.844373,26.844373,1.035011,true,4,objective equals makespan; due-date/tardiness fields are not available in this instance format
main|L|mixed|49|B-CORE,2026-06-03T15:06:01,L_mixed_seed49,L,mixed,49,50049,50049,1.0,B-CORE,solved,,0.176944,155.872694,155.872694,1322.967271,778.579856,0.370479,21.735399,21.735399,0.000427,true,4,objective equals makespan; due-date/tardiness fields are not available in this instance format
main|L|mixed|49|B-CORE-no-graph,2026-06-03T15:06:02,L_mixed_seed49,L,mixed,49,50049,50049,1.0,B-CORE-no-graph,solved,,0.178322,155.872694,155.872694,1322.967271,778.579856,0.370479,21.735399,21.735399,0.000423,true,4,objective equals makespan; due-date/tardiness fields are not available in this instance format
main|L|mixed|49|B-CORE-no-bottleneck,2026-06-03T15:06:02,L_mixed_seed49,L,mixed,49,50049,50049,1.0,B-CORE-no-bottleneck,solved,,0.179536,164.251016,164.251016,1382.381006,822.496405,0.373035,25.504582,25.504582,0.000427,true,4,objective equals makespan; due-date/tardiness fields are not available in this instance format
main|L|mixed|49|B-CORE-no-qp,2026-06-03T15:06:02,L_mixed_seed49,L,mixed,49,50049,50049,1.0,B-CORE-no-qp,solved,,0.174937,141.686629,141.686629,1288.425637,778.579856,0.376670,21.785563,21.785563,0.000443,true,4,objective equals makespan; due-date/tardiness fields are not available in this instance format
main|L|mixed|49|B-CORE-no-transport,2026-06-03T15:06:02,L_mixed_seed49,L,mixed,49,50049,50049,1.0,B-CORE-no-transport,solved,,0.184783,196.185988,196.185988,1660.999078,1288.948931,0.436940,35.154759,35.154759,0.000421,true,4,objective equals makespan; due-date/tardiness fields are not available in this instance format
main|L|mixed|46|SA,2026-06-03T15:06:02,L_mixed_seed46,L,mixed,46,50046,50046,1.0,SA,solved,,4.203994,193.750245,193.750245,1644.252976,1072.140195,0.394693,26.233030,26.233030,1.029552,true,4,objective equals makespan; due-date/tardiness fields are not available in this instance format
main|L|mixed|47|GA,2026-06-03T15:06:02,L_mixed_seed47,L,mixed,47,50047,50047,1.0,GA,solved,,3.189872,215.346360,215.346360,1615.883448,1295.830446,0.445040,27.641396,27.641396,1.031339,true,4,objective equals makespan; due-date/tardiness fields are not available in this instance format
main|L|mixed|49|MOR,2026-06-03T15:06:02,L_mixed_seed49,L,mixed,49,50049,50049,1.0,MOR,solved,,0.088949,215.698285,215.698285,1409.685843,1113.635526,0.441337,22.891561,22.891561,0.000010,true,4,objective equals makespan; due-date/tardiness fields are not available in this instance format
main|L|mixed|49|MachineRank,2026-06-03T15:06:02,L_mixed_seed49,L,mixed,49,50049,50049,1.0,MachineRank,solved,,0.117014,206.559774,206.559774,1566.720859,1371.001092,0.466689,30.741214,30.741214,0.000107,true,4,objective equals makespan; due-date/tardiness fields are not available in this instance format
main|L|mixed|47|LNS,2026-06-03T15:06:03,L_mixed_seed47,L,mixed,47,50047,50047,1.0,LNS,solved,,4.271082,219.114588,219.114588,1592.005218,1387.786868,0.465733,29.530019,29.530019,1.047360,true,4,objective equals makespan; due-date/tardiness fields are not available in this instance format
main|L|mixed|48|LNS,2026-06-03T15:06:03,L_mixed_seed48,L,mixed,48,50048,50048,1.0,LNS,solved,,3.215772,224.397511,224.397511,1591.947980,1261.101896,0.442019,27.134621,27.134621,1.025784,true,4,objective equals makespan; due-date/tardiness fields are not available in this instance format
main|L|mixed|48|GA,2026-06-03T15:06:03,L_mixed_seed48,L,mixed,48,50048,50048,1.0,GA,solved,,3.208615,234.945911,234.945911,1601.514577,1368.998578,0.460863,27.362459,27.362459,1.030197,true,4,objective equals makespan; due-date/tardiness fields are not available in this instance format
main|L|mixed|47|DCGA,2026-06-03T15:06:03,L_mixed_seed47,L,mixed,47,50047,50047,1.0,DCGA,solved,,4.241749,212.199715,212.199715,1594.434722,1300.655619,0.449263,26.857842,26.857842,1.037181,true,4,objective equals makespan; due-date/tardiness fields are not available in this instance format
main|L|mixed|47|SA,2026-06-03T15:06:03,L_mixed_seed47,L,mixed,47,50047,50047,1.0,SA,solved,,4.273067,199.286557,199.286557,1615.946809,1321.208600,0.449826,29.004823,29.004823,1.043148,true,4,objective equals makespan; due-date/tardiness fields are not available in this instance format
main|L|mixed|48|DCGA,2026-06-03T15:06:03,L_mixed_seed48,L,mixed,48,50048,50048,1.0,DCGA,solved,,3.261267,230.024688,230.024688,1582.250851,1202.837701,0.431885,27.649692,27.649692,1.057893,true,4,objective equals makespan; due-date/tardiness fields are not available in this instance format
main|L|mixed|50|B-CORE,2026-06-03T15:06:03,L_mixed_seed50,L,mixed,50,50050,50050,1.0,B-CORE,solved,,0.188592,152.962054,152.962054,1379.249853,632.039837,0.314246,21.070943,21.070943,0.000509,true,4,objective equals makespan; due-date/tardiness fields are not available in this instance format
main|L|mixed|50|B-CORE-no-graph,2026-06-03T15:06:03,L_mixed_seed50,L,mixed,50,50050,50050,1.0,B-CORE-no-graph,solved,,0.185637,152.962054,152.962054,1379.249853,632.039837,0.314246,21.070943,21.070943,0.000589,true,4,objective equals makespan; due-date/tardiness fields are not available in this instance format
main|L|mixed|50|B-CORE-no-bottleneck,2026-06-03T15:06:03,L_mixed_seed50,L,mixed,50,50050,50050,1.0,B-CORE-no-bottleneck,solved,,0.190269,158.085137,158.085137,1352.991233,904.522527,0.400672,24.926893,24.926893,0.000514,true,4,objective equals makespan; due-date/tardiness fields are not available in this instance format
main|L|mixed|50|B-CORE-no-qp,2026-06-03T15:06:03,L_mixed_seed50,L,mixed,50,50050,50050,1.0,B-CORE-no-qp,solved,,0.184044,157.160561,157.160561,1396.634723,789.569414,0.361160,23.167577,23.167577,0.000459,true,4,objective equals makespan; due-date/tardiness fields are not available in this instance format
main|L|mixed|50|MachineRank,2026-06-03T15:06:04,L_mixed_seed50,L,mixed,50,50050,50050,1.0,MachineRank,solved,,0.122462,187.319420,187.319420,1461.372201,1216.668382,0.454313,27.756877,27.756877,0.000199,true,4,objective equals makespan; due-date/tardiness fields are not available in this instance format
main|L|mixed|50|MOR,2026-06-03T15:06:04,L_mixed_seed50,L,mixed,50,50050,50050,1.0,MOR,solved,,0.095854,188.340424,188.340424,1227.160843,1083.044385,0.468809,21.921590,21.921590,0.000013,true,4,objective equals makespan; due-date/tardiness fields are not available in this instance format
main|L|mixed|50|B-CORE-no-transport,2026-06-03T15:06:04,L_mixed_seed50,L,mixed,50,50050,50050,1.0,B-CORE-no-transport,solved,,0.192723,195.807174,195.807174,1650.244035,1311.592115,0.442831,33.681377,33.681377,0.000431,true,4,objective equals makespan; due-date/tardiness fields are not available in this instance format
main|L|mixed|47|MOEA-NSGA2,2026-06-03T15:06:04,L_mixed_seed47,L,mixed,47,50047,50047,1.0,MOEA-NSGA2,solved,,4.243815,206.899384,206.899384,1639.525865,1277.420891,0.437931,28.111565,28.111565,1.026181,true,4,objective equals makespan; due-date/tardiness fields are not available in this instance format
main|L|mixed|48|SA,2026-06-03T15:06:04,L_mixed_seed48,L,mixed,48,50048,50048,1.0,SA,solved,,3.209806,232.557173,232.557173,1625.534501,1326.573010,0.449365,28.170541,28.170541,1.024336,true,4,objective equals makespan; due-date/tardiness fields are not available in this instance format
main|L|mixed|51|B-CORE,2026-06-03T15:06:04,L_mixed_seed51,L,mixed,51,50051,50051,1.0,B-CORE,solved,,0.210882,163.125552,163.125552,1421.537803,738.382921,0.341856,21.523584,21.523584,0.000492,true,4,objective equals makespan; due-date/tardiness fields are not available in this instance format
main|L|mixed|51|B-CORE-no-graph,2026-06-03T15:06:04,L_mixed_seed51,L,mixed,51,50051,50051,1.0,B-CORE-no-graph,solved,,0.212660,163.125552,163.125552,1421.537803,738.382921,0.341856,21.523584,21.523584,0.000508,true,4,objective equals makespan; due-date/tardiness fields are not available in this instance format
main|L|mixed|48|MOEA-NSGA2,2026-06-03T15:06:04,L_mixed_seed48,L,mixed,48,50048,50048,1.0,MOEA-NSGA2,solved,,3.204145,243.255498,243.255498,1673.460038,1420.480735,0.459117,28.849576,28.849576,1.030308,true,4,objective equals makespan; due-date/tardiness fields are not available in this instance format
main|L|mixed|51|B-CORE-no-bottleneck,2026-06-03T15:06:04,L_mixed_seed51,L,mixed,51,50051,50051,1.0,B-CORE-no-bottleneck,solved,,0.216650,174.357756,174.357756,1527.037289,1025.969998,0.401867,26.771440,26.771440,0.000564,true,4,objective equals makespan; due-date/tardiness fields are not available in this instance format
main|L|mixed|51|B-CORE-no-qp,2026-06-03T15:06:04,L_mixed_seed51,L,mixed,51,50051,50051,1.0,B-CORE-no-qp,solved,,0.214945,168.582961,168.582961,1416.697217,839.551758,0.372101,22.967009,22.967009,0.000547,true,4,objective equals makespan; due-date/tardiness fields are not available in this instance format
main|L|mixed|51|MachineRank,2026-06-03T15:06:05,L_mixed_seed51,L,mixed,51,50051,50051,1.0,MachineRank,solved,,0.143783,226.312320,226.312320,1635.546999,1348.706260,0.451941,28.689687,28.689687,0.000159,true,4,objective equals makespan; due-date/tardiness fields are not available in this instance format
main|L|mixed|51|B-CORE-no-transport,2026-06-03T15:06:05,L_mixed_seed51,L,mixed,51,50051,50051,1.0,B-CORE-no-transport,solved,,0.223998,214.974162,214.974162,1725.898749,1477.416315,0.461215,35.552371,35.552371,0.000549,true,4,objective equals makespan; due-date/tardiness fields are not available in this instance format
main|L|mixed|51|MOR,2026-06-03T15:06:05,L_mixed_seed51,L,mixed,51,50051,50051,1.0,MOR,solved,,0.108016,203.555569,203.555569,1380.063999,1125.225517,0.449140,22.754634,22.754634,0.000011,true,4,objective equals makespan; due-date/tardiness fields are not available in this instance format
main|L|mixed|49|LNS,2026-06-03T15:06:06,L_mixed_seed49,L,mixed,49,50049,50049,1.0,LNS,solved,,4.206237,232.187851,232.187851,1703.668320,1229.748244,0.419220,27.430555,27.430555,1.037418,true,4,objective equals makespan; due-date/tardiness fields are not available in this instance format
main|L|mixed|49|GA,2026-06-03T15:06:06,L_mixed_seed49,L,mixed,49,50049,50049,1.0,GA,solved,,4.227747,218.483039,218.483039,1518.539736,1234.396732,0.448393,26.062259,26.062259,1.026752,true,4,objective equals makespan; due-date/tardiness fields are not available in this instance format
main|L|mixed|49|DCGA,2026-06-03T15:06:06,L_mixed_seed49,L,mixed,49,50049,50049,1.0,DCGA,solved,,4.219373,209.816490,209.816490,1533.535154,1215.622211,0.442180,26.306858,26.306858,1.028567,true,4,objective equals makespan; due-date/tardiness fields are not available in this instance format
main|L|mixed|49|SA,2026-06-03T15:06:07,L_mixed_seed49,L,mixed,49,50049,50049,1.0,SA,solved,,4.232342,231.298153,231.298153,1685.517805,1367.591938,0.447934,29.356239,29.356239,1.025208,true,4,objective equals makespan; due-date/tardiness fields are not available in this instance format
main|L|mixed|49|MOEA-NSGA2,2026-06-03T15:06:07,L_mixed_seed49,L,mixed,49,50049,50049,1.0,MOEA-NSGA2,solved,,4.254206,209.813990,209.813990,1629.913901,1244.960225,0.433049,26.293255,26.293255,1.035336,true,4,objective equals makespan; due-date/tardiness fields are not available in this instance format
main|L|mixed|50|LNS,2026-06-03T15:06:08,L_mixed_seed50,L,mixed,50,50050,50050,1.0,LNS,solved,,4.218426,215.053237,215.053237,1468.293895,1281.742598,0.466082,27.304603,27.304603,1.030681,true,4,objective equals makespan; due-date/tardiness fields are not available in this instance format
main|L|mixed|50|SA,2026-06-03T15:06:08,L_mixed_seed50,L,mixed,50,50050,50050,1.0,SA,solved,,4.220549,200.656085,200.656085,1533.101293,1208.571461,0.440815,27.373155,27.373155,1.029260,true,4,objective equals makespan; due-date/tardiness fields are not available in this instance format
main|L|mixed|50|DCGA,2026-06-03T15:06:08,L_mixed_seed50,L,mixed,50,50050,50050,1.0,DCGA,solved,,4.274733,212.722579,212.722579,1500.263283,1213.555062,0.447176,27.440605,27.440605,1.046530,true,4,objective equals makespan; due-date/tardiness fields are not available in this instance format
main|L|mixed|50|GA,2026-06-03T15:06:08,L_mixed_seed50,L,mixed,50,50050,50050,1.0,GA,solved,,4.299135,196.374222,196.374222,1490.830789,1302.202114,0.466232,27.036547,27.036547,1.050407,true,4,objective equals makespan; due-date/tardiness fields are not available in this instance format
main|L|mixed|51|GA,2026-06-03T15:06:08,L_mixed_seed51,L,mixed,51,50051,50051,1.0,GA,solved,,3.191765,245.297121,245.297121,1671.659858,1540.624553,0.479604,27.412456,27.412456,1.013526,true,4,objective equals makespan; due-date/tardiness fields are not available in this instance format
main|L|mixed|51|LNS,2026-06-03T15:06:08,L_mixed_seed51,L,mixed,51,50051,50051,1.0,LNS,solved,,3.257081,228.026311,228.026311,1691.411181,1627.629949,0.490392,29.551035,29.551035,1.047987,true,4,objective equals makespan; due-date/tardiness fields are not available in this instance format
main|L|mixed|50|MOEA-NSGA2,2026-06-03T15:06:08,L_mixed_seed50,L,mixed,50,50050,50050,1.0,MOEA-NSGA2,solved,,4.245688,191.060870,191.060870,1487.567519,1261.690822,0.458920,25.906725,25.906725,1.038152,true,4,objective equals makespan; due-date/tardiness fields are not available in this instance format
main|L|mixed|51|DCGA,2026-06-03T15:06:10,L_mixed_seed51,L,mixed,51,50051,50051,1.0,DCGA,solved,,3.246450,233.199901,233.199901,1674.079607,1469.104046,0.467394,27.435997,27.435997,1.039323,true,4,objective equals makespan; due-date/tardiness fields are not available in this instance format
main|L|mixed|51|SA,2026-06-03T15:06:10,L_mixed_seed51,L,mixed,51,50051,50051,1.0,SA,solved,,3.286124,226.032552,226.032552,1726.572992,1391.356101,0.446244,27.519073,27.519073,1.068627,true,4,objective equals makespan; due-date/tardiness fields are not available in this instance format
main|L|mixed|51|MOEA-NSGA2,2026-06-03T15:06:10,L_mixed_seed51,L,mixed,51,50051,50051,1.0,MOEA-NSGA2,solved,,3.481008,227.027081,227.027081,1731.431518,1548.657894,0.472139,28.931353,28.931353,1.115501,true,4,objective equals makespan; due-date/tardiness fields are not available in this instance format
