experiment_id,timestamp,instance_id,scale,event_type,instance_seed,dynamic_seed,algorithm_seed,budget_sec,algorithm,status,error_message,runtime_sec,model_type,solver,solver_status,n_jobs,n_machines,n_agvs,n_ops_per_job,exact_or_relaxed_objective,exact_or_relaxed_makespan,exact_or_relaxed_agv_travel,exact_best_bound,bcore_objective,bcore_makespan,bcore_agv_travel,gap_pct_vs_exact_or_relaxed,exact_runtime_sec,bcore_runtime_sec,speedup_ratio,feasible,timeout,notes
exact|breakdown|J2|M2|A1|O2|42,2026-06-03T14:41:45,breakdown_J2_M2_A1_O2_seed42,J2_M2_A1_O2,breakdown,42,30042,42,60.0,,solved,,0.009628,complete_simulator_branch_bound_agv_path_tiny,project_environment_branch_bound,solved,2,2,1,2,10.000000,10.000000,,10.000000,10.000000,10.000000,not_logged_by_exact_worker,0.000000,0.007357,0.000915,8.040328,true,false,Tiny branch-bound rows are exact over the project simulator. Other rows are CP-SAT transport-capacity relaxation; empty AGV repositioning/path conflicts are relaxed.
exact|static|J2|M2|A1|O2|42,2026-06-03T14:41:45,static_J2_M2_A1_O2_seed42,J2_M2_A1_O2,static,42,42,42,60.0,,solved,,0.014538,complete_simulator_branch_bound_agv_path_tiny,project_environment_branch_bound,solved,2,2,1,2,10.000000,10.000000,,10.000000,16.880523,16.880523,not_logged_by_exact_worker,68.805228,0.012144,0.000987,12.306040,true,false,Tiny branch-bound rows are exact over the project simulator. Other rows are CP-SAT transport-capacity relaxation; empty AGV repositioning/path conflicts are relaxed.
exact|breakdown|J2|M2|A1|O2|45,2026-06-03T14:43:41,breakdown_J2_M2_A1_O2_seed45,J2_M2_A1_O2,breakdown,45,30045,45,60.0,,solved,,0.007943,complete_simulator_branch_bound_agv_path_tiny,project_environment_branch_bound,solved,2,2,1,2,8.692582,8.692582,,8.692582,8.692582,8.692582,not_logged_by_exact_worker,0.000000,0.006098,0.000890,6.852568,true,false,Tiny branch-bound rows are exact over the project simulator. Other rows are CP-SAT transport-capacity relaxation; empty AGV repositioning/path conflicts are relaxed.
exact|breakdown|J2|M2|A1|O2|44,2026-06-03T14:43:41,breakdown_J2_M2_A1_O2_seed44,J2_M2_A1_O2,breakdown,44,30044,44,60.0,,solved,,0.008846,complete_simulator_branch_bound_agv_path_tiny,project_environment_branch_bound,solved,2,2,1,2,13.495358,13.495358,,13.495358,14.077747,14.077747,not_logged_by_exact_worker,4.315478,0.006977,0.000886,7.876171,true,false,Tiny branch-bound rows are exact over the project simulator. Other rows are CP-SAT transport-capacity relaxation; empty AGV repositioning/path conflicts are relaxed.
exact|breakdown|J2|M2|A1|O2|46,2026-06-03T14:43:41,breakdown_J2_M2_A1_O2_seed46,J2_M2_A1_O2,breakdown,46,30046,46,60.0,,solved,,0.007621,complete_simulator_branch_bound_agv_path_tiny,project_environment_branch_bound,solved,2,2,1,2,20.692582,20.692582,,20.692582,20.692582,20.692582,not_logged_by_exact_worker,0.000000,0.005951,0.000760,7.832588,true,false,Tiny branch-bound rows are exact over the project simulator. Other rows are CP-SAT transport-capacity relaxation; empty AGV repositioning/path conflicts are relaxed.
exact|breakdown|J2|M2|A1|O2|43,2026-06-03T14:43:41,breakdown_J2_M2_A1_O2_seed43,J2_M2_A1_O2,breakdown,43,30043,43,60.0,,solved,,0.008473,complete_simulator_branch_bound_agv_path_tiny,project_environment_branch_bound,solved,2,2,1,2,14.692582,14.692582,,14.692582,14.692582,14.692582,not_logged_by_exact_worker,0.000000,0.006657,0.000894,7.449418,true,false,Tiny branch-bound rows are exact over the project simulator. Other rows are CP-SAT transport-capacity relaxation; empty AGV repositioning/path conflicts are relaxed.
exact|breakdown|J2|M2|A1|O2|48,2026-06-03T14:43:41,breakdown_J2_M2_A1_O2_seed48,J2_M2_A1_O2,breakdown,48,30048,48,60.0,,solved,,0.006963,complete_simulator_branch_bound_agv_path_tiny,project_environment_branch_bound,solved,2,2,1,2,15.000000,15.000000,,15.000000,15.000000,15.000000,not_logged_by_exact_worker,0.000000,0.005612,0.000675,8.312546,true,false,Tiny branch-bound rows are exact over the project simulator. Other rows are CP-SAT transport-capacity relaxation; empty AGV repositioning/path conflicts are relaxed.
exact|breakdown|J2|M2|A1|O2|47,2026-06-03T14:43:41,breakdown_J2_M2_A1_O2_seed47,J2_M2_A1_O2,breakdown,47,30047,47,60.0,,solved,,0.008644,complete_simulator_branch_bound_agv_path_tiny,project_environment_branch_bound,solved,2,2,1,2,15.605551,15.605551,,15.605551,16.802776,16.802776,not_logged_by_exact_worker,7.671785,0.007002,0.000966,7.244490,true,false,Tiny branch-bound rows are exact over the project simulator. Other rows are CP-SAT transport-capacity relaxation; empty AGV repositioning/path conflicts are relaxed.
exact|breakdown|J2|M2|A1|O2|49,2026-06-03T14:43:41,breakdown_J2_M2_A1_O2_seed49,J2_M2_A1_O2,breakdown,49,30049,49,60.0,,solved,,0.007655,complete_simulator_branch_bound_agv_path_tiny,project_environment_branch_bound,solved,2,2,1,2,11.000000,11.000000,,11.000000,11.000000,11.000000,not_logged_by_exact_worker,0.000000,0.006225,0.000810,7.686589,true,false,Tiny branch-bound rows are exact over the project simulator. Other rows are CP-SAT transport-capacity relaxation; empty AGV repositioning/path conflicts are relaxed.
exact|breakdown|J2|M2|A1|O2|50,2026-06-03T14:43:41,breakdown_J2_M2_A1_O2_seed50,J2_M2_A1_O2,breakdown,50,30050,50,60.0,,solved,,0.006957,complete_simulator_branch_bound_agv_path_tiny,project_environment_branch_bound,solved,2,2,1,2,11.385165,11.385165,,11.385165,11.692582,11.692582,not_logged_by_exact_worker,2.700159,0.005572,0.000735,7.579162,true,false,Tiny branch-bound rows are exact over the project simulator. Other rows are CP-SAT transport-capacity relaxation; empty AGV repositioning/path conflicts are relaxed.
exact|breakdown|J2|M2|A1|O2|51,2026-06-03T14:43:41,breakdown_J2_M2_A1_O2_seed51,J2_M2_A1_O2,breakdown,51,30051,51,60.0,,solved,,0.006966,complete_simulator_branch_bound_agv_path_tiny,project_environment_branch_bound,solved,2,2,1,2,12.000000,12.000000,,12.000000,12.000000,12.000000,not_logged_by_exact_worker,0.000000,0.005596,0.000681,8.222451,true,false,Tiny branch-bound rows are exact over the project simulator. Other rows are CP-SAT transport-capacity relaxation; empty AGV repositioning/path conflicts are relaxed.
exact|rush_job|J2|M2|A1|O2|45,2026-06-03T14:43:41,rush_job_J2_M2_A1_O2_seed45,J2_M2_A1_O2,rush_job,45,40045,45,60.0,,solved,,0.062699,complete_simulator_branch_bound_agv_path_tiny,project_environment_branch_bound,solved,2,2,1,2,10.692582,10.692582,,10.692582,10.692582,10.692582,not_logged_by_exact_worker,0.000000,0.060633,0.001279,47.399311,true,false,Tiny branch-bound rows are exact over the project simulator. Other rows are CP-SAT transport-capacity relaxation; empty AGV repositioning/path conflicts are relaxed.
exact|rush_job|J2|M2|A1|O2|42,2026-06-03T14:43:42,rush_job_J2_M2_A1_O2_seed42,J2_M2_A1_O2,rush_job,42,40042,42,60.0,,solved,,0.175745,complete_simulator_branch_bound_agv_path_tiny,project_environment_branch_bound,solved,2,2,1,2,14.100909,14.100909,,14.100909,14.408327,14.408327,not_logged_by_exact_worker,2.180126,0.173284,0.001558,111.186590,true,false,Tiny branch-bound rows are exact over the project simulator. Other rows are CP-SAT transport-capacity relaxation; empty AGV repositioning/path conflicts are relaxed.
exact|rush_job|J2|M2|A1|O2|43,2026-06-03T14:43:42,rush_job_J2_M2_A1_O2_seed43,J2_M2_A1_O2,rush_job,43,40043,43,60.0,,solved,,0.252580,complete_simulator_branch_bound_agv_path_tiny,project_environment_branch_bound,solved,2,2,1,2,14.298134,14.298134,,14.298134,15.692582,15.692582,not_logged_by_exact_worker,9.752663,0.250282,0.001500,166.854935,true,false,Tiny branch-bound rows are exact over the project simulator. Other rows are CP-SAT transport-capacity relaxation; empty AGV repositioning/path conflicts are relaxed.
exact|rush_job|J2|M2|A1|O2|44,2026-06-03T14:43:42,rush_job_J2_M2_A1_O2_seed44,J2_M2_A1_O2,rush_job,44,40044,44,60.0,,solved,,0.358745,complete_simulator_branch_bound_agv_path_tiny,project_environment_branch_bound,solved,2,2,1,2,12.692582,12.692582,,12.692582,17.077747,17.077747,not_logged_by_exact_worker,34.549036,0.356365,0.001580,225.533446,true,false,Tiny branch-bound rows are exact over the project simulator. Other rows are CP-SAT transport-capacity relaxation; empty AGV repositioning/path conflicts are relaxed.
exact|rush_job|J2|M2|A1|O2|47,2026-06-03T14:43:42,rush_job_J2_M2_A1_O2_seed47,J2_M2_A1_O2,rush_job,47,40047,47,60.0,,solved,,0.333302,complete_simulator_branch_bound_agv_path_tiny,project_environment_branch_bound,solved,2,2,1,2,14.495358,14.495358,,14.495358,18.692582,18.692582,not_logged_by_exact_worker,28.955645,0.330865,0.001507,219.537326,true,false,Tiny branch-bound rows are exact over the project simulator. Other rows are CP-SAT transport-capacity relaxation; empty AGV repositioning/path conflicts are relaxed.
exact|rush_job|J2|M2|A1|O2|49,2026-06-03T14:43:42,rush_job_J2_M2_A1_O2_seed49,J2_M2_A1_O2,rush_job,49,40049,49,60.0,,solved,,0.215667,complete_simulator_branch_bound_agv_path_tiny,project_environment_branch_bound,solved,2,2,1,2,13.077747,13.077747,,13.077747,16.462912,16.462912,not_logged_by_exact_worker,25.884923,0.213409,0.001434,148.810264,true,false,Tiny branch-bound rows are exact over the project simulator. Other rows are CP-SAT transport-capacity relaxation; empty AGV repositioning/path conflicts are relaxed.
exact|rush_job|J2|M2|A1|O2|46,2026-06-03T14:43:42,rush_job_J2_M2_A1_O2_seed46,J2_M2_A1_O2,rush_job,46,40046,46,60.0,,solved,,0.554421,complete_simulator_branch_bound_agv_path_tiny,project_environment_branch_bound,solved,2,2,1,2,13.692582,13.692582,,13.692582,14.000000,14.000000,not_logged_by_exact_worker,2.245140,0.552190,0.001383,399.384929,true,false,Tiny branch-bound rows are exact over the project simulator. Other rows are CP-SAT transport-capacity relaxation; empty AGV repositioning/path conflicts are relaxed.
exact|rush_job|J2|M2|A1|O2|48,2026-06-03T14:43:42,rush_job_J2_M2_A1_O2_seed48,J2_M2_A1_O2,rush_job,48,40048,48,60.0,,solved,,0.390565,complete_simulator_branch_bound_agv_path_tiny,project_environment_branch_bound,solved,2,2,1,2,11.000000,11.000000,,11.000000,12.077747,12.077747,not_logged_by_exact_worker,9.797702,0.388374,0.001355,286.580360,true,false,Tiny branch-bound rows are exact over the project simulator. Other rows are CP-SAT transport-capacity relaxation; empty AGV repositioning/path conflicts are relaxed.
exact|mixed|J2|M2|A1|O2|42,2026-06-03T14:43:42,mixed_J2_M2_A1_O2_seed42,J2_M2_A1_O2,mixed,42,50042,42,60.0,,solved,,0.086626,complete_simulator_branch_bound_agv_path_tiny,project_environment_branch_bound,solved,2,2,1,2,14.880523,14.880523,,14.880523,15.077747,15.077747,not_logged_by_exact_worker,1.325386,0.084358,0.001446,58.359253,true,false,Tiny branch-bound rows are exact over the project simulator. Other rows are CP-SAT transport-capacity relaxation; empty AGV repositioning/path conflicts are relaxed.
exact|mixed|J2|M2|A1|O2|43,2026-06-03T14:43:42,mixed_J2_M2_A1_O2_seed43,J2_M2_A1_O2,mixed,43,50043,43,60.0,,solved,,0.075443,complete_simulator_branch_bound_agv_path_tiny,project_environment_branch_bound,solved,2,2,1,2,14.692582,14.692582,,14.692582,16.692582,16.692582,not_logged_by_exact_worker,13.612311,0.073047,0.001383,52.817571,true,false,Tiny branch-bound rows are exact over the project simulator. Other rows are CP-SAT transport-capacity relaxation; empty AGV repositioning/path conflicts are relaxed.
exact|rush_job|J2|M2|A1|O2|50,2026-06-03T14:43:42,rush_job_J2_M2_A1_O2_seed50,J2_M2_A1_O2,rush_job,50,40050,50,60.0,,solved,,0.238578,complete_simulator_branch_bound_agv_path_tiny,project_environment_branch_bound,solved,2,2,1,2,13.000000,13.000000,,13.000000,13.692582,13.692582,not_logged_by_exact_worker,5.327557,0.236205,0.001519,155.510766,true,false,Tiny branch-bound rows are exact over the project simulator. Other rows are CP-SAT transport-capacity relaxation; empty AGV repositioning/path conflicts are relaxed.
exact|mixed|J2|M2|A1|O2|45,2026-06-03T14:43:42,mixed_J2_M2_A1_O2_seed45,J2_M2_A1_O2,mixed,45,50045,45,60.0,,solved,,0.065427,complete_simulator_branch_bound_agv_path_tiny,project_environment_branch_bound,solved,2,2,1,2,12.000000,12.000000,,12.000000,12.000000,12.000000,not_logged_by_exact_worker,0.000000,0.063368,0.001258,50.384114,true,false,Tiny branch-bound rows are exact over the project simulator. Other rows are CP-SAT transport-capacity relaxation; empty AGV repositioning/path conflicts are relaxed.
exact|mixed|J2|M2|A1|O2|44,2026-06-03T14:43:42,mixed_J2_M2_A1_O2_seed44,J2_M2_A1_O2,mixed,44,50044,44,60.0,,solved,,0.076549,complete_simulator_branch_bound_agv_path_tiny,project_environment_branch_bound,solved,2,2,1,2,14.880523,14.880523,,14.880523,20.683298,20.683298,not_logged_by_exact_worker,38.995778,0.074204,0.001518,48.879257,true,false,Tiny branch-bound rows are exact over the project simulator. Other rows are CP-SAT transport-capacity relaxation; empty AGV repositioning/path conflicts are relaxed.
exact|mixed|J2|M2|A1|O2|46,2026-06-03T14:43:42,mixed_J2_M2_A1_O2_seed46,J2_M2_A1_O2,mixed,46,50046,46,60.0,,solved,,0.071881,complete_simulator_branch_bound_agv_path_tiny,project_environment_branch_bound,solved,2,2,1,2,20.692582,20.692582,,20.692582,22.692582,22.692582,not_logged_by_exact_worker,9.665299,0.069813,0.001256,55.570008,true,false,Tiny branch-bound rows are exact over the project simulator. Other rows are CP-SAT transport-capacity relaxation; empty AGV repositioning/path conflicts are relaxed.
exact|mixed|J2|M2|A1|O2|48,2026-06-03T14:43:42,mixed_J2_M2_A1_O2_seed48,J2_M2_A1_O2,mixed,48,50048,48,60.0,,solved,,0.070625,complete_simulator_branch_bound_agv_path_tiny,project_environment_branch_bound,solved,2,2,1,2,15.000000,15.000000,,15.000000,16.000000,16.000000,not_logged_by_exact_worker,6.666667,0.068454,0.001364,50.197111,true,false,Tiny branch-bound rows are exact over the project simulator. Other rows are CP-SAT transport-capacity relaxation; empty AGV repositioning/path conflicts are relaxed.
exact|mixed|J2|M2|A1|O2|47,2026-06-03T14:43:42,mixed_J2_M2_A1_O2_seed47,J2_M2_A1_O2,mixed,47,50047,47,60.0,,solved,,0.106377,complete_simulator_branch_bound_agv_path_tiny,project_environment_branch_bound,solved,2,2,1,2,16.802776,16.802776,,16.802776,19.692582,19.692582,not_logged_by_exact_worker,17.198389,0.104090,0.001500,69.379657,true,false,Tiny branch-bound rows are exact over the project simulator. Other rows are CP-SAT transport-capacity relaxation; empty AGV repositioning/path conflicts are relaxed.
exact|rush_job|J2|M2|A1|O2|51,2026-06-03T14:43:42,rush_job_J2_M2_A1_O2_seed51,J2_M2_A1_O2,rush_job,51,40051,51,60.0,,solved,,0.327984,complete_simulator_branch_bound_agv_path_tiny,project_environment_branch_bound,solved,2,2,1,2,12.000000,12.000000,,12.000000,15.077747,15.077747,not_logged_by_exact_worker,25.647893,0.325699,0.001452,224.263995,true,false,Tiny branch-bound rows are exact over the project simulator. Other rows are CP-SAT transport-capacity relaxation; empty AGV repositioning/path conflicts are relaxed.
exact|mixed|J2|M2|A1|O2|49,2026-06-03T14:43:42,mixed_J2_M2_A1_O2_seed49,J2_M2_A1_O2,mixed,49,50049,49,60.0,,solved,,0.095156,complete_simulator_branch_bound_agv_path_tiny,project_environment_branch_bound,solved,2,2,1,2,12.880523,12.880523,,12.880523,12.880523,12.880523,not_logged_by_exact_worker,0.000000,0.092942,0.001386,67.067398,true,false,Tiny branch-bound rows are exact over the project simulator. Other rows are CP-SAT transport-capacity relaxation; empty AGV repositioning/path conflicts are relaxed.
exact|mixed|J2|M2|A1|O2|50,2026-06-03T14:43:42,mixed_J2_M2_A1_O2_seed50,J2_M2_A1_O2,mixed,50,50050,50,60.0,,solved,,0.062365,complete_simulator_branch_bound_agv_path_tiny,project_environment_branch_bound,solved,2,2,1,2,11.692582,11.692582,,11.692582,16.692582,16.692582,not_logged_by_exact_worker,42.762153,0.060130,0.001428,42.104755,true,false,Tiny branch-bound rows are exact over the project simulator. Other rows are CP-SAT transport-capacity relaxation; empty AGV repositioning/path conflicts are relaxed.
exact|static|J2|M2|A1|O2|43,2026-06-03T14:43:42,static_J2_M2_A1_O2_seed43,J2_M2_A1_O2,static,43,43,43,60.0,,solved,,0.021570,complete_simulator_branch_bound_agv_path_tiny,project_environment_branch_bound,solved,2,2,1,2,10.692582,10.692582,,10.692582,12.000000,12.000000,not_logged_by_exact_worker,12.227332,0.019888,0.000961,20.686499,true,false,Tiny branch-bound rows are exact over the project simulator. Other rows are CP-SAT transport-capacity relaxation; empty AGV repositioning/path conflicts are relaxed.
exact|static|J2|M2|A1|O2|45,2026-06-03T14:43:42,static_J2_M2_A1_O2_seed45,J2_M2_A1_O2,static,45,45,45,60.0,,solved,,0.007100,complete_simulator_branch_bound_agv_path_tiny,project_environment_branch_bound,solved,2,2,1,2,8.692582,8.692582,,8.692582,8.692582,8.692582,not_logged_by_exact_worker,0.000000,0.005664,0.000752,7.535187,true,false,Tiny branch-bound rows are exact over the project simulator. Other rows are CP-SAT transport-capacity relaxation; empty AGV repositioning/path conflicts are relaxed.
exact|static|J2|M2|A1|O2|44,2026-06-03T14:43:42,static_J2_M2_A1_O2_seed44,J2_M2_A1_O2,static,44,44,44,60.0,,solved,,0.028599,complete_simulator_branch_bound_agv_path_tiny,project_environment_branch_bound,solved,2,2,1,2,10.000000,10.000000,,10.000000,14.077747,14.077747,not_logged_by_exact_worker,40.777472,0.026914,0.000940,28.643785,true,false,Tiny branch-bound rows are exact over the project simulator. Other rows are CP-SAT transport-capacity relaxation; empty AGV repositioning/path conflicts are relaxed.
exact|static|J2|M2|A1|O2|47,2026-06-03T14:43:42,static_J2_M2_A1_O2_seed47,J2_M2_A1_O2,static,47,47,47,60.0,,solved,,0.023117,complete_simulator_branch_bound_agv_path_tiny,project_environment_branch_bound,solved,2,2,1,2,14.692582,14.692582,,14.692582,16.692582,16.692582,not_logged_by_exact_worker,13.612311,0.021498,0.000905,23.755248,true,false,Tiny branch-bound rows are exact over the project simulator. Other rows are CP-SAT transport-capacity relaxation; empty AGV repositioning/path conflicts are relaxed.
exact|static|J2|M2|A1|O2|46,2026-06-03T14:43:42,static_J2_M2_A1_O2_seed46,J2_M2_A1_O2,static,46,46,46,60.0,,solved,,0.037694,complete_simulator_branch_bound_agv_path_tiny,project_environment_branch_bound,solved,2,2,1,2,12.692582,12.692582,,12.692582,13.802776,13.802776,not_logged_by_exact_worker,8.746788,0.036021,0.000953,37.816903,true,false,Tiny branch-bound rows are exact over the project simulator. Other rows are CP-SAT transport-capacity relaxation; empty AGV repositioning/path conflicts are relaxed.
exact|mixed|J2|M2|A1|O2|51,2026-06-03T14:43:42,mixed_J2_M2_A1_O2_seed51,J2_M2_A1_O2,mixed,51,50051,51,60.0,,solved,,0.075364,complete_simulator_branch_bound_agv_path_tiny,project_environment_branch_bound,solved,2,2,1,2,13.000000,13.000000,,13.000000,17.802776,17.802776,not_logged_by_exact_worker,36.944428,0.073205,0.001351,54.181555,true,false,Tiny branch-bound rows are exact over the project simulator. Other rows are CP-SAT transport-capacity relaxation; empty AGV repositioning/path conflicts are relaxed.
exact|static|J2|M2|A1|O2|49,2026-06-03T14:43:42,static_J2_M2_A1_O2_seed49,J2_M2_A1_O2,static,49,49,49,60.0,,solved,,0.017311,complete_simulator_branch_bound_agv_path_tiny,project_environment_branch_bound,solved,2,2,1,2,11.000000,11.000000,,11.000000,12.077747,12.077747,not_logged_by_exact_worker,9.797702,0.015781,0.000866,18.214105,true,false,Tiny branch-bound rows are exact over the project simulator. Other rows are CP-SAT transport-capacity relaxation; empty AGV repositioning/path conflicts are relaxed.
exact|static|J2|M2|A1|O2|50,2026-06-03T14:43:42,static_J2_M2_A1_O2_seed50,J2_M2_A1_O2,static,50,50,50,60.0,,solved,,0.013732,complete_simulator_branch_bound_agv_path_tiny,project_environment_branch_bound,solved,2,2,1,2,8.000000,8.000000,,8.000000,8.000000,8.000000,not_logged_by_exact_worker,0.000000,0.012169,0.000873,13.932563,true,false,Tiny branch-bound rows are exact over the project simulator. Other rows are CP-SAT transport-capacity relaxation; empty AGV repositioning/path conflicts are relaxed.
exact|static|J2|M2|A1|O2|48,2026-06-03T14:43:42,static_J2_M2_A1_O2_seed48,J2_M2_A1_O2,static,48,48,48,60.0,,solved,,0.033117,complete_simulator_branch_bound_agv_path_tiny,project_environment_branch_bound,solved,2,2,1,2,8.000000,8.000000,,8.000000,8.000000,8.000000,not_logged_by_exact_worker,0.000000,0.031484,0.000902,34.900565,true,false,Tiny branch-bound rows are exact over the project simulator. Other rows are CP-SAT transport-capacity relaxation; empty AGV repositioning/path conflicts are relaxed.
exact|static|J2|M2|A1|O2|51,2026-06-03T14:43:42,static_J2_M2_A1_O2_seed51,J2_M2_A1_O2,static,51,51,51,60.0,,solved,,0.022147,complete_simulator_branch_bound_agv_path_tiny,project_environment_branch_bound,solved,2,2,1,2,9.802776,9.802776,,9.802776,10.495358,10.495358,not_logged_by_exact_worker,7.065166,0.020446,0.000966,21.176281,true,false,Tiny branch-bound rows are exact over the project simulator. Other rows are CP-SAT transport-capacity relaxation; empty AGV repositioning/path conflicts are relaxed.
exact|breakdown|J2|M2|A1|O3|42,2026-06-03T14:43:43,breakdown_J2_M2_A1_O3_seed42,J2_M2_A1_O3,breakdown,42,30042,42,60.0,,solved,,0.248727,cpsat_transport_capacity_relaxation_empty_repositioning_relaxed,OR-Tools CP-SAT,optimal,2,2,1,3,16.800000,16.800000,not_available,16.800000,19.605551,19.605551,not_logged_by_exact_worker,16.699710,0.003560,0.001180,3.016181,true,false,Tiny branch-bound rows are exact over the project simulator. Other rows are CP-SAT transport-capacity relaxation; empty AGV repositioning/path conflicts are relaxed.
exact|breakdown|J2|M2|A1|O3|46,2026-06-03T14:43:43,breakdown_J2_M2_A1_O3_seed46,J2_M2_A1_O3,breakdown,46,30046,46,60.0,,solved,,0.002694,cpsat_transport_capacity_relaxation_empty_repositioning_relaxed,OR-Tools CP-SAT,optimal,2,2,1,3,26.000000,26.000000,not_available,26.000000,28.692582,28.692582,not_logged_by_exact_worker,10.356086,0.000814,0.000958,0.849655,true,false,Tiny branch-bound rows are exact over the project simulator. Other rows are CP-SAT transport-capacity relaxation; empty AGV repositioning/path conflicts are relaxed.
exact|breakdown|J2|M2|A1|O3|47,2026-06-03T14:43:43,breakdown_J2_M2_A1_O3_seed47,J2_M2_A1_O3,breakdown,47,30047,47,60.0,,solved,,0.003448,cpsat_transport_capacity_relaxation_empty_repositioning_relaxed,OR-Tools CP-SAT,optimal,2,2,1,3,16.800000,16.800000,not_available,16.800000,26.298134,26.298134,not_logged_by_exact_worker,56.536510,0.000868,0.001294,0.670943,true,false,Tiny branch-bound rows are exact over the project simulator. Other rows are CP-SAT transport-capacity relaxation; empty AGV repositioning/path conflicts are relaxed.
exact|breakdown|J2|M2|A1|O3|48,2026-06-03T14:43:43,breakdown_J2_M2_A1_O3_seed48,J2_M2_A1_O3,breakdown,48,30048,48,60.0,,solved,,0.002561,cpsat_transport_capacity_relaxation_empty_repositioning_relaxed,OR-Tools CP-SAT,optimal,2,2,1,3,17.000000,17.000000,not_available,17.000000,18.000000,18.000000,not_logged_by_exact_worker,5.882353,0.000773,0.000971,0.796271,true,false,Tiny branch-bound rows are exact over the project simulator. Other rows are CP-SAT transport-capacity relaxation; empty AGV repositioning/path conflicts are relaxed.
exact|breakdown|J2|M2|A1|O3|45,2026-06-03T14:43:43,breakdown_J2_M2_A1_O3_seed45,J2_M2_A1_O3,breakdown,45,30045,45,60.0,,solved,,0.238672,cpsat_transport_capacity_relaxation_empty_repositioning_relaxed,OR-Tools CP-SAT,optimal,2,2,1,3,8.800000,8.800000,not_available,8.800000,12.692582,12.692582,not_logged_by_exact_worker,44.233891,0.003376,0.001262,2.675384,true,false,Tiny branch-bound rows are exact over the project simulator. Other rows are CP-SAT transport-capacity relaxation; empty AGV repositioning/path conflicts are relaxed.
exact|breakdown|J2|M2|A1|O3|43,2026-06-03T14:43:43,breakdown_J2_M2_A1_O3_seed43,J2_M2_A1_O3,breakdown,43,30043,43,60.0,,solved,,0.251542,cpsat_transport_capacity_relaxation_empty_repositioning_relaxed,OR-Tools CP-SAT,optimal,2,2,1,3,14.800000,14.800000,not_available,14.800000,17.692582,17.692582,not_logged_by_exact_worker,19.544476,0.002984,0.001159,2.575423,true,false,Tiny branch-bound rows are exact over the project simulator. Other rows are CP-SAT transport-capacity relaxation; empty AGV repositioning/path conflicts are relaxed.
exact|breakdown|J2|M2|A1|O3|49,2026-06-03T14:43:43,breakdown_J2_M2_A1_O3_seed49,J2_M2_A1_O3,breakdown,49,30049,49,60.0,,solved,,0.002699,cpsat_transport_capacity_relaxation_empty_repositioning_relaxed,OR-Tools CP-SAT,optimal,2,2,1,3,14.000000,14.000000,not_available,14.000000,15.000000,15.000000,not_logged_by_exact_worker,7.142857,0.000732,0.001094,0.668983,true,false,Tiny branch-bound rows are exact over the project simulator. Other rows are CP-SAT transport-capacity relaxation; empty AGV repositioning/path conflicts are relaxed.
exact|breakdown|J2|M2|A1|O3|44,2026-06-03T14:43:43,breakdown_J2_M2_A1_O3_seed44,J2_M2_A1_O3,breakdown,44,30044,44,60.0,,solved,,0.251078,cpsat_transport_capacity_relaxation_empty_repositioning_relaxed,OR-Tools CP-SAT,optimal,2,2,1,3,16.800000,16.800000,not_available,16.800000,22.880523,22.880523,not_logged_by_exact_worker,36.193588,0.003095,0.001347,2.297113,true,false,Tiny branch-bound rows are exact over the project simulator. Other rows are CP-SAT transport-capacity relaxation; empty AGV repositioning/path conflicts are relaxed.
exact|breakdown|J2|M2|A1|O3|50,2026-06-03T14:43:43,breakdown_J2_M2_A1_O3_seed50,J2_M2_A1_O3,breakdown,50,30050,50,60.0,,solved,,0.003068,cpsat_transport_capacity_relaxation_empty_repositioning_relaxed,OR-Tools CP-SAT,optimal,2,2,1,3,10.800000,10.800000,not_available,10.800000,16.495358,16.495358,not_logged_by_exact_worker,52.734797,0.000914,0.001232,0.741498,true,false,Tiny branch-bound rows are exact over the project simulator. Other rows are CP-SAT transport-capacity relaxation; empty AGV repositioning/path conflicts are relaxed.
exact|breakdown|J2|M2|A1|O3|51,2026-06-03T14:43:43,breakdown_J2_M2_A1_O3_seed51,J2_M2_A1_O3,breakdown,51,30051,51,60.0,,solved,,0.002979,cpsat_transport_capacity_relaxation_empty_repositioning_relaxed,OR-Tools CP-SAT,optimal,2,2,1,3,11.000000,11.000000,not_available,11.000000,12.000000,12.000000,not_logged_by_exact_worker,9.090909,0.000907,0.001068,0.849583,true,false,Tiny branch-bound rows are exact over the project simulator. Other rows are CP-SAT transport-capacity relaxation; empty AGV repositioning/path conflicts are relaxed.
exact|rush_job|J2|M2|A1|O3|42,2026-06-03T14:43:43,rush_job_J2_M2_A1_O3_seed42,J2_M2_A1_O3,rush_job,42,40042,42,60.0,,solved,,0.005731,cpsat_transport_capacity_relaxation_empty_repositioning_relaxed,OR-Tools CP-SAT,optimal,2,2,1,3,13.800000,13.800000,not_available,13.800000,19.000000,19.000000,not_logged_by_exact_worker,37.681159,0.002820,0.001851,1.523606,true,false,Tiny branch-bound rows are exact over the project simulator. Other rows are CP-SAT transport-capacity relaxation; empty AGV repositioning/path conflicts are relaxed.
exact|rush_job|J2|M2|A1|O3|43,2026-06-03T14:43:43,rush_job_J2_M2_A1_O3_seed43,J2_M2_A1_O3,rush_job,43,40043,43,60.0,,solved,,0.006740,cpsat_transport_capacity_relaxation_empty_repositioning_relaxed,OR-Tools CP-SAT,optimal,2,2,1,3,14.000000,14.000000,not_available,14.000000,15.077747,15.077747,not_logged_by_exact_worker,7.698194,0.003754,0.001723,2.178379,true,false,Tiny branch-bound rows are exact over the project simulator. Other rows are CP-SAT transport-capacity relaxation; empty AGV repositioning/path conflicts are relaxed.
exact|rush_job|J2|M2|A1|O3|45,2026-06-03T14:43:43,rush_job_J2_M2_A1_O3_seed45,J2_M2_A1_O3,rush_job,45,40045,45,60.0,,solved,,0.006051,cpsat_transport_capacity_relaxation_empty_repositioning_relaxed,OR-Tools CP-SAT,optimal,2,2,1,3,8.800000,8.800000,not_available,8.800000,13.495358,13.495358,not_logged_by_exact_worker,53.356341,0.002961,0.001981,1.495128,true,false,Tiny branch-bound rows are exact over the project simulator. Other rows are CP-SAT transport-capacity relaxation; empty AGV repositioning/path conflicts are relaxed.
exact|rush_job|J2|M2|A1|O3|44,2026-06-03T14:43:43,rush_job_J2_M2_A1_O3_seed44,J2_M2_A1_O3,rush_job,44,40044,44,60.0,,solved,,0.006601,cpsat_transport_capacity_relaxation_empty_repositioning_relaxed,OR-Tools CP-SAT,optimal,2,2,1,3,14.800000,14.800000,not_available,14.800000,23.100909,23.100909,not_logged_by_exact_worker,56.087225,0.003326,0.002172,1.530795,true,false,Tiny branch-bound rows are exact over the project simulator. Other rows are CP-SAT transport-capacity relaxation; empty AGV repositioning/path conflicts are relaxed.
exact|rush_job|J2|M2|A1|O3|47,2026-06-03T14:43:43,rush_job_J2_M2_A1_O3_seed47,J2_M2_A1_O3,rush_job,47,40047,47,60.0,,solved,,0.005909,cpsat_transport_capacity_relaxation_empty_repositioning_relaxed,OR-Tools CP-SAT,optimal,2,2,1,3,15.800000,15.800000,not_available,15.800000,23.692582,23.692582,not_logged_by_exact_worker,49.953053,0.003070,0.001733,1.771686,true,false,Tiny branch-bound rows are exact over the project simulator. Other rows are CP-SAT transport-capacity relaxation; empty AGV repositioning/path conflicts are relaxed.
exact|rush_job|J2|M2|A1|O3|46,2026-06-03T14:43:43,rush_job_J2_M2_A1_O3_seed46,J2_M2_A1_O3,rush_job,46,40046,46,60.0,,solved,,0.007750,cpsat_transport_capacity_relaxation_empty_repositioning_relaxed,OR-Tools CP-SAT,optimal,2,2,1,3,12.800000,12.800000,not_available,12.800000,18.495358,18.495358,not_logged_by_exact_worker,44.494985,0.004359,0.002025,2.152763,true,false,Tiny branch-bound rows are exact over the project simulator. Other rows are CP-SAT transport-capacity relaxation; empty AGV repositioning/path conflicts are relaxed.
exact|rush_job|J2|M2|A1|O3|49,2026-06-03T14:43:43,rush_job_J2_M2_A1_O3_seed49,J2_M2_A1_O3,rush_job,49,40049,49,60.0,,solved,,0.007115,cpsat_transport_capacity_relaxation_empty_repositioning_relaxed,OR-Tools CP-SAT,optimal,2,2,1,3,9.800000,9.800000,not_available,9.800000,22.871239,22.871239,not_logged_by_exact_worker,133.379989,0.003768,0.002068,1.821769,true,false,Tiny branch-bound rows are exact over the project simulator. Other rows are CP-SAT transport-capacity relaxation; empty AGV repositioning/path conflicts are relaxed.
exact|rush_job|J2|M2|A1|O3|48,2026-06-03T14:43:43,rush_job_J2_M2_A1_O3_seed48,J2_M2_A1_O3,rush_job,48,40048,48,60.0,,solved,,0.007584,cpsat_transport_capacity_relaxation_empty_repositioning_relaxed,OR-Tools CP-SAT,optimal,2,2,1,3,8.000000,8.000000,not_available,8.000000,18.265688,18.265688,not_logged_by_exact_worker,128.321096,0.004427,0.001886,2.347065,true,false,Tiny branch-bound rows are exact over the project simulator. Other rows are CP-SAT transport-capacity relaxation; empty AGV repositioning/path conflicts are relaxed.
exact|rush_job|J2|M2|A1|O3|50,2026-06-03T14:43:43,rush_job_J2_M2_A1_O3_seed50,J2_M2_A1_O3,rush_job,50,40050,50,60.0,,solved,,0.007104,cpsat_transport_capacity_relaxation_empty_repositioning_relaxed,OR-Tools CP-SAT,optimal,2,2,1,3,10.600000,10.600000,not_available,10.600000,14.187940,14.187940,not_logged_by_exact_worker,33.848495,0.003967,0.001920,2.066090,true,false,Tiny branch-bound rows are exact over the project simulator. Other rows are CP-SAT transport-capacity relaxation; empty AGV repositioning/path conflicts are relaxed.
exact|rush_job|J2|M2|A1|O3|51,2026-06-03T14:43:43,rush_job_J2_M2_A1_O3_seed51,J2_M2_A1_O3,rush_job,51,40051,51,60.0,,solved,,0.007649,cpsat_transport_capacity_relaxation_empty_repositioning_relaxed,OR-Tools CP-SAT,optimal,2,2,1,3,11.000000,11.000000,not_available,11.000000,16.692582,16.692582,not_logged_by_exact_worker,51.750749,0.004690,0.001784,2.629422,true,false,Tiny branch-bound rows are exact over the project simulator. Other rows are CP-SAT transport-capacity relaxation; empty AGV repositioning/path conflicts are relaxed.
exact|mixed|J2|M2|A1|O3|42,2026-06-03T14:43:43,mixed_J2_M2_A1_O3_seed42,J2_M2_A1_O3,mixed,42,50042,42,60.0,,solved,,0.004741,cpsat_transport_capacity_relaxation_empty_repositioning_relaxed,OR-Tools CP-SAT,optimal,2,2,1,3,16.800000,16.800000,not_available,16.800000,19.605551,19.605551,not_logged_by_exact_worker,16.699710,0.001853,0.001841,1.006517,true,false,Tiny branch-bound rows are exact over the project simulator. Other rows are CP-SAT transport-capacity relaxation; empty AGV repositioning/path conflicts are relaxed.
exact|mixed|J2|M2|A1|O3|43,2026-06-03T14:43:43,mixed_J2_M2_A1_O3_seed43,J2_M2_A1_O3,mixed,43,50043,43,60.0,,solved,,0.004848,cpsat_transport_capacity_relaxation_empty_repositioning_relaxed,OR-Tools CP-SAT,optimal,2,2,1,3,14.800000,14.800000,not_available,14.800000,19.692582,19.692582,not_logged_by_exact_worker,33.057989,0.001920,0.001763,1.089213,true,false,Tiny branch-bound rows are exact over the project simulator. Other rows are CP-SAT transport-capacity relaxation; empty AGV repositioning/path conflicts are relaxed.
exact|mixed|J2|M2|A1|O3|45,2026-06-03T14:43:43,mixed_J2_M2_A1_O3_seed45,J2_M2_A1_O3,mixed,45,50045,45,60.0,,solved,,0.004527,cpsat_transport_capacity_relaxation_empty_repositioning_relaxed,OR-Tools CP-SAT,optimal,2,2,1,3,10.000000,10.000000,not_available,10.000000,14.692582,14.692582,not_logged_by_exact_worker,46.925824,0.001605,0.001781,0.901027,true,false,Tiny branch-bound rows are exact over the project simulator. Other rows are CP-SAT transport-capacity relaxation; empty AGV repositioning/path conflicts are relaxed.
exact|mixed|J2|M2|A1|O3|46,2026-06-03T14:43:43,mixed_J2_M2_A1_O3_seed46,J2_M2_A1_O3,mixed,46,50046,46,60.0,,solved,,0.004476,cpsat_transport_capacity_relaxation_empty_repositioning_relaxed,OR-Tools CP-SAT,optimal,2,2,1,3,26.000000,26.000000,not_available,26.000000,30.692582,30.692582,not_logged_by_exact_worker,18.048394,0.001876,0.001540,1.218060,true,false,Tiny branch-bound rows are exact over the project simulator. Other rows are CP-SAT transport-capacity relaxation; empty AGV repositioning/path conflicts are relaxed.
exact|mixed|J2|M2|A1|O3|44,2026-06-03T14:43:43,mixed_J2_M2_A1_O3_seed44,J2_M2_A1_O3,mixed,44,50044,44,60.0,,solved,,0.005636,cpsat_transport_capacity_relaxation_empty_repositioning_relaxed,OR-Tools CP-SAT,optimal,2,2,1,3,16.800000,16.800000,not_available,16.800000,25.683298,25.683298,not_logged_by_exact_worker,52.876777,0.002527,0.002027,1.246227,true,false,Tiny branch-bound rows are exact over the project simulator. Other rows are CP-SAT transport-capacity relaxation; empty AGV repositioning/path conflicts are relaxed.
exact|mixed|J2|M2|A1|O3|47,2026-06-03T14:43:43,mixed_J2_M2_A1_O3_seed47,J2_M2_A1_O3,mixed,47,50047,47,60.0,,solved,,0.005792,cpsat_transport_capacity_relaxation_empty_repositioning_relaxed,OR-Tools CP-SAT,optimal,2,2,1,3,17.000000,17.000000,not_available,17.000000,26.495358,26.495358,not_logged_by_exact_worker,55.855047,0.002566,0.002044,1.255406,true,false,Tiny branch-bound rows are exact over the project simulator. Other rows are CP-SAT transport-capacity relaxation; empty AGV repositioning/path conflicts are relaxed.
exact|mixed|J2|M2|A1|O3|48,2026-06-03T14:43:43,mixed_J2_M2_A1_O3_seed48,J2_M2_A1_O3,mixed,48,50048,48,60.0,,solved,,0.004302,cpsat_transport_capacity_relaxation_empty_repositioning_relaxed,OR-Tools CP-SAT,optimal,2,2,1,3,17.000000,17.000000,not_available,17.000000,19.000000,19.000000,not_logged_by_exact_worker,11.764706,0.001654,0.001652,1.001271,true,false,Tiny branch-bound rows are exact over the project simulator. Other rows are CP-SAT transport-capacity relaxation; empty AGV repositioning/path conflicts are relaxed.
exact|mixed|J2|M2|A1|O3|49,2026-06-03T14:43:43,mixed_J2_M2_A1_O3_seed49,J2_M2_A1_O3,mixed,49,50049,49,60.0,,solved,,0.004628,cpsat_transport_capacity_relaxation_empty_repositioning_relaxed,OR-Tools CP-SAT,optimal,2,2,1,3,14.000000,14.000000,not_available,14.000000,16.880523,16.880523,not_logged_by_exact_worker,20.575163,0.001973,0.001658,1.189750,true,false,Tiny branch-bound rows are exact over the project simulator. Other rows are CP-SAT transport-capacity relaxation; empty AGV repositioning/path conflicts are relaxed.
exact|mixed|J2|M2|A1|O3|50,2026-06-03T14:43:43,mixed_J2_M2_A1_O3_seed50,J2_M2_A1_O3,mixed,50,50050,50,60.0,,solved,,0.004787,cpsat_transport_capacity_relaxation_empty_repositioning_relaxed,OR-Tools CP-SAT,optimal,2,2,1,3,10.800000,10.800000,not_available,10.800000,18.495358,18.495358,not_logged_by_exact_worker,71.253315,0.001926,0.001798,1.071433,true,false,Tiny branch-bound rows are exact over the project simulator. Other rows are CP-SAT transport-capacity relaxation; empty AGV repositioning/path conflicts are relaxed.
exact|mixed|J2|M2|A1|O3|51,2026-06-03T14:43:43,mixed_J2_M2_A1_O3_seed51,J2_M2_A1_O3,mixed,51,50051,51,60.0,,solved,,0.005189,cpsat_transport_capacity_relaxation_empty_repositioning_relaxed,OR-Tools CP-SAT,optimal,2,2,1,3,12.000000,12.000000,not_available,12.000000,16.605551,16.605551,not_logged_by_exact_worker,38.379594,0.002297,0.001808,1.269962,true,false,Tiny branch-bound rows are exact over the project simulator. Other rows are CP-SAT transport-capacity relaxation; empty AGV repositioning/path conflicts are relaxed.
exact|static|J2|M2|A1|O3|42,2026-06-03T14:43:43,static_J2_M2_A1_O3_seed42,J2_M2_A1_O3,static,42,42,42,60.0,,solved,,0.003674,cpsat_transport_capacity_relaxation_empty_repositioning_relaxed,OR-Tools CP-SAT,optimal,2,2,1,3,11.600000,11.600000,not_available,11.600000,14.605551,14.605551,not_logged_by_exact_worker,25.909925,0.001458,0.001218,1.197225,true,false,Tiny branch-bound rows are exact over the project simulator. Other rows are CP-SAT transport-capacity relaxation; empty AGV repositioning/path conflicts are relaxed.
exact|static|J2|M2|A1|O3|44,2026-06-03T14:43:43,static_J2_M2_A1_O3_seed44,J2_M2_A1_O3,static,44,44,44,60.0,,solved,,0.004603,cpsat_transport_capacity_relaxation_empty_repositioning_relaxed,OR-Tools CP-SAT,optimal,2,2,1,3,14.800000,14.800000,not_available,14.800000,21.903685,21.903685,not_logged_by_exact_worker,47.997871,0.002271,0.001383,1.642439,true,false,Tiny branch-bound rows are exact over the project simulator. Other rows are CP-SAT transport-capacity relaxation; empty AGV repositioning/path conflicts are relaxed.
exact|static|J2|M2|A1|O3|43,2026-06-03T14:43:43,static_J2_M2_A1_O3_seed43,J2_M2_A1_O3,static,43,43,43,60.0,,solved,,0.005051,cpsat_transport_capacity_relaxation_empty_repositioning_relaxed,OR-Tools CP-SAT,optimal,2,2,1,3,14.000000,14.000000,not_available,14.000000,15.000000,15.000000,not_logged_by_exact_worker,7.142857,0.002758,0.001164,2.368859,true,false,Tiny branch-bound rows are exact over the project simulator. Other rows are CP-SAT transport-capacity relaxation; empty AGV repositioning/path conflicts are relaxed.
exact|static|J2|M2|A1|O3|45,2026-06-03T14:43:43,static_J2_M2_A1_O3_seed45,J2_M2_A1_O3,static,45,45,45,60.0,,solved,,0.004676,cpsat_transport_capacity_relaxation_empty_repositioning_relaxed,OR-Tools CP-SAT,optimal,2,2,1,3,8.600000,8.600000,not_available,8.600000,11.495358,11.495358,not_logged_by_exact_worker,33.666954,0.002015,0.001187,1.697153,true,false,Tiny branch-bound rows are exact over the project simulator. Other rows are CP-SAT transport-capacity relaxation; empty AGV repositioning/path conflicts are relaxed.
exact|static|J2|M2|A1|O3|46,2026-06-03T14:43:43,static_J2_M2_A1_O3_seed46,J2_M2_A1_O3,static,46,46,46,60.0,,solved,,0.005789,cpsat_transport_capacity_relaxation_empty_repositioning_relaxed,OR-Tools CP-SAT,optimal,2,2,1,3,12.000000,12.000000,not_available,12.000000,15.605551,15.605551,not_logged_by_exact_worker,30.046261,0.003259,0.001401,2.325437,true,false,Tiny branch-bound rows are exact over the project simulator. Other rows are CP-SAT transport-capacity relaxation; empty AGV repositioning/path conflicts are relaxed.
exact|static|J2|M2|A1|O3|47,2026-06-03T14:43:43,static_J2_M2_A1_O3_seed47,J2_M2_A1_O3,static,47,47,47,60.0,,solved,,0.004385,cpsat_transport_capacity_relaxation_empty_repositioning_relaxed,OR-Tools CP-SAT,optimal,2,2,1,3,15.800000,15.800000,not_available,15.800000,21.692582,21.692582,not_logged_by_exact_worker,37.294825,0.001894,0.001180,1.604964,true,false,Tiny branch-bound rows are exact over the project simulator. Other rows are CP-SAT transport-capacity relaxation; empty AGV repositioning/path conflicts are relaxed.
exact|static|J2|M2|A1|O3|48,2026-06-03T14:43:43,static_J2_M2_A1_O3_seed48,J2_M2_A1_O3,static,48,48,48,60.0,,solved,,0.005216,cpsat_transport_capacity_relaxation_empty_repositioning_relaxed,OR-Tools CP-SAT,optimal,2,2,1,3,8.000000,8.000000,not_available,8.000000,16.495358,16.495358,not_logged_by_exact_worker,106.191976,0.002861,0.001241,2.306198,true,false,Tiny branch-bound rows are exact over the project simulator. Other rows are CP-SAT transport-capacity relaxation; empty AGV repositioning/path conflicts are relaxed.
exact|static|J2|M2|A1|O3|49,2026-06-03T14:43:43,static_J2_M2_A1_O3_seed49,J2_M2_A1_O3,static,49,49,49,60.0,,solved,,0.005052,cpsat_transport_capacity_relaxation_empty_repositioning_relaxed,OR-Tools CP-SAT,optimal,2,2,1,3,9.800000,9.800000,not_available,9.800000,18.486074,18.486074,not_logged_by_exact_worker,88.633409,0.002400,0.001519,1.579346,true,false,Tiny branch-bound rows are exact over the project simulator. Other rows are CP-SAT transport-capacity relaxation; empty AGV repositioning/path conflicts are relaxed.
exact|breakdown|J2|M2|A2|O2|42,2026-06-03T14:43:43,breakdown_J2_M2_A2_O2_seed42,J2_M2_A2_O2,breakdown,42,30042,42,60.0,,solved,,0.002605,cpsat_transport_capacity_relaxation_empty_repositioning_relaxed,OR-Tools CP-SAT,optimal,2,2,2,2,9.000000,9.000000,not_available,9.000000,10.000000,10.000000,not_logged_by_exact_worker,11.111111,0.000614,0.000859,0.714485,true,false,Tiny branch-bound rows are exact over the project simulator. Other rows are CP-SAT transport-capacity relaxation; empty AGV repositioning/path conflicts are relaxed.
exact|static|J2|M2|A1|O3|50,2026-06-03T14:43:43,static_J2_M2_A1_O3_seed50,J2_M2_A1_O3,static,50,50,50,60.0,,solved,,0.004435,cpsat_transport_capacity_relaxation_empty_repositioning_relaxed,OR-Tools CP-SAT,optimal,2,2,1,3,10.600000,10.600000,not_available,10.600000,11.605551,11.605551,not_logged_by_exact_worker,9.486333,0.002126,0.001266,1.679223,true,false,Tiny branch-bound rows are exact over the project simulator. Other rows are CP-SAT transport-capacity relaxation; empty AGV repositioning/path conflicts are relaxed.
exact|static|J2|M2|A1|O3|51,2026-06-03T14:43:43,static_J2_M2_A1_O3_seed51,J2_M2_A1_O3,static,51,51,51,60.0,,solved,,0.004692,cpsat_transport_capacity_relaxation_empty_repositioning_relaxed,OR-Tools CP-SAT,optimal,2,2,1,3,10.000000,10.000000,not_available,10.000000,12.000000,12.000000,not_logged_by_exact_worker,20.000000,0.002529,0.001220,2.073291,true,false,Tiny branch-bound rows are exact over the project simulator. Other rows are CP-SAT transport-capacity relaxation; empty AGV repositioning/path conflicts are relaxed.
exact|breakdown|J2|M2|A2|O2|43,2026-06-03T14:43:43,breakdown_J2_M2_A2_O2_seed43,J2_M2_A2_O2,breakdown,43,30043,43,60.0,,solved,,0.002313,cpsat_transport_capacity_relaxation_empty_repositioning_relaxed,OR-Tools CP-SAT,optimal,2,2,2,2,10.000000,10.000000,not_available,10.000000,12.692582,12.692582,not_logged_by_exact_worker,26.925824,0.000594,0.000903,0.657956,true,false,Tiny branch-bound rows are exact over the project simulator. Other rows are CP-SAT transport-capacity relaxation; empty AGV repositioning/path conflicts are relaxed.
exact|breakdown|J2|M2|A2|O2|44,2026-06-03T14:43:43,breakdown_J2_M2_A2_O2_seed44,J2_M2_A2_O2,breakdown,44,30044,44,60.0,,solved,,0.002182,cpsat_transport_capacity_relaxation_empty_repositioning_relaxed,OR-Tools CP-SAT,optimal,2,2,2,2,8.000000,8.000000,not_available,8.000000,10.692582,10.692582,not_logged_by_exact_worker,33.657280,0.000630,0.000823,0.766286,true,false,Tiny branch-bound rows are exact over the project simulator. Other rows are CP-SAT transport-capacity relaxation; empty AGV repositioning/path conflicts are relaxed.
exact|breakdown|J2|M2|A2|O2|45,2026-06-03T14:43:43,breakdown_J2_M2_A2_O2_seed45,J2_M2_A2_O2,breakdown,45,30045,45,60.0,,solved,,0.002035,cpsat_transport_capacity_relaxation_empty_repositioning_relaxed,OR-Tools CP-SAT,optimal,2,2,2,2,4.000000,4.000000,not_available,4.000000,6.692582,6.692582,not_logged_by_exact_worker,67.314560,0.000572,0.000746,0.766622,true,false,Tiny branch-bound rows are exact over the project simulator. Other rows are CP-SAT transport-capacity relaxation; empty AGV repositioning/path conflicts are relaxed.
exact|breakdown|J2|M2|A2|O2|46,2026-06-03T14:43:43,breakdown_J2_M2_A2_O2_seed46,J2_M2_A2_O2,breakdown,46,30046,46,60.0,,solved,,0.002120,cpsat_transport_capacity_relaxation_empty_repositioning_relaxed,OR-Tools CP-SAT,optimal,2,2,2,2,18.000000,18.000000,not_available,18.000000,20.692582,20.692582,not_logged_by_exact_worker,14.958791,0.000616,0.000731,0.843113,true,false,Tiny branch-bound rows are exact over the project simulator. Other rows are CP-SAT transport-capacity relaxation; empty AGV repositioning/path conflicts are relaxed.
exact|breakdown|J2|M2|A2|O2|47,2026-06-03T14:43:43,breakdown_J2_M2_A2_O2_seed47,J2_M2_A2_O2,breakdown,47,30047,47,60.0,,solved,,0.002436,cpsat_transport_capacity_relaxation_empty_repositioning_relaxed,OR-Tools CP-SAT,optimal,2,2,2,2,11.800000,11.800000,not_available,11.800000,16.802776,16.802776,not_logged_by_exact_worker,42.396404,0.000804,0.000901,0.891688,true,false,Tiny branch-bound rows are exact over the project simulator. Other rows are CP-SAT transport-capacity relaxation; empty AGV repositioning/path conflicts are relaxed.
exact|breakdown|J2|M2|A2|O2|48,2026-06-03T14:43:43,breakdown_J2_M2_A2_O2_seed48,J2_M2_A2_O2,breakdown,48,30048,48,60.0,,solved,,0.002090,cpsat_transport_capacity_relaxation_empty_repositioning_relaxed,OR-Tools CP-SAT,optimal,2,2,2,2,14.000000,14.000000,not_available,14.000000,15.000000,15.000000,not_logged_by_exact_worker,7.142857,0.000645,0.000692,0.931234,true,false,Tiny branch-bound rows are exact over the project simulator. Other rows are CP-SAT transport-capacity relaxation; empty AGV repositioning/path conflicts are relaxed.
exact|breakdown|J2|M2|A2|O2|49,2026-06-03T14:43:43,breakdown_J2_M2_A2_O2_seed49,J2_M2_A2_O2,breakdown,49,30049,49,60.0,,solved,,0.002220,cpsat_transport_capacity_relaxation_empty_repositioning_relaxed,OR-Tools CP-SAT,optimal,2,2,2,2,10.000000,10.000000,not_available,10.000000,11.000000,11.000000,not_logged_by_exact_worker,10.000000,0.000586,0.000861,0.680297,true,false,Tiny branch-bound rows are exact over the project simulator. Other rows are CP-SAT transport-capacity relaxation; empty AGV repositioning/path conflicts are relaxed.
exact|breakdown|J2|M2|A2|O2|50,2026-06-03T14:43:43,breakdown_J2_M2_A2_O2_seed50,J2_M2_A2_O2,breakdown,50,30050,50,60.0,,solved,,0.002014,cpsat_transport_capacity_relaxation_empty_repositioning_relaxed,OR-Tools CP-SAT,optimal,2,2,2,2,7.000000,7.000000,not_available,7.000000,9.692582,9.692582,not_logged_by_exact_worker,38.465463,0.000582,0.000735,0.792489,true,false,Tiny branch-bound rows are exact over the project simulator. Other rows are CP-SAT transport-capacity relaxation; empty AGV repositioning/path conflicts are relaxed.
exact|breakdown|J2|M2|A2|O2|51,2026-06-03T14:43:43,breakdown_J2_M2_A2_O2_seed51,J2_M2_A2_O2,breakdown,51,30051,51,60.0,,solved,,0.002086,cpsat_transport_capacity_relaxation_empty_repositioning_relaxed,OR-Tools CP-SAT,optimal,2,2,2,2,11.000000,11.000000,not_available,11.000000,12.000000,12.000000,not_logged_by_exact_worker,9.090909,0.000614,0.000720,0.853550,true,false,Tiny branch-bound rows are exact over the project simulator. Other rows are CP-SAT transport-capacity relaxation; empty AGV repositioning/path conflicts are relaxed.
exact|rush_job|J2|M2|A2|O2|42,2026-06-03T14:43:43,rush_job_J2_M2_A2_O2_seed42,J2_M2_A2_O2,rush_job,42,40042,42,60.0,,solved,,0.005179,cpsat_transport_capacity_relaxation_empty_repositioning_relaxed,OR-Tools CP-SAT,optimal,2,2,2,2,9.000000,9.000000,not_available,9.000000,14.000000,14.000000,not_logged_by_exact_worker,55.555556,0.002712,0.001540,1.761497,true,false,Tiny branch-bound rows are exact over the project simulator. Other rows are CP-SAT transport-capacity relaxation; empty AGV repositioning/path conflicts are relaxed.
exact|rush_job|J2|M2|A2|O2|45,2026-06-03T14:43:43,rush_job_J2_M2_A2_O2_seed45,J2_M2_A2_O2,rush_job,45,40045,45,60.0,,solved,,0.004102,cpsat_transport_capacity_relaxation_empty_repositioning_relaxed,OR-Tools CP-SAT,optimal,2,2,2,2,6.000000,6.000000,not_available,6.000000,8.692582,8.692582,not_logged_by_exact_worker,44.876373,0.001889,0.001330,1.420024,true,false,Tiny branch-bound rows are exact over the project simulator. Other rows are CP-SAT transport-capacity relaxation; empty AGV repositioning/path conflicts are relaxed.
exact|rush_job|J2|M2|A2|O2|43,2026-06-03T14:43:43,rush_job_J2_M2_A2_O2_seed43,J2_M2_A2_O2,rush_job,43,40043,43,60.0,,solved,,0.005577,cpsat_transport_capacity_relaxation_empty_repositioning_relaxed,OR-Tools CP-SAT,optimal,2,2,2,2,11.000000,11.000000,not_available,11.000000,13.692582,13.692582,not_logged_by_exact_worker,24.478022,0.003015,0.001560,1.932265,true,false,Tiny branch-bound rows are exact over the project simulator. Other rows are CP-SAT transport-capacity relaxation; empty AGV repositioning/path conflicts are relaxed.
exact|rush_job|J2|M2|A2|O2|44,2026-06-03T14:43:43,rush_job_J2_M2_A2_O2_seed44,J2_M2_A2_O2,rush_job,44,40044,44,60.0,,solved,,0.006033,cpsat_transport_capacity_relaxation_empty_repositioning_relaxed,OR-Tools CP-SAT,optimal,2,2,2,2,7.000000,7.000000,not_available,7.000000,11.692582,11.692582,not_logged_by_exact_worker,67.036891,0.003433,0.001562,2.197913,true,false,Tiny branch-bound rows are exact over the project simulator. Other rows are CP-SAT transport-capacity relaxation; empty AGV repositioning/path conflicts are relaxed.
exact|rush_job|J2|M2|A2|O2|46,2026-06-03T14:43:43,rush_job_J2_M2_A2_O2_seed46,J2_M2_A2_O2,rush_job,46,40046,46,60.0,,solved,,0.005851,cpsat_transport_capacity_relaxation_empty_repositioning_relaxed,OR-Tools CP-SAT,optimal,2,2,2,2,10.000000,10.000000,not_available,10.000000,13.802776,13.802776,not_logged_by_exact_worker,38.027756,0.003188,0.001547,2.060827,true,false,Tiny branch-bound rows are exact over the project simulator. Other rows are CP-SAT transport-capacity relaxation; empty AGV repositioning/path conflicts are relaxed.
exact|rush_job|J2|M2|A2|O2|47,2026-06-03T14:43:43,rush_job_J2_M2_A2_O2_seed47,J2_M2_A2_O2,rush_job,47,40047,47,60.0,,solved,,0.005507,cpsat_transport_capacity_relaxation_empty_repositioning_relaxed,OR-Tools CP-SAT,optimal,2,2,2,2,11.000000,11.000000,not_available,11.000000,15.802776,15.802776,not_logged_by_exact_worker,43.661597,0.002939,0.001527,1.924437,true,false,Tiny branch-bound rows are exact over the project simulator. Other rows are CP-SAT transport-capacity relaxation; empty AGV repositioning/path conflicts are relaxed.
exact|rush_job|J2|M2|A2|O2|48,2026-06-03T14:43:43,rush_job_J2_M2_A2_O2_seed48,J2_M2_A2_O2,rush_job,48,40048,48,60.0,,solved,,0.005734,cpsat_transport_capacity_relaxation_empty_repositioning_relaxed,OR-Tools CP-SAT,optimal,2,2,2,2,7.000000,7.000000,not_available,7.000000,8.000000,8.000000,not_logged_by_exact_worker,14.285714,0.003236,0.001383,2.340398,true,false,Tiny branch-bound rows are exact over the project simulator. Other rows are CP-SAT transport-capacity relaxation; empty AGV repositioning/path conflicts are relaxed.
exact|rush_job|J2|M2|A2|O2|49,2026-06-03T14:43:43,rush_job_J2_M2_A2_O2_seed49,J2_M2_A2_O2,rush_job,49,40049,49,60.0,,solved,,0.005604,cpsat_transport_capacity_relaxation_empty_repositioning_relaxed,OR-Tools CP-SAT,optimal,2,2,2,2,7.800000,7.800000,not_available,7.800000,11.077747,11.077747,not_logged_by_exact_worker,42.022400,0.003216,0.001397,2.302499,true,false,Tiny branch-bound rows are exact over the project simulator. Other rows are CP-SAT transport-capacity relaxation; empty AGV repositioning/path conflicts are relaxed.
exact|mixed|J2|M2|A2|O2|42,2026-06-03T14:43:43,mixed_J2_M2_A2_O2_seed42,J2_M2_A2_O2,mixed,42,50042,42,60.0,,solved,,0.004352,cpsat_transport_capacity_relaxation_empty_repositioning_relaxed,OR-Tools CP-SAT,optimal,2,2,2,2,9.000000,9.000000,not_available,9.000000,10.000000,10.000000,not_logged_by_exact_worker,11.111111,0.002077,0.001363,1.524072,true,false,Tiny branch-bound rows are exact over the project simulator. Other rows are CP-SAT transport-capacity relaxation; empty AGV repositioning/path conflicts are relaxed.
exact|mixed|J2|M2|A2|O2|43,2026-06-03T14:43:43,mixed_J2_M2_A2_O2_seed43,J2_M2_A2_O2,mixed,43,50043,43,60.0,,solved,,0.004547,cpsat_transport_capacity_relaxation_empty_repositioning_relaxed,OR-Tools CP-SAT,optimal,2,2,2,2,10.000000,10.000000,not_available,10.000000,14.692582,14.692582,not_logged_by_exact_worker,46.925824,0.002148,0.001413,1.520561,true,false,Tiny branch-bound rows are exact over the project simulator. Other rows are CP-SAT transport-capacity relaxation; empty AGV repositioning/path conflicts are relaxed.
exact|rush_job|J2|M2|A2|O2|50,2026-06-03T14:43:43,rush_job_J2_M2_A2_O2_seed50,J2_M2_A2_O2,rush_job,50,40050,50,60.0,,solved,,0.006076,cpsat_transport_capacity_relaxation_empty_repositioning_relaxed,OR-Tools CP-SAT,optimal,2,2,2,2,7.000000,7.000000,not_available,7.000000,11.692582,11.692582,not_logged_by_exact_worker,67.036891,0.003590,0.001493,2.404166,true,false,Tiny branch-bound rows are exact over the project simulator. Other rows are CP-SAT transport-capacity relaxation; empty AGV repositioning/path conflicts are relaxed.
exact|rush_job|J2|M2|A2|O2|51,2026-06-03T14:43:43,rush_job_J2_M2_A2_O2_seed51,J2_M2_A2_O2,rush_job,51,40051,51,60.0,,solved,,0.006530,cpsat_transport_capacity_relaxation_empty_repositioning_relaxed,OR-Tools CP-SAT,optimal,2,2,2,2,8.000000,8.000000,not_available,8.000000,10.692582,10.692582,not_logged_by_exact_worker,33.657280,0.003999,0.001523,2.625066,true,false,Tiny branch-bound rows are exact over the project simulator. Other rows are CP-SAT transport-capacity relaxation; empty AGV repositioning/path conflicts are relaxed.
exact|mixed|J2|M2|A2|O2|44,2026-06-03T14:43:43,mixed_J2_M2_A2_O2_seed44,J2_M2_A2_O2,mixed,44,50044,44,60.0,,solved,,0.004466,cpsat_transport_capacity_relaxation_empty_repositioning_relaxed,OR-Tools CP-SAT,optimal,2,2,2,2,8.000000,8.000000,not_available,8.000000,15.495358,15.495358,not_logged_by_exact_worker,93.691976,0.002024,0.001468,1.378627,true,false,Tiny branch-bound rows are exact over the project simulator. Other rows are CP-SAT transport-capacity relaxation; empty AGV repositioning/path conflicts are relaxed.
exact|mixed|J2|M2|A2|O2|45,2026-06-03T14:43:43,mixed_J2_M2_A2_O2_seed45,J2_M2_A2_O2,mixed,45,50045,45,60.0,,solved,,0.003843,cpsat_transport_capacity_relaxation_empty_repositioning_relaxed,OR-Tools CP-SAT,optimal,2,2,2,2,9.000000,9.000000,not_available,9.000000,13.692582,13.692582,not_logged_by_exact_worker,52.139804,0.001575,0.001394,1.129967,true,false,Tiny branch-bound rows are exact over the project simulator. Other rows are CP-SAT transport-capacity relaxation; empty AGV repositioning/path conflicts are relaxed.
exact|mixed|J2|M2|A2|O2|46,2026-06-03T14:43:43,mixed_J2_M2_A2_O2_seed46,J2_M2_A2_O2,mixed,46,50046,46,60.0,,solved,,0.004095,cpsat_transport_capacity_relaxation_empty_repositioning_relaxed,OR-Tools CP-SAT,optimal,2,2,2,2,18.000000,18.000000,not_available,18.000000,20.692582,20.692582,not_logged_by_exact_worker,14.958791,0.001809,0.001282,1.411499,true,false,Tiny branch-bound rows are exact over the project simulator. Other rows are CP-SAT transport-capacity relaxation; empty AGV repositioning/path conflicts are relaxed.
exact|mixed|J2|M2|A2|O2|47,2026-06-03T14:43:43,mixed_J2_M2_A2_O2_seed47,J2_M2_A2_O2,mixed,47,50047,47,60.0,,solved,,0.004831,cpsat_transport_capacity_relaxation_empty_repositioning_relaxed,OR-Tools CP-SAT,optimal,2,2,2,2,11.800000,11.800000,not_available,11.800000,17.692582,17.692582,not_logged_by_exact_worker,49.937139,0.002276,0.001554,1.464646,true,false,Tiny branch-bound rows are exact over the project simulator. Other rows are CP-SAT transport-capacity relaxation; empty AGV repositioning/path conflicts are relaxed.
exact|mixed|J2|M2|A2|O2|48,2026-06-03T14:43:43,mixed_J2_M2_A2_O2_seed48,J2_M2_A2_O2,mixed,48,50048,48,60.0,,solved,,0.003796,cpsat_transport_capacity_relaxation_empty_repositioning_relaxed,OR-Tools CP-SAT,optimal,2,2,2,2,14.000000,14.000000,not_available,14.000000,16.000000,16.000000,not_logged_by_exact_worker,14.285714,0.001504,0.001353,1.111045,true,false,Tiny branch-bound rows are exact over the project simulator. Other rows are CP-SAT transport-capacity relaxation; empty AGV repositioning/path conflicts are relaxed.
exact|mixed|J2|M2|A2|O2|49,2026-06-03T14:43:43,mixed_J2_M2_A2_O2_seed49,J2_M2_A2_O2,mixed,49,50049,49,60.0,,solved,,0.004421,cpsat_transport_capacity_relaxation_empty_repositioning_relaxed,OR-Tools CP-SAT,optimal,2,2,2,2,10.000000,10.000000,not_available,10.000000,11.000000,11.000000,not_logged_by_exact_worker,10.000000,0.002067,0.001391,1.486409,true,false,Tiny branch-bound rows are exact over the project simulator. Other rows are CP-SAT transport-capacity relaxation; empty AGV repositioning/path conflicts are relaxed.
exact|mixed|J2|M2|A2|O2|50,2026-06-03T14:43:43,mixed_J2_M2_A2_O2_seed50,J2_M2_A2_O2,mixed,50,50050,50,60.0,,solved,,0.004386,cpsat_transport_capacity_relaxation_empty_repositioning_relaxed,OR-Tools CP-SAT,optimal,2,2,2,2,8.000000,8.000000,not_available,8.000000,14.692582,14.692582,not_logged_by_exact_worker,83.657280,0.002121,0.001368,1.550318,true,false,Tiny branch-bound rows are exact over the project simulator. Other rows are CP-SAT transport-capacity relaxation; empty AGV repositioning/path conflicts are relaxed.
exact|mixed|J2|M2|A2|O2|51,2026-06-03T14:43:43,mixed_J2_M2_A2_O2_seed51,J2_M2_A2_O2,mixed,51,50051,51,60.0,,solved,,0.004142,cpsat_transport_capacity_relaxation_empty_repositioning_relaxed,OR-Tools CP-SAT,optimal,2,2,2,2,11.000000,11.000000,not_available,11.000000,13.802776,13.802776,not_logged_by_exact_worker,25.479779,0.001827,0.001327,1.377431,true,false,Tiny branch-bound rows are exact over the project simulator. Other rows are CP-SAT transport-capacity relaxation; empty AGV repositioning/path conflicts are relaxed.
exact|static|J2|M2|A2|O2|42,2026-06-03T14:43:43,static_J2_M2_A2_O2_seed42,J2_M2_A2_O2,static,42,42,42,60.0,,solved,,0.002738,cpsat_transport_capacity_relaxation_empty_repositioning_relaxed,OR-Tools CP-SAT,optimal,2,2,2,2,9.000000,9.000000,not_available,9.000000,13.495358,13.495358,not_logged_by_exact_worker,49.948423,0.000974,0.000927,1.051371,true,false,Tiny branch-bound rows are exact over the project simulator. Other rows are CP-SAT transport-capacity relaxation; empty AGV repositioning/path conflicts are relaxed.
exact|static|J2|M2|A2|O2|45,2026-06-03T14:43:43,static_J2_M2_A2_O2_seed45,J2_M2_A2_O2,static,45,45,45,60.0,,solved,,0.002250,cpsat_transport_capacity_relaxation_empty_repositioning_relaxed,OR-Tools CP-SAT,optimal,2,2,2,2,4.000000,4.000000,not_available,4.000000,6.692582,6.692582,not_logged_by_exact_worker,67.314560,0.000653,0.000736,0.887123,true,false,Tiny branch-bound rows are exact over the project simulator. Other rows are CP-SAT transport-capacity relaxation; empty AGV repositioning/path conflicts are relaxed.
exact|static|J2|M2|A2|O2|43,2026-06-03T14:43:43,static_J2_M2_A2_O2_seed43,J2_M2_A2_O2,static,43,43,43,60.0,,solved,,0.003890,cpsat_transport_capacity_relaxation_empty_repositioning_relaxed,OR-Tools CP-SAT,optimal,2,2,2,2,9.000000,9.000000,not_available,9.000000,12.000000,12.000000,not_logged_by_exact_worker,33.333333,0.002085,0.000961,2.170953,true,false,Tiny branch-bound rows are exact over the project simulator. Other rows are CP-SAT transport-capacity relaxation; empty AGV repositioning/path conflicts are relaxed.
exact|static|J2|M2|A2|O2|44,2026-06-03T14:43:43,static_J2_M2_A2_O2_seed44,J2_M2_A2_O2,static,44,44,44,60.0,,solved,,0.004086,cpsat_transport_capacity_relaxation_empty_repositioning_relaxed,OR-Tools CP-SAT,optimal,2,2,2,2,6.000000,6.000000,not_available,6.000000,10.692582,10.692582,not_logged_by_exact_worker,78.209707,0.002256,0.000930,2.424594,true,false,Tiny branch-bound rows are exact over the project simulator. Other rows are CP-SAT transport-capacity relaxation; empty AGV repositioning/path conflicts are relaxed.
exact|static|J2|M2|A2|O2|46,2026-06-03T14:43:43,static_J2_M2_A2_O2_seed46,J2_M2_A2_O2,static,46,46,46,60.0,,solved,,0.004139,cpsat_transport_capacity_relaxation_empty_repositioning_relaxed,OR-Tools CP-SAT,optimal,2,2,2,2,10.000000,10.000000,not_available,10.000000,13.802776,13.802776,not_logged_by_exact_worker,38.027756,0.002314,0.000943,2.454179,true,false,Tiny branch-bound rows are exact over the project simulator. Other rows are CP-SAT transport-capacity relaxation; empty AGV repositioning/path conflicts are relaxed.
exact|static|J2|M2|A2|O2|47,2026-06-03T14:43:43,static_J2_M2_A2_O2_seed47,J2_M2_A2_O2,static,47,47,47,60.0,,solved,,0.003028,cpsat_transport_capacity_relaxation_empty_repositioning_relaxed,OR-Tools CP-SAT,optimal,2,2,2,2,10.800000,10.800000,not_available,10.800000,14.692582,14.692582,not_logged_by_exact_worker,36.042430,0.001277,0.000895,1.426927,true,false,Tiny branch-bound rows are exact over the project simulator. Other rows are CP-SAT transport-capacity relaxation; empty AGV repositioning/path conflicts are relaxed.
exact|static|J2|M2|A2|O2|49,2026-06-03T14:43:43,static_J2_M2_A2_O2_seed49,J2_M2_A2_O2,static,49,49,49,60.0,,solved,,0.003646,cpsat_transport_capacity_relaxation_empty_repositioning_relaxed,OR-Tools CP-SAT,optimal,2,2,2,2,5.000000,5.000000,not_available,5.000000,7.692582,7.692582,not_logged_by_exact_worker,53.851648,0.001906,0.000896,2.127916,true,false,Tiny branch-bound rows are exact over the project simulator. Other rows are CP-SAT transport-capacity relaxation; empty AGV repositioning/path conflicts are relaxed.
exact|static|J2|M2|A2|O2|48,2026-06-03T14:43:43,static_J2_M2_A2_O2_seed48,J2_M2_A2_O2,static,48,48,48,60.0,,solved,,0.004339,cpsat_transport_capacity_relaxation_empty_repositioning_relaxed,OR-Tools CP-SAT,optimal,2,2,2,2,7.000000,7.000000,not_available,7.000000,8.802776,8.802776,not_logged_by_exact_worker,25.753938,0.002410,0.000991,2.433128,true,false,Tiny branch-bound rows are exact over the project simulator. Other rows are CP-SAT transport-capacity relaxation; empty AGV repositioning/path conflicts are relaxed.
exact|static|J2|M2|A2|O2|50,2026-06-03T14:43:43,static_J2_M2_A2_O2_seed50,J2_M2_A2_O2,static,50,50,50,60.0,,solved,,0.003445,cpsat_transport_capacity_relaxation_empty_repositioning_relaxed,OR-Tools CP-SAT,optimal,2,2,2,2,7.000000,7.000000,not_available,7.000000,8.000000,8.000000,not_logged_by_exact_worker,14.285714,0.001684,0.000912,1.847335,true,false,Tiny branch-bound rows are exact over the project simulator. Other rows are CP-SAT transport-capacity relaxation; empty AGV repositioning/path conflicts are relaxed.
exact|static|J2|M2|A2|O2|51,2026-06-03T14:43:43,static_J2_M2_A2_O2_seed51,J2_M2_A2_O2,static,51,51,51,60.0,,solved,,0.004149,cpsat_transport_capacity_relaxation_empty_repositioning_relaxed,OR-Tools CP-SAT,optimal,2,2,2,2,7.000000,7.000000,not_available,7.000000,8.495358,8.495358,not_logged_by_exact_worker,21.362258,0.002116,0.001011,2.091754,true,false,Tiny branch-bound rows are exact over the project simulator. Other rows are CP-SAT transport-capacity relaxation; empty AGV repositioning/path conflicts are relaxed.
exact|breakdown|J2|M2|A2|O3|42,2026-06-03T14:43:43,breakdown_J2_M2_A2_O3_seed42,J2_M2_A2_O3,breakdown,42,30042,42,60.0,,solved,,0.002919,cpsat_transport_capacity_relaxation_empty_repositioning_relaxed,OR-Tools CP-SAT,optimal,2,2,2,3,16.800000,16.800000,not_available,16.800000,17.802776,17.802776,not_logged_by_exact_worker,5.968903,0.000819,0.001175,0.696622,true,false,Tiny branch-bound rows are exact over the project simulator. Other rows are CP-SAT transport-capacity relaxation; empty AGV repositioning/path conflicts are relaxed.
exact|breakdown|J2|M2|A2|O3|43,2026-06-03T14:43:43,breakdown_J2_M2_A2_O3_seed43,J2_M2_A2_O3,breakdown,43,30043,43,60.0,,solved,,0.002732,cpsat_transport_capacity_relaxation_empty_repositioning_relaxed,OR-Tools CP-SAT,optimal,2,2,2,3,14.800000,14.800000,not_available,14.800000,15.802776,15.802776,not_logged_by_exact_worker,6.775511,0.000710,0.001162,0.611498,true,false,Tiny branch-bound rows are exact over the project simulator. Other rows are CP-SAT transport-capacity relaxation; empty AGV repositioning/path conflicts are relaxed.
exact|breakdown|J2|M2|A2|O3|44,2026-06-03T14:43:43,breakdown_J2_M2_A2_O3_seed44,J2_M2_A2_O3,breakdown,44,30044,44,60.0,,solved,,0.003393,cpsat_transport_capacity_relaxation_empty_repositioning_relaxed,OR-Tools CP-SAT,optimal,2,2,2,3,16.800000,16.800000,not_available,16.800000,19.495358,19.495358,not_logged_by_exact_worker,16.043798,0.001236,0.001303,0.948354,true,false,Tiny branch-bound rows are exact over the project simulator. Other rows are CP-SAT transport-capacity relaxation; empty AGV repositioning/path conflicts are relaxed.
exact|breakdown|J2|M2|A2|O3|46,2026-06-03T14:43:43,breakdown_J2_M2_A2_O3_seed46,J2_M2_A2_O3,breakdown,46,30046,46,60.0,,solved,,0.002554,cpsat_transport_capacity_relaxation_empty_repositioning_relaxed,OR-Tools CP-SAT,optimal,2,2,2,3,26.000000,26.000000,not_available,26.000000,28.692582,28.692582,not_logged_by_exact_worker,10.356086,0.000774,0.000949,0.815873,true,false,Tiny branch-bound rows are exact over the project simulator. Other rows are CP-SAT transport-capacity relaxation; empty AGV repositioning/path conflicts are relaxed.
exact|breakdown|J2|M2|A2|O3|45,2026-06-03T14:43:43,breakdown_J2_M2_A2_O3_seed45,J2_M2_A2_O3,breakdown,45,30045,45,60.0,,solved,,0.002888,cpsat_transport_capacity_relaxation_empty_repositioning_relaxed,OR-Tools CP-SAT,optimal,2,2,2,3,8.800000,8.800000,not_available,8.800000,10.692582,10.692582,not_logged_by_exact_worker,21.506618,0.000764,0.001249,0.611605,true,false,Tiny branch-bound rows are exact over the project simulator. Other rows are CP-SAT transport-capacity relaxation; empty AGV repositioning/path conflicts are relaxed.
exact|breakdown|J2|M2|A2|O3|47,2026-06-03T14:43:43,breakdown_J2_M2_A2_O3_seed47,J2_M2_A2_O3,breakdown,47,30047,47,60.0,,solved,,0.003401,cpsat_transport_capacity_relaxation_empty_repositioning_relaxed,OR-Tools CP-SAT,optimal,2,2,2,3,16.800000,16.800000,not_available,16.800000,19.495358,19.495358,not_logged_by_exact_worker,16.043798,0.001117,0.001374,0.812909,true,false,Tiny branch-bound rows are exact over the project simulator. Other rows are CP-SAT transport-capacity relaxation; empty AGV repositioning/path conflicts are relaxed.
exact|breakdown|J2|M2|A2|O3|48,2026-06-03T14:43:43,breakdown_J2_M2_A2_O3_seed48,J2_M2_A2_O3,breakdown,48,30048,48,60.0,,solved,,0.002603,cpsat_transport_capacity_relaxation_empty_repositioning_relaxed,OR-Tools CP-SAT,optimal,2,2,2,3,17.000000,17.000000,not_available,17.000000,18.000000,18.000000,not_logged_by_exact_worker,5.882353,0.000749,0.000976,0.767158,true,false,Tiny branch-bound rows are exact over the project simulator. Other rows are CP-SAT transport-capacity relaxation; empty AGV repositioning/path conflicts are relaxed.
exact|breakdown|J2|M2|A2|O3|49,2026-06-03T14:43:43,breakdown_J2_M2_A2_O3_seed49,J2_M2_A2_O3,breakdown,49,30049,49,60.0,,solved,,0.002786,cpsat_transport_capacity_relaxation_empty_repositioning_relaxed,OR-Tools CP-SAT,optimal,2,2,2,3,14.000000,14.000000,not_available,14.000000,15.000000,15.000000,not_logged_by_exact_worker,7.142857,0.000743,0.001129,0.657871,true,false,Tiny branch-bound rows are exact over the project simulator. Other rows are CP-SAT transport-capacity relaxation; empty AGV repositioning/path conflicts are relaxed.
exact|breakdown|J2|M2|A2|O3|50,2026-06-03T14:43:43,breakdown_J2_M2_A2_O3_seed50,J2_M2_A2_O3,breakdown,50,30050,50,60.0,,solved,,0.003034,cpsat_transport_capacity_relaxation_empty_repositioning_relaxed,OR-Tools CP-SAT,optimal,2,2,2,3,10.800000,10.800000,not_available,10.800000,13.495358,13.495358,not_logged_by_exact_worker,24.957019,0.000769,0.001248,0.616506,true,false,Tiny branch-bound rows are exact over the project simulator. Other rows are CP-SAT transport-capacity relaxation; empty AGV repositioning/path conflicts are relaxed.
exact|breakdown|J2|M2|A2|O3|51,2026-06-03T14:43:43,breakdown_J2_M2_A2_O3_seed51,J2_M2_A2_O3,breakdown,51,30051,51,60.0,,solved,,0.002826,cpsat_transport_capacity_relaxation_empty_repositioning_relaxed,OR-Tools CP-SAT,optimal,2,2,2,3,11.000000,11.000000,not_available,11.000000,12.000000,12.000000,not_logged_by_exact_worker,9.090909,0.000843,0.001143,0.737749,true,false,Tiny branch-bound rows are exact over the project simulator. Other rows are CP-SAT transport-capacity relaxation; empty AGV repositioning/path conflicts are relaxed.
exact|rush_job|J2|M2|A2|O3|42,2026-06-03T14:43:43,rush_job_J2_M2_A2_O3_seed42,J2_M2_A2_O3,rush_job,42,40042,42,60.0,,solved,,0.006239,cpsat_transport_capacity_relaxation_empty_repositioning_relaxed,OR-Tools CP-SAT,optimal,2,2,2,3,13.800000,13.800000,not_available,13.800000,18.605551,18.605551,not_logged_by_exact_worker,34.822835,0.003182,0.001966,1.618718,true,false,Tiny branch-bound rows are exact over the project simulator. Other rows are CP-SAT transport-capacity relaxation; empty AGV repositioning/path conflicts are relaxed.
exact|rush_job|J2|M2|A2|O3|43,2026-06-03T14:43:43,rush_job_J2_M2_A2_O3_seed43,J2_M2_A2_O3,rush_job,43,40043,43,60.0,,solved,,0.007171,cpsat_transport_capacity_relaxation_empty_repositioning_relaxed,OR-Tools CP-SAT,optimal,2,2,2,3,14.000000,14.000000,not_available,14.000000,15.000000,15.000000,not_logged_by_exact_worker,7.142857,0.004165,0.001751,2.378698,true,false,Tiny branch-bound rows are exact over the project simulator. Other rows are CP-SAT transport-capacity relaxation; empty AGV repositioning/path conflicts are relaxed.
exact|rush_job|J2|M2|A2|O3|45,2026-06-03T14:43:43,rush_job_J2_M2_A2_O3_seed45,J2_M2_A2_O3,rush_job,45,40045,45,60.0,,solved,,0.006354,cpsat_transport_capacity_relaxation_empty_repositioning_relaxed,OR-Tools CP-SAT,optimal,2,2,2,3,8.800000,8.800000,not_available,8.800000,11.495358,11.495358,not_logged_by_exact_worker,30.629069,0.003262,0.001929,1.690649,true,false,Tiny branch-bound rows are exact over the project simulator. Other rows are CP-SAT transport-capacity relaxation; empty AGV repositioning/path conflicts are relaxed.
exact|rush_job|J2|M2|A2|O3|44,2026-06-03T14:43:43,rush_job_J2_M2_A2_O3_seed44,J2_M2_A2_O3,rush_job,44,40044,44,60.0,,solved,,0.007038,cpsat_transport_capacity_relaxation_empty_repositioning_relaxed,OR-Tools CP-SAT,optimal,2,2,2,3,14.800000,14.800000,not_available,14.800000,18.495358,18.495358,not_logged_by_exact_worker,24.968635,0.003699,0.002223,1.663743,true,false,Tiny branch-bound rows are exact over the project simulator. Other rows are CP-SAT transport-capacity relaxation; empty AGV repositioning/path conflicts are relaxed.
exact|rush_job|J2|M2|A2|O3|46,2026-06-03T14:43:43,rush_job_J2_M2_A2_O3_seed46,J2_M2_A2_O3,rush_job,46,40046,46,60.0,,solved,,0.008108,cpsat_transport_capacity_relaxation_empty_repositioning_relaxed,OR-Tools CP-SAT,optimal,2,2,2,3,12.800000,12.800000,not_available,12.800000,16.605551,16.605551,not_logged_by_exact_worker,29.730869,0.004610,0.002076,2.220793,true,false,Tiny branch-bound rows are exact over the project simulator. Other rows are CP-SAT transport-capacity relaxation; empty AGV repositioning/path conflicts are relaxed.
exact|rush_job|J2|M2|A2|O3|47,2026-06-03T14:43:43,rush_job_J2_M2_A2_O3_seed47,J2_M2_A2_O3,rush_job,47,40047,47,60.0,,solved,,0.006574,cpsat_transport_capacity_relaxation_empty_repositioning_relaxed,OR-Tools CP-SAT,optimal,2,2,2,3,15.800000,15.800000,not_available,15.800000,21.692582,21.692582,not_logged_by_exact_worker,37.294825,0.003636,0.001735,2.095315,true,false,Tiny branch-bound rows are exact over the project simulator. Other rows are CP-SAT transport-capacity relaxation; empty AGV repositioning/path conflicts are relaxed.
exact|rush_job|J2|M2|A2|O3|48,2026-06-03T14:43:43,rush_job_J2_M2_A2_O3_seed48,J2_M2_A2_O3,rush_job,48,40048,48,60.0,,solved,,0.007687,cpsat_transport_capacity_relaxation_empty_repositioning_relaxed,OR-Tools CP-SAT,optimal,2,2,2,3,8.000000,8.000000,not_available,8.000000,13.692582,13.692582,not_logged_by_exact_worker,71.157280,0.004575,0.001835,2.493568,true,false,Tiny branch-bound rows are exact over the project simulator. Other rows are CP-SAT transport-capacity relaxation; empty AGV repositioning/path conflicts are relaxed.
exact|rush_job|J2|M2|A2|O3|49,2026-06-03T14:43:43,rush_job_J2_M2_A2_O3_seed49,J2_M2_A2_O3,rush_job,49,40049,49,60.0,,solved,,0.007948,cpsat_transport_capacity_relaxation_empty_repositioning_relaxed,OR-Tools CP-SAT,optimal,2,2,2,3,9.800000,9.800000,not_available,9.800000,13.880523,13.880523,not_logged_by_exact_worker,41.637988,0.004335,0.002184,1.985073,true,false,Tiny branch-bound rows are exact over the project simulator. Other rows are CP-SAT transport-capacity relaxation; empty AGV repositioning/path conflicts are relaxed.
exact|mixed|J2|M2|A2|O3|42,2026-06-03T14:43:43,mixed_J2_M2_A2_O3_seed42,J2_M2_A2_O3,mixed,42,50042,42,60.0,,solved,,0.005213,cpsat_transport_capacity_relaxation_empty_repositioning_relaxed,OR-Tools CP-SAT,optimal,2,2,2,3,16.800000,16.800000,not_available,16.800000,19.605551,19.605551,not_logged_by_exact_worker,16.699710,0.002238,0.001862,1.201826,true,false,Tiny branch-bound rows are exact over the project simulator. Other rows are CP-SAT transport-capacity relaxation; empty AGV repositioning/path conflicts are relaxed.
exact|mixed|J2|M2|A2|O3|43,2026-06-03T14:43:43,mixed_J2_M2_A2_O3_seed43,J2_M2_A2_O3,mixed,43,50043,43,60.0,,solved,,0.005292,cpsat_transport_capacity_relaxation_empty_repositioning_relaxed,OR-Tools CP-SAT,optimal,2,2,2,3,14.800000,14.800000,not_available,14.800000,17.692582,17.692582,not_logged_by_exact_worker,19.544476,0.002406,0.001842,1.306565,true,false,Tiny branch-bound rows are exact over the project simulator. Other rows are CP-SAT transport-capacity relaxation; empty AGV repositioning/path conflicts are relaxed.
exact|rush_job|J2|M2|A2|O3|50,2026-06-03T14:43:43,rush_job_J2_M2_A2_O3_seed50,J2_M2_A2_O3,rush_job,50,40050,50,60.0,,solved,,0.007471,cpsat_transport_capacity_relaxation_empty_repositioning_relaxed,OR-Tools CP-SAT,optimal,2,2,2,3,10.600000,10.600000,not_available,10.600000,12.495358,12.495358,not_logged_by_exact_worker,17.880736,0.004370,0.001892,2.310214,true,false,Tiny branch-bound rows are exact over the project simulator. Other rows are CP-SAT transport-capacity relaxation; empty AGV repositioning/path conflicts are relaxed.
exact|rush_job|J2|M2|A2|O3|51,2026-06-03T14:43:43,rush_job_J2_M2_A2_O3_seed51,J2_M2_A2_O3,rush_job,51,40051,51,60.0,,solved,,0.007292,cpsat_transport_capacity_relaxation_empty_repositioning_relaxed,OR-Tools CP-SAT,optimal,2,2,2,3,11.000000,11.000000,not_available,11.000000,14.692582,14.692582,not_logged_by_exact_worker,33.568931,0.004284,0.001823,2.350340,true,false,Tiny branch-bound rows are exact over the project simulator. Other rows are CP-SAT transport-capacity relaxation; empty AGV repositioning/path conflicts are relaxed.
exact|mixed|J2|M2|A2|O3|45,2026-06-03T14:43:43,mixed_J2_M2_A2_O3_seed45,J2_M2_A2_O3,mixed,45,50045,45,60.0,,solved,,0.005127,cpsat_transport_capacity_relaxation_empty_repositioning_relaxed,OR-Tools CP-SAT,optimal,2,2,2,3,10.000000,10.000000,not_available,10.000000,14.495358,14.495358,not_logged_by_exact_worker,44.953580,0.002236,0.001790,1.248994,true,false,Tiny branch-bound rows are exact over the project simulator. Other rows are CP-SAT transport-capacity relaxation; empty AGV repositioning/path conflicts are relaxed.
exact|mixed|J2|M2|A2|O3|46,2026-06-03T14:43:43,mixed_J2_M2_A2_O3_seed46,J2_M2_A2_O3,mixed,46,50046,46,60.0,,solved,,0.004830,cpsat_transport_capacity_relaxation_empty_repositioning_relaxed,OR-Tools CP-SAT,optimal,2,2,2,3,26.000000,26.000000,not_available,26.000000,28.692582,28.692582,not_logged_by_exact_worker,10.356086,0.002145,0.001576,1.361145,true,false,Tiny branch-bound rows are exact over the project simulator. Other rows are CP-SAT transport-capacity relaxation; empty AGV repositioning/path conflicts are relaxed.
exact|mixed|J2|M2|A2|O3|44,2026-06-03T14:43:43,mixed_J2_M2_A2_O3_seed44,J2_M2_A2_O3,mixed,44,50044,44,60.0,,solved,,0.005899,cpsat_transport_capacity_relaxation_empty_repositioning_relaxed,OR-Tools CP-SAT,optimal,2,2,2,3,16.800000,16.800000,not_available,16.800000,20.495358,20.495358,not_logged_by_exact_worker,21.996179,0.002834,0.002038,1.390628,true,false,Tiny branch-bound rows are exact over the project simulator. Other rows are CP-SAT transport-capacity relaxation; empty AGV repositioning/path conflicts are relaxed.
exact|mixed|J2|M2|A2|O3|47,2026-06-03T14:43:43,mixed_J2_M2_A2_O3_seed47,J2_M2_A2_O3,mixed,47,50047,47,60.0,,solved,,0.005834,cpsat_transport_capacity_relaxation_empty_repositioning_relaxed,OR-Tools CP-SAT,optimal,2,2,2,3,17.000000,17.000000,not_available,17.000000,22.298134,22.298134,not_logged_by_exact_worker,31.165492,0.002719,0.002015,1.349047,true,false,Tiny branch-bound rows are exact over the project simulator. Other rows are CP-SAT transport-capacity relaxation; empty AGV repositioning/path conflicts are relaxed.
exact|mixed|J2|M2|A2|O3|48,2026-06-03T14:43:43,mixed_J2_M2_A2_O3_seed48,J2_M2_A2_O3,mixed,48,50048,48,60.0,,solved,,0.004352,cpsat_transport_capacity_relaxation_empty_repositioning_relaxed,OR-Tools CP-SAT,optimal,2,2,2,3,17.000000,17.000000,not_available,17.000000,19.000000,19.000000,not_logged_by_exact_worker,11.764706,0.001679,0.001699,0.988230,true,false,Tiny branch-bound rows are exact over the project simulator. Other rows are CP-SAT transport-capacity relaxation; empty AGV repositioning/path conflicts are relaxed.
exact|mixed|J2|M2|A2|O3|49,2026-06-03T14:43:43,mixed_J2_M2_A2_O3_seed49,J2_M2_A2_O3,mixed,49,50049,49,60.0,,solved,,0.005243,cpsat_transport_capacity_relaxation_empty_repositioning_relaxed,OR-Tools CP-SAT,optimal,2,2,2,3,14.000000,14.000000,not_available,14.000000,15.000000,15.000000,not_logged_by_exact_worker,7.142857,0.002312,0.001846,1.252695,true,false,Tiny branch-bound rows are exact over the project simulator. Other rows are CP-SAT transport-capacity relaxation; empty AGV repositioning/path conflicts are relaxed.
exact|mixed|J2|M2|A2|O3|50,2026-06-03T14:43:43,mixed_J2_M2_A2_O3_seed50,J2_M2_A2_O3,mixed,50,50050,50,60.0,,solved,,0.005235,cpsat_transport_capacity_relaxation_empty_repositioning_relaxed,OR-Tools CP-SAT,optimal,2,2,2,3,10.800000,10.800000,not_available,10.800000,16.495358,16.495358,not_logged_by_exact_worker,52.734797,0.002313,0.001848,1.251555,true,false,Tiny branch-bound rows are exact over the project simulator. Other rows are CP-SAT transport-capacity relaxation; empty AGV repositioning/path conflicts are relaxed.
exact|mixed|J2|M2|A2|O3|51,2026-06-03T14:43:43,mixed_J2_M2_A2_O3_seed51,J2_M2_A2_O3,mixed,51,50051,51,60.0,,solved,,0.005335,cpsat_transport_capacity_relaxation_empty_repositioning_relaxed,OR-Tools CP-SAT,optimal,2,2,2,3,12.000000,12.000000,not_available,12.000000,14.802776,14.802776,not_logged_by_exact_worker,23.356464,0.002486,0.001804,1.378104,true,false,Tiny branch-bound rows are exact over the project simulator. Other rows are CP-SAT transport-capacity relaxation; empty AGV repositioning/path conflicts are relaxed.
exact|static|J2|M2|A2|O3|42,2026-06-03T14:43:43,static_J2_M2_A2_O3_seed42,J2_M2_A2_O3,static,42,42,42,60.0,,solved,,0.004083,cpsat_transport_capacity_relaxation_empty_repositioning_relaxed,OR-Tools CP-SAT,optimal,2,2,2,3,11.600000,11.600000,not_available,11.600000,12.802776,12.802776,not_logged_by_exact_worker,10.368755,0.001821,0.001280,1.422446,true,false,Tiny branch-bound rows are exact over the project simulator. Other rows are CP-SAT transport-capacity relaxation; empty AGV repositioning/path conflicts are relaxed.
exact|static|J2|M2|A2|O3|44,2026-06-03T14:43:43,static_J2_M2_A2_O3_seed44,J2_M2_A2_O3,static,44,44,44,60.0,,solved,,0.005018,cpsat_transport_capacity_relaxation_empty_repositioning_relaxed,OR-Tools CP-SAT,optimal,2,2,2,3,14.800000,14.800000,not_available,14.800000,17.605551,17.605551,not_logged_by_exact_worker,18.956428,0.002621,0.001453,1.804089,true,false,Tiny branch-bound rows are exact over the project simulator. Other rows are CP-SAT transport-capacity relaxation; empty AGV repositioning/path conflicts are relaxed.
exact|static|J2|M2|A2|O3|43,2026-06-03T14:43:43,static_J2_M2_A2_O3_seed43,J2_M2_A2_O3,static,43,43,43,60.0,,solved,,0.005489,cpsat_transport_capacity_relaxation_empty_repositioning_relaxed,OR-Tools CP-SAT,optimal,2,2,2,3,14.000000,14.000000,not_available,14.000000,15.000000,15.000000,not_logged_by_exact_worker,7.142857,0.003202,0.001175,2.724557,true,false,Tiny branch-bound rows are exact over the project simulator. Other rows are CP-SAT transport-capacity relaxation; empty AGV repositioning/path conflicts are relaxed.
exact|static|J2|M2|A2|O3|45,2026-06-03T14:43:43,static_J2_M2_A2_O3_seed45,J2_M2_A2_O3,static,45,45,45,60.0,,solved,,0.004820,cpsat_transport_capacity_relaxation_empty_repositioning_relaxed,OR-Tools CP-SAT,optimal,2,2,2,3,7.800000,7.800000,not_available,7.800000,9.495358,9.495358,not_logged_by_exact_worker,21.735360,0.002448,0.001337,1.831451,true,false,Tiny branch-bound rows are exact over the project simulator. Other rows are CP-SAT transport-capacity relaxation; empty AGV repositioning/path conflicts are relaxed.
exact|static|J2|M2|A2|O3|46,2026-06-03T14:43:43,static_J2_M2_A2_O3_seed46,J2_M2_A2_O3,static,46,46,46,60.0,,solved,,0.006238,cpsat_transport_capacity_relaxation_empty_repositioning_relaxed,OR-Tools CP-SAT,optimal,2,2,2,3,12.000000,12.000000,not_available,12.000000,15.605551,15.605551,not_logged_by_exact_worker,30.046261,0.003721,0.001410,2.638916,true,false,Tiny branch-bound rows are exact over the project simulator. Other rows are CP-SAT transport-capacity relaxation; empty AGV repositioning/path conflicts are relaxed.
exact|static|J2|M2|A2|O3|47,2026-06-03T14:43:43,static_J2_M2_A2_O3_seed47,J2_M2_A2_O3,static,47,47,47,60.0,,solved,,0.005010,cpsat_transport_capacity_relaxation_empty_repositioning_relaxed,OR-Tools CP-SAT,optimal,2,2,2,3,15.800000,15.800000,not_available,15.800000,21.692582,21.692582,not_logged_by_exact_worker,37.294825,0.002421,0.001609,1.504910,true,false,Tiny branch-bound rows are exact over the project simulator. Other rows are CP-SAT transport-capacity relaxation; empty AGV repositioning/path conflicts are relaxed.
exact|static|J2|M2|A2|O3|48,2026-06-03T14:43:43,static_J2_M2_A2_O3_seed48,J2_M2_A2_O3,static,48,48,48,60.0,,solved,,0.005692,cpsat_transport_capacity_relaxation_empty_repositioning_relaxed,OR-Tools CP-SAT,optimal,2,2,2,3,8.000000,8.000000,not_available,8.000000,11.692582,11.692582,not_logged_by_exact_worker,46.157280,0.003354,0.001262,2.658345,true,false,Tiny branch-bound rows are exact over the project simulator. Other rows are CP-SAT transport-capacity relaxation; empty AGV repositioning/path conflicts are relaxed.
exact|static|J2|M2|A2|O3|49,2026-06-03T14:43:43,static_J2_M2_A2_O3_seed49,J2_M2_A2_O3,static,49,49,49,60.0,,solved,,0.005442,cpsat_transport_capacity_relaxation_empty_repositioning_relaxed,OR-Tools CP-SAT,optimal,2,2,2,3,9.800000,9.800000,not_available,9.800000,12.495358,12.495358,not_logged_by_exact_worker,27.503653,0.002970,0.001417,2.096357,true,false,Tiny branch-bound rows are exact over the project simulator. Other rows are CP-SAT transport-capacity relaxation; empty AGV repositioning/path conflicts are relaxed.
exact|breakdown|J2|M3|A1|O2|42,2026-06-03T14:43:43,breakdown_J2_M3_A1_O2_seed42,J2_M3_A1_O2,breakdown,42,30042,42,60.0,,solved,,0.002939,cpsat_transport_capacity_relaxation_empty_repositioning_relaxed,OR-Tools CP-SAT,optimal,2,3,1,2,9.000000,9.000000,not_available,9.000000,16.880523,16.880523,not_logged_by_exact_worker,87.561365,0.001138,0.000928,1.226832,true,false,Tiny branch-bound rows are exact over the project simulator. Other rows are CP-SAT transport-capacity relaxation; empty AGV repositioning/path conflicts are relaxed.
exact|breakdown|J2|M3|A1|O2|43,2026-06-03T14:43:43,breakdown_J2_M3_A1_O2_seed43,J2_M3_A1_O2,breakdown,43,30043,43,60.0,,solved,,0.002785,cpsat_transport_capacity_relaxation_empty_repositioning_relaxed,OR-Tools CP-SAT,optimal,2,3,1,2,8.800000,8.800000,not_available,8.800000,19.793492,19.793492,not_logged_by_exact_worker,124.926042,0.000950,0.000982,0.967811,true,false,Tiny branch-bound rows are exact over the project simulator. Other rows are CP-SAT transport-capacity relaxation; empty AGV repositioning/path conflicts are relaxed.
exact|static|J2|M2|A2|O3|50,2026-06-03T14:43:43,static_J2_M2_A2_O3_seed50,J2_M2_A2_O3,static,50,50,50,60.0,,solved,,0.005037,cpsat_transport_capacity_relaxation_empty_repositioning_relaxed,OR-Tools CP-SAT,optimal,2,2,2,3,10.600000,10.600000,not_available,10.600000,11.605551,11.605551,not_logged_by_exact_worker,9.486333,0.002549,0.001331,1.914970,true,false,Tiny branch-bound rows are exact over the project simulator. Other rows are CP-SAT transport-capacity relaxation; empty AGV repositioning/path conflicts are relaxed.
exact|static|J2|M2|A2|O3|51,2026-06-03T14:43:43,static_J2_M2_A2_O3_seed51,J2_M2_A2_O3,static,51,51,51,60.0,,solved,,0.005282,cpsat_transport_capacity_relaxation_empty_repositioning_relaxed,OR-Tools CP-SAT,optimal,2,2,2,3,10.000000,10.000000,not_available,10.000000,12.000000,12.000000,not_logged_by_exact_worker,20.000000,0.002907,0.001249,2.327248,true,false,Tiny branch-bound rows are exact over the project simulator. Other rows are CP-SAT transport-capacity relaxation; empty AGV repositioning/path conflicts are relaxed.
exact|breakdown|J2|M3|A1|O2|45,2026-06-03T14:43:43,breakdown_J2_M3_A1_O2_seed45,J2_M3_A1_O2,breakdown,45,30045,45,60.0,,solved,,0.002055,cpsat_transport_capacity_relaxation_empty_repositioning_relaxed,OR-Tools CP-SAT,optimal,2,3,1,2,4.000000,4.000000,not_available,4.000000,8.692582,8.692582,not_logged_by_exact_worker,117.314560,0.000586,0.000737,0.795091,true,false,Tiny branch-bound rows are exact over the project simulator. Other rows are CP-SAT transport-capacity relaxation; empty AGV repositioning/path conflicts are relaxed.
exact|breakdown|J2|M3|A1|O2|44,2026-06-03T14:43:43,breakdown_J2_M3_A1_O2_seed44,J2_M3_A1_O2,breakdown,44,30044,44,60.0,,solved,,0.002423,cpsat_transport_capacity_relaxation_empty_repositioning_relaxed,OR-Tools CP-SAT,optimal,2,3,1,2,9.000000,9.000000,not_available,9.000000,17.000000,17.000000,not_logged_by_exact_worker,88.888889,0.000638,0.001018,0.626829,true,false,Tiny branch-bound rows are exact over the project simulator. Other rows are CP-SAT transport-capacity relaxation; empty AGV repositioning/path conflicts are relaxed.
exact|breakdown|J2|M3|A1|O2|46,2026-06-03T14:43:43,breakdown_J2_M3_A1_O2_seed46,J2_M3_A1_O2,breakdown,46,30046,46,60.0,,solved,,0.003108,cpsat_transport_capacity_relaxation_empty_repositioning_relaxed,OR-Tools CP-SAT,optimal,2,3,1,2,11.800000,11.800000,not_available,11.800000,16.495358,16.495358,not_logged_by_exact_worker,39.791170,0.001491,0.000839,1.777592,true,false,Tiny branch-bound rows are exact over the project simulator. Other rows are CP-SAT transport-capacity relaxation; empty AGV repositioning/path conflicts are relaxed.
exact|breakdown|J2|M3|A1|O2|47,2026-06-03T14:43:43,breakdown_J2_M3_A1_O2_seed47,J2_M3_A1_O2,breakdown,47,30047,47,60.0,,solved,,0.002413,cpsat_transport_capacity_relaxation_empty_repositioning_relaxed,OR-Tools CP-SAT,optimal,2,3,1,2,11.800000,11.800000,not_available,11.800000,19.802776,19.802776,not_logged_by_exact_worker,67.820133,0.000616,0.000953,0.646664,true,false,Tiny branch-bound rows are exact over the project simulator. Other rows are CP-SAT transport-capacity relaxation; empty AGV repositioning/path conflicts are relaxed.
exact|breakdown|J2|M3|A1|O2|49,2026-06-03T14:43:43,breakdown_J2_M3_A1_O2_seed49,J2_M3_A1_O2,breakdown,49,30049,49,60.0,,solved,,0.002178,cpsat_transport_capacity_relaxation_empty_repositioning_relaxed,OR-Tools CP-SAT,optimal,2,3,1,2,8.000000,8.000000,not_available,8.000000,12.495358,12.495358,not_logged_by_exact_worker,56.191976,0.000549,0.000834,0.658788,true,false,Tiny branch-bound rows are exact over the project simulator. Other rows are CP-SAT transport-capacity relaxation; empty AGV repositioning/path conflicts are relaxed.
exact|breakdown|J2|M3|A1|O2|48,2026-06-03T14:43:43,breakdown_J2_M3_A1_O2_seed48,J2_M3_A1_O2,breakdown,48,30048,48,60.0,,solved,,0.003554,cpsat_transport_capacity_relaxation_empty_repositioning_relaxed,OR-Tools CP-SAT,optimal,2,3,1,2,7.000000,7.000000,not_available,7.000000,10.605551,10.605551,not_logged_by_exact_worker,51.507875,0.001667,0.000986,1.691387,true,false,Tiny branch-bound rows are exact over the project simulator. Other rows are CP-SAT transport-capacity relaxation; empty AGV repositioning/path conflicts are relaxed.
exact|breakdown|J2|M3|A1|O2|51,2026-06-03T14:43:43,breakdown_J2_M3_A1_O2_seed51,J2_M3_A1_O2,breakdown,51,30051,51,60.0,,solved,,0.002311,cpsat_transport_capacity_relaxation_empty_repositioning_relaxed,OR-Tools CP-SAT,optimal,2,3,1,2,13.000000,13.000000,not_available,13.000000,22.385165,22.385165,not_logged_by_exact_worker,72.193575,0.000624,0.000935,0.667237,true,false,Tiny branch-bound rows are exact over the project simulator. Other rows are CP-SAT transport-capacity relaxation; empty AGV repositioning/path conflicts are relaxed.
exact|breakdown|J2|M3|A1|O2|50,2026-06-03T14:43:43,breakdown_J2_M3_A1_O2_seed50,J2_M3_A1_O2,breakdown,50,30050,50,60.0,,solved,,0.003006,cpsat_transport_capacity_relaxation_empty_repositioning_relaxed,OR-Tools CP-SAT,optimal,2,3,1,2,7.000000,7.000000,not_available,7.000000,15.187940,15.187940,not_logged_by_exact_worker,116.970578,0.001198,0.000917,1.306694,true,false,Tiny branch-bound rows are exact over the project simulator. Other rows are CP-SAT transport-capacity relaxation; empty AGV repositioning/path conflicts are relaxed.
exact|rush_job|J2|M3|A1|O2|42,2026-06-03T14:43:43,rush_job_J2_M3_A1_O2_seed42,J2_M3_A1_O2,rush_job,42,40042,42,60.0,,solved,,0.004603,cpsat_transport_capacity_relaxation_empty_repositioning_relaxed,OR-Tools CP-SAT,optimal,2,3,1,2,9.000000,9.000000,not_available,9.000000,19.683298,19.683298,not_logged_by_exact_worker,118.703317,0.002179,0.001461,1.491820,true,false,Tiny branch-bound rows are exact over the project simulator. Other rows are CP-SAT transport-capacity relaxation; empty AGV repositioning/path conflicts are relaxed.
exact|rush_job|J2|M3|A1|O2|45,2026-06-03T14:43:43,rush_job_J2_M3_A1_O2_seed45,J2_M3_A1_O2,rush_job,45,40045,45,60.0,,solved,,0.003960,cpsat_transport_capacity_relaxation_empty_repositioning_relaxed,OR-Tools CP-SAT,optimal,2,3,1,2,6.000000,6.000000,not_available,6.000000,13.495358,13.495358,not_logged_by_exact_worker,124.922634,0.001694,0.001364,1.241865,true,false,Tiny branch-bound rows are exact over the project simulator. Other rows are CP-SAT transport-capacity relaxation; empty AGV repositioning/path conflicts are relaxed.
exact|rush_job|J2|M3|A1|O2|44,2026-06-03T14:43:43,rush_job_J2_M3_A1_O2_seed44,J2_M3_A1_O2,rush_job,44,40044,44,60.0,,solved,,0.004473,cpsat_transport_capacity_relaxation_empty_repositioning_relaxed,OR-Tools CP-SAT,optimal,2,3,1,2,7.800000,7.800000,not_available,7.800000,13.802776,13.802776,not_logged_by_exact_worker,76.958662,0.001998,0.001471,1.358192,true,false,Tiny branch-bound rows are exact over the project simulator. Other rows are CP-SAT transport-capacity relaxation; empty AGV repositioning/path conflicts are relaxed.
exact|rush_job|J2|M3|A1|O2|43,2026-06-03T14:43:43,rush_job_J2_M3_A1_O2_seed43,J2_M3_A1_O2,rush_job,43,40043,43,60.0,,solved,,0.005863,cpsat_transport_capacity_relaxation_empty_repositioning_relaxed,OR-Tools CP-SAT,optimal,2,3,1,2,8.800000,8.800000,not_available,8.800000,28.990716,28.990716,not_logged_by_exact_worker,229.439955,0.003082,0.001741,1.770623,true,false,Tiny branch-bound rows are exact over the project simulator. Other rows are CP-SAT transport-capacity relaxation; empty AGV repositioning/path conflicts are relaxed.
exact|rush_job|J2|M3|A1|O2|47,2026-06-03T14:43:43,rush_job_J2_M3_A1_O2_seed47,J2_M3_A1_O2,rush_job,47,40047,47,60.0,,solved,,0.004461,cpsat_transport_capacity_relaxation_empty_repositioning_relaxed,OR-Tools CP-SAT,optimal,2,3,1,2,11.000000,11.000000,not_available,11.000000,25.187940,25.187940,not_logged_by_exact_worker,128.981277,0.001879,0.001565,1.200077,true,false,Tiny branch-bound rows are exact over the project simulator. Other rows are CP-SAT transport-capacity relaxation; empty AGV repositioning/path conflicts are relaxed.
exact|rush_job|J2|M3|A1|O2|46,2026-06-03T14:43:43,rush_job_J2_M3_A1_O2_seed46,J2_M3_A1_O2,rush_job,46,40046,46,60.0,,solved,,0.006004,cpsat_transport_capacity_relaxation_empty_repositioning_relaxed,OR-Tools CP-SAT,optimal,2,3,1,2,11.000000,11.000000,not_available,11.000000,17.802776,17.802776,not_logged_by_exact_worker,61.843415,0.003036,0.001681,1.805567,true,false,Tiny branch-bound rows are exact over the project simulator. Other rows are CP-SAT transport-capacity relaxation; empty AGV repositioning/path conflicts are relaxed.
exact|rush_job|J2|M3|A1|O2|48,2026-06-03T14:43:43,rush_job_J2_M3_A1_O2_seed48,J2_M3_A1_O2,rush_job,48,40048,48,60.0,,solved,,0.005633,cpsat_transport_capacity_relaxation_empty_repositioning_relaxed,OR-Tools CP-SAT,optimal,2,3,1,2,7.000000,7.000000,not_available,7.000000,16.187940,16.187940,not_logged_by_exact_worker,131.256292,0.003035,0.001497,2.027117,true,false,Tiny branch-bound rows are exact over the project simulator. Other rows are CP-SAT transport-capacity relaxation; empty AGV repositioning/path conflicts are relaxed.
exact|rush_job|J2|M3|A1|O2|49,2026-06-03T14:43:43,rush_job_J2_M3_A1_O2_seed49,J2_M3_A1_O2,rush_job,49,40049,49,60.0,,solved,,0.005529,cpsat_transport_capacity_relaxation_empty_repositioning_relaxed,OR-Tools CP-SAT,optimal,2,3,1,2,9.800000,9.800000,not_available,9.800000,26.770330,26.770330,not_logged_by_exact_worker,173.166629,0.002839,0.001551,1.830142,true,false,Tiny branch-bound rows are exact over the project simulator. Other rows are CP-SAT transport-capacity relaxation; empty AGV repositioning/path conflicts are relaxed.
exact|rush_job|J2|M3|A1|O2|51,2026-06-03T14:43:43,rush_job_J2_M3_A1_O2_seed51,J2_M3_A1_O2,rush_job,51,40051,51,60.0,,solved,,0.004573,cpsat_transport_capacity_relaxation_empty_repositioning_relaxed,OR-Tools CP-SAT,optimal,2,3,1,2,13.000000,13.000000,not_available,13.000000,27.770330,27.770330,not_logged_by_exact_worker,113.617920,0.001836,0.001621,1.132363,true,false,Tiny branch-bound rows are exact over the project simulator. Other rows are CP-SAT transport-capacity relaxation; empty AGV repositioning/path conflicts are relaxed.
exact|rush_job|J2|M3|A1|O2|50,2026-06-03T14:43:43,rush_job_J2_M3_A1_O2_seed50,J2_M3_A1_O2,rush_job,50,40050,50,60.0,,solved,,0.005854,cpsat_transport_capacity_relaxation_empty_repositioning_relaxed,OR-Tools CP-SAT,optimal,2,3,1,2,7.000000,7.000000,not_available,7.000000,22.187940,22.187940,not_logged_by_exact_worker,216.970578,0.003177,0.001589,1.999874,true,false,Tiny branch-bound rows are exact over the project simulator. Other rows are CP-SAT transport-capacity relaxation; empty AGV repositioning/path conflicts are relaxed.
exact|mixed|J2|M3|A1|O2|42,2026-06-03T14:43:43,mixed_J2_M3_A1_O2_seed42,J2_M3_A1_O2,mixed,42,50042,42,60.0,,solved,,0.004524,cpsat_transport_capacity_relaxation_empty_repositioning_relaxed,OR-Tools CP-SAT,optimal,2,3,1,2,10.000000,10.000000,not_available,10.000000,19.683298,19.683298,not_logged_by_exact_worker,96.832985,0.001984,0.001456,1.362151,true,false,Tiny branch-bound rows are exact over the project simulator. Other rows are CP-SAT transport-capacity relaxation; empty AGV repositioning/path conflicts are relaxed.
exact|mixed|J2|M3|A1|O2|43,2026-06-03T14:43:43,mixed_J2_M3_A1_O2_seed43,J2_M3_A1_O2,mixed,43,50043,43,60.0,,solved,,0.004290,cpsat_transport_capacity_relaxation_empty_repositioning_relaxed,OR-Tools CP-SAT,optimal,2,3,1,2,8.800000,8.800000,not_available,8.800000,21.793492,21.793492,not_logged_by_exact_worker,147.653315,0.001790,0.001486,1.205089,true,false,Tiny branch-bound rows are exact over the project simulator. Other rows are CP-SAT transport-capacity relaxation; empty AGV repositioning/path conflicts are relaxed.
exact|mixed|J2|M3|A1|O2|45,2026-06-03T14:43:43,mixed_J2_M3_A1_O2_seed45,J2_M3_A1_O2,mixed,45,50045,45,60.0,,solved,,0.003711,cpsat_transport_capacity_relaxation_empty_repositioning_relaxed,OR-Tools CP-SAT,optimal,2,3,1,2,6.000000,6.000000,not_available,6.000000,10.692582,10.692582,not_logged_by_exact_worker,78.209707,0.001454,0.001250,1.163799,true,false,Tiny branch-bound rows are exact over the project simulator. Other rows are CP-SAT transport-capacity relaxation; empty AGV repositioning/path conflicts are relaxed.
exact|mixed|J2|M3|A1|O2|44,2026-06-03T14:43:43,mixed_J2_M3_A1_O2_seed44,J2_M3_A1_O2,mixed,44,50044,44,60.0,,solved,,0.004777,cpsat_transport_capacity_relaxation_empty_repositioning_relaxed,OR-Tools CP-SAT,optimal,2,3,1,2,9.800000,9.800000,not_available,9.800000,23.000000,23.000000,not_logged_by_exact_worker,134.693878,0.002061,0.001669,1.235019,true,false,Tiny branch-bound rows are exact over the project simulator. Other rows are CP-SAT transport-capacity relaxation; empty AGV repositioning/path conflicts are relaxed.
exact|mixed|J2|M3|A1|O2|46,2026-06-03T14:43:43,mixed_J2_M3_A1_O2_seed46,J2_M3_A1_O2,mixed,46,50046,46,60.0,,solved,,0.004574,cpsat_transport_capacity_relaxation_empty_repositioning_relaxed,OR-Tools CP-SAT,optimal,2,3,1,2,12.800000,12.800000,not_available,12.800000,14.495358,14.495358,not_logged_by_exact_worker,13.244985,0.002031,0.001562,1.299987,true,false,Tiny branch-bound rows are exact over the project simulator. Other rows are CP-SAT transport-capacity relaxation; empty AGV repositioning/path conflicts are relaxed.
exact|mixed|J2|M3|A1|O2|47,2026-06-03T14:43:43,mixed_J2_M3_A1_O2_seed47,J2_M3_A1_O2,mixed,47,50047,47,60.0,,solved,,0.004586,cpsat_transport_capacity_relaxation_empty_repositioning_relaxed,OR-Tools CP-SAT,optimal,2,3,1,2,11.800000,11.800000,not_available,11.800000,25.793492,25.793492,not_logged_by_exact_worker,118.588913,0.001882,0.001669,1.127591,true,false,Tiny branch-bound rows are exact over the project simulator. Other rows are CP-SAT transport-capacity relaxation; empty AGV repositioning/path conflicts are relaxed.
exact|mixed|J2|M3|A1|O2|49,2026-06-03T14:43:43,mixed_J2_M3_A1_O2_seed49,J2_M3_A1_O2,mixed,49,50049,49,60.0,,solved,,0.004539,cpsat_transport_capacity_relaxation_empty_repositioning_relaxed,OR-Tools CP-SAT,optimal,2,3,1,2,9.800000,9.800000,not_available,9.800000,20.683298,20.683298,not_logged_by_exact_worker,111.054066,0.002087,0.001485,1.405009,true,false,Tiny branch-bound rows are exact over the project simulator. Other rows are CP-SAT transport-capacity relaxation; empty AGV repositioning/path conflicts are relaxed.
exact|mixed|J2|M3|A1|O2|48,2026-06-03T14:43:43,mixed_J2_M3_A1_O2_seed48,J2_M3_A1_O2,mixed,48,50048,48,60.0,,solved,,0.005129,cpsat_transport_capacity_relaxation_empty_repositioning_relaxed,OR-Tools CP-SAT,optimal,2,3,1,2,7.000000,7.000000,not_available,7.000000,16.187940,16.187940,not_logged_by_exact_worker,131.256292,0.002671,0.001462,1.827074,true,false,Tiny branch-bound rows are exact over the project simulator. Other rows are CP-SAT transport-capacity relaxation; empty AGV repositioning/path conflicts are relaxed.
exact|mixed|J2|M3|A1|O2|50,2026-06-03T14:43:43,mixed_J2_M3_A1_O2_seed50,J2_M3_A1_O2,mixed,50,50050,50,60.0,,solved,,0.004575,cpsat_transport_capacity_relaxation_empty_repositioning_relaxed,OR-Tools CP-SAT,optimal,2,3,1,2,8.000000,8.000000,not_available,8.000000,25.793492,25.793492,not_logged_by_exact_worker,222.418647,0.002000,0.001512,1.322291,true,false,Tiny branch-bound rows are exact over the project simulator. Other rows are CP-SAT transport-capacity relaxation; empty AGV repositioning/path conflicts are relaxed.
exact|mixed|J2|M3|A1|O2|51,2026-06-03T14:43:43,mixed_J2_M3_A1_O2_seed51,J2_M3_A1_O2,mixed,51,50051,51,60.0,,solved,,0.004382,cpsat_transport_capacity_relaxation_empty_repositioning_relaxed,OR-Tools CP-SAT,optimal,2,3,1,2,13.000000,13.000000,not_available,13.000000,29.596267,29.596267,not_logged_by_exact_worker,127.663595,0.001865,0.001602,1.163910,true,false,Tiny branch-bound rows are exact over the project simulator. Other rows are CP-SAT transport-capacity relaxation; empty AGV repositioning/path conflicts are relaxed.
exact|static|J2|M3|A1|O2|42,2026-06-03T14:43:43,static_J2_M3_A1_O2_seed42,J2_M3_A1_O2,static,42,42,42,60.0,,solved,,0.003111,cpsat_transport_capacity_relaxation_empty_repositioning_relaxed,OR-Tools CP-SAT,optimal,2,3,1,2,9.000000,9.000000,not_available,9.000000,16.880523,16.880523,not_logged_by_exact_worker,87.561365,0.001149,0.001033,1.111563,true,false,Tiny branch-bound rows are exact over the project simulator. Other rows are CP-SAT transport-capacity relaxation; empty AGV repositioning/path conflicts are relaxed.
exact|static|J2|M3|A1|O2|45,2026-06-03T14:43:43,static_J2_M3_A1_O2_seed45,J2_M3_A1_O2,static,45,45,45,60.0,,solved,,0.002127,cpsat_transport_capacity_relaxation_empty_repositioning_relaxed,OR-Tools CP-SAT,optimal,2,3,1,2,4.000000,4.000000,not_available,4.000000,8.692582,8.692582,not_logged_by_exact_worker,117.314560,0.000606,0.000729,0.830021,true,false,Tiny branch-bound rows are exact over the project simulator. Other rows are CP-SAT transport-capacity relaxation; empty AGV repositioning/path conflicts are relaxed.
exact|static|J2|M3|A1|O2|44,2026-06-03T14:43:43,static_J2_M3_A1_O2_seed44,J2_M3_A1_O2,static,44,44,44,60.0,,solved,,0.002653,cpsat_transport_capacity_relaxation_empty_repositioning_relaxed,OR-Tools CP-SAT,optimal,2,3,1,2,7.000000,7.000000,not_available,7.000000,10.000000,10.000000,not_logged_by_exact_worker,42.857143,0.001022,0.000835,1.223898,true,false,Tiny branch-bound rows are exact over the project simulator. Other rows are CP-SAT transport-capacity relaxation; empty AGV repositioning/path conflicts are relaxed.
exact|static|J2|M3|A1|O2|43,2026-06-03T14:43:43,static_J2_M3_A1_O2_seed43,J2_M3_A1_O2,static,43,43,43,60.0,,solved,,0.004108,cpsat_transport_capacity_relaxation_empty_repositioning_relaxed,OR-Tools CP-SAT,optimal,2,3,1,2,8.800000,8.800000,not_available,8.800000,19.990716,19.990716,not_logged_by_exact_worker,127.167228,0.002078,0.001066,1.949526,true,false,Tiny branch-bound rows are exact over the project simulator. Other rows are CP-SAT transport-capacity relaxation; empty AGV repositioning/path conflicts are relaxed.
exact|static|J2|M3|A1|O2|47,2026-06-03T14:43:43,static_J2_M3_A1_O2_seed47,J2_M3_A1_O2,static,47,47,47,60.0,,solved,,0.002888,cpsat_transport_capacity_relaxation_empty_repositioning_relaxed,OR-Tools CP-SAT,optimal,2,3,1,2,10.000000,10.000000,not_available,10.000000,19.802776,19.802776,not_logged_by_exact_worker,98.027756,0.001088,0.000976,1.114687,true,false,Tiny branch-bound rows are exact over the project simulator. Other rows are CP-SAT transport-capacity relaxation; empty AGV repositioning/path conflicts are relaxed.
exact|static|J2|M3|A1|O2|46,2026-06-03T14:43:43,static_J2_M3_A1_O2_seed46,J2_M3_A1_O2,static,46,46,46,60.0,,solved,,0.004064,cpsat_transport_capacity_relaxation_empty_repositioning_relaxed,OR-Tools CP-SAT,optimal,2,3,1,2,10.000000,10.000000,not_available,10.000000,15.000000,15.000000,not_logged_by_exact_worker,50.000000,0.002171,0.000947,2.293049,true,false,Tiny branch-bound rows are exact over the project simulator. Other rows are CP-SAT transport-capacity relaxation; empty AGV repositioning/path conflicts are relaxed.
exact|static|J2|M3|A1|O2|48,2026-06-03T14:43:43,static_J2_M3_A1_O2_seed48,J2_M3_A1_O2,static,48,48,48,60.0,,solved,,0.004065,cpsat_transport_capacity_relaxation_empty_repositioning_relaxed,OR-Tools CP-SAT,optimal,2,3,1,2,7.000000,7.000000,not_available,7.000000,10.605551,10.605551,not_logged_by_exact_worker,51.507875,0.002101,0.000988,2.125898,true,false,Tiny branch-bound rows are exact over the project simulator. Other rows are CP-SAT transport-capacity relaxation; empty AGV repositioning/path conflicts are relaxed.
exact|static|J2|M3|A1|O2|49,2026-06-03T14:43:43,static_J2_M3_A1_O2_seed49,J2_M3_A1_O2,static,49,49,49,60.0,,solved,,0.003363,cpsat_transport_capacity_relaxation_empty_repositioning_relaxed,OR-Tools CP-SAT,optimal,2,3,1,2,8.000000,8.000000,not_available,8.000000,19.385165,19.385165,not_logged_by_exact_worker,142.314560,0.001549,0.000972,1.593847,true,false,Tiny branch-bound rows are exact over the project simulator. Other rows are CP-SAT transport-capacity relaxation; empty AGV repositioning/path conflicts are relaxed.
exact|static|J2|M3|A1|O2|51,2026-06-03T14:43:43,static_J2_M3_A1_O2_seed51,J2_M3_A1_O2,static,51,51,51,60.0,,solved,,0.002779,cpsat_transport_capacity_relaxation_empty_repositioning_relaxed,OR-Tools CP-SAT,optimal,2,3,1,2,13.000000,13.000000,not_available,13.000000,22.385165,22.385165,not_logged_by_exact_worker,72.193575,0.000911,0.000964,0.945315,true,false,Tiny branch-bound rows are exact over the project simulator. Other rows are CP-SAT transport-capacity relaxation; empty AGV repositioning/path conflicts are relaxed.
exact|static|J2|M3|A1|O2|50,2026-06-03T14:43:43,static_J2_M3_A1_O2_seed50,J2_M3_A1_O2,static,50,50,50,60.0,,solved,,0.004102,cpsat_transport_capacity_relaxation_empty_repositioning_relaxed,OR-Tools CP-SAT,optimal,2,3,1,2,7.000000,7.000000,not_available,7.000000,15.187940,15.187940,not_logged_by_exact_worker,116.970578,0.002263,0.000916,2.472040,true,false,Tiny branch-bound rows are exact over the project simulator. Other rows are CP-SAT transport-capacity relaxation; empty AGV repositioning/path conflicts are relaxed.
exact|breakdown|J2|M3|A1|O3|42,2026-06-03T14:43:43,breakdown_J2_M3_A1_O3_seed42,J2_M3_A1_O3,breakdown,42,30042,42,60.0,,solved,,0.003174,cpsat_transport_capacity_relaxation_empty_repositioning_relaxed,OR-Tools CP-SAT,optimal,2,3,1,3,14.800000,14.800000,not_available,14.800000,22.802776,22.802776,not_logged_by_exact_worker,54.072808,0.001073,0.001199,0.895105,true,false,Tiny branch-bound rows are exact over the project simulator. Other rows are CP-SAT transport-capacity relaxation; empty AGV repositioning/path conflicts are relaxed.
exact|breakdown|J2|M3|A1|O3|43,2026-06-03T14:43:43,breakdown_J2_M3_A1_O3_seed43,J2_M3_A1_O3,breakdown,43,30043,43,60.0,,solved,,0.003553,cpsat_transport_capacity_relaxation_empty_repositioning_relaxed,OR-Tools CP-SAT,optimal,2,3,1,3,13.800000,13.800000,not_available,13.800000,26.802776,26.802776,not_logged_by_exact_worker,94.223012,0.001278,0.001302,0.980883,true,false,Tiny branch-bound rows are exact over the project simulator. Other rows are CP-SAT transport-capacity relaxation; empty AGV repositioning/path conflicts are relaxed.
exact|breakdown|J2|M3|A1|O3|45,2026-06-03T14:43:43,breakdown_J2_M3_A1_O3_seed45,J2_M3_A1_O3,breakdown,45,30045,45,60.0,,solved,,0.002839,cpsat_transport_capacity_relaxation_empty_repositioning_relaxed,OR-Tools CP-SAT,optimal,2,3,1,3,9.000000,9.000000,not_available,9.000000,14.100909,14.100909,not_logged_by_exact_worker,56.676770,0.000821,0.001183,0.693979,true,false,Tiny branch-bound rows are exact over the project simulator. Other rows are CP-SAT transport-capacity relaxation; empty AGV repositioning/path conflicts are relaxed.
exact|breakdown|J2|M3|A1|O3|44,2026-06-03T14:43:43,breakdown_J2_M3_A1_O3_seed44,J2_M3_A1_O3,breakdown,44,30044,44,60.0,,solved,,0.003499,cpsat_transport_capacity_relaxation_empty_repositioning_relaxed,OR-Tools CP-SAT,optimal,2,3,1,3,13.000000,13.000000,not_available,13.000000,27.802776,27.802776,not_logged_by_exact_worker,113.867505,0.001374,0.001197,1.148024,true,false,Tiny branch-bound rows are exact over the project simulator. Other rows are CP-SAT transport-capacity relaxation; empty AGV repositioning/path conflicts are relaxed.
exact|breakdown|J2|M3|A1|O3|46,2026-06-03T14:43:43,breakdown_J2_M3_A1_O3_seed46,J2_M3_A1_O3,breakdown,46,30046,46,60.0,,solved,,0.003056,cpsat_transport_capacity_relaxation_empty_repositioning_relaxed,OR-Tools CP-SAT,optimal,2,3,1,3,12.800000,12.800000,not_available,12.800000,14.000000,14.000000,not_logged_by_exact_worker,9.375000,0.001044,0.001075,0.970799,true,false,Tiny branch-bound rows are exact over the project simulator. Other rows are CP-SAT transport-capacity relaxation; empty AGV repositioning/path conflicts are relaxed.
exact|breakdown|J2|M3|A1|O3|47,2026-06-03T14:43:43,breakdown_J2_M3_A1_O3_seed47,J2_M3_A1_O3,breakdown,47,30047,47,60.0,,solved,,0.002980,cpsat_transport_capacity_relaxation_empty_repositioning_relaxed,OR-Tools CP-SAT,optimal,2,3,1,3,16.800000,16.800000,not_available,16.800000,22.793492,22.793492,not_logged_by_exact_worker,35.675546,0.000827,0.001287,0.642607,true,false,Tiny branch-bound rows are exact over the project simulator. Other rows are CP-SAT transport-capacity relaxation; empty AGV repositioning/path conflicts are relaxed.
exact|breakdown|J2|M3|A1|O3|49,2026-06-03T14:43:43,breakdown_J2_M3_A1_O3_seed49,J2_M3_A1_O3,breakdown,49,30049,49,60.0,,solved,,0.003783,cpsat_transport_capacity_relaxation_empty_repositioning_relaxed,OR-Tools CP-SAT,optimal,2,3,1,3,16.000000,16.000000,not_available,16.000000,20.000000,20.000000,not_logged_by_exact_worker,25.000000,0.001423,0.001352,1.052530,true,false,Tiny branch-bound rows are exact over the project simulator. Other rows are CP-SAT transport-capacity relaxation; empty AGV repositioning/path conflicts are relaxed.
exact|breakdown|J2|M3|A1|O3|51,2026-06-03T14:43:43,breakdown_J2_M3_A1_O3_seed51,J2_M3_A1_O3,breakdown,51,30051,51,60.0,,solved,,0.002984,cpsat_transport_capacity_relaxation_empty_repositioning_relaxed,OR-Tools CP-SAT,optimal,2,3,1,3,19.800000,19.800000,not_available,19.800000,29.408327,29.408327,not_logged_by_exact_worker,48.526904,0.000817,0.001247,0.655441,true,false,Tiny branch-bound rows are exact over the project simulator. Other rows are CP-SAT transport-capacity relaxation; empty AGV repositioning/path conflicts are relaxed.
exact|breakdown|J2|M3|A1|O3|50,2026-06-03T14:43:43,breakdown_J2_M3_A1_O3_seed50,J2_M3_A1_O3,breakdown,50,30050,50,60.0,,solved,,0.003862,cpsat_transport_capacity_relaxation_empty_repositioning_relaxed,OR-Tools CP-SAT,optimal,2,3,1,3,9.600000,9.600000,not_available,9.600000,13.408327,13.408327,not_logged_by_exact_worker,39.670072,0.001639,0.001288,1.272692,true,false,Tiny branch-bound rows are exact over the project simulator. Other rows are CP-SAT transport-capacity relaxation; empty AGV repositioning/path conflicts are relaxed.
exact|breakdown|J2|M3|A1|O3|48,2026-06-03T14:43:43,breakdown_J2_M3_A1_O3_seed48,J2_M3_A1_O3,breakdown,48,30048,48,60.0,,solved,,0.004785,cpsat_transport_capacity_relaxation_empty_repositioning_relaxed,OR-Tools CP-SAT,optimal,2,3,1,3,10.000000,10.000000,not_available,10.000000,17.880523,17.880523,not_logged_by_exact_worker,78.805228,0.002493,0.001257,1.983927,true,false,Tiny branch-bound rows are exact over the project simulator. Other rows are CP-SAT transport-capacity relaxation; empty AGV repositioning/path conflicts are relaxed.
exact|rush_job|J2|M3|A1|O3|44,2026-06-03T14:43:43,rush_job_J2_M3_A1_O3_seed44,J2_M3_A1_O3,rush_job,44,40044,44,60.0,,solved,,0.005760,cpsat_transport_capacity_relaxation_empty_repositioning_relaxed,OR-Tools CP-SAT,optimal,2,3,1,3,12.800000,12.800000,not_available,12.800000,22.605551,22.605551,not_logged_by_exact_worker,76.605869,0.002708,0.001876,1.443313,true,false,Tiny branch-bound rows are exact over the project simulator. Other rows are CP-SAT transport-capacity relaxation; empty AGV repositioning/path conflicts are relaxed.
exact|rush_job|J2|M3|A1|O3|45,2026-06-03T14:43:43,rush_job_J2_M3_A1_O3_seed45,J2_M3_A1_O3,rush_job,45,40045,45,60.0,,solved,,0.005496,cpsat_transport_capacity_relaxation_empty_repositioning_relaxed,OR-Tools CP-SAT,optimal,2,3,1,3,9.800000,9.800000,not_available,9.800000,20.100909,20.100909,not_logged_by_exact_worker,105.111320,0.002367,0.002045,1.157450,true,false,Tiny branch-bound rows are exact over the project simulator. Other rows are CP-SAT transport-capacity relaxation; empty AGV repositioning/path conflicts are relaxed.
exact|rush_job|J2|M3|A1|O3|42,2026-06-03T14:43:43,rush_job_J2_M3_A1_O3_seed42,J2_M3_A1_O3,rush_job,42,40042,42,60.0,,solved,,0.006373,cpsat_transport_capacity_relaxation_empty_repositioning_relaxed,OR-Tools CP-SAT,optimal,2,3,1,3,12.000000,12.000000,not_available,12.000000,18.495358,18.495358,not_logged_by_exact_worker,54.127984,0.003016,0.002127,1.417999,true,false,Tiny branch-bound rows are exact over the project simulator. Other rows are CP-SAT transport-capacity relaxation; empty AGV repositioning/path conflicts are relaxed.
exact|rush_job|J2|M3|A1|O3|43,2026-06-03T14:43:43,rush_job_J2_M3_A1_O3_seed43,J2_M3_A1_O3,rush_job,43,40043,43,60.0,,solved,,0.006819,cpsat_transport_capacity_relaxation_empty_repositioning_relaxed,OR-Tools CP-SAT,optimal,2,3,1,3,13.000000,13.000000,not_available,13.000000,39.605551,39.605551,not_logged_by_exact_worker,204.658087,0.003468,0.002172,1.596455,true,false,Tiny branch-bound rows are exact over the project simulator. Other rows are CP-SAT transport-capacity relaxation; empty AGV repositioning/path conflicts are relaxed.
exact|rush_job|J2|M3|A1|O3|47,2026-06-03T14:43:43,rush_job_J2_M3_A1_O3_seed47,J2_M3_A1_O3,rush_job,47,40047,47,60.0,,solved,,0.006010,cpsat_transport_capacity_relaxation_empty_repositioning_relaxed,OR-Tools CP-SAT,optimal,2,3,1,3,16.000000,16.000000,not_available,16.000000,28.178657,28.178657,not_logged_by_exact_worker,76.116603,0.002936,0.001878,1.563329,true,false,Tiny branch-bound rows are exact over the project simulator. Other rows are CP-SAT transport-capacity relaxation; empty AGV repositioning/path conflicts are relaxed.
exact|rush_job|J2|M3|A1|O3|49,2026-06-03T14:43:43,rush_job_J2_M3_A1_O3_seed49,J2_M3_A1_O3,rush_job,49,40049,49,60.0,,solved,,0.005980,cpsat_transport_capacity_relaxation_empty_repositioning_relaxed,OR-Tools CP-SAT,optimal,2,3,1,3,14.000000,14.000000,not_available,14.000000,26.486074,26.486074,not_logged_by_exact_worker,89.186244,0.002764,0.002003,1.379942,true,false,Tiny branch-bound rows are exact over the project simulator. Other rows are CP-SAT transport-capacity relaxation; empty AGV repositioning/path conflicts are relaxed.
exact|rush_job|J2|M3|A1|O3|46,2026-06-03T14:43:43,rush_job_J2_M3_A1_O3_seed46,J2_M3_A1_O3,rush_job,46,40046,46,60.0,,solved,,0.007802,cpsat_transport_capacity_relaxation_empty_repositioning_relaxed,OR-Tools CP-SAT,optimal,2,3,1,3,12.800000,12.800000,not_available,12.800000,19.802776,19.802776,not_logged_by_exact_worker,54.709185,0.004387,0.002106,2.083044,true,false,Tiny branch-bound rows are exact over the project simulator. Other rows are CP-SAT transport-capacity relaxation; empty AGV repositioning/path conflicts are relaxed.
exact|rush_job|J2|M3|A1|O3|48,2026-06-03T14:43:43,rush_job_J2_M3_A1_O3_seed48,J2_M3_A1_O3,rush_job,48,40048,48,60.0,,solved,,0.007963,cpsat_transport_capacity_relaxation_empty_repositioning_relaxed,OR-Tools CP-SAT,optimal,2,3,1,3,9.800000,9.800000,not_available,9.800000,26.981432,26.981432,not_logged_by_exact_worker,175.320736,0.004409,0.002221,1.985231,true,false,Tiny branch-bound rows are exact over the project simulator. Other rows are CP-SAT transport-capacity relaxation; empty AGV repositioning/path conflicts are relaxed.
exact|rush_job|J2|M3|A1|O3|51,2026-06-03T14:43:43,rush_job_J2_M3_A1_O3_seed51,J2_M3_A1_O3,rush_job,51,40051,51,60.0,,solved,,0.005389,cpsat_transport_capacity_relaxation_empty_repositioning_relaxed,OR-Tools CP-SAT,optimal,2,3,1,3,19.800000,19.800000,not_available,19.800000,34.793492,34.793492,not_logged_by_exact_worker,75.724706,0.002316,0.001930,1.200052,true,false,Tiny branch-bound rows are exact over the project simulator. Other rows are CP-SAT transport-capacity relaxation; empty AGV repositioning/path conflicts are relaxed.
exact|mixed|J2|M3|A1|O3|42,2026-06-03T14:43:43,mixed_J2_M3_A1_O3_seed42,J2_M3_A1_O3,mixed,42,50042,42,60.0,,solved,,0.005057,cpsat_transport_capacity_relaxation_empty_repositioning_relaxed,OR-Tools CP-SAT,optimal,2,3,1,3,14.800000,14.800000,not_available,14.800000,24.408327,24.408327,not_logged_by_exact_worker,64.921128,0.001938,0.001976,0.980621,true,false,Tiny branch-bound rows are exact over the project simulator. Other rows are CP-SAT transport-capacity relaxation; empty AGV repositioning/path conflicts are relaxed.
exact|mixed|J2|M3|A1|O3|43,2026-06-03T14:43:43,mixed_J2_M3_A1_O3_seed43,J2_M3_A1_O3,mixed,43,50043,43,60.0,,solved,,0.005296,cpsat_transport_capacity_relaxation_empty_repositioning_relaxed,OR-Tools CP-SAT,optimal,2,3,1,3,13.800000,13.800000,not_available,13.800000,28.802776,28.802776,not_logged_by_exact_worker,108.715765,0.002303,0.001894,1.215911,true,false,Tiny branch-bound rows are exact over the project simulator. Other rows are CP-SAT transport-capacity relaxation; empty AGV repositioning/path conflicts are relaxed.
exact|rush_job|J2|M3|A1|O3|50,2026-06-03T14:43:43,rush_job_J2_M3_A1_O3_seed50,J2_M3_A1_O3,rush_job,50,40050,50,60.0,,solved,,0.007631,cpsat_transport_capacity_relaxation_empty_repositioning_relaxed,OR-Tools CP-SAT,optimal,2,3,1,3,9.600000,9.600000,not_available,9.600000,22.100909,22.100909,not_logged_by_exact_worker,130.217805,0.004417,0.001981,2.229558,true,false,Tiny branch-bound rows are exact over the project simulator. Other rows are CP-SAT transport-capacity relaxation; empty AGV repositioning/path conflicts are relaxed.
exact|mixed|J2|M3|A1|O3|45,2026-06-03T14:43:43,mixed_J2_M3_A1_O3_seed45,J2_M3_A1_O3,mixed,45,50045,45,60.0,,solved,,0.004823,cpsat_transport_capacity_relaxation_empty_repositioning_relaxed,OR-Tools CP-SAT,optimal,2,3,1,3,9.000000,9.000000,not_available,9.000000,16.100909,16.100909,not_logged_by_exact_worker,78.898992,0.001990,0.001784,1.115546,true,false,Tiny branch-bound rows are exact over the project simulator. Other rows are CP-SAT transport-capacity relaxation; empty AGV repositioning/path conflicts are relaxed.
exact|mixed|J2|M3|A1|O3|44,2026-06-03T14:43:43,mixed_J2_M3_A1_O3_seed44,J2_M3_A1_O3,mixed,44,50044,44,60.0,,solved,,0.005659,cpsat_transport_capacity_relaxation_empty_repositioning_relaxed,OR-Tools CP-SAT,optimal,2,3,1,3,13.800000,13.800000,not_available,13.800000,29.605551,29.605551,not_logged_by_exact_worker,114.532980,0.002604,0.001892,1.376017,true,false,Tiny branch-bound rows are exact over the project simulator. Other rows are CP-SAT transport-capacity relaxation; empty AGV repositioning/path conflicts are relaxed.
exact|mixed|J2|M3|A1|O3|46,2026-06-03T14:43:43,mixed_J2_M3_A1_O3_seed46,J2_M3_A1_O3,mixed,46,50046,46,60.0,,solved,,0.005252,cpsat_transport_capacity_relaxation_empty_repositioning_relaxed,OR-Tools CP-SAT,optimal,2,3,1,3,12.800000,12.800000,not_available,12.800000,16.408327,16.408327,not_logged_by_exact_worker,28.190054,0.002245,0.001837,1.221878,true,false,Tiny branch-bound rows are exact over the project simulator. Other rows are CP-SAT transport-capacity relaxation; empty AGV repositioning/path conflicts are relaxed.
exact|mixed|J2|M3|A1|O3|47,2026-06-03T14:43:43,mixed_J2_M3_A1_O3_seed47,J2_M3_A1_O3,mixed,47,50047,47,60.0,,solved,,0.005504,cpsat_transport_capacity_relaxation_empty_repositioning_relaxed,OR-Tools CP-SAT,optimal,2,3,1,3,16.800000,16.800000,not_available,16.800000,30.586983,30.586983,not_logged_by_exact_worker,82.065378,0.002371,0.002009,1.180289,true,false,Tiny branch-bound rows are exact over the project simulator. Other rows are CP-SAT transport-capacity relaxation; empty AGV repositioning/path conflicts are relaxed.
exact|mixed|J2|M3|A1|O3|49,2026-06-03T14:43:43,mixed_J2_M3_A1_O3_seed49,J2_M3_A1_O3,mixed,49,50049,49,60.0,,solved,,0.005582,cpsat_transport_capacity_relaxation_empty_repositioning_relaxed,OR-Tools CP-SAT,optimal,2,3,1,3,16.000000,16.000000,not_available,16.000000,29.486074,29.486074,not_logged_by_exact_worker,84.287963,0.002351,0.002127,1.105657,true,false,Tiny branch-bound rows are exact over the project simulator. Other rows are CP-SAT transport-capacity relaxation; empty AGV repositioning/path conflicts are relaxed.
exact|mixed|J2|M3|A1|O3|51,2026-06-03T14:43:43,mixed_J2_M3_A1_O3_seed51,J2_M3_A1_O3,mixed,51,50051,51,60.0,,solved,,0.004898,cpsat_transport_capacity_relaxation_empty_repositioning_relaxed,OR-Tools CP-SAT,optimal,2,3,1,3,19.800000,19.800000,not_available,19.800000,31.013878,31.013878,not_logged_by_exact_worker,56.635748,0.001764,0.002063,0.854858,true,false,Tiny branch-bound rows are exact over the project simulator. Other rows are CP-SAT transport-capacity relaxation; empty AGV repositioning/path conflicts are relaxed.
exact|mixed|J2|M3|A1|O3|48,2026-06-03T14:43:43,mixed_J2_M3_A1_O3_seed48,J2_M3_A1_O3,mixed,48,50048,48,60.0,,solved,,0.006782,cpsat_transport_capacity_relaxation_empty_repositioning_relaxed,OR-Tools CP-SAT,optimal,2,3,1,3,10.000000,10.000000,not_available,10.000000,27.784208,27.784208,not_logged_by_exact_worker,177.842078,0.003494,0.002063,1.693516,true,false,Tiny branch-bound rows are exact over the project simulator. Other rows are CP-SAT transport-capacity relaxation; empty AGV repositioning/path conflicts are relaxed.
exact|mixed|J2|M3|A1|O3|50,2026-06-03T14:43:43,mixed_J2_M3_A1_O3_seed50,J2_M3_A1_O3,mixed,50,50050,50,60.0,,solved,,0.006243,cpsat_transport_capacity_relaxation_empty_repositioning_relaxed,OR-Tools CP-SAT,optimal,2,3,1,3,9.600000,9.600000,not_available,9.600000,21.399043,21.399043,not_logged_by_exact_worker,122.906698,0.002884,0.002140,1.347603,true,false,Tiny branch-bound rows are exact over the project simulator. Other rows are CP-SAT transport-capacity relaxation; empty AGV repositioning/path conflicts are relaxed.
exact|static|J2|M3|A1|O3|42,2026-06-03T14:43:43,static_J2_M3_A1_O3_seed42,J2_M3_A1_O3,static,42,42,42,60.0,,solved,,0.003838,cpsat_transport_capacity_relaxation_empty_repositioning_relaxed,OR-Tools CP-SAT,optimal,2,3,1,3,12.000000,12.000000,not_available,12.000000,15.802776,15.802776,not_logged_by_exact_worker,31.689797,0.001536,0.001341,1.145136,true,false,Tiny branch-bound rows are exact over the project simulator. Other rows are CP-SAT transport-capacity relaxation; empty AGV repositioning/path conflicts are relaxed.
exact|static|J2|M3|A1|O3|44,2026-06-03T14:43:43,static_J2_M3_A1_O3_seed44,J2_M3_A1_O3,static,44,44,44,60.0,,solved,,0.003953,cpsat_transport_capacity_relaxation_empty_repositioning_relaxed,OR-Tools CP-SAT,optimal,2,3,1,3,12.800000,12.800000,not_available,12.800000,18.802776,18.802776,not_logged_by_exact_worker,46.896685,0.001790,0.001158,1.546601,true,false,Tiny branch-bound rows are exact over the project simulator. Other rows are CP-SAT transport-capacity relaxation; empty AGV repositioning/path conflicts are relaxed.
exact|static|J2|M3|A1|O3|45,2026-06-03T14:43:43,static_J2_M3_A1_O3_seed45,J2_M3_A1_O3,static,45,45,45,60.0,,solved,,0.003618,cpsat_transport_capacity_relaxation_empty_repositioning_relaxed,OR-Tools CP-SAT,optimal,2,3,1,3,9.000000,9.000000,not_available,9.000000,14.100909,14.100909,not_logged_by_exact_worker,56.676770,0.001250,0.001361,0.917946,true,false,Tiny branch-bound rows are exact over the project simulator. Other rows are CP-SAT transport-capacity relaxation; empty AGV repositioning/path conflicts are relaxed.
exact|static|J2|M3|A1|O3|43,2026-06-03T14:43:43,static_J2_M3_A1_O3_seed43,J2_M3_A1_O3,static,43,43,43,60.0,,solved,,0.005417,cpsat_transport_capacity_relaxation_empty_repositioning_relaxed,OR-Tools CP-SAT,optimal,2,3,1,3,12.000000,12.000000,not_available,12.000000,26.802776,26.802776,not_logged_by_exact_worker,123.356464,0.002815,0.001522,1.850092,true,false,Tiny branch-bound rows are exact over the project simulator. Other rows are CP-SAT transport-capacity relaxation; empty AGV repositioning/path conflicts are relaxed.
exact|static|J2|M3|A1|O3|47,2026-06-03T14:43:43,static_J2_M3_A1_O3_seed47,J2_M3_A1_O3,static,47,47,47,60.0,,solved,,0.003889,cpsat_transport_capacity_relaxation_empty_repositioning_relaxed,OR-Tools CP-SAT,optimal,2,3,1,3,15.800000,15.800000,not_available,15.800000,19.692582,19.692582,not_logged_by_exact_worker,24.636597,0.001665,0.001283,1.297887,true,false,Tiny branch-bound rows are exact over the project simulator. Other rows are CP-SAT transport-capacity relaxation; empty AGV repositioning/path conflicts are relaxed.
exact|static|J2|M3|A1|O3|46,2026-06-03T14:43:43,static_J2_M3_A1_O3_seed46,J2_M3_A1_O3,static,46,46,46,60.0,,solved,,0.005470,cpsat_transport_capacity_relaxation_empty_repositioning_relaxed,OR-Tools CP-SAT,optimal,2,3,1,3,11.000000,11.000000,not_available,11.000000,14.000000,14.000000,not_logged_by_exact_worker,27.272727,0.003061,0.001271,2.408372,true,false,Tiny branch-bound rows are exact over the project simulator. Other rows are CP-SAT transport-capacity relaxation; empty AGV repositioning/path conflicts are relaxed.
exact|static|J2|M3|A1|O3|49,2026-06-03T14:43:43,static_J2_M3_A1_O3_seed49,J2_M3_A1_O3,static,49,49,49,60.0,,solved,,0.004564,cpsat_transport_capacity_relaxation_empty_repositioning_relaxed,OR-Tools CP-SAT,optimal,2,3,1,3,14.000000,14.000000,not_available,14.000000,23.990716,23.990716,not_logged_by_exact_worker,71.362258,0.002105,0.001408,1.494888,true,false,Tiny branch-bound rows are exact over the project simulator. Other rows are CP-SAT transport-capacity relaxation; empty AGV repositioning/path conflicts are relaxed.
exact|static|J2|M3|A1|O3|48,2026-06-03T14:43:43,static_J2_M3_A1_O3_seed48,J2_M3_A1_O3,static,48,48,48,60.0,,solved,,0.005522,cpsat_transport_capacity_relaxation_empty_repositioning_relaxed,OR-Tools CP-SAT,optimal,2,3,1,3,9.800000,9.800000,not_available,9.800000,16.486074,16.486074,not_logged_by_exact_worker,68.225246,0.003080,0.001348,2.285131,true,false,Tiny branch-bound rows are exact over the project simulator. Other rows are CP-SAT transport-capacity relaxation; empty AGV repositioning/path conflicts are relaxed.
exact|static|J2|M3|A1|O3|51,2026-06-03T14:43:43,static_J2_M3_A1_O3_seed51,J2_M3_A1_O3,static,51,51,51,60.0,,solved,,0.003960,cpsat_transport_capacity_relaxation_empty_repositioning_relaxed,OR-Tools CP-SAT,optimal,2,3,1,3,19.800000,19.800000,not_available,19.800000,29.408327,29.408327,not_logged_by_exact_worker,48.526904,0.001601,0.001418,1.128737,true,false,Tiny branch-bound rows are exact over the project simulator. Other rows are CP-SAT transport-capacity relaxation; empty AGV repositioning/path conflicts are relaxed.
exact|breakdown|J2|M3|A2|O2|42,2026-06-03T14:43:43,breakdown_J2_M3_A2_O2_seed42,J2_M3_A2_O2,breakdown,42,30042,42,60.0,,solved,,0.002806,cpsat_transport_capacity_relaxation_empty_repositioning_relaxed,OR-Tools CP-SAT,optimal,2,3,2,2,9.000000,9.000000,not_available,9.000000,13.495358,13.495358,not_logged_by_exact_worker,49.948423,0.000986,0.001001,0.985013,true,false,Tiny branch-bound rows are exact over the project simulator. Other rows are CP-SAT transport-capacity relaxation; empty AGV repositioning/path conflicts are relaxed.
exact|breakdown|J2|M3|A2|O2|43,2026-06-03T14:43:43,breakdown_J2_M3_A2_O2_seed43,J2_M3_A2_O2,breakdown,43,30043,43,60.0,,solved,,0.002878,cpsat_transport_capacity_relaxation_empty_repositioning_relaxed,OR-Tools CP-SAT,optimal,2,3,2,2,8.800000,8.800000,not_available,8.800000,12.802776,12.802776,not_logged_by_exact_worker,45.486087,0.000984,0.001086,0.906103,true,false,Tiny branch-bound rows are exact over the project simulator. Other rows are CP-SAT transport-capacity relaxation; empty AGV repositioning/path conflicts are relaxed.
exact|static|J2|M3|A1|O3|50,2026-06-03T14:43:43,static_J2_M3_A1_O3_seed50,J2_M3_A1_O3,static,50,50,50,60.0,,solved,,0.005505,cpsat_transport_capacity_relaxation_empty_repositioning_relaxed,OR-Tools CP-SAT,optimal,2,3,1,3,9.600000,9.600000,not_available,9.600000,16.408327,16.408327,not_logged_by_exact_worker,70.920072,0.003098,0.001370,2.260965,true,false,Tiny branch-bound rows are exact over the project simulator. Other rows are CP-SAT transport-capacity relaxation; empty AGV repositioning/path conflicts are relaxed.
exact|breakdown|J2|M3|A2|O2|45,2026-06-03T14:43:43,breakdown_J2_M3_A2_O2_seed45,J2_M3_A2_O2,breakdown,45,30045,45,60.0,,solved,,0.002053,cpsat_transport_capacity_relaxation_empty_repositioning_relaxed,OR-Tools CP-SAT,optimal,2,3,2,2,4.000000,4.000000,not_available,4.000000,6.692582,6.692582,not_logged_by_exact_worker,67.314560,0.000582,0.000755,0.771300,true,false,Tiny branch-bound rows are exact over the project simulator. Other rows are CP-SAT transport-capacity relaxation; empty AGV repositioning/path conflicts are relaxed.
exact|breakdown|J2|M3|A2|O2|44,2026-06-03T14:43:43,breakdown_J2_M3_A2_O2_seed44,J2_M3_A2_O2,breakdown,44,30044,44,60.0,,solved,,0.002297,cpsat_transport_capacity_relaxation_empty_repositioning_relaxed,OR-Tools CP-SAT,optimal,2,3,2,2,9.000000,9.000000,not_available,9.000000,13.000000,13.000000,not_logged_by_exact_worker,44.444444,0.000604,0.000938,0.644587,true,false,Tiny branch-bound rows are exact over the project simulator. Other rows are CP-SAT transport-capacity relaxation; empty AGV repositioning/path conflicts are relaxed.
exact|breakdown|J2|M3|A2|O2|46,2026-06-03T14:43:43,breakdown_J2_M3_A2_O2_seed46,J2_M3_A2_O2,breakdown,46,30046,46,60.0,,solved,,0.002554,cpsat_transport_capacity_relaxation_empty_repositioning_relaxed,OR-Tools CP-SAT,optimal,2,3,2,2,11.800000,11.800000,not_available,11.800000,14.495358,14.495358,not_logged_by_exact_worker,22.842017,0.000812,0.000972,0.835425,true,false,Tiny branch-bound rows are exact over the project simulator. Other rows are CP-SAT transport-capacity relaxation; empty AGV repositioning/path conflicts are relaxed.
exact|breakdown|J2|M3|A2|O2|47,2026-06-03T14:43:43,breakdown_J2_M3_A2_O2_seed47,J2_M3_A2_O2,breakdown,47,30047,47,60.0,,solved,,0.002380,cpsat_transport_capacity_relaxation_empty_repositioning_relaxed,OR-Tools CP-SAT,optimal,2,3,2,2,11.800000,11.800000,not_available,11.800000,12.802776,12.802776,not_logged_by_exact_worker,8.498099,0.000531,0.001042,0.509601,true,false,Tiny branch-bound rows are exact over the project simulator. Other rows are CP-SAT transport-capacity relaxation; empty AGV repositioning/path conflicts are relaxed.
exact|breakdown|J2|M3|A2|O2|49,2026-06-03T14:43:43,breakdown_J2_M3_A2_O2_seed49,J2_M3_A2_O2,breakdown,49,30049,49,60.0,,solved,,0.002183,cpsat_transport_capacity_relaxation_empty_repositioning_relaxed,OR-Tools CP-SAT,optimal,2,3,2,2,8.000000,8.000000,not_available,8.000000,10.495358,10.495358,not_logged_by_exact_worker,31.191976,0.000526,0.000926,0.568759,true,false,Tiny branch-bound rows are exact over the project simulator. Other rows are CP-SAT transport-capacity relaxation; empty AGV repositioning/path conflicts are relaxed.
exact|breakdown|J2|M3|A2|O2|51,2026-06-03T14:43:43,breakdown_J2_M3_A2_O2_seed51,J2_M3_A2_O2,breakdown,51,30051,51,60.0,,solved,,0.002295,cpsat_transport_capacity_relaxation_empty_repositioning_relaxed,OR-Tools CP-SAT,optimal,2,3,2,2,13.000000,13.000000,not_available,13.000000,17.000000,17.000000,not_logged_by_exact_worker,30.769231,0.000562,0.000962,0.584096,true,false,Tiny branch-bound rows are exact over the project simulator. Other rows are CP-SAT transport-capacity relaxation; empty AGV repositioning/path conflicts are relaxed.
exact|breakdown|J2|M3|A2|O2|48,2026-06-03T14:43:43,breakdown_J2_M3_A2_O2_seed48,J2_M3_A2_O2,breakdown,48,30048,48,60.0,,solved,,0.004002,cpsat_transport_capacity_relaxation_empty_repositioning_relaxed,OR-Tools CP-SAT,optimal,2,3,2,2,7.000000,7.000000,not_available,7.000000,8.802776,8.802776,not_logged_by_exact_worker,25.753938,0.002081,0.001069,1.946763,true,false,Tiny branch-bound rows are exact over the project simulator. Other rows are CP-SAT transport-capacity relaxation; empty AGV repositioning/path conflicts are relaxed.
exact|breakdown|J2|M3|A2|O2|50,2026-06-03T14:43:43,breakdown_J2_M3_A2_O2_seed50,J2_M3_A2_O2,breakdown,50,30050,50,60.0,,solved,,0.003444,cpsat_transport_capacity_relaxation_empty_repositioning_relaxed,OR-Tools CP-SAT,optimal,2,3,2,2,7.000000,7.000000,not_available,7.000000,11.000000,11.000000,not_logged_by_exact_worker,57.142857,0.001603,0.001026,1.561617,true,false,Tiny branch-bound rows are exact over the project simulator. Other rows are CP-SAT transport-capacity relaxation; empty AGV repositioning/path conflicts are relaxed.
exact|rush_job|J2|M3|A2|O2|42,2026-06-03T14:43:43,rush_job_J2_M3_A2_O2_seed42,J2_M3_A2_O2,rush_job,42,40042,42,60.0,,solved,,0.004885,cpsat_transport_capacity_relaxation_empty_repositioning_relaxed,OR-Tools CP-SAT,optimal,2,3,2,2,9.000000,9.000000,not_available,9.000000,12.495358,12.495358,not_logged_by_exact_worker,38.837312,0.002450,0.001482,1.653304,true,false,Tiny branch-bound rows are exact over the project simulator. Other rows are CP-SAT transport-capacity relaxation; empty AGV repositioning/path conflicts are relaxed.
exact|rush_job|J2|M3|A2|O2|45,2026-06-03T14:43:43,rush_job_J2_M3_A2_O2_seed45,J2_M3_A2_O2,rush_job,45,40045,45,60.0,,solved,,0.004727,cpsat_transport_capacity_relaxation_empty_repositioning_relaxed,OR-Tools CP-SAT,optimal,2,3,2,2,6.000000,6.000000,not_available,6.000000,8.692582,8.692582,not_logged_by_exact_worker,44.876373,0.002214,0.001472,1.503702,true,false,Tiny branch-bound rows are exact over the project simulator. Other rows are CP-SAT transport-capacity relaxation; empty AGV repositioning/path conflicts are relaxed.
exact|rush_job|J2|M3|A2|O2|44,2026-06-03T14:43:43,rush_job_J2_M3_A2_O2_seed44,J2_M3_A2_O2,rush_job,44,40044,44,60.0,,solved,,0.004828,cpsat_transport_capacity_relaxation_empty_repositioning_relaxed,OR-Tools CP-SAT,optimal,2,3,2,2,7.000000,7.000000,not_available,7.000000,10.000000,10.000000,not_logged_by_exact_worker,42.857143,0.002408,0.001446,1.665445,true,false,Tiny branch-bound rows are exact over the project simulator. Other rows are CP-SAT transport-capacity relaxation; empty AGV repositioning/path conflicts are relaxed.
exact|rush_job|J2|M3|A2|O2|43,2026-06-03T14:43:43,rush_job_J2_M3_A2_O2_seed43,J2_M3_A2_O2,rush_job,43,40043,43,60.0,,solved,,0.006307,cpsat_transport_capacity_relaxation_empty_repositioning_relaxed,OR-Tools CP-SAT,optimal,2,3,2,2,8.800000,8.800000,not_available,8.800000,18.100909,18.100909,not_logged_by_exact_worker,105.692151,0.003426,0.001829,1.872533,true,false,Tiny branch-bound rows are exact over the project simulator. Other rows are CP-SAT transport-capacity relaxation; empty AGV repositioning/path conflicts are relaxed.
exact|rush_job|J2|M3|A2|O2|46,2026-06-03T14:43:43,rush_job_J2_M3_A2_O2_seed46,J2_M3_A2_O2,rush_job,46,40046,46,60.0,,solved,,0.006202,cpsat_transport_capacity_relaxation_empty_repositioning_relaxed,OR-Tools CP-SAT,optimal,2,3,2,2,11.000000,11.000000,not_available,11.000000,14.802776,14.802776,not_logged_by_exact_worker,34.570688,0.003487,0.001582,2.203880,true,false,Tiny branch-bound rows are exact over the project simulator. Other rows are CP-SAT transport-capacity relaxation; empty AGV repositioning/path conflicts are relaxed.
exact|rush_job|J2|M3|A2|O2|47,2026-06-03T14:43:43,rush_job_J2_M3_A2_O2_seed47,J2_M3_A2_O2,rush_job,47,40047,47,60.0,,solved,,0.005162,cpsat_transport_capacity_relaxation_empty_repositioning_relaxed,OR-Tools CP-SAT,optimal,2,3,2,2,11.000000,11.000000,not_available,11.000000,16.692582,16.692582,not_logged_by_exact_worker,51.750749,0.002418,0.001662,1.454431,true,false,Tiny branch-bound rows are exact over the project simulator. Other rows are CP-SAT transport-capacity relaxation; empty AGV repositioning/path conflicts are relaxed.
exact|rush_job|J2|M3|A2|O2|48,2026-06-03T14:43:43,rush_job_J2_M3_A2_O2_seed48,J2_M3_A2_O2,rush_job,48,40048,48,60.0,,solved,,0.006271,cpsat_transport_capacity_relaxation_empty_repositioning_relaxed,OR-Tools CP-SAT,optimal,2,3,2,2,7.000000,7.000000,not_available,7.000000,10.802776,10.802776,not_logged_by_exact_worker,54.325366,0.003539,0.001539,2.298688,true,false,Tiny branch-bound rows are exact over the project simulator. Other rows are CP-SAT transport-capacity relaxation; empty AGV repositioning/path conflicts are relaxed.
exact|rush_job|J2|M3|A2|O2|49,2026-06-03T14:43:43,rush_job_J2_M3_A2_O2_seed49,J2_M3_A2_O2,rush_job,49,40049,49,60.0,,solved,,0.005566,cpsat_transport_capacity_relaxation_empty_repositioning_relaxed,OR-Tools CP-SAT,optimal,2,3,2,2,9.800000,9.800000,not_available,9.800000,15.495358,15.495358,not_logged_by_exact_worker,58.115898,0.002969,0.001561,1.902062,true,false,Tiny branch-bound rows are exact over the project simulator. Other rows are CP-SAT transport-capacity relaxation; empty AGV repositioning/path conflicts are relaxed.
exact|rush_job|J2|M3|A2|O2|51,2026-06-03T14:43:43,rush_job_J2_M3_A2_O2_seed51,J2_M3_A2_O2,rush_job,51,40051,51,60.0,,solved,,0.004860,cpsat_transport_capacity_relaxation_empty_repositioning_relaxed,OR-Tools CP-SAT,optimal,2,3,2,2,13.000000,13.000000,not_available,13.000000,22.385165,22.385165,not_logged_by_exact_worker,72.193575,0.002217,0.001559,1.421883,true,false,Tiny branch-bound rows are exact over the project simulator. Other rows are CP-SAT transport-capacity relaxation; empty AGV repositioning/path conflicts are relaxed.
exact|rush_job|J2|M3|A2|O2|50,2026-06-03T14:43:43,rush_job_J2_M3_A2_O2_seed50,J2_M3_A2_O2,rush_job,50,40050,50,60.0,,solved,,0.006104,cpsat_transport_capacity_relaxation_empty_repositioning_relaxed,OR-Tools CP-SAT,optimal,2,3,2,2,7.000000,7.000000,not_available,7.000000,11.802776,11.802776,not_logged_by_exact_worker,68.611081,0.003489,0.001552,2.248389,true,false,Tiny branch-bound rows are exact over the project simulator. Other rows are CP-SAT transport-capacity relaxation; empty AGV repositioning/path conflicts are relaxed.
exact|mixed|J2|M3|A2|O2|43,2026-06-03T14:43:43,mixed_J2_M3_A2_O2_seed43,J2_M3_A2_O2,mixed,43,50043,43,60.0,,solved,,0.004727,cpsat_transport_capacity_relaxation_empty_repositioning_relaxed,OR-Tools CP-SAT,optimal,2,3,2,2,8.800000,8.800000,not_available,8.800000,14.802776,14.802776,not_logged_by_exact_worker,68.213360,0.002187,0.001500,1.457958,true,false,Tiny branch-bound rows are exact over the project simulator. Other rows are CP-SAT transport-capacity relaxation; empty AGV repositioning/path conflicts are relaxed.
exact|mixed|J2|M3|A2|O2|42,2026-06-03T14:43:43,mixed_J2_M3_A2_O2_seed42,J2_M3_A2_O2,mixed,42,50042,42,60.0,,solved,,0.005031,cpsat_transport_capacity_relaxation_empty_repositioning_relaxed,OR-Tools CP-SAT,optimal,2,3,2,2,10.000000,10.000000,not_available,10.000000,12.495358,12.495358,not_logged_by_exact_worker,24.953580,0.002472,0.001526,1.619815,true,false,Tiny branch-bound rows are exact over the project simulator. Other rows are CP-SAT transport-capacity relaxation; empty AGV repositioning/path conflicts are relaxed.
exact|mixed|J2|M3|A2|O2|45,2026-06-03T14:43:43,mixed_J2_M3_A2_O2_seed45,J2_M3_A2_O2,mixed,45,50045,45,60.0,,solved,,0.004104,cpsat_transport_capacity_relaxation_empty_repositioning_relaxed,OR-Tools CP-SAT,optimal,2,3,2,2,6.000000,6.000000,not_available,6.000000,9.000000,9.000000,not_logged_by_exact_worker,50.000000,0.001801,0.001284,1.402664,true,false,Tiny branch-bound rows are exact over the project simulator. Other rows are CP-SAT transport-capacity relaxation; empty AGV repositioning/path conflicts are relaxed.
exact|mixed|J2|M3|A2|O2|44,2026-06-03T14:43:43,mixed_J2_M3_A2_O2_seed44,J2_M3_A2_O2,mixed,44,50044,44,60.0,,solved,,0.004742,cpsat_transport_capacity_relaxation_empty_repositioning_relaxed,OR-Tools CP-SAT,optimal,2,3,2,2,9.000000,9.000000,not_available,9.000000,13.000000,13.000000,not_logged_by_exact_worker,44.444444,0.002120,0.001594,1.330447,true,false,Tiny branch-bound rows are exact over the project simulator. Other rows are CP-SAT transport-capacity relaxation; empty AGV repositioning/path conflicts are relaxed.
exact|mixed|J2|M3|A2|O2|46,2026-06-03T14:43:43,mixed_J2_M3_A2_O2_seed46,J2_M3_A2_O2,mixed,46,50046,46,60.0,,solved,,0.004806,cpsat_transport_capacity_relaxation_empty_repositioning_relaxed,OR-Tools CP-SAT,optimal,2,3,2,2,12.000000,12.000000,not_available,12.000000,14.000000,14.000000,not_logged_by_exact_worker,16.666667,0.002415,0.001434,1.683818,true,false,Tiny branch-bound rows are exact over the project simulator. Other rows are CP-SAT transport-capacity relaxation; empty AGV repositioning/path conflicts are relaxed.
exact|mixed|J2|M3|A2|O2|47,2026-06-03T14:43:43,mixed_J2_M3_A2_O2_seed47,J2_M3_A2_O2,mixed,47,50047,47,60.0,,solved,,0.004929,cpsat_transport_capacity_relaxation_empty_repositioning_relaxed,OR-Tools CP-SAT,optimal,2,3,2,2,11.800000,11.800000,not_available,11.800000,16.605551,16.605551,not_logged_by_exact_worker,40.725011,0.002300,0.001600,1.436918,true,false,Tiny branch-bound rows are exact over the project simulator. Other rows are CP-SAT transport-capacity relaxation; empty AGV repositioning/path conflicts are relaxed.
exact|mixed|J2|M3|A2|O2|49,2026-06-03T14:43:43,mixed_J2_M3_A2_O2_seed49,J2_M3_A2_O2,mixed,49,50049,49,60.0,,solved,,0.004949,cpsat_transport_capacity_relaxation_empty_repositioning_relaxed,OR-Tools CP-SAT,optimal,2,3,2,2,9.800000,9.800000,not_available,9.800000,12.495358,12.495358,not_logged_by_exact_worker,27.503653,0.002490,0.001490,1.670849,true,false,Tiny branch-bound rows are exact over the project simulator. Other rows are CP-SAT transport-capacity relaxation; empty AGV repositioning/path conflicts are relaxed.
exact|mixed|J2|M3|A2|O2|48,2026-06-03T14:43:43,mixed_J2_M3_A2_O2_seed48,J2_M3_A2_O2,mixed,48,50048,48,60.0,,solved,,0.005676,cpsat_transport_capacity_relaxation_empty_repositioning_relaxed,OR-Tools CP-SAT,optimal,2,3,2,2,7.000000,7.000000,not_available,7.000000,10.802776,10.802776,not_logged_by_exact_worker,54.325366,0.003152,0.001490,2.115563,true,false,Tiny branch-bound rows are exact over the project simulator. Other rows are CP-SAT transport-capacity relaxation; empty AGV repositioning/path conflicts are relaxed.
exact|mixed|J2|M3|A2|O2|51,2026-06-03T14:43:43,mixed_J2_M3_A2_O2_seed51,J2_M3_A2_O2,mixed,51,50051,51,60.0,,solved,,0.004534,cpsat_transport_capacity_relaxation_empty_repositioning_relaxed,OR-Tools CP-SAT,optimal,2,3,2,2,13.000000,13.000000,not_available,13.000000,19.000000,19.000000,not_logged_by_exact_worker,46.153846,0.002024,0.001569,1.290031,true,false,Tiny branch-bound rows are exact over the project simulator. Other rows are CP-SAT transport-capacity relaxation; empty AGV repositioning/path conflicts are relaxed.
exact|mixed|J2|M3|A2|O2|50,2026-06-03T14:43:43,mixed_J2_M3_A2_O2_seed50,J2_M3_A2_O2,mixed,50,50050,50,60.0,,solved,,0.005188,cpsat_transport_capacity_relaxation_empty_repositioning_relaxed,OR-Tools CP-SAT,optimal,2,3,2,2,8.000000,8.000000,not_available,8.000000,15.187940,15.187940,not_logged_by_exact_worker,89.849256,0.002478,0.001596,1.552889,true,false,Tiny branch-bound rows are exact over the project simulator. Other rows are CP-SAT transport-capacity relaxation; empty AGV repositioning/path conflicts are relaxed.
exact|static|J2|M3|A2|O2|42,2026-06-03T14:43:43,static_J2_M3_A2_O2_seed42,J2_M3_A2_O2,static,42,42,42,60.0,,solved,,0.002887,cpsat_transport_capacity_relaxation_empty_repositioning_relaxed,OR-Tools CP-SAT,optimal,2,3,2,2,9.000000,9.000000,not_available,9.000000,13.495358,13.495358,not_logged_by_exact_worker,49.948423,0.001083,0.001003,1.079370,true,false,Tiny branch-bound rows are exact over the project simulator. Other rows are CP-SAT transport-capacity relaxation; empty AGV repositioning/path conflicts are relaxed.
exact|static|J2|M3|A2|O2|45,2026-06-03T14:43:43,static_J2_M3_A2_O2_seed45,J2_M3_A2_O2,static,45,45,45,60.0,,solved,,0.002088,cpsat_transport_capacity_relaxation_empty_repositioning_relaxed,OR-Tools CP-SAT,optimal,2,3,2,2,4.000000,4.000000,not_available,4.000000,6.692582,6.692582,not_logged_by_exact_worker,67.314560,0.000595,0.000744,0.799247,true,false,Tiny branch-bound rows are exact over the project simulator. Other rows are CP-SAT transport-capacity relaxation; empty AGV repositioning/path conflicts are relaxed.
exact|static|J2|M3|A2|O2|44,2026-06-03T14:43:43,static_J2_M3_A2_O2_seed44,J2_M3_A2_O2,static,44,44,44,60.0,,solved,,0.002774,cpsat_transport_capacity_relaxation_empty_repositioning_relaxed,OR-Tools CP-SAT,optimal,2,3,2,2,7.000000,7.000000,not_available,7.000000,10.000000,10.000000,not_logged_by_exact_worker,42.857143,0.001044,0.000939,1.112094,true,false,Tiny branch-bound rows are exact over the project simulator. Other rows are CP-SAT transport-capacity relaxation; empty AGV repositioning/path conflicts are relaxed.
exact|static|J2|M3|A2|O2|43,2026-06-03T14:43:43,static_J2_M3_A2_O2_seed43,J2_M3_A2_O2,static,43,43,43,60.0,,solved,,0.004526,cpsat_transport_capacity_relaxation_empty_repositioning_relaxed,OR-Tools CP-SAT,optimal,2,3,2,2,8.800000,8.800000,not_available,8.800000,13.000000,13.000000,not_logged_by_exact_worker,47.727273,0.002466,0.001169,2.109477,true,false,Tiny branch-bound rows are exact over the project simulator. Other rows are CP-SAT transport-capacity relaxation; empty AGV repositioning/path conflicts are relaxed.
exact|static|J2|M3|A2|O2|47,2026-06-03T14:43:43,static_J2_M3_A2_O2_seed47,J2_M3_A2_O2,static,47,47,47,60.0,,solved,,0.002840,cpsat_transport_capacity_relaxation_empty_repositioning_relaxed,OR-Tools CP-SAT,optimal,2,3,2,2,10.000000,10.000000,not_available,10.000000,12.802776,12.802776,not_logged_by_exact_worker,28.027756,0.000966,0.001069,0.903862,true,false,Tiny branch-bound rows are exact over the project simulator. Other rows are CP-SAT transport-capacity relaxation; empty AGV repositioning/path conflicts are relaxed.
exact|static|J2|M3|A2|O2|46,2026-06-03T14:43:43,static_J2_M3_A2_O2_seed46,J2_M3_A2_O2,static,46,46,46,60.0,,solved,,0.004504,cpsat_transport_capacity_relaxation_empty_repositioning_relaxed,OR-Tools CP-SAT,optimal,2,3,2,2,10.000000,10.000000,not_available,10.000000,15.000000,15.000000,not_logged_by_exact_worker,50.000000,0.002614,0.000973,2.684746,true,false,Tiny branch-bound rows are exact over the project simulator. Other rows are CP-SAT transport-capacity relaxation; empty AGV repositioning/path conflicts are relaxed.
exact|static|J2|M3|A2|O2|48,2026-06-03T14:43:43,static_J2_M3_A2_O2_seed48,J2_M3_A2_O2,static,48,48,48,60.0,,solved,,0.004473,cpsat_transport_capacity_relaxation_empty_repositioning_relaxed,OR-Tools CP-SAT,optimal,2,3,2,2,7.000000,7.000000,not_available,7.000000,8.802776,8.802776,not_logged_by_exact_worker,25.753938,0.002560,0.001005,2.546449,true,false,Tiny branch-bound rows are exact over the project simulator. Other rows are CP-SAT transport-capacity relaxation; empty AGV repositioning/path conflicts are relaxed.
exact|static|J2|M3|A2|O2|49,2026-06-03T14:43:43,static_J2_M3_A2_O2_seed49,J2_M3_A2_O2,static,49,49,49,60.0,,solved,,0.003603,cpsat_transport_capacity_relaxation_empty_repositioning_relaxed,OR-Tools CP-SAT,optimal,2,3,2,2,8.000000,8.000000,not_available,8.000000,14.000000,14.000000,not_logged_by_exact_worker,75.000000,0.001744,0.001020,1.710279,true,false,Tiny branch-bound rows are exact over the project simulator. Other rows are CP-SAT transport-capacity relaxation; empty AGV repositioning/path conflicts are relaxed.
exact|static|J2|M3|A2|O2|51,2026-06-03T14:43:43,static_J2_M3_A2_O2_seed51,J2_M3_A2_O2,static,51,51,51,60.0,,solved,,0.002693,cpsat_transport_capacity_relaxation_empty_repositioning_relaxed,OR-Tools CP-SAT,optimal,2,3,2,2,13.000000,13.000000,not_available,13.000000,17.000000,17.000000,not_logged_by_exact_worker,30.769231,0.000825,0.000986,0.836495,true,false,Tiny branch-bound rows are exact over the project simulator. Other rows are CP-SAT transport-capacity relaxation; empty AGV repositioning/path conflicts are relaxed.
exact|static|J2|M3|A2|O2|50,2026-06-03T14:43:43,static_J2_M3_A2_O2_seed50,J2_M3_A2_O2,static,50,50,50,60.0,,solved,,0.004370,cpsat_transport_capacity_relaxation_empty_repositioning_relaxed,OR-Tools CP-SAT,optimal,2,3,2,2,7.000000,7.000000,not_available,7.000000,11.000000,11.000000,not_logged_by_exact_worker,57.142857,0.002527,0.000971,2.602740,true,false,Tiny branch-bound rows are exact over the project simulator. Other rows are CP-SAT transport-capacity relaxation; empty AGV repositioning/path conflicts are relaxed.
exact|breakdown|J2|M3|A2|O3|43,2026-06-03T14:43:43,breakdown_J2_M3_A2_O3_seed43,J2_M3_A2_O3,breakdown,43,30043,43,60.0,,solved,,0.003936,cpsat_transport_capacity_relaxation_empty_repositioning_relaxed,OR-Tools CP-SAT,optimal,2,3,2,3,13.800000,13.800000,not_available,13.800000,19.000000,19.000000,not_logged_by_exact_worker,37.681159,0.001587,0.001452,1.093057,true,false,Tiny branch-bound rows are exact over the project simulator. Other rows are CP-SAT transport-capacity relaxation; empty AGV repositioning/path conflicts are relaxed.
exact|breakdown|J2|M3|A2|O3|45,2026-06-03T14:43:43,breakdown_J2_M3_A2_O3_seed45,J2_M3_A2_O3,breakdown,45,30045,45,60.0,,solved,,0.002929,cpsat_transport_capacity_relaxation_empty_repositioning_relaxed,OR-Tools CP-SAT,optimal,2,3,2,3,9.000000,9.000000,not_available,9.000000,10.000000,10.000000,not_logged_by_exact_worker,11.111111,0.000737,0.001326,0.555757,true,false,Tiny branch-bound rows are exact over the project simulator. Other rows are CP-SAT transport-capacity relaxation; empty AGV repositioning/path conflicts are relaxed.
exact|breakdown|J2|M3|A2|O3|44,2026-06-03T14:43:43,breakdown_J2_M3_A2_O3_seed44,J2_M3_A2_O3,breakdown,44,30044,44,60.0,,solved,,0.004029,cpsat_transport_capacity_relaxation_empty_repositioning_relaxed,OR-Tools CP-SAT,optimal,2,3,2,3,13.000000,13.000000,not_available,13.000000,20.802776,20.802776,not_logged_by_exact_worker,60.021351,0.001744,0.001363,1.279448,true,false,Tiny branch-bound rows are exact over the project simulator. Other rows are CP-SAT transport-capacity relaxation; empty AGV repositioning/path conflicts are relaxed.
exact|breakdown|J2|M3|A2|O3|46,2026-06-03T14:43:43,breakdown_J2_M3_A2_O3_seed46,J2_M3_A2_O3,breakdown,46,30046,46,60.0,,solved,,0.003115,cpsat_transport_capacity_relaxation_empty_repositioning_relaxed,OR-Tools CP-SAT,optimal,2,3,2,3,12.800000,12.800000,not_available,12.800000,14.000000,14.000000,not_logged_by_exact_worker,9.375000,0.001049,0.001122,0.935265,true,false,Tiny branch-bound rows are exact over the project simulator. Other rows are CP-SAT transport-capacity relaxation; empty AGV repositioning/path conflicts are relaxed.
exact|breakdown|J2|M3|A2|O3|47,2026-06-03T14:43:43,breakdown_J2_M3_A2_O3_seed47,J2_M3_A2_O3,breakdown,47,30047,47,60.0,,solved,,0.003488,cpsat_transport_capacity_relaxation_empty_repositioning_relaxed,OR-Tools CP-SAT,optimal,2,3,2,3,16.800000,16.800000,not_available,16.800000,19.495358,19.495358,not_logged_by_exact_worker,16.043798,0.001148,0.001405,0.817095,true,false,Tiny branch-bound rows are exact over the project simulator. Other rows are CP-SAT transport-capacity relaxation; empty AGV repositioning/path conflicts are relaxed.
exact|breakdown|J2|M3|A2|O3|48,2026-06-03T14:43:43,breakdown_J2_M3_A2_O3_seed48,J2_M3_A2_O3,breakdown,48,30048,48,60.0,,solved,,0.005582,cpsat_transport_capacity_relaxation_empty_repositioning_relaxed,OR-Tools CP-SAT,optimal,2,3,2,3,10.000000,10.000000,not_available,10.000000,15.495358,15.495358,not_logged_by_exact_worker,54.953580,0.003001,0.001462,2.052185,true,false,Tiny branch-bound rows are exact over the project simulator. Other rows are CP-SAT transport-capacity relaxation; empty AGV repositioning/path conflicts are relaxed.
exact|breakdown|J2|M3|A2|O3|49,2026-06-03T14:43:43,breakdown_J2_M3_A2_O3_seed49,J2_M3_A2_O3,breakdown,49,30049,49,60.0,,solved,,0.004339,cpsat_transport_capacity_relaxation_empty_repositioning_relaxed,OR-Tools CP-SAT,optimal,2,3,2,3,14.000000,14.000000,not_available,14.000000,16.495358,16.495358,not_logged_by_exact_worker,17.823986,0.001826,0.001512,1.207603,true,false,Tiny branch-bound rows are exact over the project simulator. Other rows are CP-SAT transport-capacity relaxation; empty AGV repositioning/path conflicts are relaxed.
exact|breakdown|J2|M3|A2|O3|42,2026-06-03T14:43:43,breakdown_J2_M3_A2_O3_seed42,J2_M3_A2_O3,breakdown,42,30042,42,60.0,,solved,,0.013069,cpsat_transport_capacity_relaxation_empty_repositioning_relaxed,OR-Tools CP-SAT,optimal,2,3,2,3,14.800000,14.800000,not_available,14.800000,21.000000,21.000000,not_logged_by_exact_worker,41.891892,0.001434,0.010694,0.134083,true,false,Tiny branch-bound rows are exact over the project simulator. Other rows are CP-SAT transport-capacity relaxation; empty AGV repositioning/path conflicts are relaxed.
exact|breakdown|J2|M3|A2|O3|50,2026-06-03T14:43:43,breakdown_J2_M3_A2_O3_seed50,J2_M3_A2_O3,breakdown,50,30050,50,60.0,,solved,,0.004568,cpsat_transport_capacity_relaxation_empty_repositioning_relaxed,OR-Tools CP-SAT,optimal,2,3,2,3,8.800000,8.800000,not_available,8.800000,10.495358,10.495358,not_logged_by_exact_worker,19.265432,0.002082,0.001402,1.485341,true,false,Tiny branch-bound rows are exact over the project simulator. Other rows are CP-SAT transport-capacity relaxation; empty AGV repositioning/path conflicts are relaxed.
exact|breakdown|J2|M3|A2|O3|51,2026-06-03T14:43:43,breakdown_J2_M3_A2_O3_seed51,J2_M3_A2_O3,breakdown,51,30051,51,60.0,,solved,,0.003565,cpsat_transport_capacity_relaxation_empty_repositioning_relaxed,OR-Tools CP-SAT,optimal,2,3,2,3,19.800000,19.800000,not_available,19.800000,23.802776,23.802776,not_logged_by_exact_worker,20.216039,0.001246,0.001355,0.919539,true,false,Tiny branch-bound rows are exact over the project simulator. Other rows are CP-SAT transport-capacity relaxation; empty AGV repositioning/path conflicts are relaxed.
exact|rush_job|J2|M3|A2|O3|42,2026-06-03T14:43:43,rush_job_J2_M3_A2_O3_seed42,J2_M3_A2_O3,rush_job,42,40042,42,60.0,,solved,,0.005928,cpsat_transport_capacity_relaxation_empty_repositioning_relaxed,OR-Tools CP-SAT,optimal,2,3,2,3,12.000000,12.000000,not_available,12.000000,15.802776,15.802776,not_logged_by_exact_worker,31.689797,0.002721,0.002020,1.346995,true,false,Tiny branch-bound rows are exact over the project simulator. Other rows are CP-SAT transport-capacity relaxation; empty AGV repositioning/path conflicts are relaxed.
exact|rush_job|J2|M3|A2|O3|44,2026-06-03T14:43:43,rush_job_J2_M3_A2_O3_seed44,J2_M3_A2_O3,rush_job,44,40044,44,60.0,,solved,,0.006208,cpsat_transport_capacity_relaxation_empty_repositioning_relaxed,OR-Tools CP-SAT,optimal,2,3,2,3,12.800000,12.800000,not_available,12.800000,18.802776,18.802776,not_logged_by_exact_worker,46.896685,0.003175,0.001879,1.689246,true,false,Tiny branch-bound rows are exact over the project simulator. Other rows are CP-SAT transport-capacity relaxation; empty AGV repositioning/path conflicts are relaxed.
exact|rush_job|J2|M3|A2|O3|43,2026-06-03T14:43:43,rush_job_J2_M3_A2_O3_seed43,J2_M3_A2_O3,rush_job,43,40043,43,60.0,,solved,,0.007836,cpsat_transport_capacity_relaxation_empty_repositioning_relaxed,OR-Tools CP-SAT,optimal,2,3,2,3,13.000000,13.000000,not_available,13.000000,20.802776,20.802776,not_logged_by_exact_worker,60.021351,0.004272,0.002225,1.919962,true,false,Tiny branch-bound rows are exact over the project simulator. Other rows are CP-SAT transport-capacity relaxation; empty AGV repositioning/path conflicts are relaxed.
exact|rush_job|J2|M3|A2|O3|45,2026-06-03T14:43:43,rush_job_J2_M3_A2_O3_seed45,J2_M3_A2_O3,rush_job,45,40045,45,60.0,,solved,,0.006209,cpsat_transport_capacity_relaxation_empty_repositioning_relaxed,OR-Tools CP-SAT,optimal,2,3,2,3,9.000000,9.000000,not_available,9.000000,13.298134,13.298134,not_logged_by_exact_worker,47.757041,0.002960,0.002000,1.480028,true,false,Tiny branch-bound rows are exact over the project simulator. Other rows are CP-SAT transport-capacity relaxation; empty AGV repositioning/path conflicts are relaxed.
exact|rush_job|J2|M3|A2|O3|47,2026-06-03T14:43:43,rush_job_J2_M3_A2_O3_seed47,J2_M3_A2_O3,rush_job,47,40047,47,60.0,,solved,,0.006335,cpsat_transport_capacity_relaxation_empty_repositioning_relaxed,OR-Tools CP-SAT,optimal,2,3,2,3,16.000000,16.000000,not_available,16.000000,20.692582,20.692582,not_logged_by_exact_worker,29.328640,0.003232,0.001931,1.673225,true,false,Tiny branch-bound rows are exact over the project simulator. Other rows are CP-SAT transport-capacity relaxation; empty AGV repositioning/path conflicts are relaxed.
exact|rush_job|J2|M3|A2|O3|46,2026-06-03T14:43:43,rush_job_J2_M3_A2_O3_seed46,J2_M3_A2_O3,rush_job,46,40046,46,60.0,,solved,,0.008421,cpsat_transport_capacity_relaxation_empty_repositioning_relaxed,OR-Tools CP-SAT,optimal,2,3,2,3,12.800000,12.800000,not_available,12.800000,18.000000,18.000000,not_logged_by_exact_worker,40.625000,0.004902,0.002123,2.309200,true,false,Tiny branch-bound rows are exact over the project simulator. Other rows are CP-SAT transport-capacity relaxation; empty AGV repositioning/path conflicts are relaxed.
exact|rush_job|J2|M3|A2|O3|49,2026-06-03T14:43:43,rush_job_J2_M3_A2_O3_seed49,J2_M3_A2_O3,rush_job,49,40049,49,60.0,,solved,,0.006771,cpsat_transport_capacity_relaxation_empty_repositioning_relaxed,OR-Tools CP-SAT,optimal,2,3,2,3,14.000000,14.000000,not_available,14.000000,18.000000,18.000000,not_logged_by_exact_worker,28.571429,0.003466,0.002055,1.687223,true,false,Tiny branch-bound rows are exact over the project simulator. Other rows are CP-SAT transport-capacity relaxation; empty AGV repositioning/path conflicts are relaxed.
exact|rush_job|J2|M3|A2|O3|48,2026-06-03T14:43:43,rush_job_J2_M3_A2_O3_seed48,J2_M3_A2_O3,rush_job,48,40048,48,60.0,,solved,,0.008206,cpsat_transport_capacity_relaxation_empty_repositioning_relaxed,OR-Tools CP-SAT,optimal,2,3,2,3,9.800000,9.800000,not_available,9.800000,16.385165,16.385165,not_logged_by_exact_worker,67.195559,0.004828,0.002078,2.324043,true,false,Tiny branch-bound rows are exact over the project simulator. Other rows are CP-SAT transport-capacity relaxation; empty AGV repositioning/path conflicts are relaxed.
exact|rush_job|J2|M3|A2|O3|51,2026-06-03T14:43:43,rush_job_J2_M3_A2_O3_seed51,J2_M3_A2_O3,rush_job,51,40051,51,60.0,,solved,,0.006059,cpsat_transport_capacity_relaxation_empty_repositioning_relaxed,OR-Tools CP-SAT,optimal,2,3,2,3,19.800000,19.800000,not_available,19.800000,23.802776,23.802776,not_logged_by_exact_worker,20.216039,0.002916,0.001979,1.473596,true,false,Tiny branch-bound rows are exact over the project simulator. Other rows are CP-SAT transport-capacity relaxation; empty AGV repositioning/path conflicts are relaxed.
exact|mixed|J2|M3|A2|O3|42,2026-06-03T14:43:43,mixed_J2_M3_A2_O3_seed42,J2_M3_A2_O3,mixed,42,50042,42,60.0,,solved,,0.005853,cpsat_transport_capacity_relaxation_empty_repositioning_relaxed,OR-Tools CP-SAT,optimal,2,3,2,3,14.800000,14.800000,not_available,14.800000,22.802776,22.802776,not_logged_by_exact_worker,54.072808,0.002556,0.002107,1.212822,true,false,Tiny branch-bound rows are exact over the project simulator. Other rows are CP-SAT transport-capacity relaxation; empty AGV repositioning/path conflicts are relaxed.
exact|rush_job|J2|M3|A2|O3|50,2026-06-03T14:43:43,rush_job_J2_M3_A2_O3_seed50,J2_M3_A2_O3,rush_job,50,40050,50,60.0,,solved,,0.007814,cpsat_transport_capacity_relaxation_empty_repositioning_relaxed,OR-Tools CP-SAT,optimal,2,3,2,3,8.800000,8.800000,not_available,8.800000,14.298134,14.298134,not_logged_by_exact_worker,62.478792,0.004505,0.002089,2.156940,true,false,Tiny branch-bound rows are exact over the project simulator. Other rows are CP-SAT transport-capacity relaxation; empty AGV repositioning/path conflicts are relaxed.
exact|mixed|J2|M3|A2|O3|43,2026-06-03T14:43:43,mixed_J2_M3_A2_O3_seed43,J2_M3_A2_O3,mixed,43,50043,43,60.0,,solved,,0.005711,cpsat_transport_capacity_relaxation_empty_repositioning_relaxed,OR-Tools CP-SAT,optimal,2,3,2,3,13.800000,13.800000,not_available,13.800000,19.000000,19.000000,not_logged_by_exact_worker,37.681159,0.002558,0.001990,1.285736,true,false,Tiny branch-bound rows are exact over the project simulator. Other rows are CP-SAT transport-capacity relaxation; empty AGV repositioning/path conflicts are relaxed.
exact|mixed|J2|M3|A2|O3|44,2026-06-03T14:43:43,mixed_J2_M3_A2_O3_seed44,J2_M3_A2_O3,mixed,44,50044,44,60.0,,solved,,0.005971,cpsat_transport_capacity_relaxation_empty_repositioning_relaxed,OR-Tools CP-SAT,optimal,2,3,2,3,13.000000,13.000000,not_available,13.000000,21.000000,21.000000,not_logged_by_exact_worker,61.538462,0.002965,0.001845,1.607307,true,false,Tiny branch-bound rows are exact over the project simulator. Other rows are CP-SAT transport-capacity relaxation; empty AGV repositioning/path conflicts are relaxed.
exact|mixed|J2|M3|A2|O3|45,2026-06-03T14:43:43,mixed_J2_M3_A2_O3_seed45,J2_M3_A2_O3,mixed,45,50045,45,60.0,,solved,,0.005424,cpsat_transport_capacity_relaxation_empty_repositioning_relaxed,OR-Tools CP-SAT,optimal,2,3,2,3,9.000000,9.000000,not_available,9.000000,11.495358,11.495358,not_logged_by_exact_worker,27.726200,0.002358,0.001988,1.185856,true,false,Tiny branch-bound rows are exact over the project simulator. Other rows are CP-SAT transport-capacity relaxation; empty AGV repositioning/path conflicts are relaxed.
exact|mixed|J2|M3|A2|O3|46,2026-06-03T14:43:43,mixed_J2_M3_A2_O3_seed46,J2_M3_A2_O3,mixed,46,50046,46,60.0,,solved,,0.005533,cpsat_transport_capacity_relaxation_empty_repositioning_relaxed,OR-Tools CP-SAT,optimal,2,3,2,3,12.800000,12.800000,not_available,12.800000,14.000000,14.000000,not_logged_by_exact_worker,9.375000,0.002510,0.001874,1.339362,true,false,Tiny branch-bound rows are exact over the project simulator. Other rows are CP-SAT transport-capacity relaxation; empty AGV repositioning/path conflicts are relaxed.
exact|mixed|J2|M3|A2|O3|47,2026-06-03T14:43:43,mixed_J2_M3_A2_O3_seed47,J2_M3_A2_O3,mixed,47,50047,47,60.0,,solved,,0.005871,cpsat_transport_capacity_relaxation_empty_repositioning_relaxed,OR-Tools CP-SAT,optimal,2,3,2,3,16.800000,16.800000,not_available,16.800000,22.298134,22.298134,not_logged_by_exact_worker,32.726986,0.002746,0.002033,1.350765,true,false,Tiny branch-bound rows are exact over the project simulator. Other rows are CP-SAT transport-capacity relaxation; empty AGV repositioning/path conflicts are relaxed.
exact|mixed|J2|M3|A2|O3|48,2026-06-03T14:43:43,mixed_J2_M3_A2_O3_seed48,J2_M3_A2_O3,mixed,48,50048,48,60.0,,solved,,0.007210,cpsat_transport_capacity_relaxation_empty_repositioning_relaxed,OR-Tools CP-SAT,optimal,2,3,2,3,10.000000,10.000000,not_available,10.000000,16.100909,16.100909,not_logged_by_exact_worker,61.009093,0.003988,0.002021,1.973330,true,false,Tiny branch-bound rows are exact over the project simulator. Other rows are CP-SAT transport-capacity relaxation; empty AGV repositioning/path conflicts are relaxed.
exact|mixed|J2|M3|A2|O3|49,2026-06-03T14:43:43,mixed_J2_M3_A2_O3_seed49,J2_M3_A2_O3,mixed,49,50049,49,60.0,,solved,,0.006222,cpsat_transport_capacity_relaxation_empty_repositioning_relaxed,OR-Tools CP-SAT,optimal,2,3,2,3,14.000000,14.000000,not_available,14.000000,19.495358,19.495358,not_logged_by_exact_worker,39.252557,0.002926,0.002098,1.394699,true,false,Tiny branch-bound rows are exact over the project simulator. Other rows are CP-SAT transport-capacity relaxation; empty AGV repositioning/path conflicts are relaxed.
exact|mixed|J2|M3|A2|O3|51,2026-06-03T14:43:43,mixed_J2_M3_A2_O3_seed51,J2_M3_A2_O3,mixed,51,50051,51,60.0,,solved,,0.005475,cpsat_transport_capacity_relaxation_empty_repositioning_relaxed,OR-Tools CP-SAT,optimal,2,3,2,3,19.800000,19.800000,not_available,19.800000,23.802776,23.802776,not_logged_by_exact_worker,20.216039,0.002265,0.002090,1.083624,true,false,Tiny branch-bound rows are exact over the project simulator. Other rows are CP-SAT transport-capacity relaxation; empty AGV repositioning/path conflicts are relaxed.
exact|mixed|J2|M3|A2|O3|50,2026-06-03T14:43:43,mixed_J2_M3_A2_O3_seed50,J2_M3_A2_O3,mixed,50,50050,50,60.0,,solved,,0.006604,cpsat_transport_capacity_relaxation_empty_repositioning_relaxed,OR-Tools CP-SAT,optimal,2,3,2,3,9.000000,9.000000,not_available,9.000000,12.802776,12.802776,not_logged_by_exact_worker,42.253063,0.003377,0.002084,1.620400,true,false,Tiny branch-bound rows are exact over the project simulator. Other rows are CP-SAT transport-capacity relaxation; empty AGV repositioning/path conflicts are relaxed.
exact|static|J2|M3|A2|O3|42,2026-06-03T14:43:43,static_J2_M3_A2_O3_seed42,J2_M3_A2_O3,static,42,42,42,60.0,,solved,,0.004220,cpsat_transport_capacity_relaxation_empty_repositioning_relaxed,OR-Tools CP-SAT,optimal,2,3,2,3,12.000000,12.000000,not_available,12.000000,15.000000,15.000000,not_logged_by_exact_worker,25.000000,0.001837,0.001340,1.370569,true,false,Tiny branch-bound rows are exact over the project simulator. Other rows are CP-SAT transport-capacity relaxation; empty AGV repositioning/path conflicts are relaxed.
exact|static|J2|M3|A2|O3|45,2026-06-03T14:43:43,static_J2_M3_A2_O3_seed45,J2_M3_A2_O3,static,45,45,45,60.0,,solved,,0.003831,cpsat_transport_capacity_relaxation_empty_repositioning_relaxed,OR-Tools CP-SAT,optimal,2,3,2,3,9.000000,9.000000,not_available,9.000000,10.000000,10.000000,not_logged_by_exact_worker,11.111111,0.001567,0.001280,1.224914,true,false,Tiny branch-bound rows are exact over the project simulator. Other rows are CP-SAT transport-capacity relaxation; empty AGV repositioning/path conflicts are relaxed.
exact|static|J2|M3|A2|O3|44,2026-06-03T14:43:43,static_J2_M3_A2_O3_seed44,J2_M3_A2_O3,static,44,44,44,60.0,,solved,,0.004321,cpsat_transport_capacity_relaxation_empty_repositioning_relaxed,OR-Tools CP-SAT,optimal,2,3,2,3,12.800000,12.800000,not_available,12.800000,16.802776,16.802776,not_logged_by_exact_worker,31.271685,0.002189,0.001171,1.869918,true,false,Tiny branch-bound rows are exact over the project simulator. Other rows are CP-SAT transport-capacity relaxation; empty AGV repositioning/path conflicts are relaxed.
exact|static|J2|M3|A2|O3|43,2026-06-03T14:43:43,static_J2_M3_A2_O3_seed43,J2_M3_A2_O3,static,43,43,43,60.0,,solved,,0.005888,cpsat_transport_capacity_relaxation_empty_repositioning_relaxed,OR-Tools CP-SAT,optimal,2,3,2,3,12.000000,12.000000,not_available,12.000000,19.000000,19.000000,not_logged_by_exact_worker,58.333333,0.003159,0.001589,1.987730,true,false,Tiny branch-bound rows are exact over the project simulator. Other rows are CP-SAT transport-capacity relaxation; empty AGV repositioning/path conflicts are relaxed.
exact|static|J2|M3|A2|O3|47,2026-06-03T14:43:43,static_J2_M3_A2_O3_seed47,J2_M3_A2_O3,static,47,47,47,60.0,,solved,,0.004313,cpsat_transport_capacity_relaxation_empty_repositioning_relaxed,OR-Tools CP-SAT,optimal,2,3,2,3,15.800000,15.800000,not_available,15.800000,18.495358,18.495358,not_logged_by_exact_worker,17.059228,0.001990,0.001382,1.440408,true,false,Tiny branch-bound rows are exact over the project simulator. Other rows are CP-SAT transport-capacity relaxation; empty AGV repositioning/path conflicts are relaxed.
exact|static|J2|M3|A2|O3|46,2026-06-03T14:43:43,static_J2_M3_A2_O3_seed46,J2_M3_A2_O3,static,46,46,46,60.0,,solved,,0.006065,cpsat_transport_capacity_relaxation_empty_repositioning_relaxed,OR-Tools CP-SAT,optimal,2,3,2,3,11.000000,11.000000,not_available,11.000000,14.000000,14.000000,not_logged_by_exact_worker,27.272727,0.003613,0.001297,2.786012,true,false,Tiny branch-bound rows are exact over the project simulator. Other rows are CP-SAT transport-capacity relaxation; empty AGV repositioning/path conflicts are relaxed.
exact|static|J2|M3|A2|O3|48,2026-06-03T14:43:43,static_J2_M3_A2_O3_seed48,J2_M3_A2_O3,static,48,48,48,60.0,,solved,,0.005979,cpsat_transport_capacity_relaxation_empty_repositioning_relaxed,OR-Tools CP-SAT,optimal,2,3,2,3,9.800000,9.800000,not_available,9.800000,15.495358,15.495358,not_logged_by_exact_worker,58.115898,0.003526,0.001331,2.649061,true,false,Tiny branch-bound rows are exact over the project simulator. Other rows are CP-SAT transport-capacity relaxation; empty AGV repositioning/path conflicts are relaxed.
exact|static|J2|M3|A2|O3|49,2026-06-03T14:43:43,static_J2_M3_A2_O3_seed49,J2_M3_A2_O3,static,49,49,49,60.0,,solved,,0.005222,cpsat_transport_capacity_relaxation_empty_repositioning_relaxed,OR-Tools CP-SAT,optimal,2,3,2,3,14.000000,14.000000,not_available,14.000000,18.000000,18.000000,not_logged_by_exact_worker,28.571429,0.002644,0.001534,1.724244,true,false,Tiny branch-bound rows are exact over the project simulator. Other rows are CP-SAT transport-capacity relaxation; empty AGV repositioning/path conflicts are relaxed.
exact|breakdown|J3|M2|A1|O2|42,2026-06-03T14:43:43,breakdown_J3_M2_A1_O2_seed42,J3_M2_A1_O2,breakdown,42,30042,42,60.0,,solved,,0.003113,cpsat_transport_capacity_relaxation_empty_repositioning_relaxed,OR-Tools CP-SAT,optimal,3,2,1,2,14.000000,14.000000,not_available,14.000000,15.000000,15.000000,not_logged_by_exact_worker,7.142857,0.000826,0.001432,0.577256,true,false,Tiny branch-bound rows are exact over the project simulator. Other rows are CP-SAT transport-capacity relaxation; empty AGV repositioning/path conflicts are relaxed.
exact|breakdown|J3|M2|A1|O2|43,2026-06-03T14:43:43,breakdown_J3_M2_A1_O2_seed43,J3_M2_A1_O2,breakdown,43,30043,43,60.0,,solved,,0.002976,cpsat_transport_capacity_relaxation_empty_repositioning_relaxed,OR-Tools CP-SAT,optimal,3,2,1,2,13.000000,13.000000,not_available,13.000000,17.692582,17.692582,not_logged_by_exact_worker,36.096788,0.000697,0.001266,0.550920,true,false,Tiny branch-bound rows are exact over the project simulator. Other rows are CP-SAT transport-capacity relaxation; empty AGV repositioning/path conflicts are relaxed.
exact|static|J2|M3|A2|O3|50,2026-06-03T14:43:43,static_J2_M3_A2_O3_seed50,J2_M3_A2_O3,static,50,50,50,60.0,,solved,,0.005818,cpsat_transport_capacity_relaxation_empty_repositioning_relaxed,OR-Tools CP-SAT,optimal,2,3,2,3,8.800000,8.800000,not_available,8.800000,11.495358,11.495358,not_logged_by_exact_worker,30.629069,0.003310,0.001470,2.251650,true,false,Tiny branch-bound rows are exact over the project simulator. Other rows are CP-SAT transport-capacity relaxation; empty AGV repositioning/path conflicts are relaxed.
exact|static|J2|M3|A2|O3|51,2026-06-03T14:43:43,static_J2_M3_A2_O3_seed51,J2_M3_A2_O3,static,51,51,51,60.0,,solved,,0.004482,cpsat_transport_capacity_relaxation_empty_repositioning_relaxed,OR-Tools CP-SAT,optimal,2,3,2,3,19.800000,19.800000,not_available,19.800000,23.802776,23.802776,not_logged_by_exact_worker,20.216039,0.002029,0.001481,1.369650,true,false,Tiny branch-bound rows are exact over the project simulator. Other rows are CP-SAT transport-capacity relaxation; empty AGV repositioning/path conflicts are relaxed.
exact|breakdown|J3|M2|A1|O2|45,2026-06-03T14:43:43,breakdown_J3_M2_A1_O2_seed45,J3_M2_A1_O2,breakdown,45,30045,45,60.0,,solved,,0.002887,cpsat_transport_capacity_relaxation_empty_repositioning_relaxed,OR-Tools CP-SAT,optimal,3,2,1,2,8.000000,8.000000,not_available,8.000000,14.077747,14.077747,not_logged_by_exact_worker,75.971840,0.000758,0.001309,0.579285,true,false,Tiny branch-bound rows are exact over the project simulator. Other rows are CP-SAT transport-capacity relaxation; empty AGV repositioning/path conflicts are relaxed.
exact|breakdown|J3|M2|A1|O2|44,2026-06-03T14:43:43,breakdown_J3_M2_A1_O2_seed44,J3_M2_A1_O2,breakdown,44,30044,44,60.0,,solved,,0.002977,cpsat_transport_capacity_relaxation_empty_repositioning_relaxed,OR-Tools CP-SAT,optimal,3,2,1,2,13.000000,13.000000,not_available,13.000000,27.683298,27.683298,not_logged_by_exact_worker,112.948450,0.000823,0.001339,0.614397,true,false,Tiny branch-bound rows are exact over the project simulator. Other rows are CP-SAT transport-capacity relaxation; empty AGV repositioning/path conflicts are relaxed.
exact|breakdown|J3|M2|A1|O2|46,2026-06-03T14:43:43,breakdown_J3_M2_A1_O2_seed46,J3_M2_A1_O2,breakdown,46,30046,46,60.0,,solved,,0.002646,cpsat_transport_capacity_relaxation_empty_repositioning_relaxed,OR-Tools CP-SAT,optimal,3,2,1,2,26.000000,26.000000,not_available,26.000000,28.692582,28.692582,not_logged_by_exact_worker,10.356086,0.000716,0.001133,0.631630,true,false,Tiny branch-bound rows are exact over the project simulator. Other rows are CP-SAT transport-capacity relaxation; empty AGV repositioning/path conflicts are relaxed.
exact|breakdown|J3|M2|A1|O2|47,2026-06-03T14:43:43,breakdown_J3_M2_A1_O2_seed47,J3_M2_A1_O2,breakdown,47,30047,47,60.0,,solved,,0.003184,cpsat_transport_capacity_relaxation_empty_repositioning_relaxed,OR-Tools CP-SAT,optimal,3,2,1,2,14.000000,14.000000,not_available,14.000000,20.692582,20.692582,not_logged_by_exact_worker,47.804160,0.000889,0.001459,0.609116,true,false,Tiny branch-bound rows are exact over the project simulator. Other rows are CP-SAT transport-capacity relaxation; empty AGV repositioning/path conflicts are relaxed.
exact|breakdown|J3|M2|A1|O2|48,2026-06-03T14:43:43,breakdown_J3_M2_A1_O2_seed48,J3_M2_A1_O2,breakdown,48,30048,48,60.0,,solved,,0.002709,cpsat_transport_capacity_relaxation_empty_repositioning_relaxed,OR-Tools CP-SAT,optimal,3,2,1,2,17.000000,17.000000,not_available,17.000000,18.000000,18.000000,not_logged_by_exact_worker,5.882353,0.000764,0.001135,0.672450,true,false,Tiny branch-bound rows are exact over the project simulator. Other rows are CP-SAT transport-capacity relaxation; empty AGV repositioning/path conflicts are relaxed.
exact|breakdown|J3|M2|A1|O2|49,2026-06-03T14:43:43,breakdown_J3_M2_A1_O2_seed49,J3_M2_A1_O2,breakdown,49,30049,49,60.0,,solved,,0.002864,cpsat_transport_capacity_relaxation_empty_repositioning_relaxed,OR-Tools CP-SAT,optimal,3,2,1,2,14.000000,14.000000,not_available,14.000000,15.000000,15.000000,not_logged_by_exact_worker,7.142857,0.000704,0.001280,0.549957,true,false,Tiny branch-bound rows are exact over the project simulator. Other rows are CP-SAT transport-capacity relaxation; empty AGV repositioning/path conflicts are relaxed.
exact|breakdown|J3|M2|A1|O2|50,2026-06-03T14:43:43,breakdown_J3_M2_A1_O2_seed50,J3_M2_A1_O2,breakdown,50,30050,50,60.0,,solved,,0.002926,cpsat_transport_capacity_relaxation_empty_repositioning_relaxed,OR-Tools CP-SAT,optimal,3,2,1,2,8.000000,8.000000,not_available,8.000000,14.692582,14.692582,not_logged_by_exact_worker,83.657280,0.000738,0.001385,0.532919,true,false,Tiny branch-bound rows are exact over the project simulator. Other rows are CP-SAT transport-capacity relaxation; empty AGV repositioning/path conflicts are relaxed.
exact|breakdown|J3|M2|A1|O2|51,2026-06-03T14:43:43,breakdown_J3_M2_A1_O2_seed51,J3_M2_A1_O2,breakdown,51,30051,51,60.0,,solved,,0.002780,cpsat_transport_capacity_relaxation_empty_repositioning_relaxed,OR-Tools CP-SAT,optimal,3,2,1,2,11.000000,11.000000,not_available,11.000000,12.000000,12.000000,not_logged_by_exact_worker,9.090909,0.000732,0.001258,0.581863,true,false,Tiny branch-bound rows are exact over the project simulator. Other rows are CP-SAT transport-capacity relaxation; empty AGV repositioning/path conflicts are relaxed.
exact|rush_job|J3|M2|A1|O2|42,2026-06-03T14:43:43,rush_job_J3_M2_A1_O2_seed42,J3_M2_A1_O2,rush_job,42,40042,42,60.0,,solved,,0.006441,cpsat_transport_capacity_relaxation_empty_repositioning_relaxed,OR-Tools CP-SAT,optimal,3,2,1,2,11.000000,11.000000,not_available,11.000000,20.077747,20.077747,not_logged_by_exact_worker,82.524975,0.003128,0.002203,1.419810,true,false,Tiny branch-bound rows are exact over the project simulator. Other rows are CP-SAT transport-capacity relaxation; empty AGV repositioning/path conflicts are relaxed.
exact|rush_job|J3|M2|A1|O2|45,2026-06-03T14:43:43,rush_job_J3_M2_A1_O2_seed45,J3_M2_A1_O2,rush_job,45,40045,45,60.0,,solved,,0.005868,cpsat_transport_capacity_relaxation_empty_repositioning_relaxed,OR-Tools CP-SAT,optimal,3,2,1,2,8.000000,8.000000,not_available,8.000000,13.692582,13.692582,not_logged_by_exact_worker,71.157280,0.002926,0.001929,1.516903,true,false,Tiny branch-bound rows are exact over the project simulator. Other rows are CP-SAT transport-capacity relaxation; empty AGV repositioning/path conflicts are relaxed.
exact|rush_job|J3|M2|A1|O2|44,2026-06-03T14:43:43,rush_job_J3_M2_A1_O2_seed44,J3_M2_A1_O2,rush_job,44,40044,44,60.0,,solved,,0.006397,cpsat_transport_capacity_relaxation_empty_repositioning_relaxed,OR-Tools CP-SAT,optimal,3,2,1,2,12.000000,12.000000,not_available,12.000000,23.495358,23.495358,not_logged_by_exact_worker,95.794650,0.003299,0.002040,1.616980,true,false,Tiny branch-bound rows are exact over the project simulator. Other rows are CP-SAT transport-capacity relaxation; empty AGV repositioning/path conflicts are relaxed.
exact|rush_job|J3|M2|A1|O2|43,2026-06-03T14:43:43,rush_job_J3_M2_A1_O2_seed43,J3_M2_A1_O2,rush_job,43,40043,43,60.0,,solved,,0.006791,cpsat_transport_capacity_relaxation_empty_repositioning_relaxed,OR-Tools CP-SAT,optimal,3,2,1,2,11.000000,11.000000,not_available,11.000000,23.288850,23.288850,not_logged_by_exact_worker,111.716816,0.003541,0.002143,1.652618,true,false,Tiny branch-bound rows are exact over the project simulator. Other rows are CP-SAT transport-capacity relaxation; empty AGV repositioning/path conflicts are relaxed.
exact|rush_job|J3|M2|A1|O2|47,2026-06-03T14:43:43,rush_job_J3_M2_A1_O2_seed47,J3_M2_A1_O2,rush_job,47,40047,47,60.0,,solved,,0.006063,cpsat_transport_capacity_relaxation_empty_repositioning_relaxed,OR-Tools CP-SAT,optimal,3,2,1,2,15.800000,15.800000,not_available,15.800000,25.692582,25.692582,not_logged_by_exact_worker,62.611281,0.002994,0.001961,1.526796,true,false,Tiny branch-bound rows are exact over the project simulator. Other rows are CP-SAT transport-capacity relaxation; empty AGV repositioning/path conflicts are relaxed.
exact|rush_job|J3|M2|A1|O2|48,2026-06-03T14:43:43,rush_job_J3_M2_A1_O2_seed48,J3_M2_A1_O2,rush_job,48,40048,48,60.0,,solved,,0.006911,cpsat_transport_capacity_relaxation_empty_repositioning_relaxed,OR-Tools CP-SAT,optimal,3,2,1,2,8.000000,8.000000,not_available,8.000000,16.683298,16.683298,not_logged_by_exact_worker,108.541231,0.003683,0.002032,1.812491,true,false,Tiny branch-bound rows are exact over the project simulator. Other rows are CP-SAT transport-capacity relaxation; empty AGV repositioning/path conflicts are relaxed.
exact|rush_job|J3|M2|A1|O2|46,2026-06-03T14:43:43,rush_job_J3_M2_A1_O2_seed46,J3_M2_A1_O2,rush_job,46,40046,46,60.0,,solved,,0.008175,cpsat_transport_capacity_relaxation_empty_repositioning_relaxed,OR-Tools CP-SAT,optimal,3,2,1,2,12.000000,12.000000,not_available,12.000000,22.692582,22.692582,not_logged_by_exact_worker,89.104853,0.004675,0.002225,2.101641,true,false,Tiny branch-bound rows are exact over the project simulator. Other rows are CP-SAT transport-capacity relaxation; empty AGV repositioning/path conflicts are relaxed.
exact|rush_job|J3|M2|A1|O2|49,2026-06-03T14:43:43,rush_job_J3_M2_A1_O2_seed49,J3_M2_A1_O2,rush_job,49,40049,49,60.0,,solved,,0.010279,cpsat_transport_capacity_relaxation_empty_repositioning_relaxed,OR-Tools CP-SAT,optimal,3,2,1,2,8.000000,8.000000,not_available,8.000000,19.265688,19.265688,not_logged_by_exact_worker,140.821096,0.007158,0.001911,3.745278,true,false,Tiny branch-bound rows are exact over the project simulator. Other rows are CP-SAT transport-capacity relaxation; empty AGV repositioning/path conflicts are relaxed.
exact|rush_job|J3|M2|A1|O2|50,2026-06-03T14:43:43,rush_job_J3_M2_A1_O2_seed50,J3_M2_A1_O2,rush_job,50,40050,50,60.0,,solved,,0.006630,cpsat_transport_capacity_relaxation_empty_repositioning_relaxed,OR-Tools CP-SAT,optimal,3,2,1,2,8.000000,8.000000,not_available,8.000000,18.903685,18.903685,not_logged_by_exact_worker,136.296062,0.003385,0.002179,1.552950,true,false,Tiny branch-bound rows are exact over the project simulator. Other rows are CP-SAT transport-capacity relaxation; empty AGV repositioning/path conflicts are relaxed.
exact|mixed|J3|M2|A1|O2|42,2026-06-03T14:43:43,mixed_J3_M2_A1_O2_seed42,J3_M2_A1_O2,mixed,42,50042,42,60.0,,solved,,0.005235,cpsat_transport_capacity_relaxation_empty_repositioning_relaxed,OR-Tools CP-SAT,optimal,3,2,1,2,14.000000,14.000000,not_available,14.000000,18.077747,18.077747,not_logged_by_exact_worker,29.126766,0.001999,0.002048,0.976118,true,false,Tiny branch-bound rows are exact over the project simulator. Other rows are CP-SAT transport-capacity relaxation; empty AGV repositioning/path conflicts are relaxed.
exact|rush_job|J3|M2|A1|O2|51,2026-06-03T14:43:43,rush_job_J3_M2_A1_O2_seed51,J3_M2_A1_O2,rush_job,51,40051,51,60.0,,solved,,0.006242,cpsat_transport_capacity_relaxation_empty_repositioning_relaxed,OR-Tools CP-SAT,optimal,3,2,1,2,11.000000,11.000000,not_available,11.000000,20.462912,20.462912,not_logged_by_exact_worker,86.026473,0.003205,0.001950,1.643099,true,false,Tiny branch-bound rows are exact over the project simulator. Other rows are CP-SAT transport-capacity relaxation; empty AGV repositioning/path conflicts are relaxed.
exact|mixed|J3|M2|A1|O2|43,2026-06-03T14:43:43,mixed_J3_M2_A1_O2_seed43,J3_M2_A1_O2,mixed,43,50043,43,60.0,,solved,,0.005028,cpsat_transport_capacity_relaxation_empty_repositioning_relaxed,OR-Tools CP-SAT,optimal,3,2,1,2,13.000000,13.000000,not_available,13.000000,19.692582,19.692582,not_logged_by_exact_worker,51.481403,0.002139,0.001855,1.152992,true,false,Tiny branch-bound rows are exact over the project simulator. Other rows are CP-SAT transport-capacity relaxation; empty AGV repositioning/path conflicts are relaxed.
exact|mixed|J3|M2|A1|O2|45,2026-06-03T14:43:43,mixed_J3_M2_A1_O2_seed45,J3_M2_A1_O2,mixed,45,50045,45,60.0,,solved,,0.004386,cpsat_transport_capacity_relaxation_empty_repositioning_relaxed,OR-Tools CP-SAT,optimal,3,2,1,2,10.000000,10.000000,not_available,10.000000,16.077747,16.077747,not_logged_by_exact_worker,60.777472,0.001640,0.001733,0.946506,true,false,Tiny branch-bound rows are exact over the project simulator. Other rows are CP-SAT transport-capacity relaxation; empty AGV repositioning/path conflicts are relaxed.
exact|mixed|J3|M2|A1|O2|46,2026-06-03T14:43:43,mixed_J3_M2_A1_O2_seed46,J3_M2_A1_O2,mixed,46,50046,46,60.0,,solved,,0.004614,cpsat_transport_capacity_relaxation_empty_repositioning_relaxed,OR-Tools CP-SAT,optimal,3,2,1,2,26.000000,26.000000,not_available,26.000000,30.692582,30.692582,not_logged_by_exact_worker,18.048394,0.001838,0.001704,1.078205,true,false,Tiny branch-bound rows are exact over the project simulator. Other rows are CP-SAT transport-capacity relaxation; empty AGV repositioning/path conflicts are relaxed.
exact|mixed|J3|M2|A1|O2|44,2026-06-03T14:43:43,mixed_J3_M2_A1_O2_seed44,J3_M2_A1_O2,mixed,44,50044,44,60.0,,solved,,0.005214,cpsat_transport_capacity_relaxation_empty_repositioning_relaxed,OR-Tools CP-SAT,optimal,3,2,1,2,13.000000,13.000000,not_available,13.000000,28.861955,28.861955,not_logged_by_exact_worker,122.015039,0.002038,0.002132,0.956183,true,false,Tiny branch-bound rows are exact over the project simulator. Other rows are CP-SAT transport-capacity relaxation; empty AGV repositioning/path conflicts are relaxed.
exact|mixed|J3|M2|A1|O2|47,2026-06-03T14:43:43,mixed_J3_M2_A1_O2_seed47,J3_M2_A1_O2,mixed,47,50047,47,60.0,,solved,,0.005420,cpsat_transport_capacity_relaxation_empty_repositioning_relaxed,OR-Tools CP-SAT,optimal,3,2,1,2,16.800000,16.800000,not_available,16.800000,25.077747,25.077747,not_logged_by_exact_worker,49.272305,0.002165,0.002197,0.985478,true,false,Tiny branch-bound rows are exact over the project simulator. Other rows are CP-SAT transport-capacity relaxation; empty AGV repositioning/path conflicts are relaxed.
exact|mixed|J3|M2|A1|O2|48,2026-06-03T14:43:43,mixed_J3_M2_A1_O2_seed48,J3_M2_A1_O2,mixed,48,50048,48,60.0,,solved,,0.004683,cpsat_transport_capacity_relaxation_empty_repositioning_relaxed,OR-Tools CP-SAT,optimal,3,2,1,2,17.000000,17.000000,not_available,17.000000,19.000000,19.000000,not_logged_by_exact_worker,11.764706,0.001736,0.001912,0.908197,true,false,Tiny branch-bound rows are exact over the project simulator. Other rows are CP-SAT transport-capacity relaxation; empty AGV repositioning/path conflicts are relaxed.
exact|mixed|J3|M2|A1|O2|49,2026-06-03T14:43:43,mixed_J3_M2_A1_O2_seed49,J3_M2_A1_O2,mixed,49,50049,49,60.0,,solved,,0.004703,cpsat_transport_capacity_relaxation_empty_repositioning_relaxed,OR-Tools CP-SAT,optimal,3,2,1,2,14.000000,14.000000,not_available,14.000000,15.880523,15.880523,not_logged_by_exact_worker,13.432306,0.001836,0.001896,0.968251,true,false,Tiny branch-bound rows are exact over the project simulator. Other rows are CP-SAT transport-capacity relaxation; empty AGV repositioning/path conflicts are relaxed.
exact|mixed|J3|M2|A1|O2|50,2026-06-03T14:43:43,mixed_J3_M2_A1_O2_seed50,J3_M2_A1_O2,mixed,50,50050,50,60.0,,solved,,0.004774,cpsat_transport_capacity_relaxation_empty_repositioning_relaxed,OR-Tools CP-SAT,optimal,3,2,1,2,9.000000,9.000000,not_available,9.000000,16.692582,16.692582,not_logged_by_exact_worker,85.473138,0.001867,0.001929,0.968118,true,false,Tiny branch-bound rows are exact over the project simulator. Other rows are CP-SAT transport-capacity relaxation; empty AGV repositioning/path conflicts are relaxed.
exact|mixed|J3|M2|A1|O2|51,2026-06-03T14:43:43,mixed_J3_M2_A1_O2_seed51,J3_M2_A1_O2,mixed,51,50051,51,60.0,,solved,,0.004690,cpsat_transport_capacity_relaxation_empty_repositioning_relaxed,OR-Tools CP-SAT,optimal,3,2,1,2,12.000000,12.000000,not_available,12.000000,17.000000,17.000000,not_logged_by_exact_worker,41.666667,0.001871,0.001803,1.038109,true,false,Tiny branch-bound rows are exact over the project simulator. Other rows are CP-SAT transport-capacity relaxation; empty AGV repositioning/path conflicts are relaxed.
exact|static|J3|M2|A1|O2|42,2026-06-03T14:43:43,static_J3_M2_A1_O2_seed42,J3_M2_A1_O2,static,42,42,42,60.0,,solved,,0.003801,cpsat_transport_capacity_relaxation_empty_repositioning_relaxed,OR-Tools CP-SAT,optimal,3,2,1,2,9.000000,9.000000,not_available,9.000000,15.077747,15.077747,not_logged_by_exact_worker,67.530525,0.001596,0.001322,1.207123,true,false,Tiny branch-bound rows are exact over the project simulator. Other rows are CP-SAT transport-capacity relaxation; empty AGV repositioning/path conflicts are relaxed.
exact|static|J3|M2|A1|O2|43,2026-06-03T14:43:43,static_J3_M2_A1_O2_seed43,J3_M2_A1_O2,static,43,43,43,60.0,,solved,,0.004497,cpsat_transport_capacity_relaxation_empty_repositioning_relaxed,OR-Tools CP-SAT,optimal,3,2,1,2,9.000000,9.000000,not_available,9.000000,15.298134,15.298134,not_logged_by_exact_worker,69.979263,0.001940,0.001609,1.205407,true,false,Tiny branch-bound rows are exact over the project simulator. Other rows are CP-SAT transport-capacity relaxation; empty AGV repositioning/path conflicts are relaxed.
exact|static|J3|M2|A1|O2|44,2026-06-03T14:43:43,static_J3_M2_A1_O2_seed44,J3_M2_A1_O2,static,44,44,44,60.0,,solved,,0.004454,cpsat_transport_capacity_relaxation_empty_repositioning_relaxed,OR-Tools CP-SAT,optimal,3,2,1,2,11.800000,11.800000,not_available,11.800000,27.683298,27.683298,not_logged_by_exact_worker,134.604224,0.002000,0.001532,1.305528,true,false,Tiny branch-bound rows are exact over the project simulator. Other rows are CP-SAT transport-capacity relaxation; empty AGV repositioning/path conflicts are relaxed.
exact|static|J3|M2|A1|O2|45,2026-06-03T14:43:43,static_J3_M2_A1_O2_seed45,J3_M2_A1_O2,static,45,45,45,60.0,,solved,,0.003900,cpsat_transport_capacity_relaxation_empty_repositioning_relaxed,OR-Tools CP-SAT,optimal,3,2,1,2,6.000000,6.000000,not_available,6.000000,11.000000,11.000000,not_logged_by_exact_worker,83.333333,0.001717,0.001290,1.331007,true,false,Tiny branch-bound rows are exact over the project simulator. Other rows are CP-SAT transport-capacity relaxation; empty AGV repositioning/path conflicts are relaxed.
exact|static|J3|M2|A1|O2|46,2026-06-03T14:43:43,static_J3_M2_A1_O2_seed46,J3_M2_A1_O2,static,46,46,46,60.0,,solved,,0.005592,cpsat_transport_capacity_relaxation_empty_repositioning_relaxed,OR-Tools CP-SAT,optimal,3,2,1,2,10.000000,10.000000,not_available,10.000000,14.000000,14.000000,not_logged_by_exact_worker,40.000000,0.002884,0.001532,1.882875,true,false,Tiny branch-bound rows are exact over the project simulator. Other rows are CP-SAT transport-capacity relaxation; empty AGV repositioning/path conflicts are relaxed.
exact|static|J3|M2|A1|O2|47,2026-06-03T14:43:43,static_J3_M2_A1_O2_seed47,J3_M2_A1_O2,static,47,47,47,60.0,,solved,,0.004605,cpsat_transport_capacity_relaxation_empty_repositioning_relaxed,OR-Tools CP-SAT,optimal,3,2,1,2,14.000000,14.000000,not_available,14.000000,22.495358,22.495358,not_logged_by_exact_worker,60.681129,0.002166,0.001519,1.426079,true,false,Tiny branch-bound rows are exact over the project simulator. Other rows are CP-SAT transport-capacity relaxation; empty AGV repositioning/path conflicts are relaxed.
exact|static|J3|M2|A1|O2|48,2026-06-03T14:43:43,static_J3_M2_A1_O2_seed48,J3_M2_A1_O2,static,48,48,48,60.0,,solved,,0.005169,cpsat_transport_capacity_relaxation_empty_repositioning_relaxed,OR-Tools CP-SAT,optimal,3,2,1,2,8.000000,8.000000,not_available,8.000000,11.298134,11.298134,not_logged_by_exact_worker,41.226671,0.002693,0.001478,1.822124,true,false,Tiny branch-bound rows are exact over the project simulator. Other rows are CP-SAT transport-capacity relaxation; empty AGV repositioning/path conflicts are relaxed.
exact|static|J3|M2|A1|O2|49,2026-06-03T14:43:43,static_J3_M2_A1_O2_seed49,J3_M2_A1_O2,static,49,49,49,60.0,,solved,,0.005258,cpsat_transport_capacity_relaxation_empty_repositioning_relaxed,OR-Tools CP-SAT,optimal,3,2,1,2,5.000000,5.000000,not_available,5.000000,14.077747,14.077747,not_logged_by_exact_worker,181.554944,0.002827,0.001414,1.998586,true,false,Tiny branch-bound rows are exact over the project simulator. Other rows are CP-SAT transport-capacity relaxation; empty AGV repositioning/path conflicts are relaxed.
exact|static|J3|M2|A1|O2|51,2026-06-03T14:43:43,static_J3_M2_A1_O2_seed51,J3_M2_A1_O2,static,51,51,51,60.0,,solved,,0.004223,cpsat_transport_capacity_relaxation_empty_repositioning_relaxed,OR-Tools CP-SAT,optimal,3,2,1,2,8.000000,8.000000,not_available,8.000000,15.077747,15.077747,not_logged_by_exact_worker,88.471840,0.001819,0.001452,1.252393,true,false,Tiny branch-bound rows are exact over the project simulator. Other rows are CP-SAT transport-capacity relaxation; empty AGV repositioning/path conflicts are relaxed.
exact|static|J3|M2|A1|O2|50,2026-06-03T14:43:43,static_J3_M2_A1_O2_seed50,J3_M2_A1_O2,static,50,50,50,60.0,,solved,,0.004534,cpsat_transport_capacity_relaxation_empty_repositioning_relaxed,OR-Tools CP-SAT,optimal,3,2,1,2,7.000000,7.000000,not_available,7.000000,11.408327,11.408327,not_logged_by_exact_worker,62.976099,0.001923,0.001615,1.190417,true,false,Tiny branch-bound rows are exact over the project simulator. Other rows are CP-SAT transport-capacity relaxation; empty AGV repositioning/path conflicts are relaxed.
exact|breakdown|J3|M2|A1|O3|42,2026-06-03T14:43:43,breakdown_J3_M2_A1_O3_seed42,J3_M2_A1_O3,breakdown,42,30042,42,60.0,,solved,,0.004147,cpsat_transport_capacity_relaxation_empty_repositioning_relaxed,OR-Tools CP-SAT,optimal,3,2,1,3,20.000000,20.000000,not_available,20.000000,22.408327,22.408327,not_logged_by_exact_worker,12.041635,0.001084,0.002008,0.539932,true,false,Tiny branch-bound rows are exact over the project simulator. Other rows are CP-SAT transport-capacity relaxation; empty AGV repositioning/path conflicts are relaxed.
exact|breakdown|J3|M2|A1|O3|43,2026-06-03T14:43:43,breakdown_J3_M2_A1_O3_seed43,J3_M2_A1_O3,breakdown,43,30043,43,60.0,,solved,,0.003959,cpsat_transport_capacity_relaxation_empty_repositioning_relaxed,OR-Tools CP-SAT,optimal,3,2,1,3,15.800000,15.800000,not_available,15.800000,23.683298,23.683298,not_logged_by_exact_worker,49.894294,0.001041,0.001910,0.545021,true,false,Tiny branch-bound rows are exact over the project simulator. Other rows are CP-SAT transport-capacity relaxation; empty AGV repositioning/path conflicts are relaxed.
exact|breakdown|J3|M2|A1|O3|44,2026-06-03T14:43:43,breakdown_J3_M2_A1_O3_seed44,J3_M2_A1_O3,breakdown,44,30044,44,60.0,,solved,,0.004054,cpsat_transport_capacity_relaxation_empty_repositioning_relaxed,OR-Tools CP-SAT,optimal,3,2,1,3,20.000000,20.000000,not_available,20.000000,26.077747,26.077747,not_logged_by_exact_worker,30.388736,0.001130,0.001942,0.582042,true,false,Tiny branch-bound rows are exact over the project simulator. Other rows are CP-SAT transport-capacity relaxation; empty AGV repositioning/path conflicts are relaxed.
exact|breakdown|J3|M2|A1|O3|46,2026-06-03T14:43:43,breakdown_J3_M2_A1_O3_seed46,J3_M2_A1_O3,breakdown,46,30046,46,60.0,,solved,,0.003424,cpsat_transport_capacity_relaxation_empty_repositioning_relaxed,OR-Tools CP-SAT,optimal,3,2,1,3,38.000000,38.000000,not_available,38.000000,40.692582,40.692582,not_logged_by_exact_worker,7.085743,0.000919,0.001550,0.592648,true,false,Tiny branch-bound rows are exact over the project simulator. Other rows are CP-SAT transport-capacity relaxation; empty AGV repositioning/path conflicts are relaxed.
exact|breakdown|J3|M2|A1|O3|45,2026-06-03T14:43:43,breakdown_J3_M2_A1_O3_seed45,J3_M2_A1_O3,breakdown,45,30045,45,60.0,,solved,,0.004335,cpsat_transport_capacity_relaxation_empty_repositioning_relaxed,OR-Tools CP-SAT,optimal,3,2,1,3,13.000000,13.000000,not_available,13.000000,19.077747,19.077747,not_logged_by_exact_worker,46.751902,0.001139,0.002104,0.541415,true,false,Tiny branch-bound rows are exact over the project simulator. Other rows are CP-SAT transport-capacity relaxation; empty AGV repositioning/path conflicts are relaxed.
exact|breakdown|J3|M2|A1|O3|47,2026-06-03T14:43:43,breakdown_J3_M2_A1_O3_seed47,J3_M2_A1_O3,breakdown,47,30047,47,60.0,,solved,,0.004320,cpsat_transport_capacity_relaxation_empty_repositioning_relaxed,OR-Tools CP-SAT,optimal,3,2,1,3,22.000000,22.000000,not_available,22.000000,32.100909,32.100909,not_logged_by_exact_worker,45.913224,0.001110,0.002162,0.513601,true,false,Tiny branch-bound rows are exact over the project simulator. Other rows are CP-SAT transport-capacity relaxation; empty AGV repositioning/path conflicts are relaxed.
exact|breakdown|J3|M2|A1|O3|50,2026-06-03T14:43:43,breakdown_J3_M2_A1_O3_seed50,J3_M2_A1_O3,breakdown,50,30050,50,60.0,,solved,,0.004079,cpsat_transport_capacity_relaxation_empty_repositioning_relaxed,OR-Tools CP-SAT,optimal,3,2,1,3,14.000000,14.000000,not_available,14.000000,18.692582,18.692582,not_logged_by_exact_worker,33.518446,0.001006,0.002067,0.486480,true,false,Tiny branch-bound rows are exact over the project simulator. Other rows are CP-SAT transport-capacity relaxation; empty AGV repositioning/path conflicts are relaxed.
exact|breakdown|J3|M2|A1|O3|51,2026-06-03T14:43:43,breakdown_J3_M2_A1_O3_seed51,J3_M2_A1_O3,breakdown,51,30051,51,60.0,,solved,,0.003906,cpsat_transport_capacity_relaxation_empty_repositioning_relaxed,OR-Tools CP-SAT,optimal,3,2,1,3,20.000000,20.000000,not_available,20.000000,25.605551,25.605551,not_logged_by_exact_worker,28.027756,0.001080,0.001777,0.608081,true,false,Tiny branch-bound rows are exact over the project simulator. Other rows are CP-SAT transport-capacity relaxation; empty AGV repositioning/path conflicts are relaxed.
exact|breakdown|J3|M2|A1|O3|49,2026-06-03T14:43:43,breakdown_J3_M2_A1_O3_seed49,J3_M2_A1_O3,breakdown,49,30049,49,60.0,,solved,,0.013156,cpsat_transport_capacity_relaxation_empty_repositioning_relaxed,OR-Tools CP-SAT,optimal,3,2,1,3,24.000000,24.000000,not_available,24.000000,25.000000,25.000000,not_logged_by_exact_worker,4.166667,0.000995,0.001943,0.512046,true,false,Tiny branch-bound rows are exact over the project simulator. Other rows are CP-SAT transport-capacity relaxation; empty AGV repositioning/path conflicts are relaxed.
exact|breakdown|J3|M2|A1|O3|48,2026-06-03T14:43:43,breakdown_J3_M2_A1_O3_seed48,J3_M2_A1_O3,breakdown,48,30048,48,60.0,,solved,,0.013349,cpsat_transport_capacity_relaxation_empty_repositioning_relaxed,OR-Tools CP-SAT,optimal,3,2,1,3,25.000000,25.000000,not_available,25.000000,26.000000,26.000000,not_logged_by_exact_worker,4.000000,0.000898,0.001784,0.503252,true,false,Tiny branch-bound rows are exact over the project simulator. Other rows are CP-SAT transport-capacity relaxation; empty AGV repositioning/path conflicts are relaxed.
exact|rush_job|J3|M2|A1|O3|42,2026-06-03T14:43:43,rush_job_J3_M2_A1_O3_seed42,J3_M2_A1_O3,rush_job,42,40042,42,60.0,,solved,,0.009964,cpsat_transport_capacity_relaxation_empty_repositioning_relaxed,OR-Tools CP-SAT,optimal,3,2,1,3,15.000000,15.000000,not_available,15.000000,26.990716,26.990716,not_logged_by_exact_worker,79.938107,0.005335,0.003070,1.737955,true,false,Tiny branch-bound rows are exact over the project simulator. Other rows are CP-SAT transport-capacity relaxation; empty AGV repositioning/path conflicts are relaxed.
exact|rush_job|J3|M2|A1|O3|43,2026-06-03T14:43:43,rush_job_J3_M2_A1_O3_seed43,J3_M2_A1_O3,rush_job,43,40043,43,60.0,,solved,,0.010347,cpsat_transport_capacity_relaxation_empty_repositioning_relaxed,OR-Tools CP-SAT,optimal,3,2,1,3,15.000000,15.000000,not_available,15.000000,22.265688,22.265688,not_logged_by_exact_worker,48.437918,0.005855,0.002604,2.248608,true,false,Tiny branch-bound rows are exact over the project simulator. Other rows are CP-SAT transport-capacity relaxation; empty AGV repositioning/path conflicts are relaxed.
exact|rush_job|J3|M2|A1|O3|45,2026-06-03T14:43:43,rush_job_J3_M2_A1_O3_seed45,J3_M2_A1_O3,rush_job,45,40045,45,60.0,,solved,,0.008477,cpsat_transport_capacity_relaxation_empty_repositioning_relaxed,OR-Tools CP-SAT,optimal,3,2,1,3,11.000000,11.000000,not_available,11.000000,22.312012,22.312012,not_logged_by_exact_worker,102.836472,0.004107,0.002927,1.403041,true,false,Tiny branch-bound rows are exact over the project simulator. Other rows are CP-SAT transport-capacity relaxation; empty AGV repositioning/path conflicts are relaxed.
exact|rush_job|J3|M2|A1|O3|44,2026-06-03T14:43:43,rush_job_J3_M2_A1_O3_seed44,J3_M2_A1_O3,rush_job,44,40044,44,60.0,,solved,,0.009836,cpsat_transport_capacity_relaxation_empty_repositioning_relaxed,OR-Tools CP-SAT,optimal,3,2,1,3,15.800000,15.800000,not_available,15.800000,29.298134,29.298134,not_logged_by_exact_worker,85.431226,0.005628,0.002757,2.041608,true,false,Tiny branch-bound rows are exact over the project simulator. Other rows are CP-SAT transport-capacity relaxation; empty AGV repositioning/path conflicts are relaxed.
exact|rush_job|J3|M2|A1|O3|47,2026-06-03T14:43:43,rush_job_J3_M2_A1_O3_seed47,J3_M2_A1_O3,rush_job,47,40047,47,60.0,,solved,,0.010035,cpsat_transport_capacity_relaxation_empty_repositioning_relaxed,OR-Tools CP-SAT,optimal,3,2,1,3,22.000000,22.000000,not_available,22.000000,31.692582,31.692582,not_logged_by_exact_worker,44.057193,0.006056,0.002635,2.297868,true,false,Tiny branch-bound rows are exact over the project simulator. Other rows are CP-SAT transport-capacity relaxation; empty AGV repositioning/path conflicts are relaxed.
exact|rush_job|J3|M2|A1|O3|46,2026-06-03T14:43:43,rush_job_J3_M2_A1_O3_seed46,J3_M2_A1_O3,rush_job,46,40046,46,60.0,,solved,,0.015975,cpsat_transport_capacity_relaxation_empty_repositioning_relaxed,OR-Tools CP-SAT,optimal,3,2,1,3,15.000000,15.000000,not_available,15.000000,26.298134,26.298134,not_logged_by_exact_worker,75.320891,0.011259,0.003054,3.686477,true,false,Tiny branch-bound rows are exact over the project simulator. Other rows are CP-SAT transport-capacity relaxation; empty AGV repositioning/path conflicts are relaxed.
exact|rush_job|J3|M2|A1|O3|48,2026-06-03T14:43:43,rush_job_J3_M2_A1_O3_seed48,J3_M2_A1_O3,rush_job,48,40048,48,60.0,,solved,,0.009223,cpsat_transport_capacity_relaxation_empty_repositioning_relaxed,OR-Tools CP-SAT,optimal,3,2,1,3,13.000000,13.000000,not_available,13.000000,28.871239,28.871239,not_logged_by_exact_worker,122.086453,0.005190,0.002658,1.952628,true,false,Tiny branch-bound rows are exact over the project simulator. Other rows are CP-SAT transport-capacity relaxation; empty AGV repositioning/path conflicts are relaxed.
exact|rush_job|J3|M2|A1|O3|49,2026-06-03T14:43:43,rush_job_J3_M2_A1_O3_seed49,J3_M2_A1_O3,rush_job,49,40049,49,60.0,,solved,,0.011025,cpsat_transport_capacity_relaxation_empty_repositioning_relaxed,OR-Tools CP-SAT,optimal,3,2,1,3,14.800000,14.800000,not_available,14.800000,23.871239,23.871239,not_logged_by_exact_worker,61.292155,0.006315,0.003353,1.883537,true,false,Tiny branch-bound rows are exact over the project simulator. Other rows are CP-SAT transport-capacity relaxation; empty AGV repositioning/path conflicts are relaxed.
exact|rush_job|J3|M2|A1|O3|50,2026-06-03T14:43:43,rush_job_J3_M2_A1_O3_seed50,J3_M2_A1_O3,rush_job,50,40050,50,60.0,,solved,,0.008823,cpsat_transport_capacity_relaxation_empty_repositioning_relaxed,OR-Tools CP-SAT,optimal,3,2,1,3,11.000000,11.000000,not_available,11.000000,23.495358,23.495358,not_logged_by_exact_worker,113.594164,0.004727,0.002752,1.717821,true,false,Tiny branch-bound rows are exact over the project simulator. Other rows are CP-SAT transport-capacity relaxation; empty AGV repositioning/path conflicts are relaxed.
exact|mixed|J3|M2|A1|O3|42,2026-06-03T14:43:43,mixed_J3_M2_A1_O3_seed42,J3_M2_A1_O3,mixed,42,50042,42,60.0,,solved,,0.006342,cpsat_transport_capacity_relaxation_empty_repositioning_relaxed,OR-Tools CP-SAT,optimal,3,2,1,3,20.000000,20.000000,not_available,20.000000,26.408327,26.408327,not_logged_by_exact_worker,32.041635,0.002345,0.002747,0.853706,true,false,Tiny branch-bound rows are exact over the project simulator. Other rows are CP-SAT transport-capacity relaxation; empty AGV repositioning/path conflicts are relaxed.
exact|mixed|J3|M2|A1|O3|43,2026-06-03T14:43:43,mixed_J3_M2_A1_O3_seed43,J3_M2_A1_O3,mixed,43,50043,43,60.0,,solved,,0.006244,cpsat_transport_capacity_relaxation_empty_repositioning_relaxed,OR-Tools CP-SAT,optimal,3,2,1,3,15.800000,15.800000,not_available,15.800000,25.683298,25.683298,not_logged_by_exact_worker,62.552522,0.002436,0.002588,0.941308,true,false,Tiny branch-bound rows are exact over the project simulator. Other rows are CP-SAT transport-capacity relaxation; empty AGV repositioning/path conflicts are relaxed.
exact|mixed|J3|M2|A1|O3|44,2026-06-03T14:43:43,mixed_J3_M2_A1_O3_seed44,J3_M2_A1_O3,mixed,44,50044,44,60.0,,solved,,0.006381,cpsat_transport_capacity_relaxation_empty_repositioning_relaxed,OR-Tools CP-SAT,optimal,3,2,1,3,20.000000,20.000000,not_available,20.000000,29.100909,29.100909,not_logged_by_exact_worker,45.504547,0.002526,0.002600,0.971728,true,false,Tiny branch-bound rows are exact over the project simulator. Other rows are CP-SAT transport-capacity relaxation; empty AGV repositioning/path conflicts are relaxed.
exact|mixed|J3|M2|A1|O3|45,2026-06-03T14:43:43,mixed_J3_M2_A1_O3_seed45,J3_M2_A1_O3,mixed,45,50045,45,60.0,,solved,,0.006074,cpsat_transport_capacity_relaxation_empty_repositioning_relaxed,OR-Tools CP-SAT,optimal,3,2,1,3,13.000000,13.000000,not_available,13.000000,20.077747,20.077747,not_logged_by_exact_worker,54.444209,0.002204,0.002687,0.820178,true,false,Tiny branch-bound rows are exact over the project simulator. Other rows are CP-SAT transport-capacity relaxation; empty AGV repositioning/path conflicts are relaxed.
exact|rush_job|J3|M2|A1|O3|51,2026-06-03T14:43:43,rush_job_J3_M2_A1_O3_seed51,J3_M2_A1_O3,rush_job,51,40051,51,60.0,,solved,,0.014131,cpsat_transport_capacity_relaxation_empty_repositioning_relaxed,OR-Tools CP-SAT,optimal,3,2,1,3,13.000000,13.000000,not_available,13.000000,21.486074,21.486074,not_logged_by_exact_worker,65.277493,0.009814,0.002651,3.701709,true,false,Tiny branch-bound rows are exact over the project simulator. Other rows are CP-SAT transport-capacity relaxation; empty AGV repositioning/path conflicts are relaxed.
exact|mixed|J3|M2|A1|O3|46,2026-06-03T14:43:43,mixed_J3_M2_A1_O3_seed46,J3_M2_A1_O3,mixed,46,50046,46,60.0,,solved,,0.005974,cpsat_transport_capacity_relaxation_empty_repositioning_relaxed,OR-Tools CP-SAT,optimal,3,2,1,3,38.000000,38.000000,not_available,38.000000,42.692582,42.692582,not_logged_by_exact_worker,12.348901,0.002435,0.002384,1.021564,true,false,Tiny branch-bound rows are exact over the project simulator. Other rows are CP-SAT transport-capacity relaxation; empty AGV repositioning/path conflicts are relaxed.
exact|mixed|J3|M2|A1|O3|48,2026-06-03T14:43:43,mixed_J3_M2_A1_O3_seed48,J3_M2_A1_O3,mixed,48,50048,48,60.0,,solved,,0.005585,cpsat_transport_capacity_relaxation_empty_repositioning_relaxed,OR-Tools CP-SAT,optimal,3,2,1,3,25.000000,25.000000,not_available,25.000000,27.000000,27.000000,not_logged_by_exact_worker,8.000000,0.001917,0.002524,0.759380,true,false,Tiny branch-bound rows are exact over the project simulator. Other rows are CP-SAT transport-capacity relaxation; empty AGV repositioning/path conflicts are relaxed.
exact|mixed|J3|M2|A1|O3|49,2026-06-03T14:43:43,mixed_J3_M2_A1_O3_seed49,J3_M2_A1_O3,mixed,49,50049,49,60.0,,solved,,0.005851,cpsat_transport_capacity_relaxation_empty_repositioning_relaxed,OR-Tools CP-SAT,optimal,3,2,1,3,24.000000,24.000000,not_available,24.000000,25.000000,25.000000,not_logged_by_exact_worker,4.166667,0.002199,0.002439,0.901439,true,false,Tiny branch-bound rows are exact over the project simulator. Other rows are CP-SAT transport-capacity relaxation; empty AGV repositioning/path conflicts are relaxed.
exact|mixed|J3|M2|A1|O3|47,2026-06-03T14:43:43,mixed_J3_M2_A1_O3_seed47,J3_M2_A1_O3,mixed,47,50047,47,60.0,,solved,,0.008153,cpsat_transport_capacity_relaxation_empty_repositioning_relaxed,OR-Tools CP-SAT,optimal,3,2,1,3,22.000000,22.000000,not_available,22.000000,30.692582,30.692582,not_logged_by_exact_worker,39.511738,0.003969,0.002983,1.330852,true,false,Tiny branch-bound rows are exact over the project simulator. Other rows are CP-SAT transport-capacity relaxation; empty AGV repositioning/path conflicts are relaxed.
exact|mixed|J3|M2|A1|O3|50,2026-06-03T14:43:43,mixed_J3_M2_A1_O3_seed50,J3_M2_A1_O3,mixed,50,50050,50,60.0,,solved,,0.006242,cpsat_transport_capacity_relaxation_empty_repositioning_relaxed,OR-Tools CP-SAT,optimal,3,2,1,3,14.000000,14.000000,not_available,14.000000,24.495358,24.495358,not_logged_by_exact_worker,74.966843,0.002558,0.002541,1.006928,true,false,Tiny branch-bound rows are exact over the project simulator. Other rows are CP-SAT transport-capacity relaxation; empty AGV repositioning/path conflicts are relaxed.
exact|mixed|J3|M2|A1|O3|51,2026-06-03T14:43:43,mixed_J3_M2_A1_O3_seed51,J3_M2_A1_O3,mixed,51,50051,51,60.0,,solved,,0.005899,cpsat_transport_capacity_relaxation_empty_repositioning_relaxed,OR-Tools CP-SAT,optimal,3,2,1,3,20.000000,20.000000,not_available,20.000000,25.605551,25.605551,not_logged_by_exact_worker,28.027756,0.002245,0.002475,0.907261,true,false,Tiny branch-bound rows are exact over the project simulator. Other rows are CP-SAT transport-capacity relaxation; empty AGV repositioning/path conflicts are relaxed.
exact|static|J3|M2|A1|O3|42,2026-06-03T14:43:43,static_J3_M2_A1_O3_seed42,J3_M2_A1_O3,static,42,42,42,60.0,,solved,,0.005119,cpsat_transport_capacity_relaxation_empty_repositioning_relaxed,OR-Tools CP-SAT,optimal,3,2,1,3,12.000000,12.000000,not_available,12.000000,23.013878,23.013878,not_logged_by_exact_worker,91.782318,0.001829,0.002099,0.871177,true,false,Tiny branch-bound rows are exact over the project simulator. Other rows are CP-SAT transport-capacity relaxation; empty AGV repositioning/path conflicts are relaxed.
exact|static|J3|M2|A1|O3|43,2026-06-03T14:43:43,static_J3_M2_A1_O3_seed43,J3_M2_A1_O3,static,43,43,43,60.0,,solved,,0.006942,cpsat_transport_capacity_relaxation_empty_repositioning_relaxed,OR-Tools CP-SAT,optimal,3,2,1,3,14.800000,14.800000,not_available,14.800000,19.802776,19.802776,not_logged_by_exact_worker,33.802538,0.003619,0.001997,1.812431,true,false,Tiny branch-bound rows are exact over the project simulator. Other rows are CP-SAT transport-capacity relaxation; empty AGV repositioning/path conflicts are relaxed.
exact|static|J3|M2|A1|O3|44,2026-06-03T14:43:43,static_J3_M2_A1_O3_seed44,J3_M2_A1_O3,static,44,44,44,60.0,,solved,,0.007242,cpsat_transport_capacity_relaxation_empty_repositioning_relaxed,OR-Tools CP-SAT,optimal,3,2,1,3,15.000000,15.000000,not_available,15.000000,26.880523,26.880523,not_logged_by_exact_worker,79.203486,0.003795,0.002254,1.683538,true,false,Tiny branch-bound rows are exact over the project simulator. Other rows are CP-SAT transport-capacity relaxation; empty AGV repositioning/path conflicts are relaxed.
exact|static|J3|M2|A1|O3|45,2026-06-03T14:43:43,static_J3_M2_A1_O3_seed45,J3_M2_A1_O3,static,45,45,45,60.0,,solved,,0.006149,cpsat_transport_capacity_relaxation_empty_repositioning_relaxed,OR-Tools CP-SAT,optimal,3,2,1,3,10.600000,10.600000,not_available,10.600000,18.298134,18.298134,not_logged_by_exact_worker,72.623903,0.003017,0.002027,1.488553,true,false,Tiny branch-bound rows are exact over the project simulator. Other rows are CP-SAT transport-capacity relaxation; empty AGV repositioning/path conflicts are relaxed.
exact|static|J3|M2|A1|O3|46,2026-06-03T14:43:43,static_J3_M2_A1_O3_seed46,J3_M2_A1_O3,static,46,46,46,60.0,,solved,,0.008231,cpsat_transport_capacity_relaxation_empty_repositioning_relaxed,OR-Tools CP-SAT,optimal,3,2,1,3,13.800000,13.800000,not_available,13.800000,20.000000,20.000000,not_logged_by_exact_worker,44.927536,0.004836,0.001977,2.446080,true,false,Tiny branch-bound rows are exact over the project simulator. Other rows are CP-SAT transport-capacity relaxation; empty AGV repositioning/path conflicts are relaxed.
exact|static|J3|M2|A1|O3|47,2026-06-03T14:43:43,static_J3_M2_A1_O3_seed47,J3_M2_A1_O3,static,47,47,47,60.0,,solved,,0.008218,cpsat_transport_capacity_relaxation_empty_repositioning_relaxed,OR-Tools CP-SAT,optimal,3,2,1,3,22.000000,22.000000,not_available,22.000000,29.692582,29.692582,not_logged_by_exact_worker,34.966284,0.005071,0.002020,2.510272,true,false,Tiny branch-bound rows are exact over the project simulator. Other rows are CP-SAT transport-capacity relaxation; empty AGV repositioning/path conflicts are relaxed.
exact|static|J3|M2|A1|O3|48,2026-06-03T14:43:43,static_J3_M2_A1_O3_seed48,J3_M2_A1_O3,static,48,48,48,60.0,,solved,,0.006737,cpsat_transport_capacity_relaxation_empty_repositioning_relaxed,OR-Tools CP-SAT,optimal,3,2,1,3,13.000000,13.000000,not_available,13.000000,28.068463,28.068463,not_logged_by_exact_worker,115.911256,0.003510,0.001996,1.758543,true,false,Tiny branch-bound rows are exact over the project simulator. Other rows are CP-SAT transport-capacity relaxation; empty AGV repositioning/path conflicts are relaxed.
exact|static|J3|M2|A1|O3|49,2026-06-03T14:43:43,static_J3_M2_A1_O3_seed49,J3_M2_A1_O3,static,49,49,49,60.0,,solved,,0.007201,cpsat_transport_capacity_relaxation_empty_repositioning_relaxed,OR-Tools CP-SAT,optimal,3,2,1,3,14.800000,14.800000,not_available,14.800000,19.486074,19.486074,not_logged_by_exact_worker,31.662663,0.003634,0.002266,1.603177,true,false,Tiny branch-bound rows are exact over the project simulator. Other rows are CP-SAT transport-capacity relaxation; empty AGV repositioning/path conflicts are relaxed.
exact|breakdown|J3|M2|A2|O2|42,2026-06-03T14:43:43,breakdown_J3_M2_A2_O2_seed42,J3_M2_A2_O2,breakdown,42,30042,42,60.0,,solved,,0.003168,cpsat_transport_capacity_relaxation_empty_repositioning_relaxed,OR-Tools CP-SAT,optimal,3,2,2,2,14.000000,14.000000,not_available,14.000000,15.000000,15.000000,not_logged_by_exact_worker,7.142857,0.000784,0.001443,0.543376,true,false,Tiny branch-bound rows are exact over the project simulator. Other rows are CP-SAT transport-capacity relaxation; empty AGV repositioning/path conflicts are relaxed.
exact|static|J3|M2|A1|O3|50,2026-06-03T14:43:43,static_J3_M2_A1_O3_seed50,J3_M2_A1_O3,static,50,50,50,60.0,,solved,,0.006417,cpsat_transport_capacity_relaxation_empty_repositioning_relaxed,OR-Tools CP-SAT,optimal,3,2,1,3,10.600000,10.600000,not_available,10.600000,14.605551,14.605551,not_logged_by_exact_worker,37.788220,0.003141,0.002067,1.519327,true,false,Tiny branch-bound rows are exact over the project simulator. Other rows are CP-SAT transport-capacity relaxation; empty AGV repositioning/path conflicts are relaxed.
exact|breakdown|J3|M2|A2|O2|43,2026-06-03T14:43:43,breakdown_J3_M2_A2_O2_seed43,J3_M2_A2_O2,breakdown,43,30043,43,60.0,,solved,,0.002905,cpsat_transport_capacity_relaxation_empty_repositioning_relaxed,OR-Tools CP-SAT,optimal,3,2,2,2,13.000000,13.000000,not_available,13.000000,15.692582,15.692582,not_logged_by_exact_worker,20.712172,0.000714,0.001331,0.536323,true,false,Tiny branch-bound rows are exact over the project simulator. Other rows are CP-SAT transport-capacity relaxation; empty AGV repositioning/path conflicts are relaxed.
exact|breakdown|J3|M2|A2|O2|44,2026-06-03T14:43:43,breakdown_J3_M2_A2_O2_seed44,J3_M2_A2_O2,breakdown,44,30044,44,60.0,,solved,,0.003163,cpsat_transport_capacity_relaxation_empty_repositioning_relaxed,OR-Tools CP-SAT,optimal,3,2,2,2,13.000000,13.000000,not_available,13.000000,22.495358,22.495358,not_logged_by_exact_worker,73.041216,0.000821,0.001378,0.595328,true,false,Tiny branch-bound rows are exact over the project simulator. Other rows are CP-SAT transport-capacity relaxation; empty AGV repositioning/path conflicts are relaxed.
exact|breakdown|J3|M2|A2|O2|45,2026-06-03T14:43:43,breakdown_J3_M2_A2_O2_seed45,J3_M2_A2_O2,breakdown,45,30045,45,60.0,,solved,,0.002785,cpsat_transport_capacity_relaxation_empty_repositioning_relaxed,OR-Tools CP-SAT,optimal,3,2,2,2,8.000000,8.000000,not_available,8.000000,10.692582,10.692582,not_logged_by_exact_worker,33.657280,0.000773,0.001166,0.662721,true,false,Tiny branch-bound rows are exact over the project simulator. Other rows are CP-SAT transport-capacity relaxation; empty AGV repositioning/path conflicts are relaxed.
exact|static|J3|M2|A1|O3|51,2026-06-03T14:43:43,static_J3_M2_A1_O3_seed51,J3_M2_A1_O3,static,51,51,51,60.0,,solved,,0.007795,cpsat_transport_capacity_relaxation_empty_repositioning_relaxed,OR-Tools CP-SAT,optimal,3,2,1,3,11.000000,11.000000,not_available,11.000000,15.692582,15.692582,not_logged_by_exact_worker,42.659840,0.004513,0.001918,2.352150,true,false,Tiny branch-bound rows are exact over the project simulator. Other rows are CP-SAT transport-capacity relaxation; empty AGV repositioning/path conflicts are relaxed.
exact|breakdown|J3|M2|A2|O2|46,2026-06-03T14:43:43,breakdown_J3_M2_A2_O2_seed46,J3_M2_A2_O2,breakdown,46,30046,46,60.0,,solved,,0.002723,cpsat_transport_capacity_relaxation_empty_repositioning_relaxed,OR-Tools CP-SAT,optimal,3,2,2,2,26.000000,26.000000,not_available,26.000000,28.692582,28.692582,not_logged_by_exact_worker,10.356086,0.000738,0.001121,0.658547,true,false,Tiny branch-bound rows are exact over the project simulator. Other rows are CP-SAT transport-capacity relaxation; empty AGV repositioning/path conflicts are relaxed.
exact|breakdown|J3|M2|A2|O2|48,2026-06-03T14:43:43,breakdown_J3_M2_A2_O2_seed48,J3_M2_A2_O2,breakdown,48,30048,48,60.0,,solved,,0.002769,cpsat_transport_capacity_relaxation_empty_repositioning_relaxed,OR-Tools CP-SAT,optimal,3,2,2,2,17.000000,17.000000,not_available,17.000000,18.000000,18.000000,not_logged_by_exact_worker,5.882353,0.000744,0.001208,0.616206,true,false,Tiny branch-bound rows are exact over the project simulator. Other rows are CP-SAT transport-capacity relaxation; empty AGV repositioning/path conflicts are relaxed.
exact|breakdown|J3|M2|A2|O2|47,2026-06-03T14:43:43,breakdown_J3_M2_A2_O2_seed47,J3_M2_A2_O2,breakdown,47,30047,47,60.0,,solved,,0.003652,cpsat_transport_capacity_relaxation_empty_repositioning_relaxed,OR-Tools CP-SAT,optimal,3,2,2,2,14.000000,14.000000,not_available,14.000000,18.692582,18.692582,not_logged_by_exact_worker,33.518446,0.001202,0.001507,0.797744,true,false,Tiny branch-bound rows are exact over the project simulator. Other rows are CP-SAT transport-capacity relaxation; empty AGV repositioning/path conflicts are relaxed.
exact|breakdown|J3|M2|A2|O2|49,2026-06-03T14:43:43,breakdown_J3_M2_A2_O2_seed49,J3_M2_A2_O2,breakdown,49,30049,49,60.0,,solved,,0.002886,cpsat_transport_capacity_relaxation_empty_repositioning_relaxed,OR-Tools CP-SAT,optimal,3,2,2,2,14.000000,14.000000,not_available,14.000000,15.000000,15.000000,not_logged_by_exact_worker,7.142857,0.000716,0.001300,0.550469,true,false,Tiny branch-bound rows are exact over the project simulator. Other rows are CP-SAT transport-capacity relaxation; empty AGV repositioning/path conflicts are relaxed.
exact|breakdown|J3|M2|A2|O2|50,2026-06-03T14:43:43,breakdown_J3_M2_A2_O2_seed50,J3_M2_A2_O2,breakdown,50,30050,50,60.0,,solved,,0.002910,cpsat_transport_capacity_relaxation_empty_repositioning_relaxed,OR-Tools CP-SAT,optimal,3,2,2,2,8.000000,8.000000,not_available,8.000000,12.692582,12.692582,not_logged_by_exact_worker,58.657280,0.000759,0.001326,0.572291,true,false,Tiny branch-bound rows are exact over the project simulator. Other rows are CP-SAT transport-capacity relaxation; empty AGV repositioning/path conflicts are relaxed.
exact|breakdown|J3|M2|A2|O2|51,2026-06-03T14:43:43,breakdown_J3_M2_A2_O2_seed51,J3_M2_A2_O2,breakdown,51,30051,51,60.0,,solved,,0.002767,cpsat_transport_capacity_relaxation_empty_repositioning_relaxed,OR-Tools CP-SAT,optimal,3,2,2,2,11.000000,11.000000,not_available,11.000000,12.000000,12.000000,not_logged_by_exact_worker,9.090909,0.000729,0.001220,0.597409,true,false,Tiny branch-bound rows are exact over the project simulator. Other rows are CP-SAT transport-capacity relaxation; empty AGV repositioning/path conflicts are relaxed.
exact|rush_job|J3|M2|A2|O2|42,2026-06-03T14:43:43,rush_job_J3_M2_A2_O2_seed42,J3_M2_A2_O2,rush_job,42,40042,42,60.0,,solved,,0.006831,cpsat_transport_capacity_relaxation_empty_repositioning_relaxed,OR-Tools CP-SAT,optimal,3,2,2,2,11.000000,11.000000,not_available,11.000000,14.000000,14.000000,not_logged_by_exact_worker,27.272727,0.003504,0.002199,1.593578,true,false,Tiny branch-bound rows are exact over the project simulator. Other rows are CP-SAT transport-capacity relaxation; empty AGV repositioning/path conflicts are relaxed.
exact|rush_job|J3|M2|A2|O2|44,2026-06-03T14:43:43,rush_job_J3_M2_A2_O2_seed44,J3_M2_A2_O2,rush_job,44,40044,44,60.0,,solved,,0.006779,cpsat_transport_capacity_relaxation_empty_repositioning_relaxed,OR-Tools CP-SAT,optimal,3,2,2,2,12.000000,12.000000,not_available,12.000000,22.495358,22.495358,not_logged_by_exact_worker,87.461317,0.003718,0.001956,1.901253,true,false,Tiny branch-bound rows are exact over the project simulator. Other rows are CP-SAT transport-capacity relaxation; empty AGV repositioning/path conflicts are relaxed.
exact|rush_job|J3|M2|A2|O2|43,2026-06-03T14:43:43,rush_job_J3_M2_A2_O2_seed43,J3_M2_A2_O2,rush_job,43,40043,43,60.0,,solved,,0.007273,cpsat_transport_capacity_relaxation_empty_repositioning_relaxed,OR-Tools CP-SAT,optimal,3,2,2,2,11.000000,11.000000,not_available,11.000000,16.692582,16.692582,not_logged_by_exact_worker,51.750749,0.004043,0.002000,2.021550,true,false,Tiny branch-bound rows are exact over the project simulator. Other rows are CP-SAT transport-capacity relaxation; empty AGV repositioning/path conflicts are relaxed.
exact|rush_job|J3|M2|A2|O2|45,2026-06-03T14:43:43,rush_job_J3_M2_A2_O2_seed45,J3_M2_A2_O2,rush_job,45,40045,45,60.0,,solved,,0.006383,cpsat_transport_capacity_relaxation_empty_repositioning_relaxed,OR-Tools CP-SAT,optimal,3,2,2,2,8.000000,8.000000,not_available,8.000000,10.000000,10.000000,not_logged_by_exact_worker,25.000000,0.003323,0.001953,1.701403,true,false,Tiny branch-bound rows are exact over the project simulator. Other rows are CP-SAT transport-capacity relaxation; empty AGV repositioning/path conflicts are relaxed.
exact|rush_job|J3|M2|A2|O2|47,2026-06-03T14:43:43,rush_job_J3_M2_A2_O2_seed47,J3_M2_A2_O2,rush_job,47,40047,47,60.0,,solved,,0.006637,cpsat_transport_capacity_relaxation_empty_repositioning_relaxed,OR-Tools CP-SAT,optimal,3,2,2,2,15.000000,15.000000,not_available,15.000000,21.692582,21.692582,not_logged_by_exact_worker,44.617216,0.003547,0.002007,1.767165,true,false,Tiny branch-bound rows are exact over the project simulator. Other rows are CP-SAT transport-capacity relaxation; empty AGV repositioning/path conflicts are relaxed.
exact|rush_job|J3|M2|A2|O2|48,2026-06-03T14:43:43,rush_job_J3_M2_A2_O2_seed48,J3_M2_A2_O2,rush_job,48,40048,48,60.0,,solved,,0.007480,cpsat_transport_capacity_relaxation_empty_repositioning_relaxed,OR-Tools CP-SAT,optimal,3,2,2,2,8.000000,8.000000,not_available,8.000000,10.692582,10.692582,not_logged_by_exact_worker,33.657280,0.004226,0.002064,2.047282,true,false,Tiny branch-bound rows are exact over the project simulator. Other rows are CP-SAT transport-capacity relaxation; empty AGV repositioning/path conflicts are relaxed.
exact|rush_job|J3|M2|A2|O2|46,2026-06-03T14:43:43,rush_job_J3_M2_A2_O2_seed46,J3_M2_A2_O2,rush_job,46,40046,46,60.0,,solved,,0.008536,cpsat_transport_capacity_relaxation_empty_repositioning_relaxed,OR-Tools CP-SAT,optimal,3,2,2,2,12.000000,12.000000,not_available,12.000000,17.000000,17.000000,not_logged_by_exact_worker,41.666667,0.005139,0.002172,2.366039,true,false,Tiny branch-bound rows are exact over the project simulator. Other rows are CP-SAT transport-capacity relaxation; empty AGV repositioning/path conflicts are relaxed.
exact|rush_job|J3|M2|A2|O2|49,2026-06-03T14:43:43,rush_job_J3_M2_A2_O2_seed49,J3_M2_A2_O2,rush_job,49,40049,49,60.0,,solved,,0.009751,cpsat_transport_capacity_relaxation_empty_repositioning_relaxed,OR-Tools CP-SAT,optimal,3,2,2,2,8.000000,8.000000,not_available,8.000000,11.692582,11.692582,not_logged_by_exact_worker,46.157280,0.006667,0.001907,3.495727,true,false,Tiny branch-bound rows are exact over the project simulator. Other rows are CP-SAT transport-capacity relaxation; empty AGV repositioning/path conflicts are relaxed.
exact|rush_job|J3|M2|A2|O2|50,2026-06-03T14:43:43,rush_job_J3_M2_A2_O2_seed50,J3_M2_A2_O2,rush_job,50,40050,50,60.0,,solved,,0.006984,cpsat_transport_capacity_relaxation_empty_repositioning_relaxed,OR-Tools CP-SAT,optimal,3,2,2,2,8.000000,8.000000,not_available,8.000000,11.692582,11.692582,not_logged_by_exact_worker,46.157280,0.003899,0.002000,1.949692,true,false,Tiny branch-bound rows are exact over the project simulator. Other rows are CP-SAT transport-capacity relaxation; empty AGV repositioning/path conflicts are relaxed.
exact|mixed|J3|M2|A2|O2|42,2026-06-03T14:43:43,mixed_J3_M2_A2_O2_seed42,J3_M2_A2_O2,mixed,42,50042,42,60.0,,solved,,0.005674,cpsat_transport_capacity_relaxation_empty_repositioning_relaxed,OR-Tools CP-SAT,optimal,3,2,2,2,14.000000,14.000000,not_available,14.000000,15.000000,15.000000,not_logged_by_exact_worker,7.142857,0.002576,0.002008,1.282450,true,false,Tiny branch-bound rows are exact over the project simulator. Other rows are CP-SAT transport-capacity relaxation; empty AGV repositioning/path conflicts are relaxed.
exact|rush_job|J3|M2|A2|O2|51,2026-06-03T14:43:43,rush_job_J3_M2_A2_O2_seed51,J3_M2_A2_O2,rush_job,51,40051,51,60.0,,solved,,0.006776,cpsat_transport_capacity_relaxation_empty_repositioning_relaxed,OR-Tools CP-SAT,optimal,3,2,2,2,11.000000,11.000000,not_available,11.000000,15.692582,15.692582,not_logged_by_exact_worker,42.659840,0.003714,0.001879,1.976530,true,false,Tiny branch-bound rows are exact over the project simulator. Other rows are CP-SAT transport-capacity relaxation; empty AGV repositioning/path conflicts are relaxed.
exact|mixed|J3|M2|A2|O2|43,2026-06-03T14:43:43,mixed_J3_M2_A2_O2_seed43,J3_M2_A2_O2,mixed,43,50043,43,60.0,,solved,,0.005321,cpsat_transport_capacity_relaxation_empty_repositioning_relaxed,OR-Tools CP-SAT,optimal,3,2,2,2,13.000000,13.000000,not_available,13.000000,17.692582,17.692582,not_logged_by_exact_worker,36.096788,0.002412,0.001805,1.336177,true,false,Tiny branch-bound rows are exact over the project simulator. Other rows are CP-SAT transport-capacity relaxation; empty AGV repositioning/path conflicts are relaxed.
exact|mixed|J3|M2|A2|O2|45,2026-06-03T14:43:43,mixed_J3_M2_A2_O2_seed45,J3_M2_A2_O2,mixed,45,50045,45,60.0,,solved,,0.004812,cpsat_transport_capacity_relaxation_empty_repositioning_relaxed,OR-Tools CP-SAT,optimal,3,2,2,2,10.000000,10.000000,not_available,10.000000,17.692582,17.692582,not_logged_by_exact_worker,76.925824,0.001913,0.001885,1.014853,true,false,Tiny branch-bound rows are exact over the project simulator. Other rows are CP-SAT transport-capacity relaxation; empty AGV repositioning/path conflicts are relaxed.
exact|mixed|J3|M2|A2|O2|44,2026-06-03T14:43:43,mixed_J3_M2_A2_O2_seed44,J3_M2_A2_O2,mixed,44,50044,44,60.0,,solved,,0.005461,cpsat_transport_capacity_relaxation_empty_repositioning_relaxed,OR-Tools CP-SAT,optimal,3,2,2,2,13.000000,13.000000,not_available,13.000000,22.298134,22.298134,not_logged_by_exact_worker,71.524105,0.002366,0.002085,1.134935,true,false,Tiny branch-bound rows are exact over the project simulator. Other rows are CP-SAT transport-capacity relaxation; empty AGV repositioning/path conflicts are relaxed.
exact|mixed|J3|M2|A2|O2|46,2026-06-03T14:43:43,mixed_J3_M2_A2_O2_seed46,J3_M2_A2_O2,mixed,46,50046,46,60.0,,solved,,0.004788,cpsat_transport_capacity_relaxation_empty_repositioning_relaxed,OR-Tools CP-SAT,optimal,3,2,2,2,26.000000,26.000000,not_available,26.000000,28.692582,28.692582,not_logged_by_exact_worker,10.356086,0.002121,0.001675,1.266388,true,false,Tiny branch-bound rows are exact over the project simulator. Other rows are CP-SAT transport-capacity relaxation; empty AGV repositioning/path conflicts are relaxed.
exact|mixed|J3|M2|A2|O2|47,2026-06-03T14:43:43,mixed_J3_M2_A2_O2_seed47,J3_M2_A2_O2,mixed,47,50047,47,60.0,,solved,,0.005528,cpsat_transport_capacity_relaxation_empty_repositioning_relaxed,OR-Tools CP-SAT,optimal,3,2,2,2,15.000000,15.000000,not_available,15.000000,20.495358,20.495358,not_logged_by_exact_worker,36.635720,0.002208,0.002284,0.966767,true,false,Tiny branch-bound rows are exact over the project simulator. Other rows are CP-SAT transport-capacity relaxation; empty AGV repositioning/path conflicts are relaxed.
exact|mixed|J3|M2|A2|O2|48,2026-06-03T14:43:43,mixed_J3_M2_A2_O2_seed48,J3_M2_A2_O2,mixed,48,50048,48,60.0,,solved,,0.004771,cpsat_transport_capacity_relaxation_empty_repositioning_relaxed,OR-Tools CP-SAT,optimal,3,2,2,2,17.000000,17.000000,not_available,17.000000,19.000000,19.000000,not_logged_by_exact_worker,11.764706,0.001680,0.002006,0.837179,true,false,Tiny branch-bound rows are exact over the project simulator. Other rows are CP-SAT transport-capacity relaxation; empty AGV repositioning/path conflicts are relaxed.
exact|mixed|J3|M2|A2|O2|49,2026-06-03T14:43:43,mixed_J3_M2_A2_O2_seed49,J3_M2_A2_O2,mixed,49,50049,49,60.0,,solved,,0.005085,cpsat_transport_capacity_relaxation_empty_repositioning_relaxed,OR-Tools CP-SAT,optimal,3,2,2,2,14.000000,14.000000,not_available,14.000000,15.000000,15.000000,not_logged_by_exact_worker,7.142857,0.002206,0.001853,1.190931,true,false,Tiny branch-bound rows are exact over the project simulator. Other rows are CP-SAT transport-capacity relaxation; empty AGV repositioning/path conflicts are relaxed.
exact|mixed|J3|M2|A2|O2|50,2026-06-03T14:43:43,mixed_J3_M2_A2_O2_seed50,J3_M2_A2_O2,mixed,50,50050,50,60.0,,solved,,0.005211,cpsat_transport_capacity_relaxation_empty_repositioning_relaxed,OR-Tools CP-SAT,optimal,3,2,2,2,9.000000,9.000000,not_available,9.000000,12.692582,12.692582,not_logged_by_exact_worker,41.028693,0.002289,0.001874,1.220977,true,false,Tiny branch-bound rows are exact over the project simulator. Other rows are CP-SAT transport-capacity relaxation; empty AGV repositioning/path conflicts are relaxed.
exact|static|J3|M2|A2|O2|42,2026-06-03T14:43:43,static_J3_M2_A2_O2_seed42,J3_M2_A2_O2,static,42,42,42,60.0,,solved,,0.004276,cpsat_transport_capacity_relaxation_empty_repositioning_relaxed,OR-Tools CP-SAT,optimal,3,2,2,2,9.000000,9.000000,not_available,9.000000,10.000000,10.000000,not_logged_by_exact_worker,11.111111,0.001904,0.001435,1.326852,true,false,Tiny branch-bound rows are exact over the project simulator. Other rows are CP-SAT transport-capacity relaxation; empty AGV repositioning/path conflicts are relaxed.
exact|static|J3|M2|A2|O2|43,2026-06-03T14:43:43,static_J3_M2_A2_O2_seed43,J3_M2_A2_O2,static,43,43,43,60.0,,solved,,0.004857,cpsat_transport_capacity_relaxation_empty_repositioning_relaxed,OR-Tools CP-SAT,optimal,3,2,2,2,9.000000,9.000000,not_available,9.000000,12.000000,12.000000,not_logged_by_exact_worker,33.333333,0.002430,0.001459,1.665821,true,false,Tiny branch-bound rows are exact over the project simulator. Other rows are CP-SAT transport-capacity relaxation; empty AGV repositioning/path conflicts are relaxed.
exact|static|J3|M2|A2|O2|44,2026-06-03T14:43:43,static_J3_M2_A2_O2_seed44,J3_M2_A2_O2,static,44,44,44,60.0,,solved,,0.004985,cpsat_transport_capacity_relaxation_empty_repositioning_relaxed,OR-Tools CP-SAT,optimal,3,2,2,2,11.800000,11.800000,not_available,11.800000,22.495358,22.495358,not_logged_by_exact_worker,90.638627,0.002527,0.001489,1.696683,true,false,Tiny branch-bound rows are exact over the project simulator. Other rows are CP-SAT transport-capacity relaxation; empty AGV repositioning/path conflicts are relaxed.
exact|static|J3|M2|A2|O2|45,2026-06-03T14:43:43,static_J3_M2_A2_O2_seed45,J3_M2_A2_O2,static,45,45,45,60.0,,solved,,0.004294,cpsat_transport_capacity_relaxation_empty_repositioning_relaxed,OR-Tools CP-SAT,optimal,3,2,2,2,6.000000,6.000000,not_available,6.000000,9.692582,9.692582,not_logged_by_exact_worker,61.543040,0.001766,0.001532,1.152751,true,false,Tiny branch-bound rows are exact over the project simulator. Other rows are CP-SAT transport-capacity relaxation; empty AGV repositioning/path conflicts are relaxed.
exact|mixed|J3|M2|A2|O2|51,2026-06-03T14:43:43,mixed_J3_M2_A2_O2_seed51,J3_M2_A2_O2,mixed,51,50051,51,60.0,,solved,,0.012891,cpsat_transport_capacity_relaxation_empty_repositioning_relaxed,OR-Tools CP-SAT,optimal,3,2,2,2,12.000000,12.000000,not_available,12.000000,13.802776,13.802776,not_logged_by_exact_worker,15.023130,0.002164,0.001919,1.127501,true,false,Tiny branch-bound rows are exact over the project simulator. Other rows are CP-SAT transport-capacity relaxation; empty AGV repositioning/path conflicts are relaxed.
exact|static|J3|M2|A2|O2|47,2026-06-03T14:43:43,static_J3_M2_A2_O2_seed47,J3_M2_A2_O2,static,47,47,47,60.0,,solved,,0.005238,cpsat_transport_capacity_relaxation_empty_repositioning_relaxed,OR-Tools CP-SAT,optimal,3,2,2,2,14.000000,14.000000,not_available,14.000000,19.692582,19.692582,not_logged_by_exact_worker,40.661303,0.002622,0.001514,1.731867,true,false,Tiny branch-bound rows are exact over the project simulator. Other rows are CP-SAT transport-capacity relaxation; empty AGV repositioning/path conflicts are relaxed.
exact|static|J3|M2|A2|O2|46,2026-06-03T14:43:43,static_J3_M2_A2_O2_seed46,J3_M2_A2_O2,static,46,46,46,60.0,,solved,,0.005853,cpsat_transport_capacity_relaxation_empty_repositioning_relaxed,OR-Tools CP-SAT,optimal,3,2,2,2,10.000000,10.000000,not_available,10.000000,14.000000,14.000000,not_logged_by_exact_worker,40.000000,0.003213,0.001468,2.188637,true,false,Tiny branch-bound rows are exact over the project simulator. Other rows are CP-SAT transport-capacity relaxation; empty AGV repositioning/path conflicts are relaxed.
exact|static|J3|M2|A2|O2|48,2026-06-03T14:43:43,static_J3_M2_A2_O2_seed48,J3_M2_A2_O2,static,48,48,48,60.0,,solved,,0.005910,cpsat_transport_capacity_relaxation_empty_repositioning_relaxed,OR-Tools CP-SAT,optimal,3,2,2,2,8.000000,8.000000,not_available,8.000000,9.000000,9.000000,not_logged_by_exact_worker,12.500000,0.003236,0.001538,2.104045,true,false,Tiny branch-bound rows are exact over the project simulator. Other rows are CP-SAT transport-capacity relaxation; empty AGV repositioning/path conflicts are relaxed.
exact|static|J3|M2|A2|O2|51,2026-06-03T14:43:43,static_J3_M2_A2_O2_seed51,J3_M2_A2_O2,static,51,51,51,60.0,,solved,,0.004580,cpsat_transport_capacity_relaxation_empty_repositioning_relaxed,OR-Tools CP-SAT,optimal,3,2,2,2,8.000000,8.000000,not_available,8.000000,10.692582,10.692582,not_logged_by_exact_worker,33.657280,0.002195,0.001397,1.570744,true,false,Tiny branch-bound rows are exact over the project simulator. Other rows are CP-SAT transport-capacity relaxation; empty AGV repositioning/path conflicts are relaxed.
exact|static|J3|M2|A2|O2|50,2026-06-03T14:43:43,static_J3_M2_A2_O2_seed50,J3_M2_A2_O2,static,50,50,50,60.0,,solved,,0.004859,cpsat_transport_capacity_relaxation_empty_repositioning_relaxed,OR-Tools CP-SAT,optimal,3,2,2,2,7.000000,7.000000,not_available,7.000000,9.000000,9.000000,not_logged_by_exact_worker,28.571429,0.002387,0.001484,1.608789,true,false,Tiny branch-bound rows are exact over the project simulator. Other rows are CP-SAT transport-capacity relaxation; empty AGV repositioning/path conflicts are relaxed.
exact|static|J3|M2|A2|O2|49,2026-06-03T14:43:43,static_J3_M2_A2_O2_seed49,J3_M2_A2_O2,static,49,49,49,60.0,,solved,,0.005639,cpsat_transport_capacity_relaxation_empty_repositioning_relaxed,OR-Tools CP-SAT,optimal,3,2,2,2,5.000000,5.000000,not_available,5.000000,8.692582,8.692582,not_logged_by_exact_worker,73.851648,0.003117,0.001443,2.160832,true,false,Tiny branch-bound rows are exact over the project simulator. Other rows are CP-SAT transport-capacity relaxation; empty AGV repositioning/path conflicts are relaxed.
exact|breakdown|J3|M2|A2|O3|42,2026-06-03T14:43:43,breakdown_J3_M2_A2_O3_seed42,J3_M2_A2_O3,breakdown,42,30042,42,60.0,,solved,,0.004934,cpsat_transport_capacity_relaxation_empty_repositioning_relaxed,OR-Tools CP-SAT,optimal,3,2,2,3,20.000000,20.000000,not_available,20.000000,21.000000,21.000000,not_logged_by_exact_worker,5.000000,0.001583,0.002323,0.681259,true,false,Tiny branch-bound rows are exact over the project simulator. Other rows are CP-SAT transport-capacity relaxation; empty AGV repositioning/path conflicts are relaxed.
exact|breakdown|J3|M2|A2|O3|43,2026-06-03T14:43:43,breakdown_J3_M2_A2_O3_seed43,J3_M2_A2_O3,breakdown,43,30043,43,60.0,,solved,,0.004536,cpsat_transport_capacity_relaxation_empty_repositioning_relaxed,OR-Tools CP-SAT,optimal,3,2,2,3,15.800000,15.800000,not_available,15.800000,18.605551,18.605551,not_logged_by_exact_worker,17.756654,0.001317,0.001963,0.670929,true,false,Tiny branch-bound rows are exact over the project simulator. Other rows are CP-SAT transport-capacity relaxation; empty AGV repositioning/path conflicts are relaxed.
exact|breakdown|J3|M2|A2|O3|44,2026-06-03T14:43:43,breakdown_J3_M2_A2_O3_seed44,J3_M2_A2_O3,breakdown,44,30044,44,60.0,,solved,,0.004463,cpsat_transport_capacity_relaxation_empty_repositioning_relaxed,OR-Tools CP-SAT,optimal,3,2,2,3,20.000000,20.000000,not_available,20.000000,22.692582,22.692582,not_logged_by_exact_worker,13.462912,0.001493,0.001922,0.776766,true,false,Tiny branch-bound rows are exact over the project simulator. Other rows are CP-SAT transport-capacity relaxation; empty AGV repositioning/path conflicts are relaxed.
exact|breakdown|J3|M2|A2|O3|45,2026-06-03T14:43:43,breakdown_J3_M2_A2_O3_seed45,J3_M2_A2_O3,breakdown,45,30045,45,60.0,,solved,,0.004433,cpsat_transport_capacity_relaxation_empty_repositioning_relaxed,OR-Tools CP-SAT,optimal,3,2,2,3,13.000000,13.000000,not_available,13.000000,17.495358,17.495358,not_logged_by_exact_worker,34.579677,0.001422,0.001950,0.729385,true,false,Tiny branch-bound rows are exact over the project simulator. Other rows are CP-SAT transport-capacity relaxation; empty AGV repositioning/path conflicts are relaxed.
exact|breakdown|J3|M2|A2|O3|46,2026-06-03T14:43:43,breakdown_J3_M2_A2_O3_seed46,J3_M2_A2_O3,breakdown,46,30046,46,60.0,,solved,,0.003578,cpsat_transport_capacity_relaxation_empty_repositioning_relaxed,OR-Tools CP-SAT,optimal,3,2,2,3,38.000000,38.000000,not_available,38.000000,40.692582,40.692582,not_logged_by_exact_worker,7.085743,0.001033,0.001583,0.652701,true,false,Tiny branch-bound rows are exact over the project simulator. Other rows are CP-SAT transport-capacity relaxation; empty AGV repositioning/path conflicts are relaxed.
exact|breakdown|J3|M2|A2|O3|48,2026-06-03T14:43:43,breakdown_J3_M2_A2_O3_seed48,J3_M2_A2_O3,breakdown,48,30048,48,60.0,,solved,,0.003640,cpsat_transport_capacity_relaxation_empty_repositioning_relaxed,OR-Tools CP-SAT,optimal,3,2,2,3,25.000000,25.000000,not_available,25.000000,26.000000,26.000000,not_logged_by_exact_worker,4.000000,0.000908,0.001778,0.510375,true,false,Tiny branch-bound rows are exact over the project simulator. Other rows are CP-SAT transport-capacity relaxation; empty AGV repositioning/path conflicts are relaxed.
exact|breakdown|J3|M2|A2|O3|49,2026-06-03T14:43:43,breakdown_J3_M2_A2_O3_seed49,J3_M2_A2_O3,breakdown,49,30049,49,60.0,,solved,,0.003832,cpsat_transport_capacity_relaxation_empty_repositioning_relaxed,OR-Tools CP-SAT,optimal,3,2,2,3,24.000000,24.000000,not_available,24.000000,25.000000,25.000000,not_logged_by_exact_worker,4.166667,0.000965,0.001853,0.520855,true,false,Tiny branch-bound rows are exact over the project simulator. Other rows are CP-SAT transport-capacity relaxation; empty AGV repositioning/path conflicts are relaxed.
exact|breakdown|J3|M2|A2|O3|47,2026-06-03T14:43:43,breakdown_J3_M2_A2_O3_seed47,J3_M2_A2_O3,breakdown,47,30047,47,60.0,,solved,,0.004657,cpsat_transport_capacity_relaxation_empty_repositioning_relaxed,OR-Tools CP-SAT,optimal,3,2,2,3,22.000000,22.000000,not_available,22.000000,24.692582,24.692582,not_logged_by_exact_worker,12.239011,0.001371,0.002266,0.605012,true,false,Tiny branch-bound rows are exact over the project simulator. Other rows are CP-SAT transport-capacity relaxation; empty AGV repositioning/path conflicts are relaxed.
exact|breakdown|J3|M2|A2|O3|50,2026-06-03T14:43:43,breakdown_J3_M2_A2_O3_seed50,J3_M2_A2_O3,breakdown,50,30050,50,60.0,,solved,,0.003960,cpsat_transport_capacity_relaxation_empty_repositioning_relaxed,OR-Tools CP-SAT,optimal,3,2,2,3,14.000000,14.000000,not_available,14.000000,16.692582,16.692582,not_logged_by_exact_worker,19.232731,0.001062,0.001871,0.567542,true,false,Tiny branch-bound rows are exact over the project simulator. Other rows are CP-SAT transport-capacity relaxation; empty AGV repositioning/path conflicts are relaxed.
exact|breakdown|J3|M2|A2|O3|51,2026-06-03T14:43:43,breakdown_J3_M2_A2_O3_seed51,J3_M2_A2_O3,breakdown,51,30051,51,60.0,,solved,,0.003761,cpsat_transport_capacity_relaxation_empty_repositioning_relaxed,OR-Tools CP-SAT,optimal,3,2,2,3,20.000000,20.000000,not_available,20.000000,21.000000,21.000000,not_logged_by_exact_worker,5.000000,0.000985,0.001743,0.565035,true,false,Tiny branch-bound rows are exact over the project simulator. Other rows are CP-SAT transport-capacity relaxation; empty AGV repositioning/path conflicts are relaxed.
exact|rush_job|J3|M2|A2|O3|42,2026-06-03T14:43:43,rush_job_J3_M2_A2_O3_seed42,J3_M2_A2_O3,rush_job,42,40042,42,60.0,,solved,,0.008829,cpsat_transport_capacity_relaxation_empty_repositioning_relaxed,OR-Tools CP-SAT,optimal,3,2,2,3,15.000000,15.000000,not_available,15.000000,22.495358,22.495358,not_logged_by_exact_worker,49.969054,0.004611,0.002967,1.554024,true,false,Tiny branch-bound rows are exact over the project simulator. Other rows are CP-SAT transport-capacity relaxation; empty AGV repositioning/path conflicts are relaxed.
exact|rush_job|J3|M2|A2|O3|43,2026-06-03T14:43:43,rush_job_J3_M2_A2_O3_seed43,J3_M2_A2_O3,rush_job,43,40043,43,60.0,,solved,,0.010350,cpsat_transport_capacity_relaxation_empty_repositioning_relaxed,OR-Tools CP-SAT,optimal,3,2,2,3,15.000000,15.000000,not_available,15.000000,18.077747,18.077747,not_logged_by_exact_worker,20.518315,0.006281,0.002695,2.330674,true,false,Tiny branch-bound rows are exact over the project simulator. Other rows are CP-SAT transport-capacity relaxation; empty AGV repositioning/path conflicts are relaxed.
exact|rush_job|J3|M2|A2|O3|45,2026-06-03T14:43:43,rush_job_J3_M2_A2_O3_seed45,J3_M2_A2_O3,rush_job,45,40045,45,60.0,,solved,,0.008385,cpsat_transport_capacity_relaxation_empty_repositioning_relaxed,OR-Tools CP-SAT,optimal,3,2,2,3,11.000000,11.000000,not_available,11.000000,16.000000,16.000000,not_logged_by_exact_worker,45.454545,0.004348,0.002761,1.574497,true,false,Tiny branch-bound rows are exact over the project simulator. Other rows are CP-SAT transport-capacity relaxation; empty AGV repositioning/path conflicts are relaxed.
exact|rush_job|J3|M2|A2|O3|44,2026-06-03T14:43:43,rush_job_J3_M2_A2_O3_seed44,J3_M2_A2_O3,rush_job,44,40044,44,60.0,,solved,,0.009869,cpsat_transport_capacity_relaxation_empty_repositioning_relaxed,OR-Tools CP-SAT,optimal,3,2,2,3,15.800000,15.800000,not_available,15.800000,23.495358,23.495358,not_logged_by_exact_worker,48.704798,0.005780,0.002801,2.063518,true,false,Tiny branch-bound rows are exact over the project simulator. Other rows are CP-SAT transport-capacity relaxation; empty AGV repositioning/path conflicts are relaxed.
exact|rush_job|J3|M2|A2|O3|48,2026-06-03T14:43:43,rush_job_J3_M2_A2_O3_seed48,J3_M2_A2_O3,rush_job,48,40048,48,60.0,,solved,,0.009095,cpsat_transport_capacity_relaxation_empty_repositioning_relaxed,OR-Tools CP-SAT,optimal,3,2,2,3,13.000000,13.000000,not_available,13.000000,24.495358,24.495358,not_logged_by_exact_worker,88.425831,0.004996,0.002583,1.934560,true,false,Tiny branch-bound rows are exact over the project simulator. Other rows are CP-SAT transport-capacity relaxation; empty AGV repositioning/path conflicts are relaxed.
exact|rush_job|J3|M2|A2|O3|47,2026-06-03T14:43:43,rush_job_J3_M2_A2_O3_seed47,J3_M2_A2_O3,rush_job,47,40047,47,60.0,,solved,,0.011067,cpsat_transport_capacity_relaxation_empty_repositioning_relaxed,OR-Tools CP-SAT,optimal,3,2,2,3,22.000000,22.000000,not_available,22.000000,28.495358,28.495358,not_logged_by_exact_worker,29.524355,0.006672,0.002979,2.240046,true,false,Tiny branch-bound rows are exact over the project simulator. Other rows are CP-SAT transport-capacity relaxation; empty AGV repositioning/path conflicts are relaxed.
exact|rush_job|J3|M2|A2|O3|49,2026-06-03T14:43:43,rush_job_J3_M2_A2_O3_seed49,J3_M2_A2_O3,rush_job,49,40049,49,60.0,,solved,,0.010957,cpsat_transport_capacity_relaxation_empty_repositioning_relaxed,OR-Tools CP-SAT,optimal,3,2,2,3,14.800000,14.800000,not_available,14.800000,17.692582,17.692582,not_logged_by_exact_worker,19.544476,0.006574,0.002965,2.217141,true,false,Tiny branch-bound rows are exact over the project simulator. Other rows are CP-SAT transport-capacity relaxation; empty AGV repositioning/path conflicts are relaxed.
exact|rush_job|J3|M2|A2|O3|46,2026-06-03T14:43:43,rush_job_J3_M2_A2_O3_seed46,J3_M2_A2_O3,rush_job,46,40046,46,60.0,,solved,,0.015551,cpsat_transport_capacity_relaxation_empty_repositioning_relaxed,OR-Tools CP-SAT,optimal,3,2,2,3,15.000000,15.000000,not_available,15.000000,20.000000,20.000000,not_logged_by_exact_worker,33.333333,0.011151,0.002764,4.034152,true,false,Tiny branch-bound rows are exact over the project simulator. Other rows are CP-SAT transport-capacity relaxation; empty AGV repositioning/path conflicts are relaxed.
exact|mixed|J3|M2|A2|O3|42,2026-06-03T14:43:43,mixed_J3_M2_A2_O3_seed42,J3_M2_A2_O3,mixed,42,50042,42,60.0,,solved,,0.006703,cpsat_transport_capacity_relaxation_empty_repositioning_relaxed,OR-Tools CP-SAT,optimal,3,2,2,3,20.000000,20.000000,not_available,20.000000,22.605551,22.605551,not_logged_by_exact_worker,13.027756,0.002712,0.002748,0.986973,true,false,Tiny branch-bound rows are exact over the project simulator. Other rows are CP-SAT transport-capacity relaxation; empty AGV repositioning/path conflicts are relaxed.
exact|rush_job|J3|M2|A2|O3|50,2026-06-03T14:43:43,rush_job_J3_M2_A2_O3_seed50,J3_M2_A2_O3,rush_job,50,40050,50,60.0,,solved,,0.010153,cpsat_transport_capacity_relaxation_empty_repositioning_relaxed,OR-Tools CP-SAT,optimal,3,2,2,3,11.000000,11.000000,not_available,11.000000,15.692582,15.692582,not_logged_by_exact_worker,42.659840,0.006141,0.002694,2.279780,true,false,Tiny branch-bound rows are exact over the project simulator. Other rows are CP-SAT transport-capacity relaxation; empty AGV repositioning/path conflicts are relaxed.
exact|mixed|J3|M2|A2|O3|43,2026-06-03T14:43:43,mixed_J3_M2_A2_O3_seed43,J3_M2_A2_O3,mixed,43,50043,43,60.0,,solved,,0.006426,cpsat_transport_capacity_relaxation_empty_repositioning_relaxed,OR-Tools CP-SAT,optimal,3,2,2,3,15.800000,15.800000,not_available,15.800000,19.692582,19.692582,not_logged_by_exact_worker,24.636597,0.002689,0.002529,1.063595,true,false,Tiny branch-bound rows are exact over the project simulator. Other rows are CP-SAT transport-capacity relaxation; empty AGV repositioning/path conflicts are relaxed.
exact|mixed|J3|M2|A2|O3|44,2026-06-03T14:43:43,mixed_J3_M2_A2_O3_seed44,J3_M2_A2_O3,mixed,44,50044,44,60.0,,solved,,0.006593,cpsat_transport_capacity_relaxation_empty_repositioning_relaxed,OR-Tools CP-SAT,optimal,3,2,2,3,20.000000,20.000000,not_available,20.000000,22.692582,22.692582,not_logged_by_exact_worker,13.462912,0.002826,0.002596,1.088601,true,false,Tiny branch-bound rows are exact over the project simulator. Other rows are CP-SAT transport-capacity relaxation; empty AGV repositioning/path conflicts are relaxed.
exact|mixed|J3|M2|A2|O3|46,2026-06-03T14:43:43,mixed_J3_M2_A2_O3_seed46,J3_M2_A2_O3,mixed,46,50046,46,60.0,,solved,,0.005699,cpsat_transport_capacity_relaxation_empty_repositioning_relaxed,OR-Tools CP-SAT,optimal,3,2,2,3,38.000000,38.000000,not_available,38.000000,40.692582,40.692582,not_logged_by_exact_worker,7.085743,0.002319,0.002205,1.052118,true,false,Tiny branch-bound rows are exact over the project simulator. Other rows are CP-SAT transport-capacity relaxation; empty AGV repositioning/path conflicts are relaxed.
exact|mixed|J3|M2|A2|O3|45,2026-06-03T14:43:43,mixed_J3_M2_A2_O3_seed45,J3_M2_A2_O3,mixed,45,50045,45,60.0,,solved,,0.006465,cpsat_transport_capacity_relaxation_empty_repositioning_relaxed,OR-Tools CP-SAT,optimal,3,2,2,3,13.000000,13.000000,not_available,13.000000,19.495358,19.495358,not_logged_by_exact_worker,49.964293,0.002644,0.002552,1.035808,true,false,Tiny branch-bound rows are exact over the project simulator. Other rows are CP-SAT transport-capacity relaxation; empty AGV repositioning/path conflicts are relaxed.
exact|rush_job|J3|M2|A2|O3|51,2026-06-03T14:43:43,rush_job_J3_M2_A2_O3_seed51,J3_M2_A2_O3,rush_job,51,40051,51,60.0,,solved,,0.018113,cpsat_transport_capacity_relaxation_empty_repositioning_relaxed,OR-Tools CP-SAT,optimal,3,2,2,3,13.000000,13.000000,not_available,13.000000,16.000000,16.000000,not_logged_by_exact_worker,23.076923,0.013810,0.002771,4.983904,true,false,Tiny branch-bound rows are exact over the project simulator. Other rows are CP-SAT transport-capacity relaxation; empty AGV repositioning/path conflicts are relaxed.
exact|mixed|J3|M2|A2|O3|48,2026-06-03T14:43:43,mixed_J3_M2_A2_O3_seed48,J3_M2_A2_O3,mixed,48,50048,48,60.0,,solved,,0.006105,cpsat_transport_capacity_relaxation_empty_repositioning_relaxed,OR-Tools CP-SAT,optimal,3,2,2,3,25.000000,25.000000,not_available,25.000000,27.000000,27.000000,not_logged_by_exact_worker,8.000000,0.002290,0.002675,0.855861,true,false,Tiny branch-bound rows are exact over the project simulator. Other rows are CP-SAT transport-capacity relaxation; empty AGV repositioning/path conflicts are relaxed.
exact|mixed|J3|M2|A2|O3|49,2026-06-03T14:43:43,mixed_J3_M2_A2_O3_seed49,J3_M2_A2_O3,mixed,49,50049,49,60.0,,solved,,0.006243,cpsat_transport_capacity_relaxation_empty_repositioning_relaxed,OR-Tools CP-SAT,optimal,3,2,2,3,24.000000,24.000000,not_available,24.000000,25.000000,25.000000,not_logged_by_exact_worker,4.166667,0.002595,0.002452,1.058320,true,false,Tiny branch-bound rows are exact over the project simulator. Other rows are CP-SAT transport-capacity relaxation; empty AGV repositioning/path conflicts are relaxed.
exact|mixed|J3|M2|A2|O3|47,2026-06-03T14:43:43,mixed_J3_M2_A2_O3_seed47,J3_M2_A2_O3,mixed,47,50047,47,60.0,,solved,,0.007502,cpsat_transport_capacity_relaxation_empty_repositioning_relaxed,OR-Tools CP-SAT,optimal,3,2,2,3,22.000000,22.000000,not_available,22.000000,27.495358,27.495358,not_logged_by_exact_worker,24.978900,0.002941,0.003309,0.888644,true,false,Tiny branch-bound rows are exact over the project simulator. Other rows are CP-SAT transport-capacity relaxation; empty AGV repositioning/path conflicts are relaxed.
exact|mixed|J3|M2|A2|O3|50,2026-06-03T14:43:43,mixed_J3_M2_A2_O3_seed50,J3_M2_A2_O3,mixed,50,50050,50,60.0,,solved,,0.006877,cpsat_transport_capacity_relaxation_empty_repositioning_relaxed,OR-Tools CP-SAT,optimal,3,2,2,3,14.000000,14.000000,not_available,14.000000,18.692582,18.692582,not_logged_by_exact_worker,33.518446,0.002942,0.002577,1.141776,true,false,Tiny branch-bound rows are exact over the project simulator. Other rows are CP-SAT transport-capacity relaxation; empty AGV repositioning/path conflicts are relaxed.
exact|mixed|J3|M2|A2|O3|51,2026-06-03T14:43:43,mixed_J3_M2_A2_O3_seed51,J3_M2_A2_O3,mixed,51,50051,51,60.0,,solved,,0.006173,cpsat_transport_capacity_relaxation_empty_repositioning_relaxed,OR-Tools CP-SAT,optimal,3,2,2,3,20.000000,20.000000,not_available,20.000000,21.605551,21.605551,not_logged_by_exact_worker,8.027756,0.002507,0.002521,0.994565,true,false,Tiny branch-bound rows are exact over the project simulator. Other rows are CP-SAT transport-capacity relaxation; empty AGV repositioning/path conflicts are relaxed.
exact|static|J3|M2|A2|O3|42,2026-06-03T14:43:43,static_J3_M2_A2_O3_seed42,J3_M2_A2_O3,static,42,42,42,60.0,,solved,,0.005761,cpsat_transport_capacity_relaxation_empty_repositioning_relaxed,OR-Tools CP-SAT,optimal,3,2,2,3,12.000000,12.000000,not_available,12.000000,17.605551,17.605551,not_logged_by_exact_worker,46.712927,0.002390,0.002199,1.086672,true,false,Tiny branch-bound rows are exact over the project simulator. Other rows are CP-SAT transport-capacity relaxation; empty AGV repositioning/path conflicts are relaxed.
exact|static|J3|M2|A2|O3|43,2026-06-03T14:43:43,static_J3_M2_A2_O3_seed43,J3_M2_A2_O3,static,43,43,43,60.0,,solved,,0.007520,cpsat_transport_capacity_relaxation_empty_repositioning_relaxed,OR-Tools CP-SAT,optimal,3,2,2,3,14.800000,14.800000,not_available,14.800000,16.802776,16.802776,not_logged_by_exact_worker,13.532268,0.004189,0.002097,1.997616,true,false,Tiny branch-bound rows are exact over the project simulator. Other rows are CP-SAT transport-capacity relaxation; empty AGV repositioning/path conflicts are relaxed.
exact|static|J3|M2|A2|O3|44,2026-06-03T14:43:43,static_J3_M2_A2_O3_seed44,J3_M2_A2_O3,static,44,44,44,60.0,,solved,,0.007135,cpsat_transport_capacity_relaxation_empty_repositioning_relaxed,OR-Tools CP-SAT,optimal,3,2,2,3,15.000000,15.000000,not_available,15.000000,21.495358,21.495358,not_logged_by_exact_worker,43.302387,0.003821,0.002163,1.766506,true,false,Tiny branch-bound rows are exact over the project simulator. Other rows are CP-SAT transport-capacity relaxation; empty AGV repositioning/path conflicts are relaxed.
exact|static|J3|M2|A2|O3|45,2026-06-03T14:43:43,static_J3_M2_A2_O3_seed45,J3_M2_A2_O3,static,45,45,45,60.0,,solved,,0.006557,cpsat_transport_capacity_relaxation_empty_repositioning_relaxed,OR-Tools CP-SAT,optimal,3,2,2,3,9.800000,9.800000,not_available,9.800000,14.495358,14.495358,not_logged_by_exact_worker,47.911817,0.003290,0.002113,1.557049,true,false,Tiny branch-bound rows are exact over the project simulator. Other rows are CP-SAT transport-capacity relaxation; empty AGV repositioning/path conflicts are relaxed.
exact|static|J3|M2|A2|O3|46,2026-06-03T14:43:43,static_J3_M2_A2_O3_seed46,J3_M2_A2_O3,static,46,46,46,60.0,,solved,,0.008979,cpsat_transport_capacity_relaxation_empty_repositioning_relaxed,OR-Tools CP-SAT,optimal,3,2,2,3,13.800000,13.800000,not_available,13.800000,20.000000,20.000000,not_logged_by_exact_worker,44.927536,0.005538,0.002024,2.736278,true,false,Tiny branch-bound rows are exact over the project simulator. Other rows are CP-SAT transport-capacity relaxation; empty AGV repositioning/path conflicts are relaxed.
exact|static|J3|M2|A2|O3|47,2026-06-03T14:43:43,static_J3_M2_A2_O3_seed47,J3_M2_A2_O3,static,47,47,47,60.0,,solved,,0.007628,cpsat_transport_capacity_relaxation_empty_repositioning_relaxed,OR-Tools CP-SAT,optimal,3,2,2,3,22.000000,22.000000,not_available,22.000000,28.495358,28.495358,not_logged_by_exact_worker,29.524355,0.004245,0.002199,1.930911,true,false,Tiny branch-bound rows are exact over the project simulator. Other rows are CP-SAT transport-capacity relaxation; empty AGV repositioning/path conflicts are relaxed.
exact|static|J3|M2|A2|O3|48,2026-06-03T14:43:43,static_J3_M2_A2_O3_seed48,J3_M2_A2_O3,static,48,48,48,60.0,,solved,,0.007394,cpsat_transport_capacity_relaxation_empty_repositioning_relaxed,OR-Tools CP-SAT,optimal,3,2,2,3,13.000000,13.000000,not_available,13.000000,24.495358,24.495358,not_logged_by_exact_worker,88.425831,0.004066,0.002033,1.999656,true,false,Tiny branch-bound rows are exact over the project simulator. Other rows are CP-SAT transport-capacity relaxation; empty AGV repositioning/path conflicts are relaxed.
exact|static|J3|M2|A2|O3|49,2026-06-03T14:43:43,static_J3_M2_A2_O3_seed49,J3_M2_A2_O3,static,49,49,49,60.0,,solved,,0.007522,cpsat_transport_capacity_relaxation_empty_repositioning_relaxed,OR-Tools CP-SAT,optimal,3,2,2,3,14.800000,14.800000,not_available,14.800000,18.692582,18.692582,not_logged_by_exact_worker,26.301232,0.004118,0.002204,1.868675,true,false,Tiny branch-bound rows are exact over the project simulator. Other rows are CP-SAT transport-capacity relaxation; empty AGV repositioning/path conflicts are relaxed.
exact|breakdown|J3|M3|A1|O2|42,2026-06-03T14:43:43,breakdown_J3_M3_A1_O2_seed42,J3_M3_A1_O2,breakdown,42,30042,42,60.0,,solved,,0.003626,cpsat_transport_capacity_relaxation_empty_repositioning_relaxed,OR-Tools CP-SAT,optimal,3,3,1,2,12.000000,12.000000,not_available,12.000000,20.486074,20.486074,not_logged_by_exact_worker,70.717284,0.001055,0.001549,0.681146,true,false,Tiny branch-bound rows are exact over the project simulator. Other rows are CP-SAT transport-capacity relaxation; empty AGV repositioning/path conflicts are relaxed.
exact|static|J3|M2|A2|O3|50,2026-06-03T14:43:43,static_J3_M2_A2_O3_seed50,J3_M2_A2_O3,static,50,50,50,60.0,,solved,,0.006906,cpsat_transport_capacity_relaxation_empty_repositioning_relaxed,OR-Tools CP-SAT,optimal,3,2,2,3,10.600000,10.600000,not_available,10.600000,12.802776,12.802776,not_logged_by_exact_worker,20.780902,0.003657,0.002036,1.796208,true,false,Tiny branch-bound rows are exact over the project simulator. Other rows are CP-SAT transport-capacity relaxation; empty AGV repositioning/path conflicts are relaxed.
exact|static|J3|M2|A2|O3|51,2026-06-03T14:43:43,static_J3_M2_A2_O3_seed51,J3_M2_A2_O3,static,51,51,51,60.0,,solved,,0.007591,cpsat_transport_capacity_relaxation_empty_repositioning_relaxed,OR-Tools CP-SAT,optimal,3,2,2,3,11.000000,11.000000,not_available,11.000000,13.692582,13.692582,not_logged_by_exact_worker,24.478022,0.004418,0.001976,2.235666,true,false,Tiny branch-bound rows are exact over the project simulator. Other rows are CP-SAT transport-capacity relaxation; empty AGV repositioning/path conflicts are relaxed.
exact|breakdown|J3|M3|A1|O2|43,2026-06-03T14:43:43,breakdown_J3_M3_A1_O2_seed43,J3_M3_A1_O2,breakdown,43,30043,43,60.0,,solved,,0.003820,cpsat_transport_capacity_relaxation_empty_repositioning_relaxed,OR-Tools CP-SAT,optimal,3,3,1,2,10.800000,10.800000,not_available,10.800000,25.596267,25.596267,not_logged_by_exact_worker,137.002476,0.001325,0.001584,0.836100,true,false,Tiny branch-bound rows are exact over the project simulator. Other rows are CP-SAT transport-capacity relaxation; empty AGV repositioning/path conflicts are relaxed.
exact|breakdown|J3|M3|A1|O2|45,2026-06-03T14:43:43,breakdown_J3_M3_A1_O2_seed45,J3_M3_A1_O2,breakdown,45,30045,45,60.0,,solved,,0.002780,cpsat_transport_capacity_relaxation_empty_repositioning_relaxed,OR-Tools CP-SAT,optimal,3,3,1,2,4.000000,4.000000,not_available,4.000000,14.385165,14.385165,not_logged_by_exact_worker,259.629120,0.000705,0.001206,0.584694,true,false,Tiny branch-bound rows are exact over the project simulator. Other rows are CP-SAT transport-capacity relaxation; empty AGV repositioning/path conflicts are relaxed.
exact|breakdown|J3|M3|A1|O2|44,2026-06-03T14:43:43,breakdown_J3_M3_A1_O2_seed44,J3_M3_A1_O2,breakdown,44,30044,44,60.0,,solved,,0.003919,cpsat_transport_capacity_relaxation_empty_repositioning_relaxed,OR-Tools CP-SAT,optimal,3,3,1,2,9.000000,9.000000,not_available,9.000000,22.385165,22.385165,not_logged_by_exact_worker,148.724053,0.001556,0.001425,1.091336,true,false,Tiny branch-bound rows are exact over the project simulator. Other rows are CP-SAT transport-capacity relaxation; empty AGV repositioning/path conflicts are relaxed.
exact|breakdown|J3|M3|A1|O2|46,2026-06-03T14:43:43,breakdown_J3_M3_A1_O2_seed46,J3_M3_A1_O2,breakdown,46,30046,46,60.0,,solved,,0.003063,cpsat_transport_capacity_relaxation_empty_repositioning_relaxed,OR-Tools CP-SAT,optimal,3,3,1,2,11.800000,11.800000,not_available,11.800000,14.000000,14.000000,not_logged_by_exact_worker,18.644068,0.000953,0.001184,0.804306,true,false,Tiny branch-bound rows are exact over the project simulator. Other rows are CP-SAT transport-capacity relaxation; empty AGV repositioning/path conflicts are relaxed.
exact|breakdown|J3|M3|A1|O2|47,2026-06-03T14:43:43,breakdown_J3_M3_A1_O2_seed47,J3_M3_A1_O2,breakdown,47,30047,47,60.0,,solved,,0.003925,cpsat_transport_capacity_relaxation_empty_repositioning_relaxed,OR-Tools CP-SAT,optimal,3,3,1,2,14.000000,14.000000,not_available,14.000000,25.793492,25.793492,not_logged_by_exact_worker,84.239227,0.000998,0.001690,0.590449,true,false,Tiny branch-bound rows are exact over the project simulator. Other rows are CP-SAT transport-capacity relaxation; empty AGV repositioning/path conflicts are relaxed.
exact|breakdown|J3|M3|A1|O2|48,2026-06-03T14:43:43,breakdown_J3_M3_A1_O2_seed48,J3_M3_A1_O2,breakdown,48,30048,48,60.0,,solved,,0.004217,cpsat_transport_capacity_relaxation_empty_repositioning_relaxed,OR-Tools CP-SAT,optimal,3,3,1,2,8.000000,8.000000,not_available,8.000000,11.298134,11.298134,not_logged_by_exact_worker,41.226671,0.001809,0.001471,1.229154,true,false,Tiny branch-bound rows are exact over the project simulator. Other rows are CP-SAT transport-capacity relaxation; empty AGV repositioning/path conflicts are relaxed.
exact|breakdown|J3|M3|A1|O2|49,2026-06-03T14:43:43,breakdown_J3_M3_A1_O2_seed49,J3_M3_A1_O2,breakdown,49,30049,49,60.0,,solved,,0.003505,cpsat_transport_capacity_relaxation_empty_repositioning_relaxed,OR-Tools CP-SAT,optimal,3,3,1,2,11.800000,11.800000,not_available,11.800000,20.495358,20.495358,not_logged_by_exact_worker,73.689475,0.001209,0.001401,0.863221,true,false,Tiny branch-bound rows are exact over the project simulator. Other rows are CP-SAT transport-capacity relaxation; empty AGV repositioning/path conflicts are relaxed.
exact|breakdown|J3|M3|A1|O2|50,2026-06-03T14:43:43,breakdown_J3_M3_A1_O2_seed50,J3_M3_A1_O2,breakdown,50,30050,50,60.0,,solved,,0.003784,cpsat_transport_capacity_relaxation_empty_repositioning_relaxed,OR-Tools CP-SAT,optimal,3,3,1,2,7.000000,7.000000,not_available,7.000000,23.990716,23.990716,not_logged_by_exact_worker,242.724515,0.001417,0.001485,0.953946,true,false,Tiny branch-bound rows are exact over the project simulator. Other rows are CP-SAT transport-capacity relaxation; empty AGV repositioning/path conflicts are relaxed.
exact|breakdown|J3|M3|A1|O2|51,2026-06-03T14:43:43,breakdown_J3_M3_A1_O2_seed51,J3_M3_A1_O2,breakdown,51,30051,51,60.0,,solved,,0.003248,cpsat_transport_capacity_relaxation_empty_repositioning_relaxed,OR-Tools CP-SAT,optimal,3,3,1,2,13.000000,13.000000,not_available,13.000000,26.990716,26.990716,not_logged_by_exact_worker,107.620893,0.000832,0.001521,0.546847,true,false,Tiny branch-bound rows are exact over the project simulator. Other rows are CP-SAT transport-capacity relaxation; empty AGV repositioning/path conflicts are relaxed.
exact|rush_job|J3|M3|A1|O2|42,2026-06-03T14:43:43,rush_job_J3_M3_A1_O2_seed42,J3_M3_A1_O2,rush_job,42,40042,42,60.0,,solved,,0.005841,cpsat_transport_capacity_relaxation_empty_repositioning_relaxed,OR-Tools CP-SAT,optimal,3,3,1,2,11.000000,11.000000,not_available,11.000000,25.981432,25.981432,not_logged_by_exact_worker,136.194838,0.002678,0.002061,1.299398,true,false,Tiny branch-bound rows are exact over the project simulator. Other rows are CP-SAT transport-capacity relaxation; empty AGV repositioning/path conflicts are relaxed.
exact|rush_job|J3|M3|A1|O2|44,2026-06-03T14:43:43,rush_job_J3_M3_A1_O2_seed44,J3_M3_A1_O2,rush_job,44,40044,44,60.0,,solved,,0.005759,cpsat_transport_capacity_relaxation_empty_repositioning_relaxed,OR-Tools CP-SAT,optimal,3,3,1,2,9.000000,9.000000,not_available,9.000000,20.100909,20.100909,not_logged_by_exact_worker,123.343437,0.002520,0.002124,1.186732,true,false,Tiny branch-bound rows are exact over the project simulator. Other rows are CP-SAT transport-capacity relaxation; empty AGV repositioning/path conflicts are relaxed.
exact|rush_job|J3|M3|A1|O2|45,2026-06-03T14:43:43,rush_job_J3_M3_A1_O2_seed45,J3_M3_A1_O2,rush_job,45,40045,45,60.0,,solved,,0.005243,cpsat_transport_capacity_relaxation_empty_repositioning_relaxed,OR-Tools CP-SAT,optimal,3,3,1,2,6.000000,6.000000,not_available,6.000000,21.385165,21.385165,not_logged_by_exact_worker,256.419413,0.002169,0.001968,1.102257,true,false,Tiny branch-bound rows are exact over the project simulator. Other rows are CP-SAT transport-capacity relaxation; empty AGV repositioning/path conflicts are relaxed.
exact|rush_job|J3|M3|A1|O2|43,2026-06-03T14:43:43,rush_job_J3_M3_A1_O2_seed43,J3_M3_A1_O2,rush_job,43,40043,43,60.0,,solved,,0.008589,cpsat_transport_capacity_relaxation_empty_repositioning_relaxed,OR-Tools CP-SAT,optimal,3,3,1,2,10.000000,10.000000,not_available,10.000000,32.990716,32.990716,not_logged_by_exact_worker,229.907161,0.004870,0.002373,2.052086,true,false,Tiny branch-bound rows are exact over the project simulator. Other rows are CP-SAT transport-capacity relaxation; empty AGV repositioning/path conflicts are relaxed.
exact|rush_job|J3|M3|A1|O2|47,2026-06-03T14:43:43,rush_job_J3_M3_A1_O2_seed47,J3_M3_A1_O2,rush_job,47,40047,47,60.0,,solved,,0.006118,cpsat_transport_capacity_relaxation_empty_repositioning_relaxed,OR-Tools CP-SAT,optimal,3,3,1,2,15.000000,15.000000,not_available,15.000000,30.573105,30.573105,not_logged_by_exact_worker,103.820702,0.002891,0.002126,1.360083,true,false,Tiny branch-bound rows are exact over the project simulator. Other rows are CP-SAT transport-capacity relaxation; empty AGV repositioning/path conflicts are relaxed.
exact|rush_job|J3|M3|A1|O2|46,2026-06-03T14:43:43,rush_job_J3_M3_A1_O2_seed46,J3_M3_A1_O2,rush_job,46,40046,46,60.0,,solved,,0.007351,cpsat_transport_capacity_relaxation_empty_repositioning_relaxed,OR-Tools CP-SAT,optimal,3,3,1,2,11.000000,11.000000,not_available,11.000000,17.000000,17.000000,not_logged_by_exact_worker,54.545455,0.003891,0.002108,1.845793,true,false,Tiny branch-bound rows are exact over the project simulator. Other rows are CP-SAT transport-capacity relaxation; empty AGV repositioning/path conflicts are relaxed.
exact|rush_job|J3|M3|A1|O2|48,2026-06-03T14:43:43,rush_job_J3_M3_A1_O2_seed48,J3_M3_A1_O2,rush_job,48,40048,48,60.0,,solved,,0.007499,cpsat_transport_capacity_relaxation_empty_repositioning_relaxed,OR-Tools CP-SAT,optimal,3,3,1,2,7.800000,7.800000,not_available,7.800000,22.793492,22.793492,not_logged_by_exact_worker,192.224253,0.004038,0.002227,1.812660,true,false,Tiny branch-bound rows are exact over the project simulator. Other rows are CP-SAT transport-capacity relaxation; empty AGV repositioning/path conflicts are relaxed.
exact|rush_job|J3|M3|A1|O2|49,2026-06-03T14:43:43,rush_job_J3_M3_A1_O2_seed49,J3_M3_A1_O2,rush_job,49,40049,49,60.0,,solved,,0.007407,cpsat_transport_capacity_relaxation_empty_repositioning_relaxed,OR-Tools CP-SAT,optimal,3,3,1,2,13.000000,13.000000,not_available,13.000000,35.375881,35.375881,not_logged_by_exact_worker,172.122161,0.003828,0.002389,1.602411,true,false,Tiny branch-bound rows are exact over the project simulator. Other rows are CP-SAT transport-capacity relaxation; empty AGV repositioning/path conflicts are relaxed.
exact|rush_job|J3|M3|A1|O2|51,2026-06-03T14:43:43,rush_job_J3_M3_A1_O2_seed51,J3_M3_A1_O2,rush_job,51,40051,51,60.0,,solved,,0.005299,cpsat_transport_capacity_relaxation_empty_repositioning_relaxed,OR-Tools CP-SAT,optimal,3,3,1,2,13.000000,13.000000,not_available,13.000000,33.155494,33.155494,not_logged_by_exact_worker,155.042265,0.002140,0.002069,1.034071,true,false,Tiny branch-bound rows are exact over the project simulator. Other rows are CP-SAT transport-capacity relaxation; empty AGV repositioning/path conflicts are relaxed.
exact|mixed|J3|M3|A1|O2|42,2026-06-03T14:43:43,mixed_J3_M3_A1_O2_seed42,J3_M3_A1_O2,mixed,42,50042,42,60.0,,solved,,0.005291,cpsat_transport_capacity_relaxation_empty_repositioning_relaxed,OR-Tools CP-SAT,optimal,3,3,1,2,13.000000,13.000000,not_available,13.000000,22.486074,22.486074,not_logged_by_exact_worker,72.969801,0.002119,0.002093,1.012616,true,false,Tiny branch-bound rows are exact over the project simulator. Other rows are CP-SAT transport-capacity relaxation; empty AGV repositioning/path conflicts are relaxed.
exact|rush_job|J3|M3|A1|O2|50,2026-06-03T14:43:43,rush_job_J3_M3_A1_O2_seed50,J3_M3_A1_O2,rush_job,50,40050,50,60.0,,solved,,0.008263,cpsat_transport_capacity_relaxation_empty_repositioning_relaxed,OR-Tools CP-SAT,optimal,3,3,1,2,7.000000,7.000000,not_available,7.000000,27.596267,27.596267,not_logged_by_exact_worker,294.232391,0.004781,0.002259,2.116059,true,false,Tiny branch-bound rows are exact over the project simulator. Other rows are CP-SAT transport-capacity relaxation; empty AGV repositioning/path conflicts are relaxed.
exact|mixed|J3|M3|A1|O2|43,2026-06-03T14:43:43,mixed_J3_M3_A1_O2_seed43,J3_M3_A1_O2,mixed,43,50043,43,60.0,,solved,,0.005848,cpsat_transport_capacity_relaxation_empty_repositioning_relaxed,OR-Tools CP-SAT,optimal,3,3,1,2,10.800000,10.800000,not_available,10.800000,27.596267,27.596267,not_logged_by_exact_worker,155.520994,0.002422,0.002265,1.069322,true,false,Tiny branch-bound rows are exact over the project simulator. Other rows are CP-SAT transport-capacity relaxation; empty AGV repositioning/path conflicts are relaxed.
exact|mixed|J3|M3|A1|O2|45,2026-06-03T14:43:43,mixed_J3_M3_A1_O2_seed45,J3_M3_A1_O2,mixed,45,50045,45,60.0,,solved,,0.004506,cpsat_transport_capacity_relaxation_empty_repositioning_relaxed,OR-Tools CP-SAT,optimal,3,3,1,2,6.000000,6.000000,not_available,6.000000,16.385165,16.385165,not_logged_by_exact_worker,173.086080,0.001602,0.001693,0.946122,true,false,Tiny branch-bound rows are exact over the project simulator. Other rows are CP-SAT transport-capacity relaxation; empty AGV repositioning/path conflicts are relaxed.
exact|mixed|J3|M3|A1|O2|44,2026-06-03T14:43:43,mixed_J3_M3_A1_O2_seed44,J3_M3_A1_O2,mixed,44,50044,44,60.0,,solved,,0.006643,cpsat_transport_capacity_relaxation_empty_repositioning_relaxed,OR-Tools CP-SAT,optimal,3,3,1,2,9.800000,9.800000,not_available,9.800000,30.990716,30.990716,not_logged_by_exact_worker,216.231797,0.003325,0.002197,1.513244,true,false,Tiny branch-bound rows are exact over the project simulator. Other rows are CP-SAT transport-capacity relaxation; empty AGV repositioning/path conflicts are relaxed.
exact|mixed|J3|M3|A1|O2|46,2026-06-03T14:43:43,mixed_J3_M3_A1_O2_seed46,J3_M3_A1_O2,mixed,46,50046,46,60.0,,solved,,0.005111,cpsat_transport_capacity_relaxation_empty_repositioning_relaxed,OR-Tools CP-SAT,optimal,3,3,1,2,12.800000,12.800000,not_available,12.800000,18.880523,18.880523,not_logged_by_exact_worker,47.504085,0.002230,0.001820,1.224975,true,false,Tiny branch-bound rows are exact over the project simulator. Other rows are CP-SAT transport-capacity relaxation; empty AGV repositioning/path conflicts are relaxed.
exact|mixed|J3|M3|A1|O2|47,2026-06-03T14:43:43,mixed_J3_M3_A1_O2_seed47,J3_M3_A1_O2,mixed,47,50047,47,60.0,,solved,,0.005937,cpsat_transport_capacity_relaxation_empty_repositioning_relaxed,OR-Tools CP-SAT,optimal,3,3,1,2,14.000000,14.000000,not_available,14.000000,31.178657,31.178657,not_logged_by_exact_worker,122.704689,0.002280,0.002471,0.922697,true,false,Tiny branch-bound rows are exact over the project simulator. Other rows are CP-SAT transport-capacity relaxation; empty AGV repositioning/path conflicts are relaxed.
exact|mixed|J3|M3|A1|O2|49,2026-06-03T14:43:43,mixed_J3_M3_A1_O2_seed49,J3_M3_A1_O2,mixed,49,50049,49,60.0,,solved,,0.005564,cpsat_transport_capacity_relaxation_empty_repositioning_relaxed,OR-Tools CP-SAT,optimal,3,3,1,2,13.000000,13.000000,not_available,13.000000,27.486074,27.486074,not_logged_by_exact_worker,111.431339,0.002316,0.002176,1.064154,true,false,Tiny branch-bound rows are exact over the project simulator. Other rows are CP-SAT transport-capacity relaxation; empty AGV repositioning/path conflicts are relaxed.
exact|mixed|J3|M3|A1|O2|48,2026-06-03T14:43:43,mixed_J3_M3_A1_O2_seed48,J3_M3_A1_O2,mixed,48,50048,48,60.0,,solved,,0.006460,cpsat_transport_capacity_relaxation_empty_repositioning_relaxed,OR-Tools CP-SAT,optimal,3,3,1,2,8.000000,8.000000,not_available,8.000000,22.793492,22.793492,not_logged_by_exact_worker,184.918647,0.003213,0.002122,1.514730,true,false,Tiny branch-bound rows are exact over the project simulator. Other rows are CP-SAT transport-capacity relaxation; empty AGV repositioning/path conflicts are relaxed.
exact|mixed|J3|M3|A1|O2|50,2026-06-03T14:43:43,mixed_J3_M3_A1_O2_seed50,J3_M3_A1_O2,mixed,50,50050,50,60.0,,solved,,0.005991,cpsat_transport_capacity_relaxation_empty_repositioning_relaxed,OR-Tools CP-SAT,optimal,3,3,1,2,9.000000,9.000000,not_available,9.000000,31.399043,31.399043,not_logged_by_exact_worker,248.878256,0.002613,0.002217,1.178832,true,false,Tiny branch-bound rows are exact over the project simulator. Other rows are CP-SAT transport-capacity relaxation; empty AGV repositioning/path conflicts are relaxed.
exact|mixed|J3|M3|A1|O2|51,2026-06-03T14:43:43,mixed_J3_M3_A1_O2_seed51,J3_M3_A1_O2,mixed,51,50051,51,60.0,,solved,,0.005600,cpsat_transport_capacity_relaxation_empty_repositioning_relaxed,OR-Tools CP-SAT,optimal,3,3,1,2,13.000000,13.000000,not_available,13.000000,37.596267,37.596267,not_logged_by_exact_worker,189.202057,0.002155,0.002327,0.926115,true,false,Tiny branch-bound rows are exact over the project simulator. Other rows are CP-SAT transport-capacity relaxation; empty AGV repositioning/path conflicts are relaxed.
exact|static|J3|M3|A1|O2|42,2026-06-03T14:43:43,static_J3_M3_A1_O2_seed42,J3_M3_A1_O2,static,42,42,42,60.0,,solved,,0.003913,cpsat_transport_capacity_relaxation_empty_repositioning_relaxed,OR-Tools CP-SAT,optimal,3,3,1,2,9.000000,9.000000,not_available,9.000000,25.375881,25.375881,not_logged_by_exact_worker,181.954232,0.001454,0.001483,0.980179,true,false,Tiny branch-bound rows are exact over the project simulator. Other rows are CP-SAT transport-capacity relaxation; empty AGV repositioning/path conflicts are relaxed.
exact|static|J3|M3|A1|O2|44,2026-06-03T14:43:43,static_J3_M3_A1_O2_seed44,J3_M3_A1_O2,static,44,44,44,60.0,,solved,,0.003781,cpsat_transport_capacity_relaxation_empty_repositioning_relaxed,OR-Tools CP-SAT,optimal,3,3,1,2,8.000000,8.000000,not_available,8.000000,14.692582,14.692582,not_logged_by_exact_worker,83.657280,0.001527,0.001355,1.127399,true,false,Tiny branch-bound rows are exact over the project simulator. Other rows are CP-SAT transport-capacity relaxation; empty AGV repositioning/path conflicts are relaxed.
exact|static|J3|M3|A1|O2|43,2026-06-03T14:43:43,static_J3_M3_A1_O2_seed43,J3_M3_A1_O2,static,43,43,43,60.0,,solved,,0.005223,cpsat_transport_capacity_relaxation_empty_repositioning_relaxed,OR-Tools CP-SAT,optimal,3,3,1,2,8.800000,8.800000,not_available,8.800000,21.990716,21.990716,not_logged_by_exact_worker,149.894501,0.002685,0.001493,1.798058,true,false,Tiny branch-bound rows are exact over the project simulator. Other rows are CP-SAT transport-capacity relaxation; empty AGV repositioning/path conflicts are relaxed.
exact|static|J3|M3|A1|O2|45,2026-06-03T14:43:43,static_J3_M3_A1_O2_seed45,J3_M3_A1_O2,static,45,45,45,60.0,,solved,,0.003201,cpsat_transport_capacity_relaxation_empty_repositioning_relaxed,OR-Tools CP-SAT,optimal,3,3,1,2,4.000000,4.000000,not_available,4.000000,14.385165,14.385165,not_logged_by_exact_worker,259.629120,0.001132,0.001197,0.945944,true,false,Tiny branch-bound rows are exact over the project simulator. Other rows are CP-SAT transport-capacity relaxation; empty AGV repositioning/path conflicts are relaxed.
exact|static|J3|M3|A1|O2|46,2026-06-03T14:43:43,static_J3_M3_A1_O2_seed46,J3_M3_A1_O2,static,46,46,46,60.0,,solved,,0.005303,cpsat_transport_capacity_relaxation_empty_repositioning_relaxed,OR-Tools CP-SAT,optimal,3,3,1,2,10.000000,10.000000,not_available,10.000000,14.000000,14.000000,not_logged_by_exact_worker,40.000000,0.002886,0.001343,2.148515,true,false,Tiny branch-bound rows are exact over the project simulator. Other rows are CP-SAT transport-capacity relaxation; empty AGV repositioning/path conflicts are relaxed.
exact|static|J3|M3|A1|O2|47,2026-06-03T14:43:43,static_J3_M3_A1_O2_seed47,J3_M3_A1_O2,static,47,47,47,60.0,,solved,,0.004145,cpsat_transport_capacity_relaxation_empty_repositioning_relaxed,OR-Tools CP-SAT,optimal,3,3,1,2,14.000000,14.000000,not_available,14.000000,25.187940,25.187940,not_logged_by_exact_worker,79.913860,0.001662,0.001554,1.070031,true,false,Tiny branch-bound rows are exact over the project simulator. Other rows are CP-SAT transport-capacity relaxation; empty AGV repositioning/path conflicts are relaxed.
exact|static|J3|M3|A1|O2|49,2026-06-03T14:43:43,static_J3_M3_A1_O2_seed49,J3_M3_A1_O2,static,49,49,49,60.0,,solved,,0.004776,cpsat_transport_capacity_relaxation_empty_repositioning_relaxed,OR-Tools CP-SAT,optimal,3,3,1,2,11.800000,11.800000,not_available,11.800000,25.385165,25.385165,not_logged_by_exact_worker,115.128515,0.002214,0.001547,1.431204,true,false,Tiny branch-bound rows are exact over the project simulator. Other rows are CP-SAT transport-capacity relaxation; empty AGV repositioning/path conflicts are relaxed.
exact|static|J3|M3|A1|O2|48,2026-06-03T14:43:43,static_J3_M3_A1_O2_seed48,J3_M3_A1_O2,static,48,48,48,60.0,,solved,,0.005383,cpsat_transport_capacity_relaxation_empty_repositioning_relaxed,OR-Tools CP-SAT,optimal,3,3,1,2,7.800000,7.800000,not_available,7.800000,11.298134,11.298134,not_logged_by_exact_worker,44.847868,0.002957,0.001416,2.088578,true,false,Tiny branch-bound rows are exact over the project simulator. Other rows are CP-SAT transport-capacity relaxation; empty AGV repositioning/path conflicts are relaxed.
exact|static|J3|M3|A1|O2|51,2026-06-03T14:43:43,static_J3_M3_A1_O2_seed51,J3_M3_A1_O2,static,51,51,51,60.0,,solved,,0.003458,cpsat_transport_capacity_relaxation_empty_repositioning_relaxed,OR-Tools CP-SAT,optimal,3,3,1,2,13.000000,13.000000,not_available,13.000000,27.770330,27.770330,not_logged_by_exact_worker,113.617920,0.001247,0.001325,0.941145,true,false,Tiny branch-bound rows are exact over the project simulator. Other rows are CP-SAT transport-capacity relaxation; empty AGV repositioning/path conflicts are relaxed.
exact|breakdown|J3|M3|A1|O3|42,2026-06-03T14:43:43,breakdown_J3_M3_A1_O3_seed42,J3_M3_A1_O3,breakdown,42,30042,42,60.0,,solved,,0.004382,cpsat_transport_capacity_relaxation_empty_repositioning_relaxed,OR-Tools CP-SAT,optimal,3,3,1,3,21.800000,21.800000,not_available,21.800000,29.605551,29.605551,not_logged_by_exact_worker,35.805281,0.001403,0.001941,0.722852,true,false,Tiny branch-bound rows are exact over the project simulator. Other rows are CP-SAT transport-capacity relaxation; empty AGV repositioning/path conflicts are relaxed.
exact|breakdown|J3|M3|A1|O3|43,2026-06-03T14:43:43,breakdown_J3_M3_A1_O3_seed43,J3_M3_A1_O3,breakdown,43,30043,43,60.0,,solved,,0.004864,cpsat_transport_capacity_relaxation_empty_repositioning_relaxed,OR-Tools CP-SAT,optimal,3,3,1,3,15.000000,15.000000,not_available,15.000000,34.990716,34.990716,not_logged_by_exact_worker,133.271441,0.001632,0.002143,0.761480,true,false,Tiny branch-bound rows are exact over the project simulator. Other rows are CP-SAT transport-capacity relaxation; empty AGV repositioning/path conflicts are relaxed.
exact|static|J3|M3|A1|O2|50,2026-06-03T14:43:43,static_J3_M3_A1_O2_seed50,J3_M3_A1_O2,static,50,50,50,60.0,,solved,,0.006717,cpsat_transport_capacity_relaxation_empty_repositioning_relaxed,OR-Tools CP-SAT,optimal,3,3,1,2,7.000000,7.000000,not_available,7.000000,22.793492,22.793492,not_logged_by_exact_worker,225.621310,0.004113,0.001582,2.600531,true,false,Tiny branch-bound rows are exact over the project simulator. Other rows are CP-SAT transport-capacity relaxation; empty AGV repositioning/path conflicts are relaxed.
exact|breakdown|J3|M3|A1|O3|44,2026-06-03T14:43:43,breakdown_J3_M3_A1_O3_seed44,J3_M3_A1_O3,breakdown,44,30044,44,60.0,,solved,,0.005527,cpsat_transport_capacity_relaxation_empty_repositioning_relaxed,OR-Tools CP-SAT,optimal,3,3,1,3,13.800000,13.800000,not_available,13.800000,32.408327,32.408327,not_logged_by_exact_worker,134.842949,0.002334,0.002046,1.140679,true,false,Tiny branch-bound rows are exact over the project simulator. Other rows are CP-SAT transport-capacity relaxation; empty AGV repositioning/path conflicts are relaxed.
exact|breakdown|J3|M3|A1|O3|45,2026-06-03T14:43:43,breakdown_J3_M3_A1_O3_seed45,J3_M3_A1_O3,breakdown,45,30045,45,60.0,,solved,,0.004447,cpsat_transport_capacity_relaxation_empty_repositioning_relaxed,OR-Tools CP-SAT,optimal,3,3,1,3,14.600000,14.600000,not_available,14.600000,26.596267,26.596267,not_logged_by_exact_worker,82.166215,0.001250,0.002135,0.585441,true,false,Tiny branch-bound rows are exact over the project simulator. Other rows are CP-SAT transport-capacity relaxation; empty AGV repositioning/path conflicts are relaxed.
exact|breakdown|J3|M3|A1|O3|46,2026-06-03T14:43:43,breakdown_J3_M3_A1_O3_seed46,J3_M3_A1_O3,breakdown,46,30046,46,60.0,,solved,,0.004522,cpsat_transport_capacity_relaxation_empty_repositioning_relaxed,OR-Tools CP-SAT,optimal,3,3,1,3,16.000000,16.000000,not_available,16.000000,26.605551,26.605551,not_logged_by_exact_worker,66.284695,0.001652,0.001807,0.914283,true,false,Tiny branch-bound rows are exact over the project simulator. Other rows are CP-SAT transport-capacity relaxation; empty AGV repositioning/path conflicts are relaxed.
exact|breakdown|J3|M3|A1|O3|47,2026-06-03T14:43:43,breakdown_J3_M3_A1_O3_seed47,J3_M3_A1_O3,breakdown,47,30047,47,60.0,,solved,,0.005131,cpsat_transport_capacity_relaxation_empty_repositioning_relaxed,OR-Tools CP-SAT,optimal,3,3,1,3,19.800000,19.800000,not_available,19.800000,33.586983,33.586983,not_logged_by_exact_worker,69.631229,0.001937,0.002118,0.914408,true,false,Tiny branch-bound rows are exact over the project simulator. Other rows are CP-SAT transport-capacity relaxation; empty AGV repositioning/path conflicts are relaxed.
exact|breakdown|J3|M3|A1|O3|48,2026-06-03T14:43:43,breakdown_J3_M3_A1_O3_seed48,J3_M3_A1_O3,breakdown,48,30048,48,60.0,,solved,,0.006181,cpsat_transport_capacity_relaxation_empty_repositioning_relaxed,OR-Tools CP-SAT,optimal,3,3,1,3,18.000000,18.000000,not_available,18.000000,31.871239,31.871239,not_logged_by_exact_worker,77.062439,0.002986,0.002081,1.434674,true,false,Tiny branch-bound rows are exact over the project simulator. Other rows are CP-SAT transport-capacity relaxation; empty AGV repositioning/path conflicts are relaxed.
exact|breakdown|J3|M3|A1|O3|50,2026-06-03T14:43:43,breakdown_J3_M3_A1_O3_seed50,J3_M3_A1_O3,breakdown,50,30050,50,60.0,,solved,,0.005220,cpsat_transport_capacity_relaxation_empty_repositioning_relaxed,OR-Tools CP-SAT,optimal,3,3,1,3,11.000000,11.000000,not_available,11.000000,17.683298,17.683298,not_logged_by_exact_worker,60.757259,0.002156,0.001926,1.119412,true,false,Tiny branch-bound rows are exact over the project simulator. Other rows are CP-SAT transport-capacity relaxation; empty AGV repositioning/path conflicts are relaxed.
exact|breakdown|J3|M3|A1|O3|51,2026-06-03T14:43:43,breakdown_J3_M3_A1_O3_seed51,J3_M3_A1_O3,breakdown,51,30051,51,60.0,,solved,,0.004552,cpsat_transport_capacity_relaxation_empty_repositioning_relaxed,OR-Tools CP-SAT,optimal,3,3,1,3,19.800000,19.800000,not_available,19.800000,31.408327,31.408327,not_logged_by_exact_worker,58.627914,0.001458,0.001961,0.743676,true,false,Tiny branch-bound rows are exact over the project simulator. Other rows are CP-SAT transport-capacity relaxation; empty AGV repositioning/path conflicts are relaxed.
exact|breakdown|J3|M3|A1|O3|49,2026-06-03T14:43:43,breakdown_J3_M3_A1_O3_seed49,J3_M3_A1_O3,breakdown,49,30049,49,60.0,,solved,,0.009381,cpsat_transport_capacity_relaxation_empty_repositioning_relaxed,OR-Tools CP-SAT,optimal,3,3,1,3,17.800000,17.800000,not_available,17.800000,32.091625,32.091625,not_logged_by_exact_worker,80.290030,0.005956,0.002309,2.579540,true,false,Tiny branch-bound rows are exact over the project simulator. Other rows are CP-SAT transport-capacity relaxation; empty AGV repositioning/path conflicts are relaxed.
exact|rush_job|J3|M3|A1|O3|44,2026-06-03T14:43:43,rush_job_J3_M3_A1_O3_seed44,J3_M3_A1_O3,rush_job,44,40044,44,60.0,,solved,,0.007391,cpsat_transport_capacity_relaxation_empty_repositioning_relaxed,OR-Tools CP-SAT,optimal,3,3,1,3,13.800000,13.800000,not_available,13.800000,26.013878,26.013878,not_logged_by_exact_worker,88.506364,0.003394,0.002700,1.256786,true,false,Tiny branch-bound rows are exact over the project simulator. Other rows are CP-SAT transport-capacity relaxation; empty AGV repositioning/path conflicts are relaxed.
exact|rush_job|J3|M3|A1|O3|42,2026-06-03T14:43:43,rush_job_J3_M3_A1_O3_seed42,J3_M3_A1_O3,rush_job,42,40042,42,60.0,,solved,,0.009231,cpsat_transport_capacity_relaxation_empty_repositioning_relaxed,OR-Tools CP-SAT,optimal,3,3,1,3,15.400000,15.400000,not_available,15.400000,30.596267,30.596267,not_logged_by_exact_worker,98.677061,0.004753,0.003121,1.522781,true,false,Tiny branch-bound rows are exact over the project simulator. Other rows are CP-SAT transport-capacity relaxation; empty AGV repositioning/path conflicts are relaxed.
exact|rush_job|J3|M3|A1|O3|43,2026-06-03T14:43:43,rush_job_J3_M3_A1_O3_seed43,J3_M3_A1_O3,rush_job,43,40043,43,60.0,,solved,,0.008963,cpsat_transport_capacity_relaxation_empty_repositioning_relaxed,OR-Tools CP-SAT,optimal,3,3,1,3,15.000000,15.000000,not_available,15.000000,42.990716,42.990716,not_logged_by_exact_worker,186.604774,0.004395,0.003165,1.388677,true,false,Tiny branch-bound rows are exact over the project simulator. Other rows are CP-SAT transport-capacity relaxation; empty AGV repositioning/path conflicts are relaxed.
exact|rush_job|J3|M3|A1|O3|45,2026-06-03T14:43:43,rush_job_J3_M3_A1_O3_seed45,J3_M3_A1_O3,rush_job,45,40045,45,60.0,,solved,,0.007719,cpsat_transport_capacity_relaxation_empty_repositioning_relaxed,OR-Tools CP-SAT,optimal,3,3,1,3,14.600000,14.600000,not_available,14.600000,33.201819,33.201819,not_logged_by_exact_worker,127.409717,0.003216,0.003131,1.027145,true,false,Tiny branch-bound rows are exact over the project simulator. Other rows are CP-SAT transport-capacity relaxation; empty AGV repositioning/path conflicts are relaxed.
exact|rush_job|J3|M3|A1|O3|47,2026-06-03T14:43:43,rush_job_J3_M3_A1_O3_seed47,J3_M3_A1_O3,rush_job,47,40047,47,60.0,,solved,,0.008528,cpsat_transport_capacity_relaxation_empty_repositioning_relaxed,OR-Tools CP-SAT,optimal,3,3,1,3,18.800000,18.800000,not_available,18.800000,36.366597,36.366597,not_logged_by_exact_worker,93.439346,0.004150,0.003057,1.357288,true,false,Tiny branch-bound rows are exact over the project simulator. Other rows are CP-SAT transport-capacity relaxation; empty AGV repositioning/path conflicts are relaxed.
exact|rush_job|J3|M3|A1|O3|48,2026-06-03T14:43:43,rush_job_J3_M3_A1_O3_seed48,J3_M3_A1_O3,rush_job,48,40048,48,60.0,,solved,,0.009972,cpsat_transport_capacity_relaxation_empty_repositioning_relaxed,OR-Tools CP-SAT,optimal,3,3,1,3,13.000000,13.000000,not_available,13.000000,32.476790,32.476790,not_logged_by_exact_worker,149.821463,0.005442,0.003133,1.737255,true,false,Tiny branch-bound rows are exact over the project simulator. Other rows are CP-SAT transport-capacity relaxation; empty AGV repositioning/path conflicts are relaxed.
exact|rush_job|J3|M3|A1|O3|46,2026-06-03T14:43:43,rush_job_J3_M3_A1_O3_seed46,J3_M3_A1_O3,rush_job,46,40046,46,60.0,,solved,,0.011736,cpsat_transport_capacity_relaxation_empty_repositioning_relaxed,OR-Tools CP-SAT,optimal,3,3,1,3,14.800000,14.800000,not_available,14.800000,33.211103,33.211103,not_logged_by_exact_worker,124.399342,0.006813,0.003254,2.093789,true,false,Tiny branch-bound rows are exact over the project simulator. Other rows are CP-SAT transport-capacity relaxation; empty AGV repositioning/path conflicts are relaxed.
exact|rush_job|J3|M3|A1|O3|49,2026-06-03T14:43:43,rush_job_J3_M3_A1_O3_seed49,J3_M3_A1_O3,rush_job,49,40049,49,60.0,,solved,,0.009861,cpsat_transport_capacity_relaxation_empty_repositioning_relaxed,OR-Tools CP-SAT,optimal,3,3,1,3,15.800000,15.800000,not_available,15.800000,33.265688,33.265688,not_logged_by_exact_worker,110.542327,0.005065,0.003236,1.565301,true,false,Tiny branch-bound rows are exact over the project simulator. Other rows are CP-SAT transport-capacity relaxation; empty AGV repositioning/path conflicts are relaxed.
exact|mixed|J3|M3|A1|O3|42,2026-06-03T14:43:43,mixed_J3_M3_A1_O3_seed42,J3_M3_A1_O3,mixed,42,50042,42,60.0,,solved,,0.006330,cpsat_transport_capacity_relaxation_empty_repositioning_relaxed,OR-Tools CP-SAT,optimal,3,3,1,3,21.800000,21.800000,not_available,21.800000,30.802776,30.802776,not_logged_by_exact_worker,41.297136,0.002237,0.002762,0.809798,true,false,Tiny branch-bound rows are exact over the project simulator. Other rows are CP-SAT transport-capacity relaxation; empty AGV repositioning/path conflicts are relaxed.
exact|rush_job|J3|M3|A1|O3|50,2026-06-03T14:43:43,rush_job_J3_M3_A1_O3_seed50,J3_M3_A1_O3,rush_job,50,40050,50,60.0,,solved,,0.010201,cpsat_transport_capacity_relaxation_empty_repositioning_relaxed,OR-Tools CP-SAT,optimal,3,3,1,3,10.000000,10.000000,not_available,10.000000,27.486074,27.486074,not_logged_by_exact_worker,174.860741,0.005642,0.002910,1.939130,true,false,Tiny branch-bound rows are exact over the project simulator. Other rows are CP-SAT transport-capacity relaxation; empty AGV repositioning/path conflicts are relaxed.
exact|rush_job|J3|M3|A1|O3|51,2026-06-03T14:43:43,rush_job_J3_M3_A1_O3_seed51,J3_M3_A1_O3,rush_job,51,40051,51,60.0,,solved,,0.008819,cpsat_transport_capacity_relaxation_empty_repositioning_relaxed,OR-Tools CP-SAT,optimal,3,3,1,3,19.800000,19.800000,not_available,19.800000,45.573105,45.573105,not_logged_by_exact_worker,130.167198,0.004299,0.003008,1.429336,true,false,Tiny branch-bound rows are exact over the project simulator. Other rows are CP-SAT transport-capacity relaxation; empty AGV repositioning/path conflicts are relaxed.
exact|mixed|J3|M3|A1|O3|43,2026-06-03T14:43:43,mixed_J3_M3_A1_O3_seed43,J3_M3_A1_O3,mixed,43,50043,43,60.0,,solved,,0.006983,cpsat_transport_capacity_relaxation_empty_repositioning_relaxed,OR-Tools CP-SAT,optimal,3,3,1,3,15.000000,15.000000,not_available,15.000000,38.793492,38.793492,not_logged_by_exact_worker,158.623278,0.002710,0.002846,0.952150,true,false,Tiny branch-bound rows are exact over the project simulator. Other rows are CP-SAT transport-capacity relaxation; empty AGV repositioning/path conflicts are relaxed.
exact|mixed|J3|M3|A1|O3|44,2026-06-03T14:43:43,mixed_J3_M3_A1_O3_seed44,J3_M3_A1_O3,mixed,44,50044,44,60.0,,solved,,0.007837,cpsat_transport_capacity_relaxation_empty_repositioning_relaxed,OR-Tools CP-SAT,optimal,3,3,1,3,14.800000,14.800000,not_available,14.800000,38.816654,38.816654,not_logged_by_exact_worker,162.274688,0.003589,0.002895,1.239715,true,false,Tiny branch-bound rows are exact over the project simulator. Other rows are CP-SAT transport-capacity relaxation; empty AGV repositioning/path conflicts are relaxed.
exact|mixed|J3|M3|A1|O3|45,2026-06-03T14:43:43,mixed_J3_M3_A1_O3_seed45,J3_M3_A1_O3,mixed,45,50045,45,60.0,,solved,,0.006812,cpsat_transport_capacity_relaxation_empty_repositioning_relaxed,OR-Tools CP-SAT,optimal,3,3,1,3,14.600000,14.600000,not_available,14.600000,28.596267,28.596267,not_logged_by_exact_worker,95.864845,0.002452,0.002917,0.840631,true,false,Tiny branch-bound rows are exact over the project simulator. Other rows are CP-SAT transport-capacity relaxation; empty AGV repositioning/path conflicts are relaxed.
exact|mixed|J3|M3|A1|O3|46,2026-06-03T14:43:43,mixed_J3_M3_A1_O3_seed46,J3_M3_A1_O3,mixed,46,50046,46,60.0,,solved,,0.007717,cpsat_transport_capacity_relaxation_empty_repositioning_relaxed,OR-Tools CP-SAT,optimal,3,3,1,3,16.000000,16.000000,not_available,16.000000,27.802776,27.802776,not_logged_by_exact_worker,73.767348,0.003802,0.002637,1.441609,true,false,Tiny branch-bound rows are exact over the project simulator. Other rows are CP-SAT transport-capacity relaxation; empty AGV repositioning/path conflicts are relaxed.
exact|mixed|J3|M3|A1|O3|47,2026-06-03T14:43:43,mixed_J3_M3_A1_O3_seed47,J3_M3_A1_O3,mixed,47,50047,47,60.0,,solved,,0.009029,cpsat_transport_capacity_relaxation_empty_repositioning_relaxed,OR-Tools CP-SAT,optimal,3,3,1,3,19.800000,19.800000,not_available,19.800000,38.577700,38.577700,not_logged_by_exact_worker,94.836866,0.004520,0.003242,1.394029,true,false,Tiny branch-bound rows are exact over the project simulator. Other rows are CP-SAT transport-capacity relaxation; empty AGV repositioning/path conflicts are relaxed.
exact|mixed|J3|M3|A1|O3|49,2026-06-03T14:43:43,mixed_J3_M3_A1_O3_seed49,J3_M3_A1_O3,mixed,49,50049,49,60.0,,solved,,0.007904,cpsat_transport_capacity_relaxation_empty_repositioning_relaxed,OR-Tools CP-SAT,optimal,3,3,1,3,17.800000,17.800000,not_available,17.800000,35.265688,35.265688,not_logged_by_exact_worker,98.121841,0.003319,0.003209,1.034151,true,false,Tiny branch-bound rows are exact over the project simulator. Other rows are CP-SAT transport-capacity relaxation; empty AGV repositioning/path conflicts are relaxed.
exact|mixed|J3|M3|A1|O3|48,2026-06-03T14:43:43,mixed_J3_M3_A1_O3_seed48,J3_M3_A1_O3,mixed,48,50048,48,60.0,,solved,,0.008612,cpsat_transport_capacity_relaxation_empty_repositioning_relaxed,OR-Tools CP-SAT,optimal,3,3,1,3,18.000000,18.000000,not_available,18.000000,36.871239,36.871239,not_logged_by_exact_worker,104.840216,0.004389,0.002932,1.497067,true,false,Tiny branch-bound rows are exact over the project simulator. Other rows are CP-SAT transport-capacity relaxation; empty AGV repositioning/path conflicts are relaxed.
exact|mixed|J3|M3|A1|O3|50,2026-06-03T14:43:43,mixed_J3_M3_A1_O3_seed50,J3_M3_A1_O3,mixed,50,50050,50,60.0,,solved,,0.007062,cpsat_transport_capacity_relaxation_empty_repositioning_relaxed,OR-Tools CP-SAT,optimal,3,3,1,3,11.800000,11.800000,not_available,11.800000,26.784208,26.784208,not_logged_by_exact_worker,126.984812,0.002903,0.002787,1.041441,true,false,Tiny branch-bound rows are exact over the project simulator. Other rows are CP-SAT transport-capacity relaxation; empty AGV repositioning/path conflicts are relaxed.
exact|mixed|J3|M3|A1|O3|51,2026-06-03T14:43:43,mixed_J3_M3_A1_O3_seed51,J3_M3_A1_O3,mixed,51,50051,51,60.0,,solved,,0.006289,cpsat_transport_capacity_relaxation_empty_repositioning_relaxed,OR-Tools CP-SAT,optimal,3,3,1,3,19.800000,19.800000,not_available,19.800000,38.013878,38.013878,not_logged_by_exact_worker,91.989284,0.002214,0.002766,0.800578,true,false,Tiny branch-bound rows are exact over the project simulator. Other rows are CP-SAT transport-capacity relaxation; empty AGV repositioning/path conflicts are relaxed.
exact|static|J3|M3|A1|O3|44,2026-06-03T14:43:43,static_J3_M3_A1_O3_seed44,J3_M3_A1_O3,static,44,44,44,60.0,,solved,,0.005435,cpsat_transport_capacity_relaxation_empty_repositioning_relaxed,OR-Tools CP-SAT,optimal,3,3,1,3,13.800000,13.800000,not_available,13.800000,22.605551,22.605551,not_logged_by_exact_worker,63.808343,0.002400,0.001910,1.256479,true,false,Tiny branch-bound rows are exact over the project simulator. Other rows are CP-SAT transport-capacity relaxation; empty AGV repositioning/path conflicts are relaxed.
exact|static|J3|M3|A1|O3|42,2026-06-03T14:43:43,static_J3_M3_A1_O3_seed42,J3_M3_A1_O3,static,42,42,42,60.0,,solved,,0.006097,cpsat_transport_capacity_relaxation_empty_repositioning_relaxed,OR-Tools CP-SAT,optimal,3,3,1,3,14.800000,14.800000,not_available,14.800000,24.605551,24.605551,not_logged_by_exact_worker,66.253725,0.002674,0.002282,1.171911,true,false,Tiny branch-bound rows are exact over the project simulator. Other rows are CP-SAT transport-capacity relaxation; empty AGV repositioning/path conflicts are relaxed.
exact|static|J3|M3|A1|O3|45,2026-06-03T14:43:43,static_J3_M3_A1_O3_seed45,J3_M3_A1_O3,static,45,45,45,60.0,,solved,,0.005082,cpsat_transport_capacity_relaxation_empty_repositioning_relaxed,OR-Tools CP-SAT,optimal,3,3,1,3,14.600000,14.600000,not_available,14.600000,26.596267,26.596267,not_logged_by_exact_worker,82.166215,0.001859,0.002144,0.867286,true,false,Tiny branch-bound rows are exact over the project simulator. Other rows are CP-SAT transport-capacity relaxation; empty AGV repositioning/path conflicts are relaxed.
exact|static|J3|M3|A1|O3|43,2026-06-03T14:43:43,static_J3_M3_A1_O3_seed43,J3_M3_A1_O3,static,43,43,43,60.0,,solved,,0.007182,cpsat_transport_capacity_relaxation_empty_repositioning_relaxed,OR-Tools CP-SAT,optimal,3,3,1,3,14.800000,14.800000,not_available,14.800000,32.990716,32.990716,not_logged_by_exact_worker,122.910244,0.003663,0.002207,1.659524,true,false,Tiny branch-bound rows are exact over the project simulator. Other rows are CP-SAT transport-capacity relaxation; empty AGV repositioning/path conflicts are relaxed.
exact|static|J3|M3|A1|O3|47,2026-06-03T14:43:43,static_J3_M3_A1_O3_seed47,J3_M3_A1_O3,static,47,47,47,60.0,,solved,,0.005993,cpsat_transport_capacity_relaxation_empty_repositioning_relaxed,OR-Tools CP-SAT,optimal,3,3,1,3,18.800000,18.800000,not_available,18.800000,31.784208,31.784208,not_logged_by_exact_worker,69.064935,0.002421,0.002275,1.064407,true,false,Tiny branch-bound rows are exact over the project simulator. Other rows are CP-SAT transport-capacity relaxation; empty AGV repositioning/path conflicts are relaxed.
exact|static|J3|M3|A1|O3|48,2026-06-03T14:43:43,static_J3_M3_A1_O3_seed48,J3_M3_A1_O3,static,48,48,48,60.0,,solved,,0.007081,cpsat_transport_capacity_relaxation_empty_repositioning_relaxed,OR-Tools CP-SAT,optimal,3,3,1,3,13.000000,13.000000,not_available,13.000000,30.476790,30.476790,not_logged_by_exact_worker,134.436848,0.003673,0.002127,1.726615,true,false,Tiny branch-bound rows are exact over the project simulator. Other rows are CP-SAT transport-capacity relaxation; empty AGV repositioning/path conflicts are relaxed.
exact|static|J3|M3|A1|O3|46,2026-06-03T14:43:43,static_J3_M3_A1_O3_seed46,J3_M3_A1_O3,static,46,46,46,60.0,,solved,,0.007767,cpsat_transport_capacity_relaxation_empty_repositioning_relaxed,OR-Tools CP-SAT,optimal,3,3,1,3,14.000000,14.000000,not_available,14.000000,21.605551,21.605551,not_logged_by_exact_worker,54.325366,0.004149,0.002206,1.881126,true,false,Tiny branch-bound rows are exact over the project simulator. Other rows are CP-SAT transport-capacity relaxation; empty AGV repositioning/path conflicts are relaxed.
exact|static|J3|M3|A1|O3|49,2026-06-03T14:43:43,static_J3_M3_A1_O3_seed49,J3_M3_A1_O3,static,49,49,49,60.0,,solved,,0.007199,cpsat_transport_capacity_relaxation_empty_repositioning_relaxed,OR-Tools CP-SAT,optimal,3,3,1,3,15.400000,15.400000,not_available,15.400000,30.981432,30.981432,not_logged_by_exact_worker,101.178131,0.003676,0.002280,1.612395,true,false,Tiny branch-bound rows are exact over the project simulator. Other rows are CP-SAT transport-capacity relaxation; empty AGV repositioning/path conflicts are relaxed.
exact|breakdown|J3|M3|A2|O2|42,2026-06-03T14:43:43,breakdown_J3_M3_A2_O2_seed42,J3_M3_A2_O2,breakdown,42,30042,42,60.0,,solved,,0.003799,cpsat_transport_capacity_relaxation_empty_repositioning_relaxed,OR-Tools CP-SAT,optimal,3,3,2,2,12.000000,12.000000,not_available,12.000000,13.495358,13.495358,not_logged_by_exact_worker,12.461317,0.001404,0.001461,0.960912,true,false,Tiny branch-bound rows are exact over the project simulator. Other rows are CP-SAT transport-capacity relaxation; empty AGV repositioning/path conflicts are relaxed.
exact|breakdown|J3|M3|A2|O2|43,2026-06-03T14:43:43,breakdown_J3_M3_A2_O2_seed43,J3_M3_A2_O2,breakdown,43,30043,43,60.0,,solved,,0.004118,cpsat_transport_capacity_relaxation_empty_repositioning_relaxed,OR-Tools CP-SAT,optimal,3,3,2,2,10.000000,10.000000,not_available,10.000000,14.802776,14.802776,not_logged_by_exact_worker,48.027756,0.001601,0.001517,1.055431,true,false,Tiny branch-bound rows are exact over the project simulator. Other rows are CP-SAT transport-capacity relaxation; empty AGV repositioning/path conflicts are relaxed.
exact|static|J3|M3|A1|O3|50,2026-06-03T14:43:43,static_J3_M3_A1_O3_seed50,J3_M3_A1_O3,static,50,50,50,60.0,,solved,,0.007631,cpsat_transport_capacity_relaxation_empty_repositioning_relaxed,OR-Tools CP-SAT,optimal,3,3,1,3,10.000000,10.000000,not_available,10.000000,18.880523,18.880523,not_logged_by_exact_worker,88.805228,0.004262,0.002124,2.006969,true,false,Tiny branch-bound rows are exact over the project simulator. Other rows are CP-SAT transport-capacity relaxation; empty AGV repositioning/path conflicts are relaxed.
exact|static|J3|M3|A1|O3|51,2026-06-03T14:43:43,static_J3_M3_A1_O3_seed51,J3_M3_A1_O3,static,51,51,51,60.0,,solved,,0.006333,cpsat_transport_capacity_relaxation_empty_repositioning_relaxed,OR-Tools CP-SAT,optimal,3,3,1,3,19.800000,19.800000,not_available,19.800000,37.399043,37.399043,not_logged_by_exact_worker,88.884056,0.002820,0.002266,1.244505,true,false,Tiny branch-bound rows are exact over the project simulator. Other rows are CP-SAT transport-capacity relaxation; empty AGV repositioning/path conflicts are relaxed.
exact|breakdown|J3|M3|A2|O2|45,2026-06-03T14:43:43,breakdown_J3_M3_A2_O2_seed45,J3_M3_A2_O2,breakdown,45,30045,45,60.0,,solved,,0.002765,cpsat_transport_capacity_relaxation_empty_repositioning_relaxed,OR-Tools CP-SAT,optimal,3,3,2,2,4.000000,4.000000,not_available,4.000000,9.000000,9.000000,not_logged_by_exact_worker,125.000000,0.000724,0.001181,0.612870,true,false,Tiny branch-bound rows are exact over the project simulator. Other rows are CP-SAT transport-capacity relaxation; empty AGV repositioning/path conflicts are relaxed.
exact|breakdown|J3|M3|A2|O2|44,2026-06-03T14:43:43,breakdown_J3_M3_A2_O2_seed44,J3_M3_A2_O2,breakdown,44,30044,44,60.0,,solved,,0.003921,cpsat_transport_capacity_relaxation_empty_repositioning_relaxed,OR-Tools CP-SAT,optimal,3,3,2,2,9.000000,9.000000,not_available,9.000000,15.000000,15.000000,not_logged_by_exact_worker,66.666667,0.001480,0.001421,1.041526,true,false,Tiny branch-bound rows are exact over the project simulator. Other rows are CP-SAT transport-capacity relaxation; empty AGV repositioning/path conflicts are relaxed.
exact|breakdown|J3|M3|A2|O2|46,2026-06-03T14:43:43,breakdown_J3_M3_A2_O2_seed46,J3_M3_A2_O2,breakdown,46,30046,46,60.0,,solved,,0.003166,cpsat_transport_capacity_relaxation_empty_repositioning_relaxed,OR-Tools CP-SAT,optimal,3,3,2,2,11.800000,11.800000,not_available,11.800000,14.000000,14.000000,not_logged_by_exact_worker,18.644068,0.000981,0.001221,0.803210,true,false,Tiny branch-bound rows are exact over the project simulator. Other rows are CP-SAT transport-capacity relaxation; empty AGV repositioning/path conflicts are relaxed.
exact|breakdown|J3|M3|A2|O2|47,2026-06-03T14:43:43,breakdown_J3_M3_A2_O2_seed47,J3_M3_A2_O2,breakdown,47,30047,47,60.0,,solved,,0.003575,cpsat_transport_capacity_relaxation_empty_repositioning_relaxed,OR-Tools CP-SAT,optimal,3,3,2,2,14.000000,14.000000,not_available,14.000000,16.692582,16.692582,not_logged_by_exact_worker,19.232731,0.001106,0.001510,0.732684,true,false,Tiny branch-bound rows are exact over the project simulator. Other rows are CP-SAT transport-capacity relaxation; empty AGV repositioning/path conflicts are relaxed.
exact|breakdown|J3|M3|A2|O2|49,2026-06-03T14:43:43,breakdown_J3_M3_A2_O2_seed49,J3_M3_A2_O2,breakdown,49,30049,49,60.0,,solved,,0.003766,cpsat_transport_capacity_relaxation_empty_repositioning_relaxed,OR-Tools CP-SAT,optimal,3,3,2,2,11.800000,11.800000,not_available,11.800000,16.495358,16.495358,not_logged_by_exact_worker,39.791170,0.001450,0.001421,1.020477,true,false,Tiny branch-bound rows are exact over the project simulator. Other rows are CP-SAT transport-capacity relaxation; empty AGV repositioning/path conflicts are relaxed.
exact|breakdown|J3|M3|A2|O2|48,2026-06-03T14:43:43,breakdown_J3_M3_A2_O2_seed48,J3_M3_A2_O2,breakdown,48,30048,48,60.0,,solved,,0.004651,cpsat_transport_capacity_relaxation_empty_repositioning_relaxed,OR-Tools CP-SAT,optimal,3,3,2,2,8.000000,8.000000,not_available,8.000000,9.000000,9.000000,not_logged_by_exact_worker,12.500000,0.002195,0.001456,1.507384,true,false,Tiny branch-bound rows are exact over the project simulator. Other rows are CP-SAT transport-capacity relaxation; empty AGV repositioning/path conflicts are relaxed.
exact|breakdown|J3|M3|A2|O2|51,2026-06-03T14:43:43,breakdown_J3_M3_A2_O2_seed51,J3_M3_A2_O2,breakdown,51,30051,51,60.0,,solved,,0.003390,cpsat_transport_capacity_relaxation_empty_repositioning_relaxed,OR-Tools CP-SAT,optimal,3,3,2,2,13.000000,13.000000,not_available,13.000000,17.385165,17.385165,not_logged_by_exact_worker,33.732037,0.001071,0.001452,0.737313,true,false,Tiny branch-bound rows are exact over the project simulator. Other rows are CP-SAT transport-capacity relaxation; empty AGV repositioning/path conflicts are relaxed.
exact|breakdown|J3|M3|A2|O2|50,2026-06-03T14:43:43,breakdown_J3_M3_A2_O2_seed50,J3_M3_A2_O2,breakdown,50,30050,50,60.0,,solved,,0.004483,cpsat_transport_capacity_relaxation_empty_repositioning_relaxed,OR-Tools CP-SAT,optimal,3,3,2,2,7.000000,7.000000,not_available,7.000000,13.000000,13.000000,not_logged_by_exact_worker,85.714286,0.001878,0.001591,1.180927,true,false,Tiny branch-bound rows are exact over the project simulator. Other rows are CP-SAT transport-capacity relaxation; empty AGV repositioning/path conflicts are relaxed.
exact|rush_job|J3|M3|A2|O2|42,2026-06-03T14:43:43,rush_job_J3_M3_A2_O2_seed42,J3_M3_A2_O2,rush_job,42,40042,42,60.0,,solved,,0.006587,cpsat_transport_capacity_relaxation_empty_repositioning_relaxed,OR-Tools CP-SAT,optimal,3,3,2,2,11.000000,11.000000,not_available,11.000000,16.385165,16.385165,not_logged_by_exact_worker,48.956044,0.003381,0.002044,1.653835,true,false,Tiny branch-bound rows are exact over the project simulator. Other rows are CP-SAT transport-capacity relaxation; empty AGV repositioning/path conflicts are relaxed.
exact|rush_job|J3|M3|A2|O2|44,2026-06-03T14:43:43,rush_job_J3_M3_A2_O2_seed44,J3_M3_A2_O2,rush_job,44,40044,44,60.0,,solved,,0.005987,cpsat_transport_capacity_relaxation_empty_repositioning_relaxed,OR-Tools CP-SAT,optimal,3,3,2,2,9.000000,9.000000,not_available,9.000000,13.692582,13.692582,not_logged_by_exact_worker,52.139804,0.002859,0.002003,1.427259,true,false,Tiny branch-bound rows are exact over the project simulator. Other rows are CP-SAT transport-capacity relaxation; empty AGV repositioning/path conflicts are relaxed.
exact|rush_job|J3|M3|A2|O2|45,2026-06-03T14:43:43,rush_job_J3_M3_A2_O2_seed45,J3_M3_A2_O2,rush_job,45,40045,45,60.0,,solved,,0.005767,cpsat_transport_capacity_relaxation_empty_repositioning_relaxed,OR-Tools CP-SAT,optimal,3,3,2,2,6.000000,6.000000,not_available,6.000000,11.495358,11.495358,not_logged_by_exact_worker,91.589301,0.002558,0.002070,1.235880,true,false,Tiny branch-bound rows are exact over the project simulator. Other rows are CP-SAT transport-capacity relaxation; empty AGV repositioning/path conflicts are relaxed.
exact|rush_job|J3|M3|A2|O2|43,2026-06-03T14:43:43,rush_job_J3_M3_A2_O2_seed43,J3_M3_A2_O2,rush_job,43,40043,43,60.0,,solved,,0.007497,cpsat_transport_capacity_relaxation_empty_repositioning_relaxed,OR-Tools CP-SAT,optimal,3,3,2,2,9.000000,9.000000,not_available,9.000000,18.385165,18.385165,not_logged_by_exact_worker,104.279609,0.004149,0.002173,1.908903,true,false,Tiny branch-bound rows are exact over the project simulator. Other rows are CP-SAT transport-capacity relaxation; empty AGV repositioning/path conflicts are relaxed.
exact|rush_job|J3|M3|A2|O2|47,2026-06-03T14:43:43,rush_job_J3_M3_A2_O2_seed47,J3_M3_A2_O2,rush_job,47,40047,47,60.0,,solved,,0.006702,cpsat_transport_capacity_relaxation_empty_repositioning_relaxed,OR-Tools CP-SAT,optimal,3,3,2,2,15.000000,15.000000,not_available,15.000000,19.692582,19.692582,not_logged_by_exact_worker,31.283883,0.003353,0.002237,1.498503,true,false,Tiny branch-bound rows are exact over the project simulator. Other rows are CP-SAT transport-capacity relaxation; empty AGV repositioning/path conflicts are relaxed.
exact|rush_job|J3|M3|A2|O2|46,2026-06-03T14:43:43,rush_job_J3_M3_A2_O2_seed46,J3_M3_A2_O2,rush_job,46,40046,46,60.0,,solved,,0.007851,cpsat_transport_capacity_relaxation_empty_repositioning_relaxed,OR-Tools CP-SAT,optimal,3,3,2,2,11.000000,11.000000,not_available,11.000000,16.605551,16.605551,not_logged_by_exact_worker,50.959557,0.004346,0.002211,1.965315,true,false,Tiny branch-bound rows are exact over the project simulator. Other rows are CP-SAT transport-capacity relaxation; empty AGV repositioning/path conflicts are relaxed.
exact|rush_job|J3|M3|A2|O2|49,2026-06-03T14:43:43,rush_job_J3_M3_A2_O2_seed49,J3_M3_A2_O2,rush_job,49,40049,49,60.0,,solved,,0.007588,cpsat_transport_capacity_relaxation_empty_repositioning_relaxed,OR-Tools CP-SAT,optimal,3,3,2,2,13.000000,13.000000,not_available,13.000000,20.495358,20.495358,not_logged_by_exact_worker,57.656600,0.004111,0.002240,1.835350,true,false,Tiny branch-bound rows are exact over the project simulator. Other rows are CP-SAT transport-capacity relaxation; empty AGV repositioning/path conflicts are relaxed.
exact|rush_job|J3|M3|A2|O2|48,2026-06-03T14:43:43,rush_job_J3_M3_A2_O2_seed48,J3_M3_A2_O2,rush_job,48,40048,48,60.0,,solved,,0.008416,cpsat_transport_capacity_relaxation_empty_repositioning_relaxed,OR-Tools CP-SAT,optimal,3,3,2,2,7.800000,7.800000,not_available,7.800000,11.605551,11.605551,not_logged_by_exact_worker,48.789119,0.004638,0.002543,1.824131,true,false,Tiny branch-bound rows are exact over the project simulator. Other rows are CP-SAT transport-capacity relaxation; empty AGV repositioning/path conflicts are relaxed.
exact|rush_job|J3|M3|A2|O2|51,2026-06-03T14:43:43,rush_job_J3_M3_A2_O2_seed51,J3_M3_A2_O2,rush_job,51,40051,51,60.0,,solved,,0.005986,cpsat_transport_capacity_relaxation_empty_repositioning_relaxed,OR-Tools CP-SAT,optimal,3,3,2,2,13.000000,13.000000,not_available,13.000000,22.385165,22.385165,not_logged_by_exact_worker,72.193575,0.002591,0.002116,1.224412,true,false,Tiny branch-bound rows are exact over the project simulator. Other rows are CP-SAT transport-capacity relaxation; empty AGV repositioning/path conflicts are relaxed.
exact|mixed|J3|M3|A2|O2|42,2026-06-03T14:43:43,mixed_J3_M3_A2_O2_seed42,J3_M3_A2_O2,mixed,42,50042,42,60.0,,solved,,0.006065,cpsat_transport_capacity_relaxation_empty_repositioning_relaxed,OR-Tools CP-SAT,optimal,3,3,2,2,13.000000,13.000000,not_available,13.000000,19.000000,19.000000,not_logged_by_exact_worker,46.153846,0.002772,0.002166,1.279357,true,false,Tiny branch-bound rows are exact over the project simulator. Other rows are CP-SAT transport-capacity relaxation; empty AGV repositioning/path conflicts are relaxed.
exact|rush_job|J3|M3|A2|O2|50,2026-06-03T14:43:43,rush_job_J3_M3_A2_O2_seed50,J3_M3_A2_O2,rush_job,50,40050,50,60.0,,solved,,0.007581,cpsat_transport_capacity_relaxation_empty_repositioning_relaxed,OR-Tools CP-SAT,optimal,3,3,2,2,7.000000,7.000000,not_available,7.000000,13.692582,13.692582,not_logged_by_exact_worker,95.608320,0.004095,0.002130,1.922300,true,false,Tiny branch-bound rows are exact over the project simulator. Other rows are CP-SAT transport-capacity relaxation; empty AGV repositioning/path conflicts are relaxed.
exact|mixed|J3|M3|A2|O2|43,2026-06-03T14:43:43,mixed_J3_M3_A2_O2_seed43,J3_M3_A2_O2,mixed,43,50043,43,60.0,,solved,,0.006305,cpsat_transport_capacity_relaxation_empty_repositioning_relaxed,OR-Tools CP-SAT,optimal,3,3,2,2,10.000000,10.000000,not_available,10.000000,16.298134,16.298134,not_logged_by_exact_worker,62.981337,0.002728,0.002312,1.180010,true,false,Tiny branch-bound rows are exact over the project simulator. Other rows are CP-SAT transport-capacity relaxation; empty AGV repositioning/path conflicts are relaxed.
exact|mixed|J3|M3|A2|O2|44,2026-06-03T14:43:43,mixed_J3_M3_A2_O2_seed44,J3_M3_A2_O2,mixed,44,50044,44,60.0,,solved,,0.005977,cpsat_transport_capacity_relaxation_empty_repositioning_relaxed,OR-Tools CP-SAT,optimal,3,3,2,2,9.000000,9.000000,not_available,9.000000,18.385165,18.385165,not_logged_by_exact_worker,104.279609,0.002671,0.002178,1.226181,true,false,Tiny branch-bound rows are exact over the project simulator. Other rows are CP-SAT transport-capacity relaxation; empty AGV repositioning/path conflicts are relaxed.
exact|mixed|J3|M3|A2|O2|45,2026-06-03T14:43:43,mixed_J3_M3_A2_O2_seed45,J3_M3_A2_O2,mixed,45,50045,45,60.0,,solved,,0.004936,cpsat_transport_capacity_relaxation_empty_repositioning_relaxed,OR-Tools CP-SAT,optimal,3,3,2,2,6.000000,6.000000,not_available,6.000000,9.000000,9.000000,not_logged_by_exact_worker,50.000000,0.002045,0.001749,1.169145,true,false,Tiny branch-bound rows are exact over the project simulator. Other rows are CP-SAT transport-capacity relaxation; empty AGV repositioning/path conflicts are relaxed.
exact|mixed|J3|M3|A2|O2|46,2026-06-03T14:43:43,mixed_J3_M3_A2_O2_seed46,J3_M3_A2_O2,mixed,46,50046,46,60.0,,solved,,0.005567,cpsat_transport_capacity_relaxation_empty_repositioning_relaxed,OR-Tools CP-SAT,optimal,3,3,2,2,12.000000,12.000000,not_available,12.000000,14.000000,14.000000,not_logged_by_exact_worker,16.666667,0.002616,0.001857,1.409167,true,false,Tiny branch-bound rows are exact over the project simulator. Other rows are CP-SAT transport-capacity relaxation; empty AGV repositioning/path conflicts are relaxed.
exact|mixed|J3|M3|A2|O2|47,2026-06-03T14:43:43,mixed_J3_M3_A2_O2_seed47,J3_M3_A2_O2,mixed,47,50047,47,60.0,,solved,,0.006158,cpsat_transport_capacity_relaxation_empty_repositioning_relaxed,OR-Tools CP-SAT,optimal,3,3,2,2,14.000000,14.000000,not_available,14.000000,21.187940,21.187940,not_logged_by_exact_worker,51.342432,0.002658,0.002397,1.109159,true,false,Tiny branch-bound rows are exact over the project simulator. Other rows are CP-SAT transport-capacity relaxation; empty AGV repositioning/path conflicts are relaxed.
exact|mixed|J3|M3|A2|O2|49,2026-06-03T14:43:43,mixed_J3_M3_A2_O2_seed49,J3_M3_A2_O2,mixed,49,50049,49,60.0,,solved,,0.005850,cpsat_transport_capacity_relaxation_empty_repositioning_relaxed,OR-Tools CP-SAT,optimal,3,3,2,2,13.000000,13.000000,not_available,13.000000,18.495358,18.495358,not_logged_by_exact_worker,42.271985,0.002652,0.002101,1.262795,true,false,Tiny branch-bound rows are exact over the project simulator. Other rows are CP-SAT transport-capacity relaxation; empty AGV repositioning/path conflicts are relaxed.
exact|mixed|J3|M3|A2|O2|48,2026-06-03T14:43:43,mixed_J3_M3_A2_O2_seed48,J3_M3_A2_O2,mixed,48,50048,48,60.0,,solved,,0.006779,cpsat_transport_capacity_relaxation_empty_repositioning_relaxed,OR-Tools CP-SAT,optimal,3,3,2,2,8.000000,8.000000,not_available,8.000000,11.605551,11.605551,not_logged_by_exact_worker,45.069391,0.003374,0.002188,1.542072,true,false,Tiny branch-bound rows are exact over the project simulator. Other rows are CP-SAT transport-capacity relaxation; empty AGV repositioning/path conflicts are relaxed.
exact|mixed|J3|M3|A2|O2|50,2026-06-03T14:43:43,mixed_J3_M3_A2_O2_seed50,J3_M3_A2_O2,mixed,50,50050,50,60.0,,solved,,0.006431,cpsat_transport_capacity_relaxation_empty_repositioning_relaxed,OR-Tools CP-SAT,optimal,3,3,2,2,9.000000,9.000000,not_available,9.000000,17.802776,17.802776,not_logged_by_exact_worker,97.808618,0.003068,0.002180,1.407579,true,false,Tiny branch-bound rows are exact over the project simulator. Other rows are CP-SAT transport-capacity relaxation; empty AGV repositioning/path conflicts are relaxed.
exact|mixed|J3|M3|A2|O2|51,2026-06-03T14:43:43,mixed_J3_M3_A2_O2_seed51,J3_M3_A2_O2,mixed,51,50051,51,60.0,,solved,,0.005780,cpsat_transport_capacity_relaxation_empty_repositioning_relaxed,OR-Tools CP-SAT,optimal,3,3,2,2,13.000000,13.000000,not_available,13.000000,22.385165,22.385165,not_logged_by_exact_worker,72.193575,0.002314,0.002339,0.989441,true,false,Tiny branch-bound rows are exact over the project simulator. Other rows are CP-SAT transport-capacity relaxation; empty AGV repositioning/path conflicts are relaxed.
exact|static|J3|M3|A2|O2|42,2026-06-03T14:43:43,static_J3_M3_A2_O2_seed42,J3_M3_A2_O2,static,42,42,42,60.0,,solved,,0.004341,cpsat_transport_capacity_relaxation_empty_repositioning_relaxed,OR-Tools CP-SAT,optimal,3,3,2,2,9.000000,9.000000,not_available,9.000000,16.385165,16.385165,not_logged_by_exact_worker,82.057387,0.001875,0.001470,1.275498,true,false,Tiny branch-bound rows are exact over the project simulator. Other rows are CP-SAT transport-capacity relaxation; empty AGV repositioning/path conflicts are relaxed.
exact|static|J3|M3|A2|O2|45,2026-06-03T14:43:43,static_J3_M3_A2_O2_seed45,J3_M3_A2_O2,static,45,45,45,60.0,,solved,,0.003343,cpsat_transport_capacity_relaxation_empty_repositioning_relaxed,OR-Tools CP-SAT,optimal,3,3,2,2,4.000000,4.000000,not_available,4.000000,9.000000,9.000000,not_logged_by_exact_worker,125.000000,0.001060,0.001269,0.835027,true,false,Tiny branch-bound rows are exact over the project simulator. Other rows are CP-SAT transport-capacity relaxation; empty AGV repositioning/path conflicts are relaxed.
exact|static|J3|M3|A2|O2|44,2026-06-03T14:43:43,static_J3_M3_A2_O2_seed44,J3_M3_A2_O2,static,44,44,44,60.0,,solved,,0.004124,cpsat_transport_capacity_relaxation_empty_repositioning_relaxed,OR-Tools CP-SAT,optimal,3,3,2,2,8.000000,8.000000,not_available,8.000000,12.692582,12.692582,not_logged_by_exact_worker,58.657280,0.001845,0.001334,1.382523,true,false,Tiny branch-bound rows are exact over the project simulator. Other rows are CP-SAT transport-capacity relaxation; empty AGV repositioning/path conflicts are relaxed.
exact|static|J3|M3|A2|O2|43,2026-06-03T14:43:43,static_J3_M3_A2_O2_seed43,J3_M3_A2_O2,static,43,43,43,60.0,,solved,,0.005649,cpsat_transport_capacity_relaxation_empty_repositioning_relaxed,OR-Tools CP-SAT,optimal,3,3,2,2,8.800000,8.800000,not_available,8.800000,15.000000,15.000000,not_logged_by_exact_worker,70.454545,0.003095,0.001528,2.025193,true,false,Tiny branch-bound rows are exact over the project simulator. Other rows are CP-SAT transport-capacity relaxation; empty AGV repositioning/path conflicts are relaxed.
exact|static|J3|M3|A2|O2|47,2026-06-03T14:43:43,static_J3_M3_A2_O2_seed47,J3_M3_A2_O2,static,47,47,47,60.0,,solved,,0.004773,cpsat_transport_capacity_relaxation_empty_repositioning_relaxed,OR-Tools CP-SAT,optimal,3,3,2,2,14.000000,14.000000,not_available,14.000000,16.692582,16.692582,not_logged_by_exact_worker,19.232731,0.002174,0.001606,1.353318,true,false,Tiny branch-bound rows are exact over the project simulator. Other rows are CP-SAT transport-capacity relaxation; empty AGV repositioning/path conflicts are relaxed.
exact|static|J3|M3|A2|O2|46,2026-06-03T14:43:43,static_J3_M3_A2_O2_seed46,J3_M3_A2_O2,static,46,46,46,60.0,,solved,,0.006003,cpsat_transport_capacity_relaxation_empty_repositioning_relaxed,OR-Tools CP-SAT,optimal,3,3,2,2,10.000000,10.000000,not_available,10.000000,15.000000,15.000000,not_logged_by_exact_worker,50.000000,0.003412,0.001513,2.255553,true,false,Tiny branch-bound rows are exact over the project simulator. Other rows are CP-SAT transport-capacity relaxation; empty AGV repositioning/path conflicts are relaxed.
exact|static|J3|M3|A2|O2|49,2026-06-03T14:43:43,static_J3_M3_A2_O2_seed49,J3_M3_A2_O2,static,49,49,49,60.0,,solved,,0.004799,cpsat_transport_capacity_relaxation_empty_repositioning_relaxed,OR-Tools CP-SAT,optimal,3,3,2,2,11.800000,11.800000,not_available,11.800000,17.000000,17.000000,not_logged_by_exact_worker,44.067797,0.002179,0.001593,1.368008,true,false,Tiny branch-bound rows are exact over the project simulator. Other rows are CP-SAT transport-capacity relaxation; empty AGV repositioning/path conflicts are relaxed.
exact|static|J3|M3|A2|O2|48,2026-06-03T14:43:43,static_J3_M3_A2_O2_seed48,J3_M3_A2_O2,static,48,48,48,60.0,,solved,,0.005784,cpsat_transport_capacity_relaxation_empty_repositioning_relaxed,OR-Tools CP-SAT,optimal,3,3,2,2,7.800000,7.800000,not_available,7.800000,9.000000,9.000000,not_logged_by_exact_worker,15.384615,0.003223,0.001484,2.172260,true,false,Tiny branch-bound rows are exact over the project simulator. Other rows are CP-SAT transport-capacity relaxation; empty AGV repositioning/path conflicts are relaxed.
exact|static|J3|M3|A2|O2|51,2026-06-03T14:43:43,static_J3_M3_A2_O2_seed51,J3_M3_A2_O2,static,51,51,51,60.0,,solved,,0.004140,cpsat_transport_capacity_relaxation_empty_repositioning_relaxed,OR-Tools CP-SAT,optimal,3,3,2,2,13.000000,13.000000,not_available,13.000000,22.385165,22.385165,not_logged_by_exact_worker,72.193575,0.001704,0.001452,1.173739,true,false,Tiny branch-bound rows are exact over the project simulator. Other rows are CP-SAT transport-capacity relaxation; empty AGV repositioning/path conflicts are relaxed.
exact|breakdown|J3|M3|A2|O3|42,2026-06-03T14:43:43,breakdown_J3_M3_A2_O3_seed42,J3_M3_A2_O3,breakdown,42,30042,42,60.0,,solved,,0.004628,cpsat_transport_capacity_relaxation_empty_repositioning_relaxed,OR-Tools CP-SAT,optimal,3,3,2,3,21.800000,21.800000,not_available,21.800000,26.605551,26.605551,not_logged_by_exact_worker,22.043813,0.001669,0.001922,0.868335,true,false,Tiny branch-bound rows are exact over the project simulator. Other rows are CP-SAT transport-capacity relaxation; empty AGV repositioning/path conflicts are relaxed.
exact|static|J3|M3|A2|O2|50,2026-06-03T14:43:43,static_J3_M3_A2_O2_seed50,J3_M3_A2_O2,static,50,50,50,60.0,,solved,,0.005890,cpsat_transport_capacity_relaxation_empty_repositioning_relaxed,OR-Tools CP-SAT,optimal,3,3,2,2,7.000000,7.000000,not_available,7.000000,11.802776,11.802776,not_logged_by_exact_worker,68.611081,0.003163,0.001602,1.974964,true,false,Tiny branch-bound rows are exact over the project simulator. Other rows are CP-SAT transport-capacity relaxation; empty AGV repositioning/path conflicts are relaxed.
exact|breakdown|J3|M3|A2|O3|43,2026-06-03T14:43:43,breakdown_J3_M3_A2_O3_seed43,J3_M3_A2_O3,breakdown,43,30043,43,60.0,,solved,,0.004987,cpsat_transport_capacity_relaxation_empty_repositioning_relaxed,OR-Tools CP-SAT,optimal,3,3,2,3,14.000000,14.000000,not_available,14.000000,22.385165,22.385165,not_logged_by_exact_worker,59.894034,0.001828,0.002098,0.871431,true,false,Tiny branch-bound rows are exact over the project simulator. Other rows are CP-SAT transport-capacity relaxation; empty AGV repositioning/path conflicts are relaxed.
exact|breakdown|J3|M3|A2|O3|45,2026-06-03T14:43:43,breakdown_J3_M3_A2_O3_seed45,J3_M3_A2_O3,breakdown,45,30045,45,60.0,,solved,,0.004481,cpsat_transport_capacity_relaxation_empty_repositioning_relaxed,OR-Tools CP-SAT,optimal,3,3,2,3,12.600000,12.600000,not_available,12.600000,18.605551,18.605551,not_logged_by_exact_worker,47.663105,0.001323,0.002086,0.634110,true,false,Tiny branch-bound rows are exact over the project simulator. Other rows are CP-SAT transport-capacity relaxation; empty AGV repositioning/path conflicts are relaxed.
exact|breakdown|J3|M3|A2|O3|44,2026-06-03T14:43:43,breakdown_J3_M3_A2_O3_seed44,J3_M3_A2_O3,breakdown,44,30044,44,60.0,,solved,,0.006029,cpsat_transport_capacity_relaxation_empty_repositioning_relaxed,OR-Tools CP-SAT,optimal,3,3,2,3,13.800000,13.800000,not_available,13.800000,22.605551,22.605551,not_logged_by_exact_worker,63.808343,0.002940,0.002004,1.467043,true,false,Tiny branch-bound rows are exact over the project simulator. Other rows are CP-SAT transport-capacity relaxation; empty AGV repositioning/path conflicts are relaxed.
exact|breakdown|J3|M3|A2|O3|46,2026-06-03T14:43:43,breakdown_J3_M3_A2_O3_seed46,J3_M3_A2_O3,breakdown,46,30046,46,60.0,,solved,,0.005242,cpsat_transport_capacity_relaxation_empty_repositioning_relaxed,OR-Tools CP-SAT,optimal,3,3,2,3,16.000000,16.000000,not_available,16.000000,24.802776,24.802776,not_logged_by_exact_worker,55.017348,0.002161,0.001913,1.129666,true,false,Tiny branch-bound rows are exact over the project simulator. Other rows are CP-SAT transport-capacity relaxation; empty AGV repositioning/path conflicts are relaxed.
exact|breakdown|J3|M3|A2|O3|47,2026-06-03T14:43:43,breakdown_J3_M3_A2_O3_seed47,J3_M3_A2_O3,breakdown,47,30047,47,60.0,,solved,,0.005408,cpsat_transport_capacity_relaxation_empty_repositioning_relaxed,OR-Tools CP-SAT,optimal,3,3,2,3,19.800000,19.800000,not_available,19.800000,24.298134,24.298134,not_logged_by_exact_worker,22.717847,0.002132,0.002134,0.999063,true,false,Tiny branch-bound rows are exact over the project simulator. Other rows are CP-SAT transport-capacity relaxation; empty AGV repositioning/path conflicts are relaxed.
exact|breakdown|J3|M3|A2|O3|49,2026-06-03T14:43:43,breakdown_J3_M3_A2_O3_seed49,J3_M3_A2_O3,breakdown,49,30049,49,60.0,,solved,,0.005380,cpsat_transport_capacity_relaxation_empty_repositioning_relaxed,OR-Tools CP-SAT,optimal,3,3,2,3,17.000000,17.000000,not_available,17.000000,21.495358,21.495358,not_logged_by_exact_worker,26.443283,0.002103,0.002103,0.999905,true,false,Tiny branch-bound rows are exact over the project simulator. Other rows are CP-SAT transport-capacity relaxation; empty AGV repositioning/path conflicts are relaxed.
exact|breakdown|J3|M3|A2|O3|50,2026-06-03T14:43:43,breakdown_J3_M3_A2_O3_seed50,J3_M3_A2_O3,breakdown,50,30050,50,60.0,,solved,,0.005389,cpsat_transport_capacity_relaxation_empty_repositioning_relaxed,OR-Tools CP-SAT,optimal,3,3,2,3,11.000000,11.000000,not_available,11.000000,13.692582,13.692582,not_logged_by_exact_worker,24.478022,0.002357,0.001931,1.220692,true,false,Tiny branch-bound rows are exact over the project simulator. Other rows are CP-SAT transport-capacity relaxation; empty AGV repositioning/path conflicts are relaxed.
exact|breakdown|J3|M3|A2|O3|51,2026-06-03T14:43:43,breakdown_J3_M3_A2_O3_seed51,J3_M3_A2_O3,breakdown,51,30051,51,60.0,,solved,,0.005025,cpsat_transport_capacity_relaxation_empty_repositioning_relaxed,OR-Tools CP-SAT,optimal,3,3,2,3,19.800000,19.800000,not_available,19.800000,23.802776,23.802776,not_logged_by_exact_worker,20.216039,0.001981,0.001986,0.997231,true,false,Tiny branch-bound rows are exact over the project simulator. Other rows are CP-SAT transport-capacity relaxation; empty AGV repositioning/path conflicts are relaxed.
exact|breakdown|J3|M3|A2|O3|48,2026-06-03T14:43:43,breakdown_J3_M3_A2_O3_seed48,J3_M3_A2_O3,breakdown,48,30048,48,60.0,,solved,,0.006510,cpsat_transport_capacity_relaxation_empty_repositioning_relaxed,OR-Tools CP-SAT,optimal,3,3,2,3,18.000000,18.000000,not_available,18.000000,24.100909,24.100909,not_logged_by_exact_worker,33.893941,0.003381,0.002001,1.689805,true,false,Tiny branch-bound rows are exact over the project simulator. Other rows are CP-SAT transport-capacity relaxation; empty AGV repositioning/path conflicts are relaxed.
exact|rush_job|J3|M3|A2|O3|45,2026-06-03T14:43:43,rush_job_J3_M3_A2_O3_seed45,J3_M3_A2_O3,rush_job,45,40045,45,60.0,,solved,,0.007275,cpsat_transport_capacity_relaxation_empty_repositioning_relaxed,OR-Tools CP-SAT,optimal,3,3,2,3,12.600000,12.600000,not_available,12.600000,20.605551,20.605551,not_logged_by_exact_worker,63.536121,0.002981,0.002967,1.004888,true,false,Tiny branch-bound rows are exact over the project simulator. Other rows are CP-SAT transport-capacity relaxation; empty AGV repositioning/path conflicts are relaxed.
exact|rush_job|J3|M3|A2|O3|42,2026-06-03T14:43:43,rush_job_J3_M3_A2_O3_seed42,J3_M3_A2_O3,rush_job,42,40042,42,60.0,,solved,,0.008241,cpsat_transport_capacity_relaxation_empty_repositioning_relaxed,OR-Tools CP-SAT,optimal,3,3,2,3,14.600000,14.600000,not_available,14.600000,20.100909,20.100909,not_logged_by_exact_worker,37.677461,0.003972,0.002975,1.335238,true,false,Tiny branch-bound rows are exact over the project simulator. Other rows are CP-SAT transport-capacity relaxation; empty AGV repositioning/path conflicts are relaxed.
exact|rush_job|J3|M3|A2|O3|44,2026-06-03T14:43:43,rush_job_J3_M3_A2_O3_seed44,J3_M3_A2_O3,rush_job,44,40044,44,60.0,,solved,,0.008161,cpsat_transport_capacity_relaxation_empty_repositioning_relaxed,OR-Tools CP-SAT,optimal,3,3,2,3,13.800000,13.800000,not_available,13.800000,21.605551,21.605551,not_logged_by_exact_worker,56.561966,0.004098,0.002704,1.515366,true,false,Tiny branch-bound rows are exact over the project simulator. Other rows are CP-SAT transport-capacity relaxation; empty AGV repositioning/path conflicts are relaxed.
exact|rush_job|J3|M3|A2|O3|43,2026-06-03T14:43:43,rush_job_J3_M3_A2_O3_seed43,J3_M3_A2_O3,rush_job,43,40043,43,60.0,,solved,,0.010019,cpsat_transport_capacity_relaxation_empty_repositioning_relaxed,OR-Tools CP-SAT,optimal,3,3,2,3,14.000000,14.000000,not_available,14.000000,26.990716,26.990716,not_logged_by_exact_worker,92.790829,0.005069,0.003403,1.489364,true,false,Tiny branch-bound rows are exact over the project simulator. Other rows are CP-SAT transport-capacity relaxation; empty AGV repositioning/path conflicts are relaxed.
exact|rush_job|J3|M3|A2|O3|47,2026-06-03T14:43:43,rush_job_J3_M3_A2_O3_seed47,J3_M3_A2_O3,rush_job,47,40047,47,60.0,,solved,,0.008841,cpsat_transport_capacity_relaxation_empty_repositioning_relaxed,OR-Tools CP-SAT,optimal,3,3,2,3,18.800000,18.800000,not_available,18.800000,23.692582,23.692582,not_logged_by_exact_worker,26.024374,0.004564,0.002864,1.593541,true,false,Tiny branch-bound rows are exact over the project simulator. Other rows are CP-SAT transport-capacity relaxation; empty AGV repositioning/path conflicts are relaxed.
exact|rush_job|J3|M3|A2|O3|46,2026-06-03T14:43:43,rush_job_J3_M3_A2_O3_seed46,J3_M3_A2_O3,rush_job,46,40046,46,60.0,,solved,,0.010525,cpsat_transport_capacity_relaxation_empty_repositioning_relaxed,OR-Tools CP-SAT,optimal,3,3,2,3,14.000000,14.000000,not_available,14.000000,26.605551,26.605551,not_logged_by_exact_worker,90.039652,0.005940,0.003038,1.955392,true,false,Tiny branch-bound rows are exact over the project simulator. Other rows are CP-SAT transport-capacity relaxation; empty AGV repositioning/path conflicts are relaxed.
exact|rush_job|J3|M3|A2|O3|48,2026-06-03T14:43:43,rush_job_J3_M3_A2_O3_seed48,J3_M3_A2_O3,rush_job,48,40048,48,60.0,,solved,,0.010912,cpsat_transport_capacity_relaxation_empty_repositioning_relaxed,OR-Tools CP-SAT,optimal,3,3,2,3,13.000000,13.000000,not_available,13.000000,22.683298,22.683298,not_logged_by_exact_worker,74.486911,0.006608,0.002917,2.265643,true,false,Tiny branch-bound rows are exact over the project simulator. Other rows are CP-SAT transport-capacity relaxation; empty AGV repositioning/path conflicts are relaxed.
exact|rush_job|J3|M3|A2|O3|49,2026-06-03T14:43:43,rush_job_J3_M3_A2_O3_seed49,J3_M3_A2_O3,rush_job,49,40049,49,60.0,,solved,,0.010354,cpsat_transport_capacity_relaxation_empty_repositioning_relaxed,OR-Tools CP-SAT,optimal,3,3,2,3,15.800000,15.800000,not_available,15.800000,20.298134,20.298134,not_logged_by_exact_worker,28.469201,0.005791,0.003000,1.930107,true,false,Tiny branch-bound rows are exact over the project simulator. Other rows are CP-SAT transport-capacity relaxation; empty AGV repositioning/path conflicts are relaxed.
exact|rush_job|J3|M3|A2|O3|50,2026-06-03T14:43:43,rush_job_J3_M3_A2_O3_seed50,J3_M3_A2_O3,rush_job,50,40050,50,60.0,,solved,,0.009325,cpsat_transport_capacity_relaxation_empty_repositioning_relaxed,OR-Tools CP-SAT,optimal,3,3,2,3,10.000000,10.000000,not_available,10.000000,15.802776,15.802776,not_logged_by_exact_worker,58.027756,0.005219,0.002724,1.915725,true,false,Tiny branch-bound rows are exact over the project simulator. Other rows are CP-SAT transport-capacity relaxation; empty AGV repositioning/path conflicts are relaxed.
exact|mixed|J3|M3|A2|O3|42,2026-06-03T14:43:43,mixed_J3_M3_A2_O3_seed42,J3_M3_A2_O3,mixed,42,50042,42,60.0,,solved,,0.006867,cpsat_transport_capacity_relaxation_empty_repositioning_relaxed,OR-Tools CP-SAT,optimal,3,3,2,3,21.800000,21.800000,not_available,21.800000,27.802776,27.802776,not_logged_by_exact_worker,27.535668,0.002754,0.002774,0.992574,true,false,Tiny branch-bound rows are exact over the project simulator. Other rows are CP-SAT transport-capacity relaxation; empty AGV repositioning/path conflicts are relaxed.
exact|rush_job|J3|M3|A2|O3|51,2026-06-03T14:43:43,rush_job_J3_M3_A2_O3_seed51,J3_M3_A2_O3,rush_job,51,40051,51,60.0,,solved,,0.008651,cpsat_transport_capacity_relaxation_empty_repositioning_relaxed,OR-Tools CP-SAT,optimal,3,3,2,3,19.800000,19.800000,not_available,19.800000,29.187940,29.187940,not_logged_by_exact_worker,47.413841,0.004240,0.002896,1.463934,true,false,Tiny branch-bound rows are exact over the project simulator. Other rows are CP-SAT transport-capacity relaxation; empty AGV repositioning/path conflicts are relaxed.
exact|mixed|J3|M3|A2|O3|43,2026-06-03T14:43:43,mixed_J3_M3_A2_O3_seed43,J3_M3_A2_O3,mixed,43,50043,43,60.0,,solved,,0.007177,cpsat_transport_capacity_relaxation_empty_repositioning_relaxed,OR-Tools CP-SAT,optimal,3,3,2,3,14.000000,14.000000,not_available,14.000000,24.187940,24.187940,not_logged_by_exact_worker,72.771003,0.002784,0.002969,0.937662,true,false,Tiny branch-bound rows are exact over the project simulator. Other rows are CP-SAT transport-capacity relaxation; empty AGV repositioning/path conflicts are relaxed.
exact|mixed|J3|M3|A2|O3|45,2026-06-03T14:43:43,mixed_J3_M3_A2_O3_seed45,J3_M3_A2_O3,mixed,45,50045,45,60.0,,solved,,0.006351,cpsat_transport_capacity_relaxation_empty_repositioning_relaxed,OR-Tools CP-SAT,optimal,3,3,2,3,12.600000,12.600000,not_available,12.600000,18.605551,18.605551,not_logged_by_exact_worker,47.663105,0.002409,0.002743,0.878473,true,false,Tiny branch-bound rows are exact over the project simulator. Other rows are CP-SAT transport-capacity relaxation; empty AGV repositioning/path conflicts are relaxed.
exact|mixed|J3|M3|A2|O3|46,2026-06-03T14:43:43,mixed_J3_M3_A2_O3_seed46,J3_M3_A2_O3,mixed,46,50046,46,60.0,,solved,,0.006963,cpsat_transport_capacity_relaxation_empty_repositioning_relaxed,OR-Tools CP-SAT,optimal,3,3,2,3,16.000000,16.000000,not_available,16.000000,26.605551,26.605551,not_logged_by_exact_worker,66.284695,0.003070,0.002612,1.175684,true,false,Tiny branch-bound rows are exact over the project simulator. Other rows are CP-SAT transport-capacity relaxation; empty AGV repositioning/path conflicts are relaxed.
exact|mixed|J3|M3|A2|O3|44,2026-06-03T14:43:43,mixed_J3_M3_A2_O3_seed44,J3_M3_A2_O3,mixed,44,50044,44,60.0,,solved,,0.008890,cpsat_transport_capacity_relaxation_empty_repositioning_relaxed,OR-Tools CP-SAT,optimal,3,3,2,3,14.000000,14.000000,not_available,14.000000,22.605551,22.605551,not_logged_by_exact_worker,61.468223,0.004781,0.002730,1.751658,true,false,Tiny branch-bound rows are exact over the project simulator. Other rows are CP-SAT transport-capacity relaxation; empty AGV repositioning/path conflicts are relaxed.
exact|mixed|J3|M3|A2|O3|47,2026-06-03T14:43:43,mixed_J3_M3_A2_O3_seed47,J3_M3_A2_O3,mixed,47,50047,47,60.0,,solved,,0.007843,cpsat_transport_capacity_relaxation_empty_repositioning_relaxed,OR-Tools CP-SAT,optimal,3,3,2,3,19.800000,19.800000,not_available,19.800000,25.298134,25.298134,not_logged_by_exact_worker,27.768352,0.003444,0.003115,1.105582,true,false,Tiny branch-bound rows are exact over the project simulator. Other rows are CP-SAT transport-capacity relaxation; empty AGV repositioning/path conflicts are relaxed.
exact|mixed|J3|M3|A2|O3|49,2026-06-03T14:43:43,mixed_J3_M3_A2_O3_seed49,J3_M3_A2_O3,mixed,49,50049,49,60.0,,solved,,0.007772,cpsat_transport_capacity_relaxation_empty_repositioning_relaxed,OR-Tools CP-SAT,optimal,3,3,2,3,17.000000,17.000000,not_available,17.000000,23.298134,23.298134,not_logged_by_exact_worker,37.047845,0.003481,0.002917,1.193042,true,false,Tiny branch-bound rows are exact over the project simulator. Other rows are CP-SAT transport-capacity relaxation; empty AGV repositioning/path conflicts are relaxed.
exact|mixed|J3|M3|A2|O3|48,2026-06-03T14:43:43,mixed_J3_M3_A2_O3_seed48,J3_M3_A2_O3,mixed,48,50048,48,60.0,,solved,,0.009027,cpsat_transport_capacity_relaxation_empty_repositioning_relaxed,OR-Tools CP-SAT,optimal,3,3,2,3,18.000000,18.000000,not_available,18.000000,25.990716,25.990716,not_logged_by_exact_worker,44.392867,0.004807,0.002806,1.713237,true,false,Tiny branch-bound rows are exact over the project simulator. Other rows are CP-SAT transport-capacity relaxation; empty AGV repositioning/path conflicts are relaxed.
exact|mixed|J3|M3|A2|O3|50,2026-06-03T14:43:43,mixed_J3_M3_A2_O3_seed50,J3_M3_A2_O3,mixed,50,50050,50,60.0,,solved,,0.007688,cpsat_transport_capacity_relaxation_empty_repositioning_relaxed,OR-Tools CP-SAT,optimal,3,3,2,3,11.000000,11.000000,not_available,11.000000,20.408327,20.408327,not_logged_by_exact_worker,85.530245,0.003635,0.002771,1.311720,true,false,Tiny branch-bound rows are exact over the project simulator. Other rows are CP-SAT transport-capacity relaxation; empty AGV repositioning/path conflicts are relaxed.
exact|mixed|J3|M3|A2|O3|51,2026-06-03T14:43:43,mixed_J3_M3_A2_O3_seed51,J3_M3_A2_O3,mixed,51,50051,51,60.0,,solved,,0.007488,cpsat_transport_capacity_relaxation_empty_repositioning_relaxed,OR-Tools CP-SAT,optimal,3,3,2,3,19.800000,19.800000,not_available,19.800000,25.802776,25.802776,not_logged_by_exact_worker,30.317049,0.003184,0.002950,1.079223,true,false,Tiny branch-bound rows are exact over the project simulator. Other rows are CP-SAT transport-capacity relaxation; empty AGV repositioning/path conflicts are relaxed.
exact|static|J3|M3|A2|O3|42,2026-06-03T14:43:43,static_J3_M3_A2_O3_seed42,J3_M3_A2_O3,static,42,42,42,60.0,,solved,,0.005875,cpsat_transport_capacity_relaxation_empty_repositioning_relaxed,OR-Tools CP-SAT,optimal,3,3,2,3,14.600000,14.600000,not_available,14.600000,17.802776,17.802776,not_logged_by_exact_worker,21.936819,0.002536,0.002205,1.150288,true,false,Tiny branch-bound rows are exact over the project simulator. Other rows are CP-SAT transport-capacity relaxation; empty AGV repositioning/path conflicts are relaxed.
exact|static|J3|M3|A2|O3|45,2026-06-03T14:43:43,static_J3_M3_A2_O3_seed45,J3_M3_A2_O3,static,45,45,45,60.0,,solved,,0.005492,cpsat_transport_capacity_relaxation_empty_repositioning_relaxed,OR-Tools CP-SAT,optimal,3,3,2,3,12.600000,12.600000,not_available,12.600000,18.605551,18.605551,not_logged_by_exact_worker,47.663105,0.002067,0.002193,0.942279,true,false,Tiny branch-bound rows are exact over the project simulator. Other rows are CP-SAT transport-capacity relaxation; empty AGV repositioning/path conflicts are relaxed.
exact|static|J3|M3|A2|O3|44,2026-06-03T14:43:43,static_J3_M3_A2_O3_seed44,J3_M3_A2_O3,static,44,44,44,60.0,,solved,,0.006486,cpsat_transport_capacity_relaxation_empty_repositioning_relaxed,OR-Tools CP-SAT,optimal,3,3,2,3,13.800000,13.800000,not_available,13.800000,17.802776,17.802776,not_logged_by_exact_worker,29.005621,0.003289,0.001944,1.691437,true,false,Tiny branch-bound rows are exact over the project simulator. Other rows are CP-SAT transport-capacity relaxation; empty AGV repositioning/path conflicts are relaxed.
exact|static|J3|M3|A2|O3|43,2026-06-03T14:43:43,static_J3_M3_A2_O3_seed43,J3_M3_A2_O3,static,43,43,43,60.0,,solved,,0.007746,cpsat_transport_capacity_relaxation_empty_repositioning_relaxed,OR-Tools CP-SAT,optimal,3,3,2,3,13.800000,13.800000,not_available,13.800000,23.000000,23.000000,not_logged_by_exact_worker,66.666667,0.003997,0.002346,1.703405,true,false,Tiny branch-bound rows are exact over the project simulator. Other rows are CP-SAT transport-capacity relaxation; empty AGV repositioning/path conflicts are relaxed.
exact|static|J3|M3|A2|O3|47,2026-06-03T14:43:43,static_J3_M3_A2_O3_seed47,J3_M3_A2_O3,static,47,47,47,60.0,,solved,,0.006575,cpsat_transport_capacity_relaxation_empty_repositioning_relaxed,OR-Tools CP-SAT,optimal,3,3,2,3,18.800000,18.800000,not_available,18.800000,22.495358,22.495358,not_logged_by_exact_worker,19.656160,0.002955,0.002378,1.242914,true,false,Tiny branch-bound rows are exact over the project simulator. Other rows are CP-SAT transport-capacity relaxation; empty AGV repositioning/path conflicts are relaxed.
exact|static|J3|M3|A2|O3|46,2026-06-03T14:43:43,static_J3_M3_A2_O3_seed46,J3_M3_A2_O3,static,46,46,46,60.0,,solved,,0.008693,cpsat_transport_capacity_relaxation_empty_repositioning_relaxed,OR-Tools CP-SAT,optimal,3,3,2,3,14.000000,14.000000,not_available,14.000000,21.605551,21.605551,not_logged_by_exact_worker,54.325366,0.004958,0.002259,2.194962,true,false,Tiny branch-bound rows are exact over the project simulator. Other rows are CP-SAT transport-capacity relaxation; empty AGV repositioning/path conflicts are relaxed.
exact|static|J3|M3|A2|O3|48,2026-06-03T14:43:43,static_J3_M3_A2_O3_seed48,J3_M3_A2_O3,static,48,48,48,60.0,,solved,,0.007505,cpsat_transport_capacity_relaxation_empty_repositioning_relaxed,OR-Tools CP-SAT,optimal,3,3,2,3,13.000000,13.000000,not_available,13.000000,20.880523,20.880523,not_logged_by_exact_worker,60.619407,0.004181,0.002092,1.998232,true,false,Tiny branch-bound rows are exact over the project simulator. Other rows are CP-SAT transport-capacity relaxation; empty AGV repositioning/path conflicts are relaxed.
exact|static|J3|M3|A2|O3|49,2026-06-03T14:43:43,static_J3_M3_A2_O3_seed49,J3_M3_A2_O3,static,49,49,49,60.0,,solved,,0.007872,cpsat_transport_capacity_relaxation_empty_repositioning_relaxed,OR-Tools CP-SAT,optimal,3,3,2,3,14.800000,14.800000,not_available,14.800000,23.100909,23.100909,not_logged_by_exact_worker,56.087225,0.004192,0.002309,1.815626,true,false,Tiny branch-bound rows are exact over the project simulator. Other rows are CP-SAT transport-capacity relaxation; empty AGV repositioning/path conflicts are relaxed.
exact|breakdown|J4|M2|A1|O2|42,2026-06-03T14:43:43,breakdown_J4_M2_A1_O2_seed42,J4_M2_A1_O2,breakdown,42,30042,42,300.0,,solved,,0.004063,cpsat_transport_capacity_relaxation_empty_repositioning_relaxed,OR-Tools CP-SAT,optimal,4,2,1,2,17.000000,17.000000,not_available,17.000000,18.802776,18.802776,not_logged_by_exact_worker,10.604563,0.000963,0.002047,0.470255,true,false,Tiny branch-bound rows are exact over the project simulator. Other rows are CP-SAT transport-capacity relaxation; empty AGV repositioning/path conflicts are relaxed.
exact|breakdown|J4|M2|A1|O2|43,2026-06-03T14:43:43,breakdown_J4_M2_A1_O2_seed43,J4_M2_A1_O2,breakdown,43,30043,43,300.0,,solved,,0.003707,cpsat_transport_capacity_relaxation_empty_repositioning_relaxed,OR-Tools CP-SAT,optimal,4,2,1,2,14.000000,14.000000,not_available,14.000000,23.068463,23.068463,not_logged_by_exact_worker,64.774738,0.000903,0.001856,0.486527,true,false,Tiny branch-bound rows are exact over the project simulator. Other rows are CP-SAT transport-capacity relaxation; empty AGV repositioning/path conflicts are relaxed.
exact|static|J3|M3|A2|O3|50,2026-06-03T14:43:43,static_J3_M3_A2_O3_seed50,J3_M3_A2_O3,static,50,50,50,60.0,,solved,,0.007524,cpsat_transport_capacity_relaxation_empty_repositioning_relaxed,OR-Tools CP-SAT,optimal,3,3,2,3,10.000000,10.000000,not_available,10.000000,12.802776,12.802776,not_logged_by_exact_worker,28.027756,0.004103,0.002157,1.902225,true,false,Tiny branch-bound rows are exact over the project simulator. Other rows are CP-SAT transport-capacity relaxation; empty AGV repositioning/path conflicts are relaxed.
exact|static|J3|M3|A2|O3|51,2026-06-03T14:43:43,static_J3_M3_A2_O3_seed51,J3_M3_A2_O3,static,51,51,51,60.0,,solved,,0.006977,cpsat_transport_capacity_relaxation_empty_repositioning_relaxed,OR-Tools CP-SAT,optimal,3,3,2,3,19.800000,19.800000,not_available,19.800000,27.100909,27.100909,not_logged_by_exact_worker,36.873279,0.003443,0.002244,1.534471,true,false,Tiny branch-bound rows are exact over the project simulator. Other rows are CP-SAT transport-capacity relaxation; empty AGV repositioning/path conflicts are relaxed.
exact|breakdown|J4|M2|A1|O2|44,2026-06-03T14:43:43,breakdown_J4_M2_A1_O2_seed44,J4_M2_A1_O2,breakdown,44,30044,44,300.0,,solved,,0.003672,cpsat_transport_capacity_relaxation_empty_repositioning_relaxed,OR-Tools CP-SAT,optimal,4,2,1,2,18.000000,18.000000,not_available,18.000000,27.683298,27.683298,not_logged_by_exact_worker,53.796103,0.000922,0.001830,0.503634,true,false,Tiny branch-bound rows are exact over the project simulator. Other rows are CP-SAT transport-capacity relaxation; empty AGV repositioning/path conflicts are relaxed.
exact|breakdown|J4|M2|A1|O2|45,2026-06-03T14:43:43,breakdown_J4_M2_A1_O2_seed45,J4_M2_A1_O2,breakdown,45,30045,45,300.0,,solved,,0.003461,cpsat_transport_capacity_relaxation_empty_repositioning_relaxed,OR-Tools CP-SAT,optimal,4,2,1,2,13.000000,13.000000,not_available,13.000000,19.462912,19.462912,not_logged_by_exact_worker,49.714708,0.000857,0.001654,0.517983,true,false,Tiny branch-bound rows are exact over the project simulator. Other rows are CP-SAT transport-capacity relaxation; empty AGV repositioning/path conflicts are relaxed.
exact|breakdown|J4|M2|A1|O2|46,2026-06-03T14:43:43,breakdown_J4_M2_A1_O2_seed46,J4_M2_A1_O2,breakdown,46,30046,46,300.0,,solved,,0.003498,cpsat_transport_capacity_relaxation_empty_repositioning_relaxed,OR-Tools CP-SAT,optimal,4,2,1,2,34.000000,34.000000,not_available,34.000000,37.077747,37.077747,not_logged_by_exact_worker,9.052198,0.000862,0.001602,0.538308,true,false,Tiny branch-bound rows are exact over the project simulator. Other rows are CP-SAT transport-capacity relaxation; empty AGV repositioning/path conflicts are relaxed.
exact|breakdown|J4|M2|A1|O2|47,2026-06-03T14:43:43,breakdown_J4_M2_A1_O2_seed47,J4_M2_A1_O2,breakdown,47,30047,47,300.0,,solved,,0.004183,cpsat_transport_capacity_relaxation_empty_repositioning_relaxed,OR-Tools CP-SAT,optimal,4,2,1,2,17.000000,17.000000,not_available,17.000000,24.683298,24.683298,not_logged_by_exact_worker,45.195873,0.000945,0.002208,0.427821,true,false,Tiny branch-bound rows are exact over the project simulator. Other rows are CP-SAT transport-capacity relaxation; empty AGV repositioning/path conflicts are relaxed.
exact|breakdown|J4|M2|A1|O2|49,2026-06-03T14:43:43,breakdown_J4_M2_A1_O2_seed49,J4_M2_A1_O2,breakdown,49,30049,49,300.0,,solved,,0.003552,cpsat_transport_capacity_relaxation_empty_repositioning_relaxed,OR-Tools CP-SAT,optimal,4,2,1,2,24.000000,24.000000,not_available,24.000000,25.000000,25.000000,not_logged_by_exact_worker,4.166667,0.000812,0.001846,0.439829,true,false,Tiny branch-bound rows are exact over the project simulator. Other rows are CP-SAT transport-capacity relaxation; empty AGV repositioning/path conflicts are relaxed.
exact|breakdown|J4|M2|A1|O2|48,2026-06-03T14:43:43,breakdown_J4_M2_A1_O2_seed48,J4_M2_A1_O2,breakdown,48,30048,48,300.0,,solved,,0.003592,cpsat_transport_capacity_relaxation_empty_repositioning_relaxed,OR-Tools CP-SAT,optimal,4,2,1,2,20.000000,20.000000,not_available,20.000000,21.000000,21.000000,not_logged_by_exact_worker,5.000000,0.000869,0.001773,0.490127,true,false,Tiny branch-bound rows are exact over the project simulator. Other rows are CP-SAT transport-capacity relaxation; empty AGV repositioning/path conflicts are relaxed.
exact|breakdown|J4|M2|A1|O2|50,2026-06-03T14:43:43,breakdown_J4_M2_A1_O2_seed50,J4_M2_A1_O2,breakdown,50,30050,50,300.0,,solved,,0.003758,cpsat_transport_capacity_relaxation_empty_repositioning_relaxed,OR-Tools CP-SAT,optimal,4,2,1,2,11.000000,11.000000,not_available,11.000000,20.077747,20.077747,not_logged_by_exact_worker,82.524975,0.000888,0.001873,0.473946,true,false,Tiny branch-bound rows are exact over the project simulator. Other rows are CP-SAT transport-capacity relaxation; empty AGV repositioning/path conflicts are relaxed.
exact|breakdown|J4|M2|A1|O2|51,2026-06-03T14:43:43,breakdown_J4_M2_A1_O2_seed51,J4_M2_A1_O2,breakdown,51,30051,51,300.0,,solved,,0.003415,cpsat_transport_capacity_relaxation_empty_repositioning_relaxed,OR-Tools CP-SAT,optimal,4,2,1,2,20.000000,20.000000,not_available,20.000000,21.000000,21.000000,not_logged_by_exact_worker,5.000000,0.000836,0.001676,0.498896,true,false,Tiny branch-bound rows are exact over the project simulator. Other rows are CP-SAT transport-capacity relaxation; empty AGV repositioning/path conflicts are relaxed.
exact|rush_job|J4|M2|A1|O2|42,2026-06-03T14:43:43,rush_job_J4_M2_A1_O2_seed42,J4_M2_A1_O2,rush_job,42,40042,42,300.0,,solved,,0.007952,cpsat_transport_capacity_relaxation_empty_repositioning_relaxed,OR-Tools CP-SAT,optimal,4,2,1,2,13.000000,13.000000,not_available,13.000000,24.288850,24.288850,not_logged_by_exact_worker,86.837306,0.003914,0.002810,1.393003,true,false,Tiny branch-bound rows are exact over the project simulator. Other rows are CP-SAT transport-capacity relaxation; empty AGV repositioning/path conflicts are relaxed.
exact|rush_job|J4|M2|A1|O2|43,2026-06-03T14:43:43,rush_job_J4_M2_A1_O2_seed43,J4_M2_A1_O2,rush_job,43,40043,43,300.0,,solved,,0.008320,cpsat_transport_capacity_relaxation_empty_repositioning_relaxed,OR-Tools CP-SAT,optimal,4,2,1,2,13.000000,13.000000,not_available,13.000000,23.462912,23.462912,not_logged_by_exact_worker,80.483939,0.004335,0.002748,1.577402,true,false,Tiny branch-bound rows are exact over the project simulator. Other rows are CP-SAT transport-capacity relaxation; empty AGV repositioning/path conflicts are relaxed.
exact|rush_job|J4|M2|A1|O2|45,2026-06-03T14:43:43,rush_job_J4_M2_A1_O2_seed45,J4_M2_A1_O2,rush_job,45,40045,45,300.0,,solved,,0.007310,cpsat_transport_capacity_relaxation_empty_repositioning_relaxed,OR-Tools CP-SAT,optimal,4,2,1,2,10.000000,10.000000,not_available,10.000000,20.903685,20.903685,not_logged_by_exact_worker,109.036850,0.003466,0.002637,1.314486,true,false,Tiny branch-bound rows are exact over the project simulator. Other rows are CP-SAT transport-capacity relaxation; empty AGV repositioning/path conflicts are relaxed.
exact|rush_job|J4|M2|A1|O2|47,2026-06-03T14:43:43,rush_job_J4_M2_A1_O2_seed47,J4_M2_A1_O2,rush_job,47,40047,47,300.0,,solved,,0.008757,cpsat_transport_capacity_relaxation_empty_repositioning_relaxed,OR-Tools CP-SAT,optimal,4,2,1,2,17.000000,17.000000,not_available,17.000000,29.462912,29.462912,not_logged_by_exact_worker,73.311247,0.004922,0.002576,1.910569,true,false,Tiny branch-bound rows are exact over the project simulator. Other rows are CP-SAT transport-capacity relaxation; empty AGV repositioning/path conflicts are relaxed.
exact|rush_job|J4|M2|A1|O2|48,2026-06-03T14:43:43,rush_job_J4_M2_A1_O2_seed48,J4_M2_A1_O2,rush_job,48,40048,48,300.0,,solved,,0.007863,cpsat_transport_capacity_relaxation_empty_repositioning_relaxed,OR-Tools CP-SAT,optimal,4,2,1,2,11.000000,11.000000,not_available,11.000000,22.265688,22.265688,not_logged_by_exact_worker,102.415342,0.004108,0.002523,1.628479,true,false,Tiny branch-bound rows are exact over the project simulator. Other rows are CP-SAT transport-capacity relaxation; empty AGV repositioning/path conflicts are relaxed.
exact|rush_job|J4|M2|A1|O2|46,2026-06-03T14:43:43,rush_job_J4_M2_A1_O2_seed46,J4_M2_A1_O2,rush_job,46,40046,46,300.0,,solved,,0.010092,cpsat_transport_capacity_relaxation_empty_repositioning_relaxed,OR-Tools CP-SAT,optimal,4,2,1,2,13.000000,13.000000,not_available,13.000000,23.077747,23.077747,not_logged_by_exact_worker,77.521132,0.006020,0.002714,2.218099,true,false,Tiny branch-bound rows are exact over the project simulator. Other rows are CP-SAT transport-capacity relaxation; empty AGV repositioning/path conflicts are relaxed.
exact|rush_job|J4|M2|A1|O2|44,2026-06-03T14:43:44,rush_job_J4_M2_A1_O2_seed44,J4_M2_A1_O2,rush_job,44,40044,44,300.0,,solved,,0.024666,cpsat_transport_capacity_relaxation_empty_repositioning_relaxed,OR-Tools CP-SAT,optimal,4,2,1,2,15.000000,15.000000,not_available,15.000000,28.650852,28.650852,not_logged_by_exact_worker,91.005683,0.020374,0.002740,7.436455,true,false,Tiny branch-bound rows are exact over the project simulator. Other rows are CP-SAT transport-capacity relaxation; empty AGV repositioning/path conflicts are relaxed.
exact|rush_job|J4|M2|A1|O2|50,2026-06-03T14:43:44,rush_job_J4_M2_A1_O2_seed50,J4_M2_A1_O2,rush_job,50,40050,50,300.0,,solved,,0.008945,cpsat_transport_capacity_relaxation_empty_repositioning_relaxed,OR-Tools CP-SAT,optimal,4,2,1,2,9.000000,9.000000,not_available,9.000000,20.903685,20.903685,not_logged_by_exact_worker,132.263166,0.004902,0.002789,1.757602,true,false,Tiny branch-bound rows are exact over the project simulator. Other rows are CP-SAT transport-capacity relaxation; empty AGV repositioning/path conflicts are relaxed.
exact|rush_job|J4|M2|A1|O2|49,2026-06-03T14:43:44,rush_job_J4_M2_A1_O2_seed49,J4_M2_A1_O2,rush_job,49,40049,49,300.0,,solved,,0.010866,cpsat_transport_capacity_relaxation_empty_repositioning_relaxed,OR-Tools CP-SAT,optimal,4,2,1,2,12.000000,12.000000,not_available,12.000000,21.462912,21.462912,not_logged_by_exact_worker,78.857600,0.007166,0.002442,2.934442,true,false,Tiny branch-bound rows are exact over the project simulator. Other rows are CP-SAT transport-capacity relaxation; empty AGV repositioning/path conflicts are relaxed.
exact|rush_job|J4|M2|A1|O2|51,2026-06-03T14:43:44,rush_job_J4_M2_A1_O2_seed51,J4_M2_A1_O2,rush_job,51,40051,51,300.0,,solved,,0.010883,cpsat_transport_capacity_relaxation_empty_repositioning_relaxed,OR-Tools CP-SAT,optimal,4,2,1,2,12.000000,12.000000,not_available,12.000000,22.462912,22.462912,not_logged_by_exact_worker,87.190933,0.007150,0.002413,2.963815,true,false,Tiny branch-bound rows are exact over the project simulator. Other rows are CP-SAT transport-capacity relaxation; empty AGV repositioning/path conflicts are relaxed.
exact|mixed|J4|M2|A1|O2|43,2026-06-03T14:43:44,mixed_J4_M2_A1_O2_seed43,J4_M2_A1_O2,mixed,43,50043,43,300.0,,solved,,0.005984,cpsat_transport_capacity_relaxation_empty_repositioning_relaxed,OR-Tools CP-SAT,optimal,4,2,1,2,14.000000,14.000000,not_available,14.000000,27.462912,27.462912,not_logged_by_exact_worker,96.163657,0.002340,0.002554,0.916017,true,false,Tiny branch-bound rows are exact over the project simulator. Other rows are CP-SAT transport-capacity relaxation; empty AGV repositioning/path conflicts are relaxed.
exact|mixed|J4|M2|A1|O2|42,2026-06-03T14:43:44,mixed_J4_M2_A1_O2_seed42,J4_M2_A1_O2,mixed,42,50042,42,300.0,,solved,,0.006347,cpsat_transport_capacity_relaxation_empty_repositioning_relaxed,OR-Tools CP-SAT,optimal,4,2,1,2,17.000000,17.000000,not_available,17.000000,22.288850,22.288850,not_logged_by_exact_worker,31.110881,0.002328,0.002864,0.812823,true,false,Tiny branch-bound rows are exact over the project simulator. Other rows are CP-SAT transport-capacity relaxation; empty AGV repositioning/path conflicts are relaxed.
exact|mixed|J4|M2|A1|O2|44,2026-06-03T14:43:44,mixed_J4_M2_A1_O2_seed44,J4_M2_A1_O2,mixed,44,50044,44,300.0,,solved,,0.005665,cpsat_transport_capacity_relaxation_empty_repositioning_relaxed,OR-Tools CP-SAT,optimal,4,2,1,2,18.000000,18.000000,not_available,18.000000,28.650852,28.650852,not_logged_by_exact_worker,59.171403,0.001932,0.002579,0.749137,true,false,Tiny branch-bound rows are exact over the project simulator. Other rows are CP-SAT transport-capacity relaxation; empty AGV repositioning/path conflicts are relaxed.
exact|mixed|J4|M2|A1|O2|45,2026-06-03T14:43:44,mixed_J4_M2_A1_O2_seed45,J4_M2_A1_O2,mixed,45,50045,45,300.0,,solved,,0.004943,cpsat_transport_capacity_relaxation_empty_repositioning_relaxed,OR-Tools CP-SAT,optimal,4,2,1,2,13.000000,13.000000,not_available,13.000000,21.462912,21.462912,not_logged_by_exact_worker,65.099323,0.001691,0.002207,0.766313,true,false,Tiny branch-bound rows are exact over the project simulator. Other rows are CP-SAT transport-capacity relaxation; empty AGV repositioning/path conflicts are relaxed.
exact|mixed|J4|M2|A1|O2|46,2026-06-03T14:43:44,mixed_J4_M2_A1_O2_seed46,J4_M2_A1_O2,mixed,46,50046,46,300.0,,solved,,0.005408,cpsat_transport_capacity_relaxation_empty_repositioning_relaxed,OR-Tools CP-SAT,optimal,4,2,1,2,34.000000,34.000000,not_available,34.000000,40.077747,40.077747,not_logged_by_exact_worker,17.875727,0.002039,0.002217,0.919455,true,false,Tiny branch-bound rows are exact over the project simulator. Other rows are CP-SAT transport-capacity relaxation; empty AGV repositioning/path conflicts are relaxed.
exact|mixed|J4|M2|A1|O2|48,2026-06-03T14:43:44,mixed_J4_M2_A1_O2_seed48,J4_M2_A1_O2,mixed,48,50048,48,300.0,,solved,,0.005568,cpsat_transport_capacity_relaxation_empty_repositioning_relaxed,OR-Tools CP-SAT,optimal,4,2,1,2,20.000000,20.000000,not_available,20.000000,22.000000,22.000000,not_logged_by_exact_worker,10.000000,0.001869,0.002603,0.718062,true,false,Tiny branch-bound rows are exact over the project simulator. Other rows are CP-SAT transport-capacity relaxation; empty AGV repositioning/path conflicts are relaxed.
exact|mixed|J4|M2|A1|O2|49,2026-06-03T14:43:44,mixed_J4_M2_A1_O2_seed49,J4_M2_A1_O2,mixed,49,50049,49,300.0,,solved,,0.005610,cpsat_transport_capacity_relaxation_empty_repositioning_relaxed,OR-Tools CP-SAT,optimal,4,2,1,2,24.000000,24.000000,not_available,24.000000,25.000000,25.000000,not_logged_by_exact_worker,4.166667,0.002052,0.002414,0.849818,true,false,Tiny branch-bound rows are exact over the project simulator. Other rows are CP-SAT transport-capacity relaxation; empty AGV repositioning/path conflicts are relaxed.
exact|mixed|J4|M2|A1|O2|47,2026-06-03T14:43:44,mixed_J4_M2_A1_O2_seed47,J4_M2_A1_O2,mixed,47,50047,47,300.0,,solved,,0.008406,cpsat_transport_capacity_relaxation_empty_repositioning_relaxed,OR-Tools CP-SAT,optimal,4,2,1,2,18.000000,18.000000,not_available,18.000000,30.462912,30.462912,not_logged_by_exact_worker,69.238400,0.004020,0.003140,1.280069,true,false,Tiny branch-bound rows are exact over the project simulator. Other rows are CP-SAT transport-capacity relaxation; empty AGV repositioning/path conflicts are relaxed.
exact|mixed|J4|M2|A1|O2|50,2026-06-03T14:43:44,mixed_J4_M2_A1_O2_seed50,J4_M2_A1_O2,mixed,50,50050,50,300.0,,solved,,0.005545,cpsat_transport_capacity_relaxation_empty_repositioning_relaxed,OR-Tools CP-SAT,optimal,4,2,1,2,11.000000,11.000000,not_available,11.000000,22.077747,22.077747,not_logged_by_exact_worker,100.706793,0.002042,0.002425,0.841986,true,false,Tiny branch-bound rows are exact over the project simulator. Other rows are CP-SAT transport-capacity relaxation; empty AGV repositioning/path conflicts are relaxed.
exact|static|J4|M2|A1|O2|42,2026-06-03T14:43:44,static_J4_M2_A1_O2_seed42,J4_M2_A1_O2,static,42,42,42,300.0,,solved,,0.005218,cpsat_transport_capacity_relaxation_empty_repositioning_relaxed,OR-Tools CP-SAT,optimal,4,2,1,2,10.000000,10.000000,not_available,10.000000,18.077747,18.077747,not_logged_by_exact_worker,80.777472,0.002194,0.002028,1.081842,true,false,Tiny branch-bound rows are exact over the project simulator. Other rows are CP-SAT transport-capacity relaxation; empty AGV repositioning/path conflicts are relaxed.
exact|mixed|J4|M2|A1|O2|51,2026-06-03T14:43:44,mixed_J4_M2_A1_O2_seed51,J4_M2_A1_O2,mixed,51,50051,51,300.0,,solved,,0.005540,cpsat_transport_capacity_relaxation_empty_repositioning_relaxed,OR-Tools CP-SAT,optimal,4,2,1,2,20.000000,20.000000,not_available,20.000000,22.000000,22.000000,not_logged_by_exact_worker,10.000000,0.001968,0.002446,0.804350,true,false,Tiny branch-bound rows are exact over the project simulator. Other rows are CP-SAT transport-capacity relaxation; empty AGV repositioning/path conflicts are relaxed.
exact|static|J4|M2|A1|O2|43,2026-06-03T14:43:44,static_J4_M2_A1_O2_seed43,J4_M2_A1_O2,static,43,43,43,300.0,,solved,,0.006289,cpsat_transport_capacity_relaxation_empty_repositioning_relaxed,OR-Tools CP-SAT,optimal,4,2,1,2,11.000000,11.000000,not_available,11.000000,23.288850,23.288850,not_logged_by_exact_worker,111.716816,0.002854,0.002278,1.252721,true,false,Tiny branch-bound rows are exact over the project simulator. Other rows are CP-SAT transport-capacity relaxation; empty AGV repositioning/path conflicts are relaxed.
exact|static|J4|M2|A1|O2|44,2026-06-03T14:43:44,static_J4_M2_A1_O2_seed44,J4_M2_A1_O2,static,44,44,44,300.0,,solved,,0.005390,cpsat_transport_capacity_relaxation_empty_repositioning_relaxed,OR-Tools CP-SAT,optimal,4,2,1,2,13.000000,13.000000,not_available,13.000000,29.256404,29.256404,not_logged_by_exact_worker,125.049260,0.002235,0.002034,1.098904,true,false,Tiny branch-bound rows are exact over the project simulator. Other rows are CP-SAT transport-capacity relaxation; empty AGV repositioning/path conflicts are relaxed.
exact|static|J4|M2|A1|O2|45,2026-06-03T14:43:44,static_J4_M2_A1_O2_seed45,J4_M2_A1_O2,static,45,45,45,300.0,,solved,,0.005504,cpsat_transport_capacity_relaxation_empty_repositioning_relaxed,OR-Tools CP-SAT,optimal,4,2,1,2,8.000000,8.000000,not_available,8.000000,18.903685,18.903685,not_logged_by_exact_worker,136.296062,0.002499,0.001956,1.277403,true,false,Tiny branch-bound rows are exact over the project simulator. Other rows are CP-SAT transport-capacity relaxation; empty AGV repositioning/path conflicts are relaxed.
exact|static|J4|M2|A1|O2|46,2026-06-03T14:43:44,static_J4_M2_A1_O2_seed46,J4_M2_A1_O2,static,46,46,46,300.0,,solved,,0.006749,cpsat_transport_capacity_relaxation_empty_repositioning_relaxed,OR-Tools CP-SAT,optimal,4,2,1,2,11.000000,11.000000,not_available,11.000000,17.298134,17.298134,not_logged_by_exact_worker,57.255761,0.003410,0.002132,1.599878,true,false,Tiny branch-bound rows are exact over the project simulator. Other rows are CP-SAT transport-capacity relaxation; empty AGV repositioning/path conflicts are relaxed.
exact|static|J4|M2|A1|O2|47,2026-06-03T14:43:44,static_J4_M2_A1_O2_seed47,J4_M2_A1_O2,static,47,47,47,300.0,,solved,,0.006526,cpsat_transport_capacity_relaxation_empty_repositioning_relaxed,OR-Tools CP-SAT,optimal,4,2,1,2,17.000000,17.000000,not_available,17.000000,27.462912,27.462912,not_logged_by_exact_worker,61.546541,0.003084,0.002180,1.414992,true,false,Tiny branch-bound rows are exact over the project simulator. Other rows are CP-SAT transport-capacity relaxation; empty AGV repositioning/path conflicts are relaxed.
exact|static|J4|M2|A1|O2|48,2026-06-03T14:43:44,static_J4_M2_A1_O2_seed48,J4_M2_A1_O2,static,48,48,48,300.0,,solved,,0.006053,cpsat_transport_capacity_relaxation_empty_repositioning_relaxed,OR-Tools CP-SAT,optimal,4,2,1,2,11.000000,11.000000,not_available,11.000000,16.880523,16.880523,not_logged_by_exact_worker,53.459299,0.002857,0.002080,1.373936,true,false,Tiny branch-bound rows are exact over the project simulator. Other rows are CP-SAT transport-capacity relaxation; empty AGV repositioning/path conflicts are relaxed.
exact|static|J4|M2|A1|O2|49,2026-06-03T14:43:44,static_J4_M2_A1_O2_seed49,J4_M2_A1_O2,static,49,49,49,300.0,,solved,,0.006259,cpsat_transport_capacity_relaxation_empty_repositioning_relaxed,OR-Tools CP-SAT,optimal,4,2,1,2,12.000000,12.000000,not_available,12.000000,16.000000,16.000000,not_logged_by_exact_worker,33.333333,0.003215,0.001919,1.675003,true,false,Tiny branch-bound rows are exact over the project simulator. Other rows are CP-SAT transport-capacity relaxation; empty AGV repositioning/path conflicts are relaxed.
exact|static|J4|M2|A1|O2|50,2026-06-03T14:43:44,static_J4_M2_A1_O2_seed50,J4_M2_A1_O2,static,50,50,50,300.0,,solved,,0.005957,cpsat_transport_capacity_relaxation_empty_repositioning_relaxed,OR-Tools CP-SAT,optimal,4,2,1,2,8.000000,8.000000,not_available,8.000000,15.408327,15.408327,not_logged_by_exact_worker,92.604086,0.002731,0.002068,1.320617,true,false,Tiny branch-bound rows are exact over the project simulator. Other rows are CP-SAT transport-capacity relaxation; empty AGV repositioning/path conflicts are relaxed.
exact|static|J4|M2|A1|O2|51,2026-06-03T14:43:44,static_J4_M2_A1_O2_seed51,J4_M2_A1_O2,static,51,51,51,300.0,,solved,,0.006467,cpsat_transport_capacity_relaxation_empty_repositioning_relaxed,OR-Tools CP-SAT,optimal,4,2,1,2,11.000000,11.000000,not_available,11.000000,15.077747,15.077747,not_logged_by_exact_worker,37.070429,0.003271,0.001977,1.654712,true,false,Tiny branch-bound rows are exact over the project simulator. Other rows are CP-SAT transport-capacity relaxation; empty AGV repositioning/path conflicts are relaxed.
exact|breakdown|J4|M2|A1|O3|42,2026-06-03T14:43:44,breakdown_J4_M2_A1_O3_seed42,J4_M2_A1_O3,breakdown,42,30042,42,300.0,,solved,,0.005768,cpsat_transport_capacity_relaxation_empty_repositioning_relaxed,OR-Tools CP-SAT,optimal,4,2,1,3,25.000000,25.000000,not_available,25.000000,26.211103,26.211103,not_logged_by_exact_worker,4.844410,0.001300,0.003223,0.403313,true,false,Tiny branch-bound rows are exact over the project simulator. Other rows are CP-SAT transport-capacity relaxation; empty AGV repositioning/path conflicts are relaxed.
exact|breakdown|J4|M2|A1|O3|43,2026-06-03T14:43:44,breakdown_J4_M2_A1_O3_seed43,J4_M2_A1_O3,breakdown,43,30043,43,300.0,,solved,,0.005389,cpsat_transport_capacity_relaxation_empty_repositioning_relaxed,OR-Tools CP-SAT,optimal,4,2,1,3,24.000000,24.000000,not_available,24.000000,34.462912,34.462912,not_logged_by_exact_worker,43.595467,0.001231,0.002921,0.421454,true,false,Tiny branch-bound rows are exact over the project simulator. Other rows are CP-SAT transport-capacity relaxation; empty AGV repositioning/path conflicts are relaxed.
exact|breakdown|J4|M2|A1|O3|44,2026-06-03T14:43:44,breakdown_J4_M2_A1_O3_seed44,J4_M2_A1_O3,breakdown,44,30044,44,300.0,,solved,,0.005055,cpsat_transport_capacity_relaxation_empty_repositioning_relaxed,OR-Tools CP-SAT,optimal,4,2,1,3,30.000000,30.000000,not_available,30.000000,34.100909,34.100909,not_logged_by_exact_worker,13.669698,0.001214,0.002686,0.452227,true,false,Tiny branch-bound rows are exact over the project simulator. Other rows are CP-SAT transport-capacity relaxation; empty AGV repositioning/path conflicts are relaxed.
exact|breakdown|J4|M2|A1|O3|46,2026-06-03T14:43:44,breakdown_J4_M2_A1_O3_seed46,J4_M2_A1_O3,breakdown,46,30046,46,300.0,,solved,,0.004578,cpsat_transport_capacity_relaxation_empty_repositioning_relaxed,OR-Tools CP-SAT,optimal,4,2,1,3,44.000000,44.000000,not_available,44.000000,47.077747,47.077747,not_logged_by_exact_worker,6.994880,0.001104,0.002374,0.465116,true,false,Tiny branch-bound rows are exact over the project simulator. Other rows are CP-SAT transport-capacity relaxation; empty AGV repositioning/path conflicts are relaxed.
exact|breakdown|J4|M2|A1|O3|45,2026-06-03T14:43:44,breakdown_J4_M2_A1_O3_seed45,J4_M2_A1_O3,breakdown,45,30045,45,300.0,,solved,,0.005425,cpsat_transport_capacity_relaxation_empty_repositioning_relaxed,OR-Tools CP-SAT,optimal,4,2,1,3,23.000000,23.000000,not_available,23.000000,29.880523,29.880523,not_logged_by_exact_worker,29.915317,0.001240,0.002947,0.420897,true,false,Tiny branch-bound rows are exact over the project simulator. Other rows are CP-SAT transport-capacity relaxation; empty AGV repositioning/path conflicts are relaxed.
exact|breakdown|J4|M2|A1|O3|48,2026-06-03T14:43:44,breakdown_J4_M2_A1_O3_seed48,J4_M2_A1_O3,breakdown,48,30048,48,300.0,,solved,,0.005256,cpsat_transport_capacity_relaxation_empty_repositioning_relaxed,OR-Tools CP-SAT,optimal,4,2,1,3,34.000000,34.000000,not_available,34.000000,35.000000,35.000000,not_logged_by_exact_worker,2.941176,0.001245,0.002818,0.441723,true,false,Tiny branch-bound rows are exact over the project simulator. Other rows are CP-SAT transport-capacity relaxation; empty AGV repositioning/path conflicts are relaxed.
exact|breakdown|J4|M2|A1|O3|47,2026-06-03T14:43:44,breakdown_J4_M2_A1_O3_seed47,J4_M2_A1_O3,breakdown,47,30047,47,300.0,,solved,,0.006272,cpsat_transport_capacity_relaxation_empty_repositioning_relaxed,OR-Tools CP-SAT,optimal,4,2,1,3,22.000000,22.000000,not_available,22.000000,34.100909,34.100909,not_logged_by_exact_worker,55.004133,0.002157,0.002939,0.733916,true,false,Tiny branch-bound rows are exact over the project simulator. Other rows are CP-SAT transport-capacity relaxation; empty AGV repositioning/path conflicts are relaxed.
exact|breakdown|J4|M2|A1|O3|49,2026-06-03T14:43:44,breakdown_J4_M2_A1_O3_seed49,J4_M2_A1_O3,breakdown,49,30049,49,300.0,,solved,,0.005178,cpsat_transport_capacity_relaxation_empty_repositioning_relaxed,OR-Tools CP-SAT,optimal,4,2,1,3,32.000000,32.000000,not_available,32.000000,33.000000,33.000000,not_logged_by_exact_worker,3.125000,0.001171,0.002829,0.413989,true,false,Tiny branch-bound rows are exact over the project simulator. Other rows are CP-SAT transport-capacity relaxation; empty AGV repositioning/path conflicts are relaxed.
exact|breakdown|J4|M2|A1|O3|50,2026-06-03T14:43:44,breakdown_J4_M2_A1_O3_seed50,J4_M2_A1_O3,breakdown,50,30050,50,300.0,,solved,,0.005343,cpsat_transport_capacity_relaxation_empty_repositioning_relaxed,OR-Tools CP-SAT,optimal,4,2,1,3,24.000000,24.000000,not_available,24.000000,34.100909,34.100909,not_logged_by_exact_worker,42.087122,0.001226,0.002975,0.412132,true,false,Tiny branch-bound rows are exact over the project simulator. Other rows are CP-SAT transport-capacity relaxation; empty AGV repositioning/path conflicts are relaxed.
exact|breakdown|J4|M2|A1|O3|51,2026-06-03T14:43:44,breakdown_J4_M2_A1_O3_seed51,J4_M2_A1_O3,breakdown,51,30051,51,300.0,,solved,,0.005170,cpsat_transport_capacity_relaxation_empty_repositioning_relaxed,OR-Tools CP-SAT,optimal,4,2,1,3,27.000000,27.000000,not_available,27.000000,28.605551,28.605551,not_logged_by_exact_worker,5.946486,0.001252,0.002743,0.456295,true,false,Tiny branch-bound rows are exact over the project simulator. Other rows are CP-SAT transport-capacity relaxation; empty AGV repositioning/path conflicts are relaxed.
exact|rush_job|J4|M2|A1|O3|43,2026-06-03T14:43:44,rush_job_J4_M2_A1_O3_seed43,J4_M2_A1_O3,rush_job,43,40043,43,300.0,,solved,,0.012227,cpsat_transport_capacity_relaxation_empty_repositioning_relaxed,OR-Tools CP-SAT,optimal,4,2,1,3,17.000000,17.000000,not_available,17.000000,27.462912,27.462912,not_logged_by_exact_worker,61.546541,0.006855,0.003740,1.833186,true,false,Tiny branch-bound rows are exact over the project simulator. Other rows are CP-SAT transport-capacity relaxation; empty AGV repositioning/path conflicts are relaxed.
exact|rush_job|J4|M2|A1|O3|44,2026-06-03T14:43:44,rush_job_J4_M2_A1_O3_seed44,J4_M2_A1_O3,rush_job,44,40044,44,300.0,,solved,,0.015139,cpsat_transport_capacity_relaxation_empty_repositioning_relaxed,OR-Tools CP-SAT,optimal,4,2,1,3,19.800000,19.800000,not_available,19.800000,35.082341,35.082341,not_logged_by_exact_worker,77.183543,0.008986,0.004525,1.985747,true,false,Tiny branch-bound rows are exact over the project simulator. Other rows are CP-SAT transport-capacity relaxation; empty AGV repositioning/path conflicts are relaxed.
exact|rush_job|J4|M2|A1|O3|45,2026-06-03T14:43:44,rush_job_J4_M2_A1_O3_seed45,J4_M2_A1_O3,rush_job,45,40045,45,300.0,,solved,,0.016112,cpsat_transport_capacity_relaxation_empty_repositioning_relaxed,OR-Tools CP-SAT,optimal,4,2,1,3,15.000000,15.000000,not_available,15.000000,26.880523,26.880523,not_logged_by_exact_worker,79.203486,0.010835,0.003523,3.075331,true,false,Tiny branch-bound rows are exact over the project simulator. Other rows are CP-SAT transport-capacity relaxation; empty AGV repositioning/path conflicts are relaxed.
exact|rush_job|J4|M2|A1|O3|42,2026-06-03T14:43:44,rush_job_J4_M2_A1_O3_seed42,J4_M2_A1_O3,rush_job,42,40042,42,300.0,,solved,,0.021111,cpsat_transport_capacity_relaxation_empty_repositioning_relaxed,OR-Tools CP-SAT,optimal,4,2,1,3,18.000000,18.000000,not_available,18.000000,27.683298,27.683298,not_logged_by_exact_worker,53.796103,0.015532,0.003902,3.980115,true,false,Tiny branch-bound rows are exact over the project simulator. Other rows are CP-SAT transport-capacity relaxation; empty AGV repositioning/path conflicts are relaxed.
exact|rush_job|J4|M2|A1|O3|47,2026-06-03T14:43:44,rush_job_J4_M2_A1_O3_seed47,J4_M2_A1_O3,rush_job,47,40047,47,300.0,,solved,,0.012882,cpsat_transport_capacity_relaxation_empty_repositioning_relaxed,OR-Tools CP-SAT,optimal,4,2,1,3,24.000000,24.000000,not_available,24.000000,35.692582,35.692582,not_logged_by_exact_worker,48.719093,0.007904,0.003417,2.313025,true,false,Tiny branch-bound rows are exact over the project simulator. Other rows are CP-SAT transport-capacity relaxation; empty AGV repositioning/path conflicts are relaxed.
exact|rush_job|J4|M2|A1|O3|48,2026-06-03T14:43:44,rush_job_J4_M2_A1_O3_seed48,J4_M2_A1_O3,rush_job,48,40048,48,300.0,,solved,,0.013789,cpsat_transport_capacity_relaxation_empty_repositioning_relaxed,OR-Tools CP-SAT,optimal,4,2,1,3,18.000000,18.000000,not_available,18.000000,39.453628,39.453628,not_logged_by_exact_worker,119.186823,0.008422,0.003785,2.224982,true,false,Tiny branch-bound rows are exact over the project simulator. Other rows are CP-SAT transport-capacity relaxation; empty AGV repositioning/path conflicts are relaxed.
exact|rush_job|J4|M2|A1|O3|49,2026-06-03T14:43:44,rush_job_J4_M2_A1_O3_seed49,J4_M2_A1_O3,rush_job,49,40049,49,300.0,,solved,,0.023250,cpsat_transport_capacity_relaxation_empty_repositioning_relaxed,OR-Tools CP-SAT,optimal,4,2,1,3,17.000000,17.000000,not_available,17.000000,28.265688,28.265688,not_logged_by_exact_worker,66.268751,0.017321,0.004168,4.155212,true,false,Tiny branch-bound rows are exact over the project simulator. Other rows are CP-SAT transport-capacity relaxation; empty AGV repositioning/path conflicts are relaxed.
exact|rush_job|J4|M2|A1|O3|50,2026-06-03T14:43:44,rush_job_J4_M2_A1_O3_seed50,J4_M2_A1_O3,rush_job,50,40050,50,300.0,,solved,,0.015538,cpsat_transport_capacity_relaxation_empty_repositioning_relaxed,OR-Tools CP-SAT,optimal,4,2,1,3,17.000000,17.000000,not_available,17.000000,25.201819,25.201819,not_logged_by_exact_worker,48.245992,0.009813,0.004080,2.405231,true,false,Tiny branch-bound rows are exact over the project simulator. Other rows are CP-SAT transport-capacity relaxation; empty AGV repositioning/path conflicts are relaxed.
exact|mixed|J4|M2|A1|O3|42,2026-06-03T14:43:44,mixed_J4_M2_A1_O3_seed42,J4_M2_A1_O3,mixed,42,50042,42,300.0,,solved,,0.008313,cpsat_transport_capacity_relaxation_empty_repositioning_relaxed,OR-Tools CP-SAT,optimal,4,2,1,3,25.000000,25.000000,not_available,25.000000,28.408327,28.408327,not_logged_by_exact_worker,13.633308,0.003014,0.003868,0.779317,true,false,Tiny branch-bound rows are exact over the project simulator. Other rows are CP-SAT transport-capacity relaxation; empty AGV repositioning/path conflicts are relaxed.
exact|rush_job|J4|M2|A1|O3|46,2026-06-03T14:43:44,rush_job_J4_M2_A1_O3_seed46,J4_M2_A1_O3,rush_job,46,40046,46,300.0,,solved,,0.039114,cpsat_transport_capacity_relaxation_empty_repositioning_relaxed,OR-Tools CP-SAT,optimal,4,2,1,3,18.000000,18.000000,not_available,18.000000,25.495358,25.495358,not_logged_by_exact_worker,41.640878,0.033531,0.003635,9.224484,true,false,Tiny branch-bound rows are exact over the project simulator. Other rows are CP-SAT transport-capacity relaxation; empty AGV repositioning/path conflicts are relaxed.
exact|mixed|J4|M2|A1|O3|43,2026-06-03T14:43:44,mixed_J4_M2_A1_O3_seed43,J4_M2_A1_O3,mixed,43,50043,43,300.0,,solved,,0.009130,cpsat_transport_capacity_relaxation_empty_repositioning_relaxed,OR-Tools CP-SAT,optimal,4,2,1,3,24.000000,24.000000,not_available,24.000000,35.077747,35.077747,not_logged_by_exact_worker,46.157280,0.003857,0.003837,1.005238,true,false,Tiny branch-bound rows are exact over the project simulator. Other rows are CP-SAT transport-capacity relaxation; empty AGV repositioning/path conflicts are relaxed.
exact|mixed|J4|M2|A1|O3|44,2026-06-03T14:43:44,mixed_J4_M2_A1_O3_seed44,J4_M2_A1_O3,mixed,44,50044,44,300.0,,solved,,0.007925,cpsat_transport_capacity_relaxation_empty_repositioning_relaxed,OR-Tools CP-SAT,optimal,4,2,1,3,30.000000,30.000000,not_available,30.000000,45.880523,45.880523,not_logged_by_exact_worker,52.935076,0.003033,0.003456,0.877695,true,false,Tiny branch-bound rows are exact over the project simulator. Other rows are CP-SAT transport-capacity relaxation; empty AGV repositioning/path conflicts are relaxed.
exact|rush_job|J4|M2|A1|O3|51,2026-06-03T14:43:44,rush_job_J4_M2_A1_O3_seed51,J4_M2_A1_O3,rush_job,51,40051,51,300.0,,solved,,0.026580,cpsat_transport_capacity_relaxation_empty_repositioning_relaxed,OR-Tools CP-SAT,optimal,4,2,1,3,15.000000,15.000000,not_available,15.000000,26.871239,26.871239,not_logged_by_exact_worker,79.141593,0.020903,0.003743,5.584734,true,false,Tiny branch-bound rows are exact over the project simulator. Other rows are CP-SAT transport-capacity relaxation; empty AGV repositioning/path conflicts are relaxed.
exact|mixed|J4|M2|A1|O3|45,2026-06-03T14:43:44,mixed_J4_M2_A1_O3_seed45,J4_M2_A1_O3,mixed,45,50045,45,300.0,,solved,,0.007625,cpsat_transport_capacity_relaxation_empty_repositioning_relaxed,OR-Tools CP-SAT,optimal,4,2,1,3,23.000000,23.000000,not_available,23.000000,31.880523,31.880523,not_logged_by_exact_worker,38.610969,0.002635,0.003503,0.752163,true,false,Tiny branch-bound rows are exact over the project simulator. Other rows are CP-SAT transport-capacity relaxation; empty AGV repositioning/path conflicts are relaxed.
exact|mixed|J4|M2|A1|O3|46,2026-06-03T14:43:44,mixed_J4_M2_A1_O3_seed46,J4_M2_A1_O3,mixed,46,50046,46,300.0,,solved,,0.007199,cpsat_transport_capacity_relaxation_empty_repositioning_relaxed,OR-Tools CP-SAT,optimal,4,2,1,3,44.000000,44.000000,not_available,44.000000,48.692582,48.692582,not_logged_by_exact_worker,10.664960,0.002566,0.003186,0.805631,true,false,Tiny branch-bound rows are exact over the project simulator. Other rows are CP-SAT transport-capacity relaxation; empty AGV repositioning/path conflicts are relaxed.
exact|mixed|J4|M2|A1|O3|49,2026-06-03T14:43:44,mixed_J4_M2_A1_O3_seed49,J4_M2_A1_O3,mixed,49,50049,49,300.0,,solved,,0.007239,cpsat_transport_capacity_relaxation_empty_repositioning_relaxed,OR-Tools CP-SAT,optimal,4,2,1,3,32.000000,32.000000,not_available,32.000000,33.000000,33.000000,not_logged_by_exact_worker,3.125000,0.002499,0.003428,0.729055,true,false,Tiny branch-bound rows are exact over the project simulator. Other rows are CP-SAT transport-capacity relaxation; empty AGV repositioning/path conflicts are relaxed.
exact|mixed|J4|M2|A1|O3|48,2026-06-03T14:43:44,mixed_J4_M2_A1_O3_seed48,J4_M2_A1_O3,mixed,48,50048,48,300.0,,solved,,0.007626,cpsat_transport_capacity_relaxation_empty_repositioning_relaxed,OR-Tools CP-SAT,optimal,4,2,1,3,34.000000,34.000000,not_available,34.000000,35.000000,35.000000,not_logged_by_exact_worker,2.941176,0.002802,0.003426,0.817847,true,false,Tiny branch-bound rows are exact over the project simulator. Other rows are CP-SAT transport-capacity relaxation; empty AGV repositioning/path conflicts are relaxed.
exact|mixed|J4|M2|A1|O3|47,2026-06-03T14:43:44,mixed_J4_M2_A1_O3_seed47,J4_M2_A1_O3,mixed,47,50047,47,300.0,,solved,,0.008809,cpsat_transport_capacity_relaxation_empty_repositioning_relaxed,OR-Tools CP-SAT,optimal,4,2,1,3,26.000000,26.000000,not_available,26.000000,33.880523,33.880523,not_logged_by_exact_worker,30.309703,0.003352,0.004114,0.814675,true,false,Tiny branch-bound rows are exact over the project simulator. Other rows are CP-SAT transport-capacity relaxation; empty AGV repositioning/path conflicts are relaxed.
exact|mixed|J4|M2|A1|O3|50,2026-06-03T14:43:44,mixed_J4_M2_A1_O3_seed50,J4_M2_A1_O3,mixed,50,50050,50,300.0,,solved,,0.007694,cpsat_transport_capacity_relaxation_empty_repositioning_relaxed,OR-Tools CP-SAT,optimal,4,2,1,3,24.000000,24.000000,not_available,24.000000,36.100909,36.100909,not_logged_by_exact_worker,50.420455,0.002703,0.003554,0.760509,true,false,Tiny branch-bound rows are exact over the project simulator. Other rows are CP-SAT transport-capacity relaxation; empty AGV repositioning/path conflicts are relaxed.
exact|mixed|J4|M2|A1|O3|51,2026-06-03T14:43:44,mixed_J4_M2_A1_O3_seed51,J4_M2_A1_O3,mixed,51,50051,51,300.0,,solved,,0.007628,cpsat_transport_capacity_relaxation_empty_repositioning_relaxed,OR-Tools CP-SAT,optimal,4,2,1,3,27.000000,27.000000,not_available,27.000000,28.605551,28.605551,not_logged_by_exact_worker,5.946486,0.002680,0.003545,0.756016,true,false,Tiny branch-bound rows are exact over the project simulator. Other rows are CP-SAT transport-capacity relaxation; empty AGV repositioning/path conflicts are relaxed.
exact|static|J4|M2|A1|O3|43,2026-06-03T14:43:44,static_J4_M2_A1_O3_seed43,J4_M2_A1_O3,static,43,43,43,300.0,,solved,,0.009217,cpsat_transport_capacity_relaxation_empty_repositioning_relaxed,OR-Tools CP-SAT,optimal,4,2,1,3,15.800000,15.800000,not_available,15.800000,25.683298,25.683298,not_logged_by_exact_worker,62.552522,0.004767,0.002991,1.594075,true,false,Tiny branch-bound rows are exact over the project simulator. Other rows are CP-SAT transport-capacity relaxation; empty AGV repositioning/path conflicts are relaxed.
exact|static|J4|M2|A1|O3|42,2026-06-03T14:43:44,static_J4_M2_A1_O3_seed42,J4_M2_A1_O3,static,42,42,42,300.0,,solved,,0.012173,cpsat_transport_capacity_relaxation_empty_repositioning_relaxed,OR-Tools CP-SAT,optimal,4,2,1,3,14.800000,14.800000,not_available,14.800000,21.509236,21.509236,not_logged_by_exact_worker,45.332677,0.007601,0.003066,2.479222,true,false,Tiny branch-bound rows are exact over the project simulator. Other rows are CP-SAT transport-capacity relaxation; empty AGV repositioning/path conflicts are relaxed.
exact|static|J4|M2|A1|O3|44,2026-06-03T14:43:44,static_J4_M2_A1_O3_seed44,J4_M2_A1_O3,static,44,44,44,300.0,,solved,,0.011681,cpsat_transport_capacity_relaxation_empty_repositioning_relaxed,OR-Tools CP-SAT,optimal,4,2,1,3,19.000000,19.000000,not_available,19.000000,33.082341,33.082341,not_logged_by_exact_worker,74.117587,0.006439,0.003744,1.719968,true,false,Tiny branch-bound rows are exact over the project simulator. Other rows are CP-SAT transport-capacity relaxation; empty AGV repositioning/path conflicts are relaxed.
exact|static|J4|M2|A1|O3|45,2026-06-03T14:43:44,static_J4_M2_A1_O3_seed45,J4_M2_A1_O3,static,45,45,45,300.0,,solved,,0.010303,cpsat_transport_capacity_relaxation_empty_repositioning_relaxed,OR-Tools CP-SAT,optimal,4,2,1,3,13.800000,13.800000,not_available,13.800000,22.312012,22.312012,not_logged_by_exact_worker,61.681245,0.005749,0.003093,1.858861,true,false,Tiny branch-bound rows are exact over the project simulator. Other rows are CP-SAT transport-capacity relaxation; empty AGV repositioning/path conflicts are relaxed.
exact|static|J4|M2|A1|O3|48,2026-06-03T14:43:44,static_J4_M2_A1_O3_seed48,J4_M2_A1_O3,static,48,48,48,300.0,,solved,,0.008618,cpsat_transport_capacity_relaxation_empty_repositioning_relaxed,OR-Tools CP-SAT,optimal,4,2,1,3,17.000000,17.000000,not_available,17.000000,25.265688,25.265688,not_logged_by_exact_worker,48.621692,0.004371,0.002729,1.601554,true,false,Tiny branch-bound rows are exact over the project simulator. Other rows are CP-SAT transport-capacity relaxation; empty AGV repositioning/path conflicts are relaxed.
exact|static|J4|M2|A1|O3|46,2026-06-03T14:43:44,static_J4_M2_A1_O3_seed46,J4_M2_A1_O3,static,46,46,46,300.0,,solved,,0.013140,cpsat_transport_capacity_relaxation_empty_repositioning_relaxed,OR-Tools CP-SAT,optimal,4,2,1,3,16.000000,16.000000,not_available,16.000000,28.298134,28.298134,not_logged_by_exact_worker,76.863335,0.008211,0.003160,2.598633,true,false,Tiny branch-bound rows are exact over the project simulator. Other rows are CP-SAT transport-capacity relaxation; empty AGV repositioning/path conflicts are relaxed.
exact|static|J4|M2|A1|O3|47,2026-06-03T14:43:44,static_J4_M2_A1_O3_seed47,J4_M2_A1_O3,static,47,47,47,300.0,,solved,,0.010755,cpsat_transport_capacity_relaxation_empty_repositioning_relaxed,OR-Tools CP-SAT,optimal,4,2,1,3,22.000000,22.000000,not_available,22.000000,31.692582,31.692582,not_logged_by_exact_worker,44.057193,0.006548,0.002785,2.351059,true,false,Tiny branch-bound rows are exact over the project simulator. Other rows are CP-SAT transport-capacity relaxation; empty AGV repositioning/path conflicts are relaxed.
exact|breakdown|J4|M2|A2|O2|42,2026-06-03T14:43:44,breakdown_J4_M2_A2_O2_seed42,J4_M2_A2_O2,breakdown,42,30042,42,300.0,,solved,,0.004630,cpsat_transport_capacity_relaxation_empty_repositioning_relaxed,OR-Tools CP-SAT,optimal,4,2,2,2,17.000000,17.000000,not_available,17.000000,18.000000,18.000000,not_logged_by_exact_worker,5.882353,0.001343,0.002175,0.617648,true,false,Tiny branch-bound rows are exact over the project simulator. Other rows are CP-SAT transport-capacity relaxation; empty AGV repositioning/path conflicts are relaxed.
exact|static|J4|M2|A1|O3|49,2026-06-03T14:43:44,static_J4_M2_A1_O3_seed49,J4_M2_A1_O3,static,49,49,49,300.0,,solved,,0.013547,cpsat_transport_capacity_relaxation_empty_repositioning_relaxed,OR-Tools CP-SAT,optimal,4,2,1,3,16.000000,16.000000,not_available,16.000000,25.697177,25.697177,not_logged_by_exact_worker,60.607354,0.008369,0.003529,2.371369,true,false,Tiny branch-bound rows are exact over the project simulator. Other rows are CP-SAT transport-capacity relaxation; empty AGV repositioning/path conflicts are relaxed.
exact|breakdown|J4|M2|A2|O2|43,2026-06-03T14:43:44,breakdown_J4_M2_A2_O2_seed43,J4_M2_A2_O2,breakdown,43,30043,43,300.0,,solved,,0.003802,cpsat_transport_capacity_relaxation_empty_repositioning_relaxed,OR-Tools CP-SAT,optimal,4,2,2,2,14.000000,14.000000,not_available,14.000000,17.298134,17.298134,not_logged_by_exact_worker,23.558098,0.000891,0.001957,0.455493,true,false,Tiny branch-bound rows are exact over the project simulator. Other rows are CP-SAT transport-capacity relaxation; empty AGV repositioning/path conflicts are relaxed.
exact|breakdown|J4|M2|A2|O2|45,2026-06-03T14:43:44,breakdown_J4_M2_A2_O2_seed45,J4_M2_A2_O2,breakdown,45,30045,45,300.0,,solved,,0.003513,cpsat_transport_capacity_relaxation_empty_repositioning_relaxed,OR-Tools CP-SAT,optimal,4,2,2,2,13.000000,13.000000,not_available,13.000000,15.692582,15.692582,not_logged_by_exact_worker,20.712172,0.000903,0.001655,0.545471,true,false,Tiny branch-bound rows are exact over the project simulator. Other rows are CP-SAT transport-capacity relaxation; empty AGV repositioning/path conflicts are relaxed.
exact|breakdown|J4|M2|A2|O2|44,2026-06-03T14:43:44,breakdown_J4_M2_A2_O2_seed44,J4_M2_A2_O2,breakdown,44,30044,44,300.0,,solved,,0.003755,cpsat_transport_capacity_relaxation_empty_repositioning_relaxed,OR-Tools CP-SAT,optimal,4,2,2,2,18.000000,18.000000,not_available,18.000000,20.692582,20.692582,not_logged_by_exact_worker,14.958791,0.000868,0.001890,0.459414,true,false,Tiny branch-bound rows are exact over the project simulator. Other rows are CP-SAT transport-capacity relaxation; empty AGV repositioning/path conflicts are relaxed.
exact|breakdown|J4|M2|A2|O2|46,2026-06-03T14:43:44,breakdown_J4_M2_A2_O2_seed46,J4_M2_A2_O2,breakdown,46,30046,46,300.0,,solved,,0.003405,cpsat_transport_capacity_relaxation_empty_repositioning_relaxed,OR-Tools CP-SAT,optimal,4,2,2,2,34.000000,34.000000,not_available,34.000000,36.692582,36.692582,not_logged_by_exact_worker,7.919360,0.000906,0.001606,0.563710,true,false,Tiny branch-bound rows are exact over the project simulator. Other rows are CP-SAT transport-capacity relaxation; empty AGV repositioning/path conflicts are relaxed.
exact|static|J4|M2|A1|O3|51,2026-06-03T14:43:44,static_J4_M2_A1_O3_seed51,J4_M2_A1_O3,static,51,51,51,300.0,,solved,,0.015928,cpsat_transport_capacity_relaxation_empty_repositioning_relaxed,OR-Tools CP-SAT,optimal,4,2,1,3,14.000000,14.000000,not_available,14.000000,24.288850,24.288850,not_logged_by_exact_worker,73.491784,0.011121,0.002926,3.801039,true,false,Tiny branch-bound rows are exact over the project simulator. Other rows are CP-SAT transport-capacity relaxation; empty AGV repositioning/path conflicts are relaxed.
exact|breakdown|J4|M2|A2|O2|47,2026-06-03T14:43:44,breakdown_J4_M2_A2_O2_seed47,J4_M2_A2_O2,breakdown,47,30047,47,300.0,,solved,,0.004499,cpsat_transport_capacity_relaxation_empty_repositioning_relaxed,OR-Tools CP-SAT,optimal,4,2,2,2,17.000000,17.000000,not_available,17.000000,21.692582,21.692582,not_logged_by_exact_worker,27.603426,0.001254,0.002212,0.566805,true,false,Tiny branch-bound rows are exact over the project simulator. Other rows are CP-SAT transport-capacity relaxation; empty AGV repositioning/path conflicts are relaxed.
exact|static|J4|M2|A1|O3|50,2026-06-03T14:43:44,static_J4_M2_A1_O3_seed50,J4_M2_A1_O3,static,50,50,50,300.0,,solved,,0.018697,cpsat_transport_capacity_relaxation_empty_repositioning_relaxed,OR-Tools CP-SAT,optimal,4,2,1,3,16.000000,16.000000,not_available,16.000000,22.000000,22.000000,not_logged_by_exact_worker,37.500000,0.013721,0.003296,4.163076,true,false,Tiny branch-bound rows are exact over the project simulator. Other rows are CP-SAT transport-capacity relaxation; empty AGV repositioning/path conflicts are relaxed.
exact|breakdown|J4|M2|A2|O2|48,2026-06-03T14:43:44,breakdown_J4_M2_A2_O2_seed48,J4_M2_A2_O2,breakdown,48,30048,48,300.0,,solved,,0.003779,cpsat_transport_capacity_relaxation_empty_repositioning_relaxed,OR-Tools CP-SAT,optimal,4,2,2,2,20.000000,20.000000,not_available,20.000000,21.000000,21.000000,not_logged_by_exact_worker,5.000000,0.000924,0.001847,0.500135,true,false,Tiny branch-bound rows are exact over the project simulator. Other rows are CP-SAT transport-capacity relaxation; empty AGV repositioning/path conflicts are relaxed.
exact|breakdown|J4|M2|A2|O2|49,2026-06-03T14:43:44,breakdown_J4_M2_A2_O2_seed49,J4_M2_A2_O2,breakdown,49,30049,49,300.0,,solved,,0.003864,cpsat_transport_capacity_relaxation_empty_repositioning_relaxed,OR-Tools CP-SAT,optimal,4,2,2,2,24.000000,24.000000,not_available,24.000000,25.000000,25.000000,not_logged_by_exact_worker,4.166667,0.000859,0.001903,0.451387,true,false,Tiny branch-bound rows are exact over the project simulator. Other rows are CP-SAT transport-capacity relaxation; empty AGV repositioning/path conflicts are relaxed.
exact|breakdown|J4|M2|A2|O2|50,2026-06-03T14:43:44,breakdown_J4_M2_A2_O2_seed50,J4_M2_A2_O2,breakdown,50,30050,50,300.0,,solved,,0.003594,cpsat_transport_capacity_relaxation_empty_repositioning_relaxed,OR-Tools CP-SAT,optimal,4,2,2,2,11.000000,11.000000,not_available,11.000000,15.692582,15.692582,not_logged_by_exact_worker,42.659840,0.000873,0.001786,0.488494,true,false,Tiny branch-bound rows are exact over the project simulator. Other rows are CP-SAT transport-capacity relaxation; empty AGV repositioning/path conflicts are relaxed.
exact|breakdown|J4|M2|A2|O2|51,2026-06-03T14:43:44,breakdown_J4_M2_A2_O2_seed51,J4_M2_A2_O2,breakdown,51,30051,51,300.0,,solved,,0.003698,cpsat_transport_capacity_relaxation_empty_repositioning_relaxed,OR-Tools CP-SAT,optimal,4,2,2,2,20.000000,20.000000,not_available,20.000000,21.000000,21.000000,not_logged_by_exact_worker,5.000000,0.000884,0.001810,0.488124,true,false,Tiny branch-bound rows are exact over the project simulator. Other rows are CP-SAT transport-capacity relaxation; empty AGV repositioning/path conflicts are relaxed.
exact|rush_job|J4|M2|A2|O2|42,2026-06-03T14:43:44,rush_job_J4_M2_A2_O2_seed42,J4_M2_A2_O2,rush_job,42,40042,42,300.0,,solved,,0.008100,cpsat_transport_capacity_relaxation_empty_repositioning_relaxed,OR-Tools CP-SAT,optimal,4,2,2,2,13.000000,13.000000,not_available,13.000000,17.000000,17.000000,not_logged_by_exact_worker,30.769231,0.004078,0.002821,1.445650,true,false,Tiny branch-bound rows are exact over the project simulator. Other rows are CP-SAT transport-capacity relaxation; empty AGV repositioning/path conflicts are relaxed.
exact|rush_job|J4|M2|A2|O2|43,2026-06-03T14:43:44,rush_job_J4_M2_A2_O2_seed43,J4_M2_A2_O2,rush_job,43,40043,43,300.0,,solved,,0.008664,cpsat_transport_capacity_relaxation_empty_repositioning_relaxed,OR-Tools CP-SAT,optimal,4,2,2,2,13.000000,13.000000,not_available,13.000000,17.000000,17.000000,not_logged_by_exact_worker,30.769231,0.004666,0.002705,1.724705,true,false,Tiny branch-bound rows are exact over the project simulator. Other rows are CP-SAT transport-capacity relaxation; empty AGV repositioning/path conflicts are relaxed.
exact|rush_job|J4|M2|A2|O2|45,2026-06-03T14:43:44,rush_job_J4_M2_A2_O2_seed45,J4_M2_A2_O2,rush_job,45,40045,45,300.0,,solved,,0.008107,cpsat_transport_capacity_relaxation_empty_repositioning_relaxed,OR-Tools CP-SAT,optimal,4,2,2,2,10.000000,10.000000,not_available,10.000000,12.692582,12.692582,not_logged_by_exact_worker,26.925824,0.003999,0.002788,1.434263,true,false,Tiny branch-bound rows are exact over the project simulator. Other rows are CP-SAT transport-capacity relaxation; empty AGV repositioning/path conflicts are relaxed.
exact|rush_job|J4|M2|A2|O2|47,2026-06-03T14:43:44,rush_job_J4_M2_A2_O2_seed47,J4_M2_A2_O2,rush_job,47,40047,47,300.0,,solved,,0.009091,cpsat_transport_capacity_relaxation_empty_repositioning_relaxed,OR-Tools CP-SAT,optimal,4,2,2,2,17.000000,17.000000,not_available,17.000000,24.692582,24.692582,not_logged_by_exact_worker,45.250485,0.004927,0.002863,1.720627,true,false,Tiny branch-bound rows are exact over the project simulator. Other rows are CP-SAT transport-capacity relaxation; empty AGV repositioning/path conflicts are relaxed.
exact|rush_job|J4|M2|A2|O2|46,2026-06-03T14:43:44,rush_job_J4_M2_A2_O2_seed46,J4_M2_A2_O2,rush_job,46,40046,46,300.0,,solved,,0.010953,cpsat_transport_capacity_relaxation_empty_repositioning_relaxed,OR-Tools CP-SAT,optimal,4,2,2,2,13.000000,13.000000,not_available,13.000000,19.000000,19.000000,not_logged_by_exact_worker,46.153846,0.006701,0.002739,2.446408,true,false,Tiny branch-bound rows are exact over the project simulator. Other rows are CP-SAT transport-capacity relaxation; empty AGV repositioning/path conflicts are relaxed.
exact|rush_job|J4|M2|A2|O2|48,2026-06-03T14:43:44,rush_job_J4_M2_A2_O2_seed48,J4_M2_A2_O2,rush_job,48,40048,48,300.0,,solved,,0.008779,cpsat_transport_capacity_relaxation_empty_repositioning_relaxed,OR-Tools CP-SAT,optimal,4,2,2,2,11.000000,11.000000,not_available,11.000000,14.000000,14.000000,not_logged_by_exact_worker,27.272727,0.004747,0.002663,1.782568,true,false,Tiny branch-bound rows are exact over the project simulator. Other rows are CP-SAT transport-capacity relaxation; empty AGV repositioning/path conflicts are relaxed.
exact|rush_job|J4|M2|A2|O2|44,2026-06-03T14:43:44,rush_job_J4_M2_A2_O2_seed44,J4_M2_A2_O2,rush_job,44,40044,44,300.0,,solved,,0.022743,cpsat_transport_capacity_relaxation_empty_repositioning_relaxed,OR-Tools CP-SAT,optimal,4,2,2,2,15.000000,15.000000,not_available,15.000000,20.692582,20.692582,not_logged_by_exact_worker,37.950549,0.018575,0.002723,6.822626,true,false,Tiny branch-bound rows are exact over the project simulator. Other rows are CP-SAT transport-capacity relaxation; empty AGV repositioning/path conflicts are relaxed.
exact|rush_job|J4|M2|A2|O2|49,2026-06-03T14:43:44,rush_job_J4_M2_A2_O2_seed49,J4_M2_A2_O2,rush_job,49,40049,49,300.0,,solved,,0.009907,cpsat_transport_capacity_relaxation_empty_repositioning_relaxed,OR-Tools CP-SAT,optimal,4,2,2,2,12.000000,12.000000,not_available,12.000000,16.000000,16.000000,not_logged_by_exact_worker,33.333333,0.006066,0.002520,2.407310,true,false,Tiny branch-bound rows are exact over the project simulator. Other rows are CP-SAT transport-capacity relaxation; empty AGV repositioning/path conflicts are relaxed.
exact|rush_job|J4|M2|A2|O2|50,2026-06-03T14:43:44,rush_job_J4_M2_A2_O2_seed50,J4_M2_A2_O2,rush_job,50,40050,50,300.0,,solved,,0.009202,cpsat_transport_capacity_relaxation_empty_repositioning_relaxed,OR-Tools CP-SAT,optimal,4,2,2,2,9.000000,9.000000,not_available,9.000000,12.692582,12.692582,not_logged_by_exact_worker,41.028693,0.005312,0.002618,2.028916,true,false,Tiny branch-bound rows are exact over the project simulator. Other rows are CP-SAT transport-capacity relaxation; empty AGV repositioning/path conflicts are relaxed.
exact|mixed|J4|M2|A2|O2|42,2026-06-03T14:43:44,mixed_J4_M2_A2_O2_seed42,J4_M2_A2_O2,mixed,42,50042,42,300.0,,solved,,0.006642,cpsat_transport_capacity_relaxation_empty_repositioning_relaxed,OR-Tools CP-SAT,optimal,4,2,2,2,17.000000,17.000000,not_available,17.000000,18.000000,18.000000,not_logged_by_exact_worker,5.882353,0.002649,0.002790,0.949427,true,false,Tiny branch-bound rows are exact over the project simulator. Other rows are CP-SAT transport-capacity relaxation; empty AGV repositioning/path conflicts are relaxed.
exact|rush_job|J4|M2|A2|O2|51,2026-06-03T14:43:44,rush_job_J4_M2_A2_O2_seed51,J4_M2_A2_O2,rush_job,51,40051,51,300.0,,solved,,0.012402,cpsat_transport_capacity_relaxation_empty_repositioning_relaxed,OR-Tools CP-SAT,optimal,4,2,2,2,12.000000,12.000000,not_available,12.000000,17.692582,17.692582,not_logged_by_exact_worker,47.438187,0.008418,0.002544,3.308285,true,false,Tiny branch-bound rows are exact over the project simulator. Other rows are CP-SAT transport-capacity relaxation; empty AGV repositioning/path conflicts are relaxed.
exact|mixed|J4|M2|A2|O2|44,2026-06-03T14:43:44,mixed_J4_M2_A2_O2_seed44,J4_M2_A2_O2,mixed,44,50044,44,300.0,,solved,,0.006141,cpsat_transport_capacity_relaxation_empty_repositioning_relaxed,OR-Tools CP-SAT,optimal,4,2,2,2,18.000000,18.000000,not_available,18.000000,20.692582,20.692582,not_logged_by_exact_worker,14.958791,0.002411,0.002521,0.956367,true,false,Tiny branch-bound rows are exact over the project simulator. Other rows are CP-SAT transport-capacity relaxation; empty AGV repositioning/path conflicts are relaxed.
exact|mixed|J4|M2|A2|O2|43,2026-06-03T14:43:44,mixed_J4_M2_A2_O2_seed43,J4_M2_A2_O2,mixed,43,50043,43,300.0,,solved,,0.006680,cpsat_transport_capacity_relaxation_empty_repositioning_relaxed,OR-Tools CP-SAT,optimal,4,2,2,2,14.000000,14.000000,not_available,14.000000,20.077747,20.077747,not_logged_by_exact_worker,43.412480,0.002753,0.002687,1.024526,true,false,Tiny branch-bound rows are exact over the project simulator. Other rows are CP-SAT transport-capacity relaxation; empty AGV repositioning/path conflicts are relaxed.
exact|mixed|J4|M2|A2|O2|45,2026-06-03T14:43:44,mixed_J4_M2_A2_O2_seed45,J4_M2_A2_O2,mixed,45,50045,45,300.0,,solved,,0.005406,cpsat_transport_capacity_relaxation_empty_repositioning_relaxed,OR-Tools CP-SAT,optimal,4,2,2,2,13.000000,13.000000,not_available,13.000000,17.692582,17.692582,not_logged_by_exact_worker,36.096788,0.002002,0.002272,0.880870,true,false,Tiny branch-bound rows are exact over the project simulator. Other rows are CP-SAT transport-capacity relaxation; empty AGV repositioning/path conflicts are relaxed.
exact|mixed|J4|M2|A2|O2|46,2026-06-03T14:43:44,mixed_J4_M2_A2_O2_seed46,J4_M2_A2_O2,mixed,46,50046,46,300.0,,solved,,0.005842,cpsat_transport_capacity_relaxation_empty_repositioning_relaxed,OR-Tools CP-SAT,optimal,4,2,2,2,34.000000,34.000000,not_available,34.000000,36.692582,36.692582,not_logged_by_exact_worker,7.919360,0.002396,0.002292,1.045415,true,false,Tiny branch-bound rows are exact over the project simulator. Other rows are CP-SAT transport-capacity relaxation; empty AGV repositioning/path conflicts are relaxed.
exact|mixed|J4|M2|A2|O2|48,2026-06-03T14:43:44,mixed_J4_M2_A2_O2_seed48,J4_M2_A2_O2,mixed,48,50048,48,300.0,,solved,,0.006080,cpsat_transport_capacity_relaxation_empty_repositioning_relaxed,OR-Tools CP-SAT,optimal,4,2,2,2,20.000000,20.000000,not_available,20.000000,22.000000,22.000000,not_logged_by_exact_worker,10.000000,0.002210,0.002757,0.801444,true,false,Tiny branch-bound rows are exact over the project simulator. Other rows are CP-SAT transport-capacity relaxation; empty AGV repositioning/path conflicts are relaxed.
exact|mixed|J4|M2|A2|O2|47,2026-06-03T14:43:44,mixed_J4_M2_A2_O2_seed47,J4_M2_A2_O2,mixed,47,50047,47,300.0,,solved,,0.006656,cpsat_transport_capacity_relaxation_empty_repositioning_relaxed,OR-Tools CP-SAT,optimal,4,2,2,2,18.000000,18.000000,not_available,18.000000,22.692582,22.692582,not_logged_by_exact_worker,26.069902,0.002350,0.003164,0.742510,true,false,Tiny branch-bound rows are exact over the project simulator. Other rows are CP-SAT transport-capacity relaxation; empty AGV repositioning/path conflicts are relaxed.
exact|mixed|J4|M2|A2|O2|49,2026-06-03T14:43:44,mixed_J4_M2_A2_O2_seed49,J4_M2_A2_O2,mixed,49,50049,49,300.0,,solved,,0.006002,cpsat_transport_capacity_relaxation_empty_repositioning_relaxed,OR-Tools CP-SAT,optimal,4,2,2,2,24.000000,24.000000,not_available,24.000000,25.000000,25.000000,not_logged_by_exact_worker,4.166667,0.002422,0.002478,0.977563,true,false,Tiny branch-bound rows are exact over the project simulator. Other rows are CP-SAT transport-capacity relaxation; empty AGV repositioning/path conflicts are relaxed.
exact|mixed|J4|M2|A2|O2|50,2026-06-03T14:43:44,mixed_J4_M2_A2_O2_seed50,J4_M2_A2_O2,mixed,50,50050,50,300.0,,solved,,0.006324,cpsat_transport_capacity_relaxation_empty_repositioning_relaxed,OR-Tools CP-SAT,optimal,4,2,2,2,11.000000,11.000000,not_available,11.000000,15.692582,15.692582,not_logged_by_exact_worker,42.659840,0.002491,0.002553,0.975405,true,false,Tiny branch-bound rows are exact over the project simulator. Other rows are CP-SAT transport-capacity relaxation; empty AGV repositioning/path conflicts are relaxed.
exact|static|J4|M2|A2|O2|42,2026-06-03T14:43:44,static_J4_M2_A2_O2_seed42,J4_M2_A2_O2,static,42,42,42,300.0,,solved,,0.005477,cpsat_transport_capacity_relaxation_empty_repositioning_relaxed,OR-Tools CP-SAT,optimal,4,2,2,2,10.000000,10.000000,not_available,10.000000,13.000000,13.000000,not_logged_by_exact_worker,30.000000,0.002458,0.001907,1.289071,true,false,Tiny branch-bound rows are exact over the project simulator. Other rows are CP-SAT transport-capacity relaxation; empty AGV repositioning/path conflicts are relaxed.
exact|mixed|J4|M2|A2|O2|51,2026-06-03T14:43:44,mixed_J4_M2_A2_O2_seed51,J4_M2_A2_O2,mixed,51,50051,51,300.0,,solved,,0.005890,cpsat_transport_capacity_relaxation_empty_repositioning_relaxed,OR-Tools CP-SAT,optimal,4,2,2,2,20.000000,20.000000,not_available,20.000000,22.000000,22.000000,not_logged_by_exact_worker,10.000000,0.002228,0.002507,0.888632,true,false,Tiny branch-bound rows are exact over the project simulator. Other rows are CP-SAT transport-capacity relaxation; empty AGV repositioning/path conflicts are relaxed.
exact|static|J4|M2|A2|O2|43,2026-06-03T14:43:44,static_J4_M2_A2_O2_seed43,J4_M2_A2_O2,static,43,43,43,300.0,,solved,,0.006422,cpsat_transport_capacity_relaxation_empty_repositioning_relaxed,OR-Tools CP-SAT,optimal,4,2,2,2,11.000000,11.000000,not_available,11.000000,14.000000,14.000000,not_logged_by_exact_worker,27.272727,0.003200,0.002062,1.551988,true,false,Tiny branch-bound rows are exact over the project simulator. Other rows are CP-SAT transport-capacity relaxation; empty AGV repositioning/path conflicts are relaxed.
exact|static|J4|M2|A2|O2|44,2026-06-03T14:43:44,static_J4_M2_A2_O2_seed44,J4_M2_A2_O2,static,44,44,44,300.0,,solved,,0.005966,cpsat_transport_capacity_relaxation_empty_repositioning_relaxed,OR-Tools CP-SAT,optimal,4,2,2,2,13.000000,13.000000,not_available,13.000000,22.495358,22.495358,not_logged_by_exact_worker,73.041216,0.002808,0.002067,1.358179,true,false,Tiny branch-bound rows are exact over the project simulator. Other rows are CP-SAT transport-capacity relaxation; empty AGV repositioning/path conflicts are relaxed.
exact|static|J4|M2|A2|O2|45,2026-06-03T14:43:44,static_J4_M2_A2_O2_seed45,J4_M2_A2_O2,static,45,45,45,300.0,,solved,,0.005968,cpsat_transport_capacity_relaxation_empty_repositioning_relaxed,OR-Tools CP-SAT,optimal,4,2,2,2,8.000000,8.000000,not_available,8.000000,14.605551,14.605551,not_logged_by_exact_worker,82.569391,0.002946,0.002016,1.461477,true,false,Tiny branch-bound rows are exact over the project simulator. Other rows are CP-SAT transport-capacity relaxation; empty AGV repositioning/path conflicts are relaxed.
exact|static|J4|M2|A2|O2|46,2026-06-03T14:43:44,static_J4_M2_A2_O2_seed46,J4_M2_A2_O2,static,46,46,46,300.0,,solved,,0.007131,cpsat_transport_capacity_relaxation_empty_repositioning_relaxed,OR-Tools CP-SAT,optimal,4,2,2,2,11.000000,11.000000,not_available,11.000000,17.692582,17.692582,not_logged_by_exact_worker,60.841658,0.003843,0.002086,1.842411,true,false,Tiny branch-bound rows are exact over the project simulator. Other rows are CP-SAT transport-capacity relaxation; empty AGV repositioning/path conflicts are relaxed.
exact|static|J4|M2|A2|O2|47,2026-06-03T14:43:44,static_J4_M2_A2_O2_seed47,J4_M2_A2_O2,static,47,47,47,300.0,,solved,,0.006585,cpsat_transport_capacity_relaxation_empty_repositioning_relaxed,OR-Tools CP-SAT,optimal,4,2,2,2,17.000000,17.000000,not_available,17.000000,22.692582,22.692582,not_logged_by_exact_worker,33.485779,0.003250,0.002282,1.424408,true,false,Tiny branch-bound rows are exact over the project simulator. Other rows are CP-SAT transport-capacity relaxation; empty AGV repositioning/path conflicts are relaxed.
exact|static|J4|M2|A2|O2|48,2026-06-03T14:43:44,static_J4_M2_A2_O2_seed48,J4_M2_A2_O2,static,48,48,48,300.0,,solved,,0.006751,cpsat_transport_capacity_relaxation_empty_repositioning_relaxed,OR-Tools CP-SAT,optimal,4,2,2,2,11.000000,11.000000,not_available,11.000000,14.495358,14.495358,not_logged_by_exact_worker,31.775982,0.003357,0.002129,1.576777,true,false,Tiny branch-bound rows are exact over the project simulator. Other rows are CP-SAT transport-capacity relaxation; empty AGV repositioning/path conflicts are relaxed.
exact|static|J4|M2|A2|O2|49,2026-06-03T14:43:44,static_J4_M2_A2_O2_seed49,J4_M2_A2_O2,static,49,49,49,300.0,,solved,,0.006916,cpsat_transport_capacity_relaxation_empty_repositioning_relaxed,OR-Tools CP-SAT,optimal,4,2,2,2,12.000000,12.000000,not_available,12.000000,13.692582,13.692582,not_logged_by_exact_worker,14.104853,0.003679,0.002060,1.785863,true,false,Tiny branch-bound rows are exact over the project simulator. Other rows are CP-SAT transport-capacity relaxation; empty AGV repositioning/path conflicts are relaxed.
exact|static|J4|M2|A2|O2|51,2026-06-03T14:43:44,static_J4_M2_A2_O2_seed51,J4_M2_A2_O2,static,51,51,51,300.0,,solved,,0.006733,cpsat_transport_capacity_relaxation_empty_repositioning_relaxed,OR-Tools CP-SAT,optimal,4,2,2,2,11.000000,11.000000,not_available,11.000000,16.692582,16.692582,not_logged_by_exact_worker,51.750749,0.003522,0.002063,1.707485,true,false,Tiny branch-bound rows are exact over the project simulator. Other rows are CP-SAT transport-capacity relaxation; empty AGV repositioning/path conflicts are relaxed.
exact|static|J4|M2|A2|O2|50,2026-06-03T14:43:44,static_J4_M2_A2_O2_seed50,J4_M2_A2_O2,static,50,50,50,300.0,,solved,,0.007926,cpsat_transport_capacity_relaxation_empty_repositioning_relaxed,OR-Tools CP-SAT,optimal,4,2,2,2,8.000000,8.000000,not_available,8.000000,11.605551,11.605551,not_logged_by_exact_worker,45.069391,0.004621,0.002191,2.109564,true,false,Tiny branch-bound rows are exact over the project simulator. Other rows are CP-SAT transport-capacity relaxation; empty AGV repositioning/path conflicts are relaxed.
exact|breakdown|J4|M2|A2|O3|42,2026-06-03T14:43:44,breakdown_J4_M2_A2_O3_seed42,J4_M2_A2_O3,breakdown,42,30042,42,300.0,,solved,,0.006204,cpsat_transport_capacity_relaxation_empty_repositioning_relaxed,OR-Tools CP-SAT,optimal,4,2,2,3,25.000000,25.000000,not_available,25.000000,26.000000,26.000000,not_logged_by_exact_worker,4.000000,0.001727,0.003296,0.523986,true,false,Tiny branch-bound rows are exact over the project simulator. Other rows are CP-SAT transport-capacity relaxation; empty AGV repositioning/path conflicts are relaxed.
exact|breakdown|J4|M2|A2|O3|43,2026-06-03T14:43:44,breakdown_J4_M2_A2_O3_seed43,J4_M2_A2_O3,breakdown,43,30043,43,300.0,,solved,,0.005661,cpsat_transport_capacity_relaxation_empty_repositioning_relaxed,OR-Tools CP-SAT,optimal,4,2,2,3,24.000000,24.000000,not_available,24.000000,27.077747,27.077747,not_logged_by_exact_worker,12.823947,0.001584,0.002890,0.548059,true,false,Tiny branch-bound rows are exact over the project simulator. Other rows are CP-SAT transport-capacity relaxation; empty AGV repositioning/path conflicts are relaxed.
exact|breakdown|J4|M2|A2|O3|44,2026-06-03T14:43:44,breakdown_J4_M2_A2_O3_seed44,J4_M2_A2_O3,breakdown,44,30044,44,300.0,,solved,,0.005318,cpsat_transport_capacity_relaxation_empty_repositioning_relaxed,OR-Tools CP-SAT,optimal,4,2,2,3,30.000000,30.000000,not_available,30.000000,32.692582,32.692582,not_logged_by_exact_worker,8.975275,0.001475,0.002713,0.543602,true,false,Tiny branch-bound rows are exact over the project simulator. Other rows are CP-SAT transport-capacity relaxation; empty AGV repositioning/path conflicts are relaxed.
exact|breakdown|J4|M2|A2|O3|45,2026-06-03T14:43:44,breakdown_J4_M2_A2_O3_seed45,J4_M2_A2_O3,breakdown,45,30045,45,300.0,,solved,,0.005495,cpsat_transport_capacity_relaxation_empty_repositioning_relaxed,OR-Tools CP-SAT,optimal,4,2,2,3,23.000000,23.000000,not_available,23.000000,25.692582,25.692582,not_logged_by_exact_worker,11.706880,0.001483,0.002873,0.516153,true,false,Tiny branch-bound rows are exact over the project simulator. Other rows are CP-SAT transport-capacity relaxation; empty AGV repositioning/path conflicts are relaxed.
exact|breakdown|J4|M2|A2|O3|46,2026-06-03T14:43:44,breakdown_J4_M2_A2_O3_seed46,J4_M2_A2_O3,breakdown,46,30046,46,300.0,,solved,,0.004981,cpsat_transport_capacity_relaxation_empty_repositioning_relaxed,OR-Tools CP-SAT,optimal,4,2,2,3,44.000000,44.000000,not_available,44.000000,46.692582,46.692582,not_logged_by_exact_worker,6.119505,0.001108,0.002593,0.427354,true,false,Tiny branch-bound rows are exact over the project simulator. Other rows are CP-SAT transport-capacity relaxation; empty AGV repositioning/path conflicts are relaxed.
exact|breakdown|J4|M2|A2|O3|47,2026-06-03T14:43:44,breakdown_J4_M2_A2_O3_seed47,J4_M2_A2_O3,breakdown,47,30047,47,300.0,,solved,,0.005874,cpsat_transport_capacity_relaxation_empty_repositioning_relaxed,OR-Tools CP-SAT,optimal,4,2,2,3,22.000000,22.000000,not_available,22.000000,27.495358,27.495358,not_logged_by_exact_worker,24.978900,0.001633,0.003014,0.541772,true,false,Tiny branch-bound rows are exact over the project simulator. Other rows are CP-SAT transport-capacity relaxation; empty AGV repositioning/path conflicts are relaxed.
exact|breakdown|J4|M2|A2|O3|49,2026-06-03T14:43:44,breakdown_J4_M2_A2_O3_seed49,J4_M2_A2_O3,breakdown,49,30049,49,300.0,,solved,,0.005183,cpsat_transport_capacity_relaxation_empty_repositioning_relaxed,OR-Tools CP-SAT,optimal,4,2,2,3,32.000000,32.000000,not_available,32.000000,33.000000,33.000000,not_logged_by_exact_worker,3.125000,0.001126,0.002880,0.391021,true,false,Tiny branch-bound rows are exact over the project simulator. Other rows are CP-SAT transport-capacity relaxation; empty AGV repositioning/path conflicts are relaxed.
exact|breakdown|J4|M2|A2|O3|48,2026-06-03T14:43:44,breakdown_J4_M2_A2_O3_seed48,J4_M2_A2_O3,breakdown,48,30048,48,300.0,,solved,,0.005655,cpsat_transport_capacity_relaxation_empty_repositioning_relaxed,OR-Tools CP-SAT,optimal,4,2,2,3,34.000000,34.000000,not_available,34.000000,35.000000,35.000000,not_logged_by_exact_worker,2.941176,0.001477,0.002964,0.498347,true,false,Tiny branch-bound rows are exact over the project simulator. Other rows are CP-SAT transport-capacity relaxation; empty AGV repositioning/path conflicts are relaxed.
exact|breakdown|J4|M2|A2|O3|50,2026-06-03T14:43:44,breakdown_J4_M2_A2_O3_seed50,J4_M2_A2_O3,breakdown,50,30050,50,300.0,,solved,,0.005923,cpsat_transport_capacity_relaxation_empty_repositioning_relaxed,OR-Tools CP-SAT,optimal,4,2,2,3,24.000000,24.000000,not_available,24.000000,29.298134,29.298134,not_logged_by_exact_worker,22.075557,0.001568,0.003151,0.497667,true,false,Tiny branch-bound rows are exact over the project simulator. Other rows are CP-SAT transport-capacity relaxation; empty AGV repositioning/path conflicts are relaxed.
exact|breakdown|J4|M2|A2|O3|51,2026-06-03T14:43:44,breakdown_J4_M2_A2_O3_seed51,J4_M2_A2_O3,breakdown,51,30051,51,300.0,,solved,,0.005475,cpsat_transport_capacity_relaxation_empty_repositioning_relaxed,OR-Tools CP-SAT,optimal,4,2,2,3,27.000000,27.000000,not_available,27.000000,28.605551,28.605551,not_logged_by_exact_worker,5.946486,0.001520,0.002752,0.552531,true,false,Tiny branch-bound rows are exact over the project simulator. Other rows are CP-SAT transport-capacity relaxation; empty AGV repositioning/path conflicts are relaxed.
exact|rush_job|J4|M2|A2|O3|42,2026-06-03T14:43:44,rush_job_J4_M2_A2_O3_seed42,J4_M2_A2_O3,rush_job,42,40042,42,300.0,,solved,,0.010354,cpsat_transport_capacity_relaxation_empty_repositioning_relaxed,OR-Tools CP-SAT,optimal,4,2,2,3,18.000000,18.000000,not_available,18.000000,24.495358,24.495358,not_logged_by_exact_worker,36.085322,0.004812,0.004093,1.175482,true,false,Tiny branch-bound rows are exact over the project simulator. Other rows are CP-SAT transport-capacity relaxation; empty AGV repositioning/path conflicts are relaxed.
exact|rush_job|J4|M2|A2|O3|43,2026-06-03T14:43:44,rush_job_J4_M2_A2_O3_seed43,J4_M2_A2_O3,rush_job,43,40043,43,300.0,,solved,,0.012698,cpsat_transport_capacity_relaxation_empty_repositioning_relaxed,OR-Tools CP-SAT,optimal,4,2,2,3,17.000000,17.000000,not_available,17.000000,22.605551,22.605551,not_logged_by_exact_worker,32.973831,0.007330,0.003732,1.964385,true,false,Tiny branch-bound rows are exact over the project simulator. Other rows are CP-SAT transport-capacity relaxation; empty AGV repositioning/path conflicts are relaxed.
exact|rush_job|J4|M2|A2|O3|44,2026-06-03T14:43:44,rush_job_J4_M2_A2_O3_seed44,J4_M2_A2_O3,rush_job,44,40044,44,300.0,,solved,,0.013213,cpsat_transport_capacity_relaxation_empty_repositioning_relaxed,OR-Tools CP-SAT,optimal,4,2,2,3,19.800000,19.800000,not_available,19.800000,28.802776,28.802776,not_logged_by_exact_worker,45.468564,0.007116,0.004467,1.593091,true,false,Tiny branch-bound rows are exact over the project simulator. Other rows are CP-SAT transport-capacity relaxation; empty AGV repositioning/path conflicts are relaxed.
exact|rush_job|J4|M2|A2|O3|45,2026-06-03T14:43:44,rush_job_J4_M2_A2_O3_seed45,J4_M2_A2_O3,rush_job,45,40045,45,300.0,,solved,,0.013385,cpsat_transport_capacity_relaxation_empty_repositioning_relaxed,OR-Tools CP-SAT,optimal,4,2,2,3,15.000000,15.000000,not_available,15.000000,20.000000,20.000000,not_logged_by_exact_worker,33.333333,0.007499,0.004187,1.791124,true,false,Tiny branch-bound rows are exact over the project simulator. Other rows are CP-SAT transport-capacity relaxation; empty AGV repositioning/path conflicts are relaxed.
exact|rush_job|J4|M2|A2|O3|47,2026-06-03T14:43:44,rush_job_J4_M2_A2_O3_seed47,J4_M2_A2_O3,rush_job,47,40047,47,300.0,,solved,,0.013582,cpsat_transport_capacity_relaxation_empty_repositioning_relaxed,OR-Tools CP-SAT,optimal,4,2,2,3,24.000000,24.000000,not_available,24.000000,30.495358,30.495358,not_logged_by_exact_worker,27.063992,0.008193,0.003752,2.183820,true,false,Tiny branch-bound rows are exact over the project simulator. Other rows are CP-SAT transport-capacity relaxation; empty AGV repositioning/path conflicts are relaxed.
exact|rush_job|J4|M2|A2|O3|48,2026-06-03T14:43:44,rush_job_J4_M2_A2_O3_seed48,J4_M2_A2_O3,rush_job,48,40048,48,300.0,,solved,,0.020903,cpsat_transport_capacity_relaxation_empty_repositioning_relaxed,OR-Tools CP-SAT,optimal,4,2,2,3,18.000000,18.000000,not_available,18.000000,27.880523,27.880523,not_logged_by_exact_worker,54.891794,0.015408,0.003740,4.120010,true,false,Tiny branch-bound rows are exact over the project simulator. Other rows are CP-SAT transport-capacity relaxation; empty AGV repositioning/path conflicts are relaxed.
exact|rush_job|J4|M2|A2|O3|49,2026-06-03T14:43:44,rush_job_J4_M2_A2_O3_seed49,J4_M2_A2_O3,rush_job,49,40049,49,300.0,,solved,,0.022526,cpsat_transport_capacity_relaxation_empty_repositioning_relaxed,OR-Tools CP-SAT,optimal,4,2,2,3,17.000000,17.000000,not_available,17.000000,24.692582,24.692582,not_logged_by_exact_worker,45.250485,0.016814,0.003959,4.246521,true,false,Tiny branch-bound rows are exact over the project simulator. Other rows are CP-SAT transport-capacity relaxation; empty AGV repositioning/path conflicts are relaxed.
exact|rush_job|J4|M2|A2|O3|50,2026-06-03T14:43:44,rush_job_J4_M2_A2_O3_seed50,J4_M2_A2_O3,rush_job,50,40050,50,300.0,,solved,,0.013867,cpsat_transport_capacity_relaxation_empty_repositioning_relaxed,OR-Tools CP-SAT,optimal,4,2,2,3,17.000000,17.000000,not_available,17.000000,21.000000,21.000000,not_logged_by_exact_worker,23.529412,0.008588,0.003761,2.283321,true,false,Tiny branch-bound rows are exact over the project simulator. Other rows are CP-SAT transport-capacity relaxation; empty AGV repositioning/path conflicts are relaxed.
exact|rush_job|J4|M2|A2|O3|46,2026-06-03T14:43:44,rush_job_J4_M2_A2_O3_seed46,J4_M2_A2_O3,rush_job,46,40046,46,300.0,,solved,,0.032710,cpsat_transport_capacity_relaxation_empty_repositioning_relaxed,OR-Tools CP-SAT,optimal,4,2,2,3,18.000000,18.000000,not_available,18.000000,23.000000,23.000000,not_logged_by_exact_worker,27.777778,0.027057,0.003640,7.432712,true,false,Tiny branch-bound rows are exact over the project simulator. Other rows are CP-SAT transport-capacity relaxation; empty AGV repositioning/path conflicts are relaxed.
exact|mixed|J4|M2|A2|O3|43,2026-06-03T14:43:44,mixed_J4_M2_A2_O3_seed43,J4_M2_A2_O3,mixed,43,50043,43,300.0,,solved,,0.008184,cpsat_transport_capacity_relaxation_empty_repositioning_relaxed,OR-Tools CP-SAT,optimal,4,2,2,3,24.000000,24.000000,not_available,24.000000,28.692582,28.692582,not_logged_by_exact_worker,19.552427,0.002990,0.003787,0.789685,true,false,Tiny branch-bound rows are exact over the project simulator. Other rows are CP-SAT transport-capacity relaxation; empty AGV repositioning/path conflicts are relaxed.
exact|mixed|J4|M2|A2|O3|42,2026-06-03T14:43:44,mixed_J4_M2_A2_O3_seed42,J4_M2_A2_O3,mixed,42,50042,42,300.0,,solved,,0.008934,cpsat_transport_capacity_relaxation_empty_repositioning_relaxed,OR-Tools CP-SAT,optimal,4,2,2,3,25.000000,25.000000,not_available,25.000000,26.000000,26.000000,not_logged_by_exact_worker,4.000000,0.003384,0.004073,0.830804,true,false,Tiny branch-bound rows are exact over the project simulator. Other rows are CP-SAT transport-capacity relaxation; empty AGV repositioning/path conflicts are relaxed.
exact|mixed|J4|M2|A2|O3|44,2026-06-03T14:43:44,mixed_J4_M2_A2_O3_seed44,J4_M2_A2_O3,mixed,44,50044,44,300.0,,solved,,0.008167,cpsat_transport_capacity_relaxation_empty_repositioning_relaxed,OR-Tools CP-SAT,optimal,4,2,2,3,30.000000,30.000000,not_available,30.000000,32.692582,32.692582,not_logged_by_exact_worker,8.975275,0.003340,0.003475,0.961208,true,false,Tiny branch-bound rows are exact over the project simulator. Other rows are CP-SAT transport-capacity relaxation; empty AGV repositioning/path conflicts are relaxed.
exact|rush_job|J4|M2|A2|O3|51,2026-06-03T14:43:44,rush_job_J4_M2_A2_O3_seed51,J4_M2_A2_O3,rush_job,51,40051,51,300.0,,solved,,0.020450,cpsat_transport_capacity_relaxation_empty_repositioning_relaxed,OR-Tools CP-SAT,optimal,4,2,2,3,15.000000,15.000000,not_available,15.000000,21.077747,21.077747,not_logged_by_exact_worker,40.518315,0.014586,0.003992,3.654190,true,false,Tiny branch-bound rows are exact over the project simulator. Other rows are CP-SAT transport-capacity relaxation; empty AGV repositioning/path conflicts are relaxed.
exact|mixed|J4|M2|A2|O3|46,2026-06-03T14:43:44,mixed_J4_M2_A2_O3_seed46,J4_M2_A2_O3,mixed,46,50046,46,300.0,,solved,,0.007225,cpsat_transport_capacity_relaxation_empty_repositioning_relaxed,OR-Tools CP-SAT,optimal,4,2,2,3,44.000000,44.000000,not_available,44.000000,46.692582,46.692582,not_logged_by_exact_worker,6.119505,0.002853,0.003097,0.921209,true,false,Tiny branch-bound rows are exact over the project simulator. Other rows are CP-SAT transport-capacity relaxation; empty AGV repositioning/path conflicts are relaxed.
exact|mixed|J4|M2|A2|O3|45,2026-06-03T14:43:44,mixed_J4_M2_A2_O3_seed45,J4_M2_A2_O3,mixed,45,50045,45,300.0,,solved,,0.007851,cpsat_transport_capacity_relaxation_empty_repositioning_relaxed,OR-Tools CP-SAT,optimal,4,2,2,3,23.000000,23.000000,not_available,23.000000,27.692582,27.692582,not_logged_by_exact_worker,20.402532,0.002960,0.003577,0.827542,true,false,Tiny branch-bound rows are exact over the project simulator. Other rows are CP-SAT transport-capacity relaxation; empty AGV repositioning/path conflicts are relaxed.
exact|mixed|J4|M2|A2|O3|47,2026-06-03T14:43:44,mixed_J4_M2_A2_O3_seed47,J4_M2_A2_O3,mixed,47,50047,47,300.0,,solved,,0.008732,cpsat_transport_capacity_relaxation_empty_repositioning_relaxed,OR-Tools CP-SAT,optimal,4,2,2,3,26.000000,26.000000,not_available,26.000000,29.495358,29.495358,not_logged_by_exact_worker,13.443685,0.003182,0.004141,0.768376,true,false,Tiny branch-bound rows are exact over the project simulator. Other rows are CP-SAT transport-capacity relaxation; empty AGV repositioning/path conflicts are relaxed.
exact|mixed|J4|M2|A2|O3|48,2026-06-03T14:43:44,mixed_J4_M2_A2_O3_seed48,J4_M2_A2_O3,mixed,48,50048,48,300.0,,solved,,0.007958,cpsat_transport_capacity_relaxation_empty_repositioning_relaxed,OR-Tools CP-SAT,optimal,4,2,2,3,34.000000,34.000000,not_available,34.000000,35.000000,35.000000,not_logged_by_exact_worker,2.941176,0.002744,0.003841,0.714382,true,false,Tiny branch-bound rows are exact over the project simulator. Other rows are CP-SAT transport-capacity relaxation; empty AGV repositioning/path conflicts are relaxed.
exact|mixed|J4|M2|A2|O3|49,2026-06-03T14:43:44,mixed_J4_M2_A2_O3_seed49,J4_M2_A2_O3,mixed,49,50049,49,300.0,,solved,,0.007971,cpsat_transport_capacity_relaxation_empty_repositioning_relaxed,OR-Tools CP-SAT,optimal,4,2,2,3,32.000000,32.000000,not_available,32.000000,33.000000,33.000000,not_logged_by_exact_worker,3.125000,0.002969,0.003628,0.818207,true,false,Tiny branch-bound rows are exact over the project simulator. Other rows are CP-SAT transport-capacity relaxation; empty AGV repositioning/path conflicts are relaxed.
exact|mixed|J4|M2|A2|O3|50,2026-06-03T14:43:44,mixed_J4_M2_A2_O3_seed50,J4_M2_A2_O3,mixed,50,50050,50,300.0,,solved,,0.008453,cpsat_transport_capacity_relaxation_empty_repositioning_relaxed,OR-Tools CP-SAT,optimal,4,2,2,3,24.000000,24.000000,not_available,24.000000,28.692582,28.692582,not_logged_by_exact_worker,19.552427,0.003339,0.003706,0.900866,true,false,Tiny branch-bound rows are exact over the project simulator. Other rows are CP-SAT transport-capacity relaxation; empty AGV repositioning/path conflicts are relaxed.
exact|mixed|J4|M2|A2|O3|51,2026-06-03T14:43:44,mixed_J4_M2_A2_O3_seed51,J4_M2_A2_O3,mixed,51,50051,51,300.0,,solved,,0.007946,cpsat_transport_capacity_relaxation_empty_repositioning_relaxed,OR-Tools CP-SAT,optimal,4,2,2,3,27.000000,27.000000,not_available,27.000000,28.605551,28.605551,not_logged_by_exact_worker,5.946486,0.003051,0.003582,0.851989,true,false,Tiny branch-bound rows are exact over the project simulator. Other rows are CP-SAT transport-capacity relaxation; empty AGV repositioning/path conflicts are relaxed.
exact|static|J4|M2|A2|O3|42,2026-06-03T14:43:44,static_J4_M2_A2_O3_seed42,J4_M2_A2_O3,static,42,42,42,300.0,,solved,,0.010139,cpsat_transport_capacity_relaxation_empty_repositioning_relaxed,OR-Tools CP-SAT,optimal,4,2,2,3,14.000000,14.000000,not_available,14.000000,18.605551,18.605551,not_logged_by_exact_worker,32.896795,0.005263,0.003206,1.641990,true,false,Tiny branch-bound rows are exact over the project simulator. Other rows are CP-SAT transport-capacity relaxation; empty AGV repositioning/path conflicts are relaxed.
exact|static|J4|M2|A2|O3|43,2026-06-03T14:43:44,static_J4_M2_A2_O3_seed43,J4_M2_A2_O3,static,43,43,43,300.0,,solved,,0.010164,cpsat_transport_capacity_relaxation_empty_repositioning_relaxed,OR-Tools CP-SAT,optimal,4,2,2,3,15.800000,15.800000,not_available,15.800000,21.000000,21.000000,not_logged_by_exact_worker,32.911392,0.005503,0.003129,1.758476,true,false,Tiny branch-bound rows are exact over the project simulator. Other rows are CP-SAT transport-capacity relaxation; empty AGV repositioning/path conflicts are relaxed.
exact|static|J4|M2|A2|O3|44,2026-06-03T14:43:44,static_J4_M2_A2_O3_seed44,J4_M2_A2_O3,static,44,44,44,300.0,,solved,,0.010127,cpsat_transport_capacity_relaxation_empty_repositioning_relaxed,OR-Tools CP-SAT,optimal,4,2,2,3,18.000000,18.000000,not_available,18.000000,24.683298,24.683298,not_logged_by_exact_worker,37.129436,0.005220,0.003489,1.495931,true,false,Tiny branch-bound rows are exact over the project simulator. Other rows are CP-SAT transport-capacity relaxation; empty AGV repositioning/path conflicts are relaxed.
exact|static|J4|M2|A2|O3|45,2026-06-03T14:43:44,static_J4_M2_A2_O3_seed45,J4_M2_A2_O3,static,45,45,45,300.0,,solved,,0.010697,cpsat_transport_capacity_relaxation_empty_repositioning_relaxed,OR-Tools CP-SAT,optimal,4,2,2,3,13.800000,13.800000,not_available,13.800000,17.495358,17.495358,not_logged_by_exact_worker,26.777957,0.006026,0.003089,1.950508,true,false,Tiny branch-bound rows are exact over the project simulator. Other rows are CP-SAT transport-capacity relaxation; empty AGV repositioning/path conflicts are relaxed.
exact|static|J4|M2|A2|O3|48,2026-06-03T14:43:44,static_J4_M2_A2_O3_seed48,J4_M2_A2_O3,static,48,48,48,300.0,,solved,,0.009169,cpsat_transport_capacity_relaxation_empty_repositioning_relaxed,OR-Tools CP-SAT,optimal,4,2,2,3,17.000000,17.000000,not_available,17.000000,21.495358,21.495358,not_logged_by_exact_worker,26.443283,0.004796,0.002829,1.695405,true,false,Tiny branch-bound rows are exact over the project simulator. Other rows are CP-SAT transport-capacity relaxation; empty AGV repositioning/path conflicts are relaxed.
exact|static|J4|M2|A2|O3|47,2026-06-03T14:43:44,static_J4_M2_A2_O3_seed47,J4_M2_A2_O3,static,47,47,47,300.0,,solved,,0.010836,cpsat_transport_capacity_relaxation_empty_repositioning_relaxed,OR-Tools CP-SAT,optimal,4,2,2,3,22.000000,22.000000,not_available,22.000000,28.495358,28.495358,not_logged_by_exact_worker,29.524355,0.006294,0.003012,2.089469,true,false,Tiny branch-bound rows are exact over the project simulator. Other rows are CP-SAT transport-capacity relaxation; empty AGV repositioning/path conflicts are relaxed.
exact|static|J4|M2|A2|O3|46,2026-06-03T14:43:44,static_J4_M2_A2_O3_seed46,J4_M2_A2_O3,static,46,46,46,300.0,,solved,,0.014156,cpsat_transport_capacity_relaxation_empty_repositioning_relaxed,OR-Tools CP-SAT,optimal,4,2,2,3,16.000000,16.000000,not_available,16.000000,21.692582,21.692582,not_logged_by_exact_worker,35.578640,0.008992,0.003293,2.730362,true,false,Tiny branch-bound rows are exact over the project simulator. Other rows are CP-SAT transport-capacity relaxation; empty AGV repositioning/path conflicts are relaxed.
exact|static|J4|M2|A2|O3|49,2026-06-03T14:43:44,static_J4_M2_A2_O3_seed49,J4_M2_A2_O3,static,49,49,49,300.0,,solved,,0.012164,cpsat_transport_capacity_relaxation_empty_repositioning_relaxed,OR-Tools CP-SAT,optimal,4,2,2,3,16.000000,16.000000,not_available,16.000000,21.692582,21.692582,not_logged_by_exact_worker,35.578640,0.007135,0.003493,2.042601,true,false,Tiny branch-bound rows are exact over the project simulator. Other rows are CP-SAT transport-capacity relaxation; empty AGV repositioning/path conflicts are relaxed.
exact|breakdown|J4|M3|A1|O2|42,2026-06-03T14:43:44,breakdown_J4_M3_A1_O2_seed42,J4_M3_A1_O2,breakdown,42,30042,42,300.0,,solved,,0.004481,cpsat_transport_capacity_relaxation_empty_repositioning_relaxed,OR-Tools CP-SAT,optimal,4,3,1,2,19.000000,19.000000,not_available,19.000000,25.486074,25.486074,not_logged_by_exact_worker,34.137232,0.001290,0.002087,0.617832,true,false,Tiny branch-bound rows are exact over the project simulator. Other rows are CP-SAT transport-capacity relaxation; empty AGV repositioning/path conflicts are relaxed.
exact|breakdown|J4|M3|A1|O2|43,2026-06-03T14:43:44,breakdown_J4_M3_A1_O2_seed43,J4_M3_A1_O2,breakdown,43,30043,43,300.0,,solved,,0.004492,cpsat_transport_capacity_relaxation_empty_repositioning_relaxed,OR-Tools CP-SAT,optimal,4,3,1,2,14.000000,14.000000,not_available,14.000000,30.981432,30.981432,not_logged_by_exact_worker,121.295944,0.001236,0.002156,0.573178,true,false,Tiny branch-bound rows are exact over the project simulator. Other rows are CP-SAT transport-capacity relaxation; empty AGV repositioning/path conflicts are relaxed.
exact|breakdown|J4|M3|A1|O2|45,2026-06-03T14:43:44,breakdown_J4_M3_A1_O2_seed45,J4_M3_A1_O2,breakdown,45,30045,45,300.0,,solved,,0.003464,cpsat_transport_capacity_relaxation_empty_repositioning_relaxed,OR-Tools CP-SAT,optimal,4,3,1,2,7.800000,7.800000,not_available,7.800000,27.187940,27.187940,not_logged_by_exact_worker,248.563339,0.000844,0.001723,0.489730,true,false,Tiny branch-bound rows are exact over the project simulator. Other rows are CP-SAT transport-capacity relaxation; empty AGV repositioning/path conflicts are relaxed.
exact|static|J4|M2|A2|O3|51,2026-06-03T14:43:44,static_J4_M2_A2_O3_seed51,J4_M2_A2_O3,static,51,51,51,300.0,,solved,,0.014177,cpsat_transport_capacity_relaxation_empty_repositioning_relaxed,OR-Tools CP-SAT,optimal,4,2,2,3,14.000000,14.000000,not_available,14.000000,18.802776,18.802776,not_logged_by_exact_worker,34.305540,0.009622,0.003050,3.155163,true,false,Tiny branch-bound rows are exact over the project simulator. Other rows are CP-SAT transport-capacity relaxation; empty AGV repositioning/path conflicts are relaxed.
exact|breakdown|J4|M3|A1|O2|44,2026-06-03T14:43:44,breakdown_J4_M3_A1_O2_seed44,J4_M3_A1_O2,breakdown,44,30044,44,300.0,,solved,,0.007008,cpsat_transport_capacity_relaxation_empty_repositioning_relaxed,OR-Tools CP-SAT,optimal,4,3,1,2,10.000000,10.000000,not_available,10.000000,30.990716,30.990716,not_logged_by_exact_worker,209.907161,0.003745,0.002252,1.662759,true,false,Tiny branch-bound rows are exact over the project simulator. Other rows are CP-SAT transport-capacity relaxation; empty AGV repositioning/path conflicts are relaxed.
exact|static|J4|M2|A2|O3|50,2026-06-03T14:43:44,static_J4_M2_A2_O3_seed50,J4_M2_A2_O3,static,50,50,50,300.0,,solved,,0.017686,cpsat_transport_capacity_relaxation_empty_repositioning_relaxed,OR-Tools CP-SAT,optimal,4,2,2,3,16.000000,16.000000,not_available,16.000000,21.802776,21.802776,not_logged_by_exact_worker,36.267348,0.013073,0.003188,4.099984,true,false,Tiny branch-bound rows are exact over the project simulator. Other rows are CP-SAT transport-capacity relaxation; empty AGV repositioning/path conflicts are relaxed.
exact|breakdown|J4|M3|A1|O2|46,2026-06-03T14:43:44,breakdown_J4_M3_A1_O2_seed46,J4_M3_A1_O2,breakdown,46,30046,46,300.0,,solved,,0.004164,cpsat_transport_capacity_relaxation_empty_repositioning_relaxed,OR-Tools CP-SAT,optimal,4,3,1,2,14.800000,14.800000,not_available,14.800000,22.000000,22.000000,not_logged_by_exact_worker,48.648649,0.001375,0.001713,0.802708,true,false,Tiny branch-bound rows are exact over the project simulator. Other rows are CP-SAT transport-capacity relaxation; empty AGV repositioning/path conflicts are relaxed.
exact|breakdown|J4|M3|A1|O2|47,2026-06-03T14:43:44,breakdown_J4_M3_A1_O2_seed47,J4_M3_A1_O2,breakdown,47,30047,47,300.0,,solved,,0.004831,cpsat_transport_capacity_relaxation_empty_repositioning_relaxed,OR-Tools CP-SAT,optimal,4,3,1,2,17.000000,17.000000,not_available,17.000000,31.178657,31.178657,not_logged_by_exact_worker,83.403862,0.001361,0.002332,0.583491,true,false,Tiny branch-bound rows are exact over the project simulator. Other rows are CP-SAT transport-capacity relaxation; empty AGV repositioning/path conflicts are relaxed.
exact|breakdown|J4|M3|A1|O2|48,2026-06-03T14:43:44,breakdown_J4_M3_A1_O2_seed48,J4_M3_A1_O2,breakdown,48,30048,48,300.0,,solved,,0.005637,cpsat_transport_capacity_relaxation_empty_repositioning_relaxed,OR-Tools CP-SAT,optimal,4,3,1,2,11.000000,11.000000,not_available,11.000000,16.880523,16.880523,not_logged_by_exact_worker,53.459299,0.002126,0.002308,0.921104,true,false,Tiny branch-bound rows are exact over the project simulator. Other rows are CP-SAT transport-capacity relaxation; empty AGV repositioning/path conflicts are relaxed.
exact|breakdown|J4|M3|A1|O2|49,2026-06-03T14:43:44,breakdown_J4_M3_A1_O2_seed49,J4_M3_A1_O2,breakdown,49,30049,49,300.0,,solved,,0.004761,cpsat_transport_capacity_relaxation_empty_repositioning_relaxed,OR-Tools CP-SAT,optimal,4,3,1,2,12.000000,12.000000,not_available,12.000000,25.880523,25.880523,not_logged_by_exact_worker,115.671024,0.001494,0.002123,0.703433,true,false,Tiny branch-bound rows are exact over the project simulator. Other rows are CP-SAT transport-capacity relaxation; empty AGV repositioning/path conflicts are relaxed.
exact|breakdown|J4|M3|A1|O2|50,2026-06-03T14:43:44,breakdown_J4_M3_A1_O2_seed50,J4_M3_A1_O2,breakdown,50,30050,50,300.0,,solved,,0.004694,cpsat_transport_capacity_relaxation_empty_repositioning_relaxed,OR-Tools CP-SAT,optimal,4,3,1,2,8.000000,8.000000,not_available,8.000000,29.375881,29.375881,not_logged_by_exact_worker,267.198511,0.001671,0.002003,0.833841,true,false,Tiny branch-bound rows are exact over the project simulator. Other rows are CP-SAT transport-capacity relaxation; empty AGV repositioning/path conflicts are relaxed.
exact|breakdown|J4|M3|A1|O2|51,2026-06-03T14:43:44,breakdown_J4_M3_A1_O2_seed51,J4_M3_A1_O2,breakdown,51,30051,51,300.0,,solved,,0.005070,cpsat_transport_capacity_relaxation_empty_repositioning_relaxed,OR-Tools CP-SAT,optimal,4,3,1,2,13.000000,13.000000,not_available,13.000000,32.385165,32.385165,not_logged_by_exact_worker,149.116652,0.001894,0.002116,0.894906,true,false,Tiny branch-bound rows are exact over the project simulator. Other rows are CP-SAT transport-capacity relaxation; empty AGV repositioning/path conflicts are relaxed.
exact|rush_job|J4|M3|A1|O2|42,2026-06-03T14:43:44,rush_job_J4_M3_A1_O2_seed42,J4_M3_A1_O2,rush_job,42,40042,42,300.0,,solved,,0.007460,cpsat_transport_capacity_relaxation_empty_repositioning_relaxed,OR-Tools CP-SAT,optimal,4,3,1,2,14.000000,14.000000,not_available,14.000000,47.972148,47.972148,not_logged_by_exact_worker,242.658202,0.003065,0.003139,0.976332,true,false,Tiny branch-bound rows are exact over the project simulator. Other rows are CP-SAT transport-capacity relaxation; empty AGV repositioning/path conflicts are relaxed.
exact|rush_job|J4|M3|A1|O2|45,2026-06-03T14:43:44,rush_job_J4_M3_A1_O2_seed45,J4_M3_A1_O2,rush_job,45,40045,45,300.0,,solved,,0.006170,cpsat_transport_capacity_relaxation_empty_repositioning_relaxed,OR-Tools CP-SAT,optimal,4,3,1,2,9.000000,9.000000,not_available,9.000000,31.187940,31.187940,not_logged_by_exact_worker,246.532672,0.002373,0.002604,0.911542,true,false,Tiny branch-bound rows are exact over the project simulator. Other rows are CP-SAT transport-capacity relaxation; empty AGV repositioning/path conflicts are relaxed.
exact|rush_job|J4|M3|A1|O2|44,2026-06-03T14:43:44,rush_job_J4_M3_A1_O2_seed44,J4_M3_A1_O2,rush_job,44,40044,44,300.0,,solved,,0.007805,cpsat_transport_capacity_relaxation_empty_repositioning_relaxed,OR-Tools CP-SAT,optimal,4,3,1,2,9.000000,9.000000,not_available,9.000000,27.990716,27.990716,not_logged_by_exact_worker,211.007956,0.003753,0.002783,1.348414,true,false,Tiny branch-bound rows are exact over the project simulator. Other rows are CP-SAT transport-capacity relaxation; empty AGV repositioning/path conflicts are relaxed.
exact|rush_job|J4|M3|A1|O2|43,2026-06-03T14:43:44,rush_job_J4_M3_A1_O2_seed43,J4_M3_A1_O2,rush_job,43,40043,43,300.0,,solved,,0.011174,cpsat_transport_capacity_relaxation_empty_repositioning_relaxed,OR-Tools CP-SAT,optimal,4,3,1,2,12.000000,12.000000,not_available,12.000000,38.375881,38.375881,not_logged_by_exact_worker,219.799007,0.006906,0.002907,2.375993,true,false,Tiny branch-bound rows are exact over the project simulator. Other rows are CP-SAT transport-capacity relaxation; empty AGV repositioning/path conflicts are relaxed.
exact|rush_job|J4|M3|A1|O2|46,2026-06-03T14:43:44,rush_job_J4_M3_A1_O2_seed46,J4_M3_A1_O2,rush_job,46,40046,46,300.0,,solved,,0.009904,cpsat_transport_capacity_relaxation_empty_repositioning_relaxed,OR-Tools CP-SAT,optimal,4,3,1,2,11.800000,11.800000,not_available,11.800000,29.990716,29.990716,not_logged_by_exact_worker,154.158611,0.005339,0.003042,1.754914,true,false,Tiny branch-bound rows are exact over the project simulator. Other rows are CP-SAT transport-capacity relaxation; empty AGV repositioning/path conflicts are relaxed.
exact|rush_job|J4|M3|A1|O2|47,2026-06-03T14:43:44,rush_job_J4_M3_A1_O2_seed47,J4_M3_A1_O2,rush_job,47,40047,47,300.0,,solved,,0.007841,cpsat_transport_capacity_relaxation_empty_repositioning_relaxed,OR-Tools CP-SAT,optimal,4,3,1,2,17.000000,17.000000,not_available,17.000000,36.563821,36.563821,not_logged_by_exact_worker,115.081302,0.003776,0.002834,1.332439,true,false,Tiny branch-bound rows are exact over the project simulator. Other rows are CP-SAT transport-capacity relaxation; empty AGV repositioning/path conflicts are relaxed.
exact|rush_job|J4|M3|A1|O2|48,2026-06-03T14:43:44,rush_job_J4_M3_A1_O2_seed48,J4_M3_A1_O2,rush_job,48,40048,48,300.0,,solved,,0.009182,cpsat_transport_capacity_relaxation_empty_repositioning_relaxed,OR-Tools CP-SAT,optimal,4,3,1,2,9.800000,9.800000,not_available,9.800000,28.784208,28.784208,not_logged_by_exact_worker,193.716406,0.004919,0.002962,1.660837,true,false,Tiny branch-bound rows are exact over the project simulator. Other rows are CP-SAT transport-capacity relaxation; empty AGV repositioning/path conflicts are relaxed.
exact|rush_job|J4|M3|A1|O2|49,2026-06-03T14:43:44,rush_job_J4_M3_A1_O2_seed49,J4_M3_A1_O2,rush_job,49,40049,49,300.0,,solved,,0.010173,cpsat_transport_capacity_relaxation_empty_repositioning_relaxed,OR-Tools CP-SAT,optimal,4,3,1,2,13.800000,13.800000,not_available,13.800000,40.972148,40.972148,not_logged_by_exact_worker,196.899625,0.005685,0.003076,1.848004,true,false,Tiny branch-bound rows are exact over the project simulator. Other rows are CP-SAT transport-capacity relaxation; empty AGV repositioning/path conflicts are relaxed.
exact|mixed|J4|M3|A1|O2|42,2026-06-03T14:43:44,mixed_J4_M3_A1_O2_seed42,J4_M3_A1_O2,mixed,42,50042,42,300.0,,solved,,0.006508,cpsat_transport_capacity_relaxation_empty_repositioning_relaxed,OR-Tools CP-SAT,optimal,4,3,1,2,19.000000,19.000000,not_available,19.000000,25.486074,25.486074,not_logged_by_exact_worker,34.137232,0.002500,0.002746,0.910511,true,false,Tiny branch-bound rows are exact over the project simulator. Other rows are CP-SAT transport-capacity relaxation; empty AGV repositioning/path conflicts are relaxed.
exact|rush_job|J4|M3|A1|O2|51,2026-06-03T14:43:44,rush_job_J4_M3_A1_O2_seed51,J4_M3_A1_O2,rush_job,51,40051,51,300.0,,solved,,0.008064,cpsat_transport_capacity_relaxation_empty_repositioning_relaxed,OR-Tools CP-SAT,optimal,4,3,1,2,13.000000,13.000000,not_available,13.000000,43.366597,43.366597,not_logged_by_exact_worker,233.589207,0.003592,0.003095,1.160866,true,false,Tiny branch-bound rows are exact over the project simulator. Other rows are CP-SAT transport-capacity relaxation; empty AGV repositioning/path conflicts are relaxed.
exact|rush_job|J4|M3|A1|O2|50,2026-06-03T14:43:44,rush_job_J4_M3_A1_O2_seed50,J4_M3_A1_O2,rush_job,50,40050,50,300.0,,solved,,0.010964,cpsat_transport_capacity_relaxation_empty_repositioning_relaxed,OR-Tools CP-SAT,optimal,4,3,1,2,8.000000,8.000000,not_available,8.000000,32.981432,32.981432,not_logged_by_exact_worker,312.267902,0.006408,0.003094,2.070676,true,false,Tiny branch-bound rows are exact over the project simulator. Other rows are CP-SAT transport-capacity relaxation; empty AGV repositioning/path conflicts are relaxed.
exact|mixed|J4|M3|A1|O2|43,2026-06-03T14:43:44,mixed_J4_M3_A1_O2_seed43,J4_M3_A1_O2,mixed,43,50043,43,300.0,,solved,,0.006061,cpsat_transport_capacity_relaxation_empty_repositioning_relaxed,OR-Tools CP-SAT,optimal,4,3,1,2,14.000000,14.000000,not_available,14.000000,32.981432,32.981432,not_logged_by_exact_worker,135.581658,0.002103,0.002781,0.756077,true,false,Tiny branch-bound rows are exact over the project simulator. Other rows are CP-SAT transport-capacity relaxation; empty AGV repositioning/path conflicts are relaxed.
exact|mixed|J4|M3|A1|O2|45,2026-06-03T14:43:44,mixed_J4_M3_A1_O2_seed45,J4_M3_A1_O2,mixed,45,50045,45,300.0,,solved,,0.005295,cpsat_transport_capacity_relaxation_empty_repositioning_relaxed,OR-Tools CP-SAT,optimal,4,3,1,2,8.000000,8.000000,not_available,8.000000,29.187940,29.187940,not_logged_by_exact_worker,264.849256,0.001804,0.002370,0.761055,true,false,Tiny branch-bound rows are exact over the project simulator. Other rows are CP-SAT transport-capacity relaxation; empty AGV repositioning/path conflicts are relaxed.
exact|mixed|J4|M3|A1|O2|44,2026-06-03T14:43:44,mixed_J4_M3_A1_O2_seed44,J4_M3_A1_O2,mixed,44,50044,44,300.0,,solved,,0.008720,cpsat_transport_capacity_relaxation_empty_repositioning_relaxed,OR-Tools CP-SAT,optimal,4,3,1,2,11.000000,11.000000,not_available,11.000000,43.596267,43.596267,not_logged_by_exact_worker,296.329703,0.004522,0.002993,1.510942,true,false,Tiny branch-bound rows are exact over the project simulator. Other rows are CP-SAT transport-capacity relaxation; empty AGV repositioning/path conflicts are relaxed.
exact|mixed|J4|M3|A1|O2|46,2026-06-03T14:43:44,mixed_J4_M3_A1_O2_seed46,J4_M3_A1_O2,mixed,46,50046,46,300.0,,solved,,0.006970,cpsat_transport_capacity_relaxation_empty_repositioning_relaxed,OR-Tools CP-SAT,optimal,4,3,1,2,15.000000,15.000000,not_available,15.000000,22.000000,22.000000,not_logged_by_exact_worker,46.666667,0.003103,0.002578,1.203771,true,false,Tiny branch-bound rows are exact over the project simulator. Other rows are CP-SAT transport-capacity relaxation; empty AGV repositioning/path conflicts are relaxed.
exact|mixed|J4|M3|A1|O2|47,2026-06-03T14:43:44,mixed_J4_M3_A1_O2_seed47,J4_M3_A1_O2,mixed,47,50047,47,300.0,,solved,,0.008329,cpsat_transport_capacity_relaxation_empty_repositioning_relaxed,OR-Tools CP-SAT,optimal,4,3,1,2,17.000000,17.000000,not_available,17.000000,36.563821,36.563821,not_logged_by_exact_worker,115.081302,0.003754,0.003225,1.164011,true,false,Tiny branch-bound rows are exact over the project simulator. Other rows are CP-SAT transport-capacity relaxation; empty AGV repositioning/path conflicts are relaxed.
exact|mixed|J4|M3|A1|O2|48,2026-06-03T14:43:44,mixed_J4_M3_A1_O2_seed48,J4_M3_A1_O2,mixed,48,50048,48,300.0,,solved,,0.007636,cpsat_transport_capacity_relaxation_empty_repositioning_relaxed,OR-Tools CP-SAT,optimal,4,3,1,2,11.000000,11.000000,not_available,11.000000,28.784208,28.784208,not_logged_by_exact_worker,161.674616,0.003398,0.002896,1.173487,true,false,Tiny branch-bound rows are exact over the project simulator. Other rows are CP-SAT transport-capacity relaxation; empty AGV repositioning/path conflicts are relaxed.
exact|mixed|J4|M3|A1|O2|49,2026-06-03T14:43:44,mixed_J4_M3_A1_O2_seed49,J4_M3_A1_O2,mixed,49,50049,49,300.0,,solved,,0.007038,cpsat_transport_capacity_relaxation_empty_repositioning_relaxed,OR-Tools CP-SAT,optimal,4,3,1,2,13.800000,13.800000,not_available,13.800000,34.476790,34.476790,not_logged_by_exact_worker,149.831813,0.002802,0.002982,0.939543,true,false,Tiny branch-bound rows are exact over the project simulator. Other rows are CP-SAT transport-capacity relaxation; empty AGV repositioning/path conflicts are relaxed.
exact|mixed|J4|M3|A1|O2|50,2026-06-03T14:43:44,mixed_J4_M3_A1_O2_seed50,J4_M3_A1_O2,mixed,50,50050,50,300.0,,solved,,0.006619,cpsat_transport_capacity_relaxation_empty_repositioning_relaxed,OR-Tools CP-SAT,optimal,4,3,1,2,11.000000,11.000000,not_available,11.000000,36.784208,36.784208,not_logged_by_exact_worker,234.401889,0.002470,0.002949,0.837622,true,false,Tiny branch-bound rows are exact over the project simulator. Other rows are CP-SAT transport-capacity relaxation; empty AGV repositioning/path conflicts are relaxed.
exact|static|J4|M3|A1|O2|42,2026-06-03T14:43:44,static_J4_M3_A1_O2_seed42,J4_M3_A1_O2,static,42,42,42,300.0,,solved,,0.005452,cpsat_transport_capacity_relaxation_empty_repositioning_relaxed,OR-Tools CP-SAT,optimal,4,3,1,2,12.000000,12.000000,not_available,12.000000,38.981432,38.981432,not_logged_by_exact_worker,224.845268,0.002191,0.002189,1.000548,true,false,Tiny branch-bound rows are exact over the project simulator. Other rows are CP-SAT transport-capacity relaxation; empty AGV repositioning/path conflicts are relaxed.
exact|mixed|J4|M3|A1|O2|51,2026-06-03T14:43:44,mixed_J4_M3_A1_O2_seed51,J4_M3_A1_O2,mixed,51,50051,51,300.0,,solved,,0.008207,cpsat_transport_capacity_relaxation_empty_repositioning_relaxed,OR-Tools CP-SAT,optimal,4,3,1,2,13.000000,13.000000,not_available,13.000000,38.990716,38.990716,not_logged_by_exact_worker,199.928585,0.004053,0.002935,1.381121,true,false,Tiny branch-bound rows are exact over the project simulator. Other rows are CP-SAT transport-capacity relaxation; empty AGV repositioning/path conflicts are relaxed.
exact|static|J4|M3|A1|O2|43,2026-06-03T14:43:44,static_J4_M3_A1_O2_seed43,J4_M3_A1_O2,static,43,43,43,300.0,,solved,,0.006055,cpsat_transport_capacity_relaxation_empty_repositioning_relaxed,OR-Tools CP-SAT,optimal,4,3,1,2,11.000000,11.000000,not_available,11.000000,27.375881,27.375881,not_logged_by_exact_worker,148.871644,0.002793,0.002098,1.331173,true,false,Tiny branch-bound rows are exact over the project simulator. Other rows are CP-SAT transport-capacity relaxation; empty AGV repositioning/path conflicts are relaxed.
exact|static|J4|M3|A1|O2|44,2026-06-03T14:43:44,static_J4_M3_A1_O2_seed44,J4_M3_A1_O2,static,44,44,44,300.0,,solved,,0.006327,cpsat_transport_capacity_relaxation_empty_repositioning_relaxed,OR-Tools CP-SAT,optimal,4,3,1,2,8.000000,8.000000,not_available,8.000000,22.385165,22.385165,not_logged_by_exact_worker,179.814560,0.002834,0.002251,1.259042,true,false,Tiny branch-bound rows are exact over the project simulator. Other rows are CP-SAT transport-capacity relaxation; empty AGV repositioning/path conflicts are relaxed.
exact|static|J4|M3|A1|O2|45,2026-06-03T14:43:44,static_J4_M3_A1_O2_seed45,J4_M3_A1_O2,static,45,45,45,300.0,,solved,,0.004057,cpsat_transport_capacity_relaxation_empty_repositioning_relaxed,OR-Tools CP-SAT,optimal,4,3,1,2,7.800000,7.800000,not_available,7.800000,27.187940,27.187940,not_logged_by_exact_worker,248.563339,0.001203,0.001812,0.663760,true,false,Tiny branch-bound rows are exact over the project simulator. Other rows are CP-SAT transport-capacity relaxation; empty AGV repositioning/path conflicts are relaxed.
exact|static|J4|M3|A1|O2|46,2026-06-03T14:43:44,static_J4_M3_A1_O2_seed46,J4_M3_A1_O2,static,46,46,46,300.0,,solved,,0.007101,cpsat_transport_capacity_relaxation_empty_repositioning_relaxed,OR-Tools CP-SAT,optimal,4,3,1,2,11.800000,11.800000,not_available,11.800000,24.495358,24.495358,not_logged_by_exact_worker,107.587780,0.003569,0.002163,1.650055,true,false,Tiny branch-bound rows are exact over the project simulator. Other rows are CP-SAT transport-capacity relaxation; empty AGV repositioning/path conflicts are relaxed.
exact|static|J4|M3|A1|O2|47,2026-06-03T14:43:44,static_J4_M3_A1_O2_seed47,J4_M3_A1_O2,static,47,47,47,300.0,,solved,,0.005958,cpsat_transport_capacity_relaxation_empty_repositioning_relaxed,OR-Tools CP-SAT,optimal,4,3,1,2,17.000000,17.000000,not_available,17.000000,31.178657,31.178657,not_logged_by_exact_worker,83.403862,0.002277,0.002479,0.918283,true,false,Tiny branch-bound rows are exact over the project simulator. Other rows are CP-SAT transport-capacity relaxation; empty AGV repositioning/path conflicts are relaxed.
exact|static|J4|M3|A1|O2|48,2026-06-03T14:43:44,static_J4_M3_A1_O2_seed48,J4_M3_A1_O2,static,48,48,48,300.0,,solved,,0.006849,cpsat_transport_capacity_relaxation_empty_repositioning_relaxed,OR-Tools CP-SAT,optimal,4,3,1,2,7.800000,7.800000,not_available,7.800000,16.880523,16.880523,not_logged_by_exact_worker,116.416960,0.003425,0.002210,1.549584,true,false,Tiny branch-bound rows are exact over the project simulator. Other rows are CP-SAT transport-capacity relaxation; empty AGV repositioning/path conflicts are relaxed.
exact|static|J4|M3|A1|O2|49,2026-06-03T14:43:44,static_J4_M3_A1_O2_seed49,J4_M3_A1_O2,static,49,49,49,300.0,,solved,,0.007267,cpsat_transport_capacity_relaxation_empty_repositioning_relaxed,OR-Tools CP-SAT,optimal,4,3,1,2,12.000000,12.000000,not_available,12.000000,32.375881,32.375881,not_logged_by_exact_worker,169.799007,0.003842,0.002302,1.668708,true,false,Tiny branch-bound rows are exact over the project simulator. Other rows are CP-SAT transport-capacity relaxation; empty AGV repositioning/path conflicts are relaxed.
exact|static|J4|M3|A1|O2|51,2026-06-03T14:43:44,static_J4_M3_A1_O2_seed51,J4_M3_A1_O2,static,51,51,51,300.0,,solved,,0.005427,cpsat_transport_capacity_relaxation_empty_repositioning_relaxed,OR-Tools CP-SAT,optimal,4,3,1,2,13.000000,13.000000,not_available,13.000000,38.366597,38.366597,not_logged_by_exact_worker,195.127669,0.002073,0.002217,0.935092,true,false,Tiny branch-bound rows are exact over the project simulator. Other rows are CP-SAT transport-capacity relaxation; empty AGV repositioning/path conflicts are relaxed.
exact|breakdown|J4|M3|A1|O3|42,2026-06-03T14:43:44,breakdown_J4_M3_A1_O3_seed42,J4_M3_A1_O3,breakdown,42,30042,42,300.0,,solved,,0.006026,cpsat_transport_capacity_relaxation_empty_repositioning_relaxed,OR-Tools CP-SAT,optimal,4,3,1,3,21.800000,21.800000,not_available,21.800000,29.605551,29.605551,not_logged_by_exact_worker,35.805281,0.001812,0.002880,0.629280,true,false,Tiny branch-bound rows are exact over the project simulator. Other rows are CP-SAT transport-capacity relaxation; empty AGV repositioning/path conflicts are relaxed.
exact|static|J4|M3|A1|O2|50,2026-06-03T14:43:44,static_J4_M3_A1_O2_seed50,J4_M3_A1_O2,static,50,50,50,300.0,,solved,,0.009176,cpsat_transport_capacity_relaxation_empty_repositioning_relaxed,OR-Tools CP-SAT,optimal,4,3,1,2,8.000000,8.000000,not_available,8.000000,28.178657,28.178657,not_logged_by_exact_worker,252.233207,0.005892,0.002109,2.793599,true,false,Tiny branch-bound rows are exact over the project simulator. Other rows are CP-SAT transport-capacity relaxation; empty AGV repositioning/path conflicts are relaxed.
exact|breakdown|J4|M3|A1|O3|44,2026-06-03T14:43:44,breakdown_J4_M3_A1_O3_seed44,J4_M3_A1_O3,breakdown,44,30044,44,300.0,,solved,,0.008307,cpsat_transport_capacity_relaxation_empty_repositioning_relaxed,OR-Tools CP-SAT,optimal,4,3,1,3,16.000000,16.000000,not_available,16.000000,41.211103,41.211103,not_logged_by_exact_worker,157.569391,0.004024,0.002919,1.378726,true,false,Tiny branch-bound rows are exact over the project simulator. Other rows are CP-SAT transport-capacity relaxation; empty AGV repositioning/path conflicts are relaxed.
exact|breakdown|J4|M3|A1|O3|43,2026-06-03T14:43:44,breakdown_J4_M3_A1_O3_seed43,J4_M3_A1_O3,breakdown,43,30043,43,300.0,,solved,,0.011863,cpsat_transport_capacity_relaxation_empty_repositioning_relaxed,OR-Tools CP-SAT,optimal,4,3,1,3,18.600000,18.600000,not_available,18.600000,43.375881,43.375881,not_logged_by_exact_worker,133.203661,0.007302,0.003194,2.286036,true,false,Tiny branch-bound rows are exact over the project simulator. Other rows are CP-SAT transport-capacity relaxation; empty AGV repositioning/path conflicts are relaxed.
exact|breakdown|J4|M3|A1|O3|46,2026-06-03T14:43:44,breakdown_J4_M3_A1_O3_seed46,J4_M3_A1_O3,breakdown,46,30046,46,300.0,,solved,,0.007274,cpsat_transport_capacity_relaxation_empty_repositioning_relaxed,OR-Tools CP-SAT,optimal,4,3,1,3,20.800000,20.800000,not_available,20.800000,31.000000,31.000000,not_logged_by_exact_worker,49.038462,0.003032,0.002914,1.040423,true,false,Tiny branch-bound rows are exact over the project simulator. Other rows are CP-SAT transport-capacity relaxation; empty AGV repositioning/path conflicts are relaxed.
exact|breakdown|J4|M3|A1|O3|45,2026-06-03T14:43:44,breakdown_J4_M3_A1_O3_seed45,J4_M3_A1_O3,breakdown,45,30045,45,300.0,,solved,,0.008324,cpsat_transport_capacity_relaxation_empty_repositioning_relaxed,OR-Tools CP-SAT,optimal,4,3,1,3,14.600000,14.600000,not_available,14.600000,35.586983,35.586983,not_logged_by_exact_worker,143.746462,0.003786,0.003287,1.151728,true,false,Tiny branch-bound rows are exact over the project simulator. Other rows are CP-SAT transport-capacity relaxation; empty AGV repositioning/path conflicts are relaxed.
exact|breakdown|J4|M3|A1|O3|49,2026-06-03T14:43:44,breakdown_J4_M3_A1_O3_seed49,J4_M3_A1_O3,breakdown,49,30049,49,300.0,,solved,,0.006478,cpsat_transport_capacity_relaxation_empty_repositioning_relaxed,OR-Tools CP-SAT,optimal,4,3,1,3,18.600000,18.600000,not_available,18.600000,35.265688,35.265688,not_logged_by_exact_worker,89.600471,0.002394,0.002848,0.840385,true,false,Tiny branch-bound rows are exact over the project simulator. Other rows are CP-SAT transport-capacity relaxation; empty AGV repositioning/path conflicts are relaxed.
exact|breakdown|J4|M3|A1|O3|48,2026-06-03T14:43:44,breakdown_J4_M3_A1_O3_seed48,J4_M3_A1_O3,breakdown,48,30048,48,300.0,,solved,,0.007773,cpsat_transport_capacity_relaxation_empty_repositioning_relaxed,OR-Tools CP-SAT,optimal,4,3,1,3,19.600000,19.600000,not_available,19.600000,33.871239,33.871239,not_logged_by_exact_worker,72.812444,0.003401,0.003073,1.106815,true,false,Tiny branch-bound rows are exact over the project simulator. Other rows are CP-SAT transport-capacity relaxation; empty AGV repositioning/path conflicts are relaxed.
exact|breakdown|J4|M3|A1|O3|50,2026-06-03T14:43:44,breakdown_J4_M3_A1_O3_seed50,J4_M3_A1_O3,breakdown,50,30050,50,300.0,,solved,,0.007979,cpsat_transport_capacity_relaxation_empty_repositioning_relaxed,OR-Tools CP-SAT,optimal,4,3,1,3,14.000000,14.000000,not_available,14.000000,25.265688,25.265688,not_logged_by_exact_worker,80.469198,0.003622,0.003011,1.202743,true,false,Tiny branch-bound rows are exact over the project simulator. Other rows are CP-SAT transport-capacity relaxation; empty AGV repositioning/path conflicts are relaxed.
exact|breakdown|J4|M3|A1|O3|47,2026-06-03T14:43:44,breakdown_J4_M3_A1_O3_seed47,J4_M3_A1_O3,breakdown,47,30047,47,300.0,,solved,,0.014200,cpsat_transport_capacity_relaxation_empty_repositioning_relaxed,OR-Tools CP-SAT,optimal,4,3,1,3,19.800000,19.800000,not_available,19.800000,43.586983,43.586983,not_logged_by_exact_worker,120.136280,0.009423,0.003486,2.702759,true,false,Tiny branch-bound rows are exact over the project simulator. Other rows are CP-SAT transport-capacity relaxation; empty AGV repositioning/path conflicts are relaxed.
exact|breakdown|J4|M3|A1|O3|51,2026-06-03T14:43:44,breakdown_J4_M3_A1_O3_seed51,J4_M3_A1_O3,breakdown,51,30051,51,300.0,,solved,,0.006920,cpsat_transport_capacity_relaxation_empty_repositioning_relaxed,OR-Tools CP-SAT,optimal,4,3,1,3,21.000000,21.000000,not_available,21.000000,37.605551,37.605551,not_logged_by_exact_worker,79.074054,0.002833,0.002798,1.012330,true,false,Tiny branch-bound rows are exact over the project simulator. Other rows are CP-SAT transport-capacity relaxation; empty AGV repositioning/path conflicts are relaxed.
exact|rush_job|J4|M3|A1|O3|42,2026-06-03T14:43:44,rush_job_J4_M3_A1_O3_seed42,J4_M3_A1_O3,rush_job,42,40042,42,300.0,,solved,,0.012306,cpsat_transport_capacity_relaxation_empty_repositioning_relaxed,OR-Tools CP-SAT,optimal,4,3,1,3,15.600000,15.600000,not_available,15.600000,42.091625,42.091625,not_logged_by_exact_worker,169.818112,0.006256,0.004361,1.434757,true,false,Tiny branch-bound rows are exact over the project simulator. Other rows are CP-SAT transport-capacity relaxation; empty AGV repositioning/path conflicts are relaxed.
exact|rush_job|J4|M3|A1|O3|45,2026-06-03T14:43:44,rush_job_J4_M3_A1_O3_seed45,J4_M3_A1_O3,rush_job,45,40045,45,300.0,,solved,,0.009329,cpsat_transport_capacity_relaxation_empty_repositioning_relaxed,OR-Tools CP-SAT,optimal,4,3,1,3,14.600000,14.600000,not_available,14.600000,37.981432,37.981432,not_logged_by_exact_worker,160.146796,0.003929,0.003950,0.994557,true,false,Tiny branch-bound rows are exact over the project simulator. Other rows are CP-SAT transport-capacity relaxation; empty AGV repositioning/path conflicts are relaxed.
exact|rush_job|J4|M3|A1|O3|44,2026-06-03T14:43:44,rush_job_J4_M3_A1_O3_seed44,J4_M3_A1_O3,rush_job,44,40044,44,300.0,,solved,,0.014630,cpsat_transport_capacity_relaxation_empty_repositioning_relaxed,OR-Tools CP-SAT,optimal,4,3,1,3,13.800000,13.800000,not_available,13.800000,35.013878,35.013878,not_logged_by_exact_worker,153.723755,0.009004,0.003884,2.318016,true,false,Tiny branch-bound rows are exact over the project simulator. Other rows are CP-SAT transport-capacity relaxation; empty AGV repositioning/path conflicts are relaxed.
exact|rush_job|J4|M3|A1|O3|43,2026-06-03T14:43:44,rush_job_J4_M3_A1_O3_seed43,J4_M3_A1_O3,rush_job,43,40043,43,300.0,,solved,,0.020710,cpsat_transport_capacity_relaxation_empty_repositioning_relaxed,OR-Tools CP-SAT,optimal,4,3,1,3,15.800000,15.800000,not_available,15.800000,53.586983,53.586983,not_logged_by_exact_worker,239.158123,0.014427,0.004507,3.200692,true,false,Tiny branch-bound rows are exact over the project simulator. Other rows are CP-SAT transport-capacity relaxation; empty AGV repositioning/path conflicts are relaxed.
exact|rush_job|J4|M3|A1|O3|46,2026-06-03T14:43:44,rush_job_J4_M3_A1_O3_seed46,J4_M3_A1_O3,rush_job,46,40046,46,300.0,,solved,,0.014257,cpsat_transport_capacity_relaxation_empty_repositioning_relaxed,OR-Tools CP-SAT,optimal,4,3,1,3,17.000000,17.000000,not_available,17.000000,41.201819,41.201819,not_logged_by_exact_worker,142.363639,0.008041,0.004408,1.824198,true,false,Tiny branch-bound rows are exact over the project simulator. Other rows are CP-SAT transport-capacity relaxation; empty AGV repositioning/path conflicts are relaxed.
exact|rush_job|J4|M3|A1|O3|47,2026-06-03T14:43:44,rush_job_J4_M3_A1_O3_seed47,J4_M3_A1_O3,rush_job,47,40047,47,300.0,,solved,,0.018238,cpsat_transport_capacity_relaxation_empty_repositioning_relaxed,OR-Tools CP-SAT,optimal,4,3,1,3,19.800000,19.800000,not_available,19.800000,52.366597,52.366597,not_logged_by_exact_worker,164.477762,0.012451,0.004032,3.088226,true,false,Tiny branch-bound rows are exact over the project simulator. Other rows are CP-SAT transport-capacity relaxation; empty AGV repositioning/path conflicts are relaxed.
exact|rush_job|J4|M3|A1|O3|49,2026-06-03T14:43:44,rush_job_J4_M3_A1_O3_seed49,J4_M3_A1_O3,rush_job,49,40049,49,300.0,,solved,,0.013830,cpsat_transport_capacity_relaxation_empty_repositioning_relaxed,OR-Tools CP-SAT,optimal,4,3,1,3,17.000000,17.000000,not_available,17.000000,46.366597,46.366597,not_logged_by_exact_worker,172.744688,0.007696,0.004266,1.804140,true,false,Tiny branch-bound rows are exact over the project simulator. Other rows are CP-SAT transport-capacity relaxation; empty AGV repositioning/path conflicts are relaxed.
exact|rush_job|J4|M3|A1|O3|48,2026-06-03T14:43:44,rush_job_J4_M3_A1_O3_seed48,J4_M3_A1_O3,rush_job,48,40048,48,300.0,,solved,,0.018462,cpsat_transport_capacity_relaxation_empty_repositioning_relaxed,OR-Tools CP-SAT,optimal,4,3,1,3,13.600000,13.600000,not_available,13.600000,37.972148,37.972148,not_logged_by_exact_worker,179.206972,0.012665,0.004148,3.053501,true,false,Tiny branch-bound rows are exact over the project simulator. Other rows are CP-SAT transport-capacity relaxation; empty AGV repositioning/path conflicts are relaxed.
exact|mixed|J4|M3|A1|O3|42,2026-06-03T14:43:44,mixed_J4_M3_A1_O3_seed42,J4_M3_A1_O3,mixed,42,50042,42,300.0,,solved,,0.008024,cpsat_transport_capacity_relaxation_empty_repositioning_relaxed,OR-Tools CP-SAT,optimal,4,3,1,3,21.800000,21.800000,not_available,21.800000,29.495358,29.495358,not_logged_by_exact_worker,35.299808,0.002669,0.003762,0.709645,true,false,Tiny branch-bound rows are exact over the project simulator. Other rows are CP-SAT transport-capacity relaxation; empty AGV repositioning/path conflicts are relaxed.
exact|rush_job|J4|M3|A1|O3|50,2026-06-03T14:43:44,rush_job_J4_M3_A1_O3_seed50,J4_M3_A1_O3,rush_job,50,40050,50,300.0,,solved,,0.018941,cpsat_transport_capacity_relaxation_empty_repositioning_relaxed,OR-Tools CP-SAT,optimal,4,3,1,3,14.000000,14.000000,not_available,14.000000,32.871239,32.871239,not_logged_by_exact_worker,134.794564,0.013228,0.003942,3.355367,true,false,Tiny branch-bound rows are exact over the project simulator. Other rows are CP-SAT transport-capacity relaxation; empty AGV repositioning/path conflicts are relaxed.
exact|rush_job|J4|M3|A1|O3|51,2026-06-03T14:43:44,rush_job_J4_M3_A1_O3_seed51,J4_M3_A1_O3,rush_job,51,40051,51,300.0,,solved,,0.012099,cpsat_transport_capacity_relaxation_empty_repositioning_relaxed,OR-Tools CP-SAT,optimal,4,3,1,3,19.800000,19.800000,not_available,19.800000,42.586983,42.586983,not_logged_by_exact_worker,115.085775,0.006393,0.003959,1.615025,true,false,Tiny branch-bound rows are exact over the project simulator. Other rows are CP-SAT transport-capacity relaxation; empty AGV repositioning/path conflicts are relaxed.
exact|mixed|J4|M3|A1|O3|43,2026-06-03T14:43:44,mixed_J4_M3_A1_O3_seed43,J4_M3_A1_O3,mixed,43,50043,43,300.0,,solved,,0.009242,cpsat_transport_capacity_relaxation_empty_repositioning_relaxed,OR-Tools CP-SAT,optimal,4,3,1,3,18.600000,18.600000,not_available,18.600000,42.375881,42.375881,not_logged_by_exact_worker,127.827317,0.003728,0.003952,0.943342,true,false,Tiny branch-bound rows are exact over the project simulator. Other rows are CP-SAT transport-capacity relaxation; empty AGV repositioning/path conflicts are relaxed.
exact|mixed|J4|M3|A1|O3|45,2026-06-03T14:43:44,mixed_J4_M3_A1_O3_seed45,J4_M3_A1_O3,mixed,45,50045,45,300.0,,solved,,0.010987,cpsat_transport_capacity_relaxation_empty_repositioning_relaxed,OR-Tools CP-SAT,optimal,4,3,1,3,14.600000,14.600000,not_available,14.600000,37.586983,37.586983,not_logged_by_exact_worker,157.445092,0.005485,0.003949,1.389014,true,false,Tiny branch-bound rows are exact over the project simulator. Other rows are CP-SAT transport-capacity relaxation; empty AGV repositioning/path conflicts are relaxed.
exact|mixed|J4|M3|A1|O3|46,2026-06-03T14:43:44,mixed_J4_M3_A1_O3_seed46,J4_M3_A1_O3,mixed,46,50046,46,300.0,,solved,,0.011264,cpsat_transport_capacity_relaxation_empty_repositioning_relaxed,OR-Tools CP-SAT,optimal,4,3,1,3,21.000000,21.000000,not_available,21.000000,32.408327,32.408327,not_logged_by_exact_worker,54.325366,0.005971,0.003767,1.584986,true,false,Tiny branch-bound rows are exact over the project simulator. Other rows are CP-SAT transport-capacity relaxation; empty AGV repositioning/path conflicts are relaxed.
exact|mixed|J4|M3|A1|O3|47,2026-06-03T14:43:44,mixed_J4_M3_A1_O3_seed47,J4_M3_A1_O3,mixed,47,50047,47,300.0,,solved,,0.012137,cpsat_transport_capacity_relaxation_empty_repositioning_relaxed,OR-Tools CP-SAT,optimal,4,3,1,3,20.600000,20.600000,not_available,20.600000,48.972148,48.972148,not_logged_by_exact_worker,137.728875,0.006409,0.004264,1.503002,true,false,Tiny branch-bound rows are exact over the project simulator. Other rows are CP-SAT transport-capacity relaxation; empty AGV repositioning/path conflicts are relaxed.
exact|mixed|J4|M3|A1|O3|44,2026-06-03T14:43:44,mixed_J4_M3_A1_O3_seed44,J4_M3_A1_O3,mixed,44,50044,44,300.0,,solved,,0.018742,cpsat_transport_capacity_relaxation_empty_repositioning_relaxed,OR-Tools CP-SAT,optimal,4,3,1,3,16.000000,16.000000,not_available,16.000000,50.422205,50.422205,not_logged_by_exact_worker,215.138782,0.012701,0.004249,2.988822,true,false,Tiny branch-bound rows are exact over the project simulator. Other rows are CP-SAT transport-capacity relaxation; empty AGV repositioning/path conflicts are relaxed.
exact|mixed|J4|M3|A1|O3|48,2026-06-03T14:43:44,mixed_J4_M3_A1_O3_seed48,J4_M3_A1_O3,mixed,48,50048,48,300.0,,solved,,0.010116,cpsat_transport_capacity_relaxation_empty_repositioning_relaxed,OR-Tools CP-SAT,optimal,4,3,1,3,19.600000,19.600000,not_available,19.600000,38.774924,38.774924,not_logged_by_exact_worker,97.831244,0.004618,0.004020,1.148821,true,false,Tiny branch-bound rows are exact over the project simulator. Other rows are CP-SAT transport-capacity relaxation; empty AGV repositioning/path conflicts are relaxed.
exact|mixed|J4|M3|A1|O3|49,2026-06-03T14:43:44,mixed_J4_M3_A1_O3_seed49,J4_M3_A1_O3,mixed,49,50049,49,300.0,,solved,,0.008953,cpsat_transport_capacity_relaxation_empty_repositioning_relaxed,OR-Tools CP-SAT,optimal,4,3,1,3,18.600000,18.600000,not_available,18.600000,43.871239,43.871239,not_logged_by_exact_worker,135.866876,0.003762,0.003766,0.998938,true,false,Tiny branch-bound rows are exact over the project simulator. Other rows are CP-SAT transport-capacity relaxation; empty AGV repositioning/path conflicts are relaxed.
exact|mixed|J4|M3|A1|O3|51,2026-06-03T14:43:44,mixed_J4_M3_A1_O3_seed51,J4_M3_A1_O3,mixed,51,50051,51,300.0,,solved,,0.009050,cpsat_transport_capacity_relaxation_empty_repositioning_relaxed,OR-Tools CP-SAT,optimal,4,3,1,3,21.000000,21.000000,not_available,21.000000,35.013878,35.013878,not_logged_by_exact_worker,66.732753,0.003722,0.003814,0.975902,true,false,Tiny branch-bound rows are exact over the project simulator. Other rows are CP-SAT transport-capacity relaxation; empty AGV repositioning/path conflicts are relaxed.
exact|mixed|J4|M3|A1|O3|50,2026-06-03T14:43:44,mixed_J4_M3_A1_O3_seed50,J4_M3_A1_O3,mixed,50,50050,50,300.0,,solved,,0.011854,cpsat_transport_capacity_relaxation_empty_repositioning_relaxed,OR-Tools CP-SAT,optimal,4,3,1,3,16.000000,16.000000,not_available,16.000000,34.169373,34.169373,not_logged_by_exact_worker,113.558579,0.006433,0.003828,1.680678,true,false,Tiny branch-bound rows are exact over the project simulator. Other rows are CP-SAT transport-capacity relaxation; empty AGV repositioning/path conflicts are relaxed.
exact|static|J4|M3|A1|O3|42,2026-06-03T14:43:44,static_J4_M3_A1_O3_seed42,J4_M3_A1_O3,static,42,42,42,300.0,,solved,,0.010044,cpsat_transport_capacity_relaxation_empty_repositioning_relaxed,OR-Tools CP-SAT,optimal,4,3,1,3,14.800000,14.800000,not_available,14.800000,33.596267,33.596267,not_logged_by_exact_worker,127.001806,0.005039,0.003405,1.480029,true,false,Tiny branch-bound rows are exact over the project simulator. Other rows are CP-SAT transport-capacity relaxation; empty AGV repositioning/path conflicts are relaxed.
exact|static|J4|M3|A1|O3|43,2026-06-03T14:43:44,static_J4_M3_A1_O3_seed43,J4_M3_A1_O3,static,43,43,43,300.0,,solved,,0.011852,cpsat_transport_capacity_relaxation_empty_repositioning_relaxed,OR-Tools CP-SAT,optimal,4,3,1,3,15.000000,15.000000,not_available,15.000000,46.389759,46.389759,not_logged_by_exact_worker,209.265061,0.006837,0.003410,2.004956,true,false,Tiny branch-bound rows are exact over the project simulator. Other rows are CP-SAT transport-capacity relaxation; empty AGV repositioning/path conflicts are relaxed.
exact|static|J4|M3|A1|O3|45,2026-06-03T14:43:44,static_J4_M3_A1_O3_seed45,J4_M3_A1_O3,static,45,45,45,300.0,,solved,,0.008205,cpsat_transport_capacity_relaxation_empty_repositioning_relaxed,OR-Tools CP-SAT,optimal,4,3,1,3,14.600000,14.600000,not_available,14.600000,35.586983,35.586983,not_logged_by_exact_worker,143.746462,0.003678,0.003193,1.152092,true,false,Tiny branch-bound rows are exact over the project simulator. Other rows are CP-SAT transport-capacity relaxation; empty AGV repositioning/path conflicts are relaxed.
exact|static|J4|M3|A1|O3|44,2026-06-03T14:43:44,static_J4_M3_A1_O3_seed44,J4_M3_A1_O3,static,44,44,44,300.0,,solved,,0.011301,cpsat_transport_capacity_relaxation_empty_repositioning_relaxed,OR-Tools CP-SAT,optimal,4,3,1,3,13.800000,13.800000,not_available,13.800000,27.605551,27.605551,not_logged_by_exact_worker,100.040227,0.006679,0.003110,2.147717,true,false,Tiny branch-bound rows are exact over the project simulator. Other rows are CP-SAT transport-capacity relaxation; empty AGV repositioning/path conflicts are relaxed.
exact|static|J4|M3|A1|O3|46,2026-06-03T14:43:44,static_J4_M3_A1_O3_seed46,J4_M3_A1_O3,static,46,46,46,300.0,,solved,,0.010181,cpsat_transport_capacity_relaxation_empty_repositioning_relaxed,OR-Tools CP-SAT,optimal,4,3,1,3,15.800000,15.800000,not_available,15.800000,28.816654,28.816654,not_logged_by_exact_worker,82.383885,0.005277,0.003333,1.583646,true,false,Tiny branch-bound rows are exact over the project simulator. Other rows are CP-SAT transport-capacity relaxation; empty AGV repositioning/path conflicts are relaxed.
exact|static|J4|M3|A1|O3|47,2026-06-03T14:43:44,static_J4_M3_A1_O3_seed47,J4_M3_A1_O3,static,47,47,47,300.0,,solved,,0.013687,cpsat_transport_capacity_relaxation_empty_repositioning_relaxed,OR-Tools CP-SAT,optimal,4,3,1,3,18.800000,18.800000,not_available,18.800000,36.972148,36.972148,not_logged_by_exact_worker,96.660363,0.008832,0.003359,2.629481,true,false,Tiny branch-bound rows are exact over the project simulator. Other rows are CP-SAT transport-capacity relaxation; empty AGV repositioning/path conflicts are relaxed.
exact|static|J4|M3|A1|O3|48,2026-06-03T14:43:44,static_J4_M3_A1_O3_seed48,J4_M3_A1_O3,static,48,48,48,300.0,,solved,,0.012656,cpsat_transport_capacity_relaxation_empty_repositioning_relaxed,OR-Tools CP-SAT,optimal,4,3,1,3,13.400000,13.400000,not_available,13.400000,29.476790,29.476790,not_logged_by_exact_worker,119.976046,0.007890,0.003233,2.440001,true,false,Tiny branch-bound rows are exact over the project simulator. Other rows are CP-SAT transport-capacity relaxation; empty AGV repositioning/path conflicts are relaxed.
exact|static|J4|M3|A1|O3|49,2026-06-03T14:43:44,static_J4_M3_A1_O3_seed49,J4_M3_A1_O3,static,49,49,49,300.0,,solved,,0.010380,cpsat_transport_capacity_relaxation_empty_repositioning_relaxed,OR-Tools CP-SAT,optimal,4,3,1,3,16.000000,16.000000,not_available,16.000000,41.761046,41.761046,not_logged_by_exact_worker,161.006536,0.005241,0.003567,1.469426,true,false,Tiny branch-bound rows are exact over the project simulator. Other rows are CP-SAT transport-capacity relaxation; empty AGV repositioning/path conflicts are relaxed.
exact|static|J4|M3|A1|O3|50,2026-06-03T14:43:44,static_J4_M3_A1_O3_seed50,J4_M3_A1_O3,static,50,50,50,300.0,,solved,,0.010258,cpsat_transport_capacity_relaxation_empty_repositioning_relaxed,OR-Tools CP-SAT,optimal,4,3,1,3,14.000000,14.000000,not_available,14.000000,25.265688,25.265688,not_logged_by_exact_worker,80.469198,0.005584,0.003004,1.858508,true,false,Tiny branch-bound rows are exact over the project simulator. Other rows are CP-SAT transport-capacity relaxation; empty AGV repositioning/path conflicts are relaxed.
exact|breakdown|J4|M3|A2|O2|42,2026-06-03T14:43:44,breakdown_J4_M3_A2_O2_seed42,J4_M3_A2_O2,breakdown,42,30042,42,300.0,,solved,,0.004660,cpsat_transport_capacity_relaxation_empty_repositioning_relaxed,OR-Tools CP-SAT,optimal,4,3,2,2,19.000000,19.000000,not_available,19.000000,20.000000,20.000000,not_logged_by_exact_worker,5.263158,0.001565,0.002027,0.771967,true,false,Tiny branch-bound rows are exact over the project simulator. Other rows are CP-SAT transport-capacity relaxation; empty AGV repositioning/path conflicts are relaxed.
exact|breakdown|J4|M3|A2|O2|43,2026-06-03T14:43:44,breakdown_J4_M3_A2_O2_seed43,J4_M3_A2_O2,breakdown,43,30043,43,300.0,,solved,,0.005080,cpsat_transport_capacity_relaxation_empty_repositioning_relaxed,OR-Tools CP-SAT,optimal,4,3,2,2,14.000000,14.000000,not_available,14.000000,18.187940,18.187940,not_logged_by_exact_worker,29.913860,0.001720,0.002174,0.791270,true,false,Tiny branch-bound rows are exact over the project simulator. Other rows are CP-SAT transport-capacity relaxation; empty AGV repositioning/path conflicts are relaxed.
exact|breakdown|J4|M3|A2|O2|45,2026-06-03T14:43:44,breakdown_J4_M3_A2_O2_seed45,J4_M3_A2_O2,breakdown,45,30045,45,300.0,,solved,,0.003636,cpsat_transport_capacity_relaxation_empty_repositioning_relaxed,OR-Tools CP-SAT,optimal,4,3,2,2,7.800000,7.800000,not_available,7.800000,17.187940,17.187940,not_logged_by_exact_worker,120.358211,0.000838,0.001788,0.468673,true,false,Tiny branch-bound rows are exact over the project simulator. Other rows are CP-SAT transport-capacity relaxation; empty AGV repositioning/path conflicts are relaxed.
exact|static|J4|M3|A1|O3|51,2026-06-03T14:43:44,static_J4_M3_A1_O3_seed51,J4_M3_A1_O3,static,51,51,51,300.0,,solved,,0.010542,cpsat_transport_capacity_relaxation_empty_repositioning_relaxed,OR-Tools CP-SAT,optimal,4,3,1,3,19.800000,19.800000,not_available,19.800000,41.793492,41.793492,not_logged_by_exact_worker,111.078241,0.005470,0.003330,1.642780,true,false,Tiny branch-bound rows are exact over the project simulator. Other rows are CP-SAT transport-capacity relaxation; empty AGV repositioning/path conflicts are relaxed.
exact|breakdown|J4|M3|A2|O2|44,2026-06-03T14:43:44,breakdown_J4_M3_A2_O2_seed44,J4_M3_A2_O2,breakdown,44,30044,44,300.0,,solved,,0.005637,cpsat_transport_capacity_relaxation_empty_repositioning_relaxed,OR-Tools CP-SAT,optimal,4,3,2,2,9.000000,9.000000,not_available,9.000000,19.000000,19.000000,not_logged_by_exact_worker,111.111111,0.002522,0.002037,1.237644,true,false,Tiny branch-bound rows are exact over the project simulator. Other rows are CP-SAT transport-capacity relaxation; empty AGV repositioning/path conflicts are relaxed.
exact|breakdown|J4|M3|A2|O2|46,2026-06-03T14:43:44,breakdown_J4_M3_A2_O2_seed46,J4_M3_A2_O2,breakdown,46,30046,46,300.0,,solved,,0.004545,cpsat_transport_capacity_relaxation_empty_repositioning_relaxed,OR-Tools CP-SAT,optimal,4,3,2,2,14.800000,14.800000,not_available,14.800000,22.000000,22.000000,not_logged_by_exact_worker,48.648649,0.001385,0.002051,0.675295,true,false,Tiny branch-bound rows are exact over the project simulator. Other rows are CP-SAT transport-capacity relaxation; empty AGV repositioning/path conflicts are relaxed.
exact|breakdown|J4|M3|A2|O2|47,2026-06-03T14:43:44,breakdown_J4_M3_A2_O2_seed47,J4_M3_A2_O2,breakdown,47,30047,47,300.0,,solved,,0.005159,cpsat_transport_capacity_relaxation_empty_repositioning_relaxed,OR-Tools CP-SAT,optimal,4,3,2,2,17.000000,17.000000,not_available,17.000000,19.692582,19.692582,not_logged_by_exact_worker,15.838720,0.001910,0.002223,0.859154,true,false,Tiny branch-bound rows are exact over the project simulator. Other rows are CP-SAT transport-capacity relaxation; empty AGV repositioning/path conflicts are relaxed.
exact|breakdown|J4|M3|A2|O2|49,2026-06-03T14:43:44,breakdown_J4_M3_A2_O2_seed49,J4_M3_A2_O2,breakdown,49,30049,49,300.0,,solved,,0.005064,cpsat_transport_capacity_relaxation_empty_repositioning_relaxed,OR-Tools CP-SAT,optimal,4,3,2,2,12.000000,12.000000,not_available,12.000000,16.495358,16.495358,not_logged_by_exact_worker,37.461317,0.001944,0.002018,0.963284,true,false,Tiny branch-bound rows are exact over the project simulator. Other rows are CP-SAT transport-capacity relaxation; empty AGV repositioning/path conflicts are relaxed.
exact|breakdown|J4|M3|A2|O2|48,2026-06-03T14:43:44,breakdown_J4_M3_A2_O2_seed48,J4_M3_A2_O2,breakdown,48,30048,48,300.0,,solved,,0.005559,cpsat_transport_capacity_relaxation_empty_repositioning_relaxed,OR-Tools CP-SAT,optimal,4,3,2,2,11.000000,11.000000,not_available,11.000000,14.495358,14.495358,not_logged_by_exact_worker,31.775982,0.002400,0.002052,1.169891,true,false,Tiny branch-bound rows are exact over the project simulator. Other rows are CP-SAT transport-capacity relaxation; empty AGV repositioning/path conflicts are relaxed.
exact|breakdown|J4|M3|A2|O2|50,2026-06-03T14:43:44,breakdown_J4_M3_A2_O2_seed50,J4_M3_A2_O2,breakdown,50,30050,50,300.0,,solved,,0.005232,cpsat_transport_capacity_relaxation_empty_repositioning_relaxed,OR-Tools CP-SAT,optimal,4,3,2,2,8.000000,8.000000,not_available,8.000000,16.385165,16.385165,not_logged_by_exact_worker,104.814560,0.002051,0.002083,0.984544,true,false,Tiny branch-bound rows are exact over the project simulator. Other rows are CP-SAT transport-capacity relaxation; empty AGV repositioning/path conflicts are relaxed.
exact|breakdown|J4|M3|A2|O2|51,2026-06-03T14:43:44,breakdown_J4_M3_A2_O2_seed51,J4_M3_A2_O2,breakdown,51,30051,51,300.0,,solved,,0.005359,cpsat_transport_capacity_relaxation_empty_repositioning_relaxed,OR-Tools CP-SAT,optimal,4,3,2,2,13.000000,13.000000,not_available,13.000000,22.385165,22.385165,not_logged_by_exact_worker,72.193575,0.002084,0.002179,0.956262,true,false,Tiny branch-bound rows are exact over the project simulator. Other rows are CP-SAT transport-capacity relaxation; empty AGV repositioning/path conflicts are relaxed.
exact|rush_job|J4|M3|A2|O2|42,2026-06-03T14:43:44,rush_job_J4_M3_A2_O2_seed42,J4_M3_A2_O2,rush_job,42,40042,42,300.0,,solved,,0.007721,cpsat_transport_capacity_relaxation_empty_repositioning_relaxed,OR-Tools CP-SAT,optimal,4,3,2,2,14.000000,14.000000,not_available,14.000000,28.385165,28.385165,not_logged_by_exact_worker,102.751177,0.003626,0.002916,1.243356,true,false,Tiny branch-bound rows are exact over the project simulator. Other rows are CP-SAT transport-capacity relaxation; empty AGV repositioning/path conflicts are relaxed.
exact|rush_job|J4|M3|A2|O2|44,2026-06-03T14:43:44,rush_job_J4_M3_A2_O2_seed44,J4_M3_A2_O2,rush_job,44,40044,44,300.0,,solved,,0.007302,cpsat_transport_capacity_relaxation_empty_repositioning_relaxed,OR-Tools CP-SAT,optimal,4,3,2,2,9.000000,9.000000,not_available,9.000000,15.000000,15.000000,not_logged_by_exact_worker,66.666667,0.003392,0.002698,1.257042,true,false,Tiny branch-bound rows are exact over the project simulator. Other rows are CP-SAT transport-capacity relaxation; empty AGV repositioning/path conflicts are relaxed.
exact|rush_job|J4|M3|A2|O2|43,2026-06-03T14:43:44,rush_job_J4_M3_A2_O2_seed43,J4_M3_A2_O2,rush_job,43,40043,43,300.0,,solved,,0.008685,cpsat_transport_capacity_relaxation_empty_repositioning_relaxed,OR-Tools CP-SAT,optimal,4,3,2,2,11.000000,11.000000,not_available,11.000000,20.385165,20.385165,not_logged_by_exact_worker,85.319680,0.004425,0.002881,1.536011,true,false,Tiny branch-bound rows are exact over the project simulator. Other rows are CP-SAT transport-capacity relaxation; empty AGV repositioning/path conflicts are relaxed.
exact|rush_job|J4|M3|A2|O2|45,2026-06-03T14:43:44,rush_job_J4_M3_A2_O2_seed45,J4_M3_A2_O2,rush_job,45,40045,45,300.0,,solved,,0.006820,cpsat_transport_capacity_relaxation_empty_repositioning_relaxed,OR-Tools CP-SAT,optimal,4,3,2,2,9.000000,9.000000,not_available,9.000000,19.187940,19.187940,not_logged_by_exact_worker,113.199338,0.002805,0.002715,1.033036,true,false,Tiny branch-bound rows are exact over the project simulator. Other rows are CP-SAT transport-capacity relaxation; empty AGV repositioning/path conflicts are relaxed.
exact|rush_job|J4|M3|A2|O2|47,2026-06-03T14:43:44,rush_job_J4_M3_A2_O2_seed47,J4_M3_A2_O2,rush_job,47,40047,47,300.0,,solved,,0.008798,cpsat_transport_capacity_relaxation_empty_repositioning_relaxed,OR-Tools CP-SAT,optimal,4,3,2,2,17.000000,17.000000,not_available,17.000000,23.187940,23.187940,not_logged_by_exact_worker,36.399650,0.004346,0.003131,1.388151,true,false,Tiny branch-bound rows are exact over the project simulator. Other rows are CP-SAT transport-capacity relaxation; empty AGV repositioning/path conflicts are relaxed.
exact|rush_job|J4|M3|A2|O2|46,2026-06-03T14:43:44,rush_job_J4_M3_A2_O2_seed46,J4_M3_A2_O2,rush_job,46,40046,46,300.0,,solved,,0.009860,cpsat_transport_capacity_relaxation_empty_repositioning_relaxed,OR-Tools CP-SAT,optimal,4,3,2,2,11.800000,11.800000,not_available,11.800000,19.000000,19.000000,not_logged_by_exact_worker,61.016949,0.005407,0.002996,1.804733,true,false,Tiny branch-bound rows are exact over the project simulator. Other rows are CP-SAT transport-capacity relaxation; empty AGV repositioning/path conflicts are relaxed.
exact|rush_job|J4|M3|A2|O2|48,2026-06-03T14:43:44,rush_job_J4_M3_A2_O2_seed48,J4_M3_A2_O2,rush_job,48,40048,48,300.0,,solved,,0.009793,cpsat_transport_capacity_relaxation_empty_repositioning_relaxed,OR-Tools CP-SAT,optimal,4,3,2,2,9.800000,9.800000,not_available,9.800000,16.187940,16.187940,not_logged_by_exact_worker,65.183066,0.005502,0.002949,1.865835,true,false,Tiny branch-bound rows are exact over the project simulator. Other rows are CP-SAT transport-capacity relaxation; empty AGV repositioning/path conflicts are relaxed.
exact|rush_job|J4|M3|A2|O2|49,2026-06-03T14:43:44,rush_job_J4_M3_A2_O2_seed49,J4_M3_A2_O2,rush_job,49,40049,49,300.0,,solved,,0.009839,cpsat_transport_capacity_relaxation_empty_repositioning_relaxed,OR-Tools CP-SAT,optimal,4,3,2,2,13.800000,13.800000,not_available,13.800000,25.990716,25.990716,not_logged_by_exact_worker,88.338522,0.005133,0.003266,1.571595,true,false,Tiny branch-bound rows are exact over the project simulator. Other rows are CP-SAT transport-capacity relaxation; empty AGV repositioning/path conflicts are relaxed.
exact|rush_job|J4|M3|A2|O2|51,2026-06-03T14:43:44,rush_job_J4_M3_A2_O2_seed51,J4_M3_A2_O2,rush_job,51,40051,51,300.0,,solved,,0.008108,cpsat_transport_capacity_relaxation_empty_repositioning_relaxed,OR-Tools CP-SAT,optimal,4,3,2,2,13.000000,13.000000,not_available,13.000000,30.793492,30.793492,not_logged_by_exact_worker,136.873013,0.003847,0.002995,1.284450,true,false,Tiny branch-bound rows are exact over the project simulator. Other rows are CP-SAT transport-capacity relaxation; empty AGV repositioning/path conflicts are relaxed.
exact|mixed|J4|M3|A2|O2|42,2026-06-03T14:43:44,mixed_J4_M3_A2_O2_seed42,J4_M3_A2_O2,mixed,42,50042,42,300.0,,solved,,0.006903,cpsat_transport_capacity_relaxation_empty_repositioning_relaxed,OR-Tools CP-SAT,optimal,4,3,2,2,19.000000,19.000000,not_available,19.000000,22.000000,22.000000,not_logged_by_exact_worker,15.789474,0.002920,0.002746,1.063552,true,false,Tiny branch-bound rows are exact over the project simulator. Other rows are CP-SAT transport-capacity relaxation; empty AGV repositioning/path conflicts are relaxed.
exact|rush_job|J4|M3|A2|O2|50,2026-06-03T14:43:44,rush_job_J4_M3_A2_O2_seed50,J4_M3_A2_O2,rush_job,50,40050,50,300.0,,solved,,0.008793,cpsat_transport_capacity_relaxation_empty_repositioning_relaxed,OR-Tools CP-SAT,optimal,4,3,2,2,7.000000,7.000000,not_available,7.000000,17.187940,17.187940,not_logged_by_exact_worker,145.542006,0.004565,0.002913,1.567221,true,false,Tiny branch-bound rows are exact over the project simulator. Other rows are CP-SAT transport-capacity relaxation; empty AGV repositioning/path conflicts are relaxed.
exact|mixed|J4|M3|A2|O2|43,2026-06-03T14:43:44,mixed_J4_M3_A2_O2_seed43,J4_M3_A2_O2,mixed,43,50043,43,300.0,,solved,,0.006825,cpsat_transport_capacity_relaxation_empty_repositioning_relaxed,OR-Tools CP-SAT,optimal,4,3,2,2,14.000000,14.000000,not_available,14.000000,22.298134,22.298134,not_logged_by_exact_worker,59.272383,0.002550,0.002992,0.852211,true,false,Tiny branch-bound rows are exact over the project simulator. Other rows are CP-SAT transport-capacity relaxation; empty AGV repositioning/path conflicts are relaxed.
exact|mixed|J4|M3|A2|O2|45,2026-06-03T14:43:44,mixed_J4_M3_A2_O2_seed45,J4_M3_A2_O2,mixed,45,50045,45,300.0,,solved,,0.005771,cpsat_transport_capacity_relaxation_empty_repositioning_relaxed,OR-Tools CP-SAT,optimal,4,3,2,2,8.000000,8.000000,not_available,8.000000,19.187940,19.187940,not_logged_by_exact_worker,139.849256,0.002197,0.002434,0.902613,true,false,Tiny branch-bound rows are exact over the project simulator. Other rows are CP-SAT transport-capacity relaxation; empty AGV repositioning/path conflicts are relaxed.
exact|mixed|J4|M3|A2|O2|46,2026-06-03T14:43:44,mixed_J4_M3_A2_O2_seed46,J4_M3_A2_O2,mixed,46,50046,46,300.0,,solved,,0.007109,cpsat_transport_capacity_relaxation_empty_repositioning_relaxed,OR-Tools CP-SAT,optimal,4,3,2,2,15.000000,15.000000,not_available,15.000000,22.000000,22.000000,not_logged_by_exact_worker,46.666667,0.003365,0.002473,1.360861,true,false,Tiny branch-bound rows are exact over the project simulator. Other rows are CP-SAT transport-capacity relaxation; empty AGV repositioning/path conflicts are relaxed.
exact|mixed|J4|M3|A2|O2|44,2026-06-03T14:43:44,mixed_J4_M3_A2_O2_seed44,J4_M3_A2_O2,mixed,44,50044,44,300.0,,solved,,0.007646,cpsat_transport_capacity_relaxation_empty_repositioning_relaxed,OR-Tools CP-SAT,optimal,4,3,2,2,10.000000,10.000000,not_available,10.000000,23.000000,23.000000,not_logged_by_exact_worker,130.000000,0.003374,0.002966,1.137507,true,false,Tiny branch-bound rows are exact over the project simulator. Other rows are CP-SAT transport-capacity relaxation; empty AGV repositioning/path conflicts are relaxed.
exact|mixed|J4|M3|A2|O2|47,2026-06-03T14:43:44,mixed_J4_M3_A2_O2_seed47,J4_M3_A2_O2,mixed,47,50047,47,300.0,,solved,,0.007763,cpsat_transport_capacity_relaxation_empty_repositioning_relaxed,OR-Tools CP-SAT,optimal,4,3,2,2,17.000000,17.000000,not_available,17.000000,20.692582,20.692582,not_logged_by_exact_worker,21.721073,0.003154,0.003194,0.987352,true,false,Tiny branch-bound rows are exact over the project simulator. Other rows are CP-SAT transport-capacity relaxation; empty AGV repositioning/path conflicts are relaxed.
exact|mixed|J4|M3|A2|O2|48,2026-06-03T14:43:44,mixed_J4_M3_A2_O2_seed48,J4_M3_A2_O2,mixed,48,50048,48,300.0,,solved,,0.007975,cpsat_transport_capacity_relaxation_empty_repositioning_relaxed,OR-Tools CP-SAT,optimal,4,3,2,2,11.000000,11.000000,not_available,11.000000,16.187940,16.187940,not_logged_by_exact_worker,47.163095,0.003852,0.002847,1.352918,true,false,Tiny branch-bound rows are exact over the project simulator. Other rows are CP-SAT transport-capacity relaxation; empty AGV repositioning/path conflicts are relaxed.
exact|mixed|J4|M3|A2|O2|50,2026-06-03T14:43:44,mixed_J4_M3_A2_O2_seed50,J4_M3_A2_O2,mixed,50,50050,50,300.0,,solved,,0.006925,cpsat_transport_capacity_relaxation_empty_repositioning_relaxed,OR-Tools CP-SAT,optimal,4,3,2,2,11.000000,11.000000,not_available,11.000000,20.187940,20.187940,not_logged_by_exact_worker,83.526731,0.002885,0.002770,1.041558,true,false,Tiny branch-bound rows are exact over the project simulator. Other rows are CP-SAT transport-capacity relaxation; empty AGV repositioning/path conflicts are relaxed.
exact|mixed|J4|M3|A2|O2|49,2026-06-03T14:43:44,mixed_J4_M3_A2_O2_seed49,J4_M3_A2_O2,mixed,49,50049,49,300.0,,solved,,0.007444,cpsat_transport_capacity_relaxation_empty_repositioning_relaxed,OR-Tools CP-SAT,optimal,4,3,2,2,13.800000,13.800000,not_available,13.800000,21.802776,21.802776,not_logged_by_exact_worker,57.991128,0.003267,0.002966,1.101379,true,false,Tiny branch-bound rows are exact over the project simulator. Other rows are CP-SAT transport-capacity relaxation; empty AGV repositioning/path conflicts are relaxed.
exact|mixed|J4|M3|A2|O2|51,2026-06-03T14:43:44,mixed_J4_M3_A2_O2_seed51,J4_M3_A2_O2,mixed,51,50051,51,300.0,,solved,,0.007471,cpsat_transport_capacity_relaxation_empty_repositioning_relaxed,OR-Tools CP-SAT,optimal,4,3,2,2,13.000000,13.000000,not_available,13.000000,24.385165,24.385165,not_logged_by_exact_worker,87.578191,0.003304,0.002998,1.101935,true,false,Tiny branch-bound rows are exact over the project simulator. Other rows are CP-SAT transport-capacity relaxation; empty AGV repositioning/path conflicts are relaxed.
exact|static|J4|M3|A2|O2|42,2026-06-03T14:43:44,static_J4_M3_A2_O2_seed42,J4_M3_A2_O2,static,42,42,42,300.0,,solved,,0.005332,cpsat_transport_capacity_relaxation_empty_repositioning_relaxed,OR-Tools CP-SAT,optimal,4,3,2,2,12.000000,12.000000,not_available,12.000000,25.385165,25.385165,not_logged_by_exact_worker,111.543040,0.002229,0.002060,1.081897,true,false,Tiny branch-bound rows are exact over the project simulator. Other rows are CP-SAT transport-capacity relaxation; empty AGV repositioning/path conflicts are relaxed.
exact|static|J4|M3|A2|O2|44,2026-06-03T14:43:44,static_J4_M3_A2_O2_seed44,J4_M3_A2_O2,static,44,44,44,300.0,,solved,,0.005829,cpsat_transport_capacity_relaxation_empty_repositioning_relaxed,OR-Tools CP-SAT,optimal,4,3,2,2,8.000000,8.000000,not_available,8.000000,13.000000,13.000000,not_logged_by_exact_worker,62.500000,0.002804,0.001904,1.472482,true,false,Tiny branch-bound rows are exact over the project simulator. Other rows are CP-SAT transport-capacity relaxation; empty AGV repositioning/path conflicts are relaxed.
exact|static|J4|M3|A2|O2|43,2026-06-03T14:43:44,static_J4_M3_A2_O2_seed43,J4_M3_A2_O2,static,43,43,43,300.0,,solved,,0.006785,cpsat_transport_capacity_relaxation_empty_repositioning_relaxed,OR-Tools CP-SAT,optimal,4,3,2,2,10.000000,10.000000,not_available,10.000000,18.298134,18.298134,not_logged_by_exact_worker,82.981337,0.003409,0.002150,1.585480,true,false,Tiny branch-bound rows are exact over the project simulator. Other rows are CP-SAT transport-capacity relaxation; empty AGV repositioning/path conflicts are relaxed.
exact|static|J4|M3|A2|O2|45,2026-06-03T14:43:44,static_J4_M3_A2_O2_seed45,J4_M3_A2_O2,static,45,45,45,300.0,,solved,,0.004331,cpsat_transport_capacity_relaxation_empty_repositioning_relaxed,OR-Tools CP-SAT,optimal,4,3,2,2,7.800000,7.800000,not_available,7.800000,17.187940,17.187940,not_logged_by_exact_worker,120.358211,0.001295,0.001908,0.678543,true,false,Tiny branch-bound rows are exact over the project simulator. Other rows are CP-SAT transport-capacity relaxation; empty AGV repositioning/path conflicts are relaxed.
exact|static|J4|M3|A2|O2|46,2026-06-03T14:43:44,static_J4_M3_A2_O2_seed46,J4_M3_A2_O2,static,46,46,46,300.0,,solved,,0.007312,cpsat_transport_capacity_relaxation_empty_repositioning_relaxed,OR-Tools CP-SAT,optimal,4,3,2,2,11.800000,11.800000,not_available,11.800000,19.000000,19.000000,not_logged_by_exact_worker,61.016949,0.003915,0.002142,1.827335,true,false,Tiny branch-bound rows are exact over the project simulator. Other rows are CP-SAT transport-capacity relaxation; empty AGV repositioning/path conflicts are relaxed.
exact|static|J4|M3|A2|O2|47,2026-06-03T14:43:44,static_J4_M3_A2_O2_seed47,J4_M3_A2_O2,static,47,47,47,300.0,,solved,,0.006076,cpsat_transport_capacity_relaxation_empty_repositioning_relaxed,OR-Tools CP-SAT,optimal,4,3,2,2,17.000000,17.000000,not_available,17.000000,19.692582,19.692582,not_logged_by_exact_worker,15.838720,0.002623,0.002333,1.124245,true,false,Tiny branch-bound rows are exact over the project simulator. Other rows are CP-SAT transport-capacity relaxation; empty AGV repositioning/path conflicts are relaxed.
exact|static|J4|M3|A2|O2|48,2026-06-03T14:43:44,static_J4_M3_A2_O2_seed48,J4_M3_A2_O2,static,48,48,48,300.0,,solved,,0.006932,cpsat_transport_capacity_relaxation_empty_repositioning_relaxed,OR-Tools CP-SAT,optimal,4,3,2,2,7.800000,7.800000,not_available,7.800000,14.495358,14.495358,not_logged_by_exact_worker,85.837924,0.003711,0.002078,1.785786,true,false,Tiny branch-bound rows are exact over the project simulator. Other rows are CP-SAT transport-capacity relaxation; empty AGV repositioning/path conflicts are relaxed.
exact|static|J4|M3|A2|O2|49,2026-06-03T14:43:44,static_J4_M3_A2_O2_seed49,J4_M3_A2_O2,static,49,49,49,300.0,,solved,,0.006836,cpsat_transport_capacity_relaxation_empty_repositioning_relaxed,OR-Tools CP-SAT,optimal,4,3,2,2,12.000000,12.000000,not_available,12.000000,20.495358,20.495358,not_logged_by_exact_worker,70.794650,0.003481,0.002256,1.542993,true,false,Tiny branch-bound rows are exact over the project simulator. Other rows are CP-SAT transport-capacity relaxation; empty AGV repositioning/path conflicts are relaxed.
exact|static|J4|M3|A2|O2|51,2026-06-03T14:43:44,static_J4_M3_A2_O2_seed51,J4_M3_A2_O2,static,51,51,51,300.0,,solved,,0.006020,cpsat_transport_capacity_relaxation_empty_repositioning_relaxed,OR-Tools CP-SAT,optimal,4,3,2,2,13.000000,13.000000,not_available,13.000000,22.385165,22.385165,not_logged_by_exact_worker,72.193575,0.002567,0.002243,1.144424,true,false,Tiny branch-bound rows are exact over the project simulator. Other rows are CP-SAT transport-capacity relaxation; empty AGV repositioning/path conflicts are relaxed.
exact|static|J4|M3|A2|O2|50,2026-06-03T14:43:44,static_J4_M3_A2_O2_seed50,J4_M3_A2_O2,static,50,50,50,300.0,,solved,,0.007518,cpsat_transport_capacity_relaxation_empty_repositioning_relaxed,OR-Tools CP-SAT,optimal,4,3,2,2,7.000000,7.000000,not_available,7.000000,15.187940,15.187940,not_logged_by_exact_worker,116.970578,0.004295,0.002080,2.065102,true,false,Tiny branch-bound rows are exact over the project simulator. Other rows are CP-SAT transport-capacity relaxation; empty AGV repositioning/path conflicts are relaxed.
exact|breakdown|J4|M3|A2|O3|42,2026-06-03T14:43:44,breakdown_J4_M3_A2_O3_seed42,J4_M3_A2_O3,breakdown,42,30042,42,300.0,,solved,,0.006389,cpsat_transport_capacity_relaxation_empty_repositioning_relaxed,OR-Tools CP-SAT,optimal,4,3,2,3,21.800000,21.800000,not_available,21.800000,26.802776,26.802776,not_logged_by_exact_worker,22.948512,0.002324,0.002761,0.841579,true,false,Tiny branch-bound rows are exact over the project simulator. Other rows are CP-SAT transport-capacity relaxation; empty AGV repositioning/path conflicts are relaxed.
exact|breakdown|J4|M3|A2|O3|43,2026-06-03T14:43:44,breakdown_J4_M3_A2_O3_seed43,J4_M3_A2_O3,breakdown,43,30043,43,300.0,,solved,,0.006884,cpsat_transport_capacity_relaxation_empty_repositioning_relaxed,OR-Tools CP-SAT,optimal,4,3,2,3,18.000000,18.000000,not_available,18.000000,27.385165,27.385165,not_logged_by_exact_worker,52.139804,0.002430,0.003111,0.780921,true,false,Tiny branch-bound rows are exact over the project simulator. Other rows are CP-SAT transport-capacity relaxation; empty AGV repositioning/path conflicts are relaxed.
exact|breakdown|J4|M3|A2|O3|44,2026-06-03T14:43:44,breakdown_J4_M3_A2_O3_seed44,J4_M3_A2_O3,breakdown,44,30044,44,300.0,,solved,,0.007858,cpsat_transport_capacity_relaxation_empty_repositioning_relaxed,OR-Tools CP-SAT,optimal,4,3,2,3,16.000000,16.000000,not_available,16.000000,26.802776,26.802776,not_logged_by_exact_worker,67.517348,0.003658,0.002862,1.278123,true,false,Tiny branch-bound rows are exact over the project simulator. Other rows are CP-SAT transport-capacity relaxation; empty AGV repositioning/path conflicts are relaxed.
exact|breakdown|J4|M3|A2|O3|45,2026-06-03T14:43:44,breakdown_J4_M3_A2_O3_seed45,J4_M3_A2_O3,breakdown,45,30045,45,300.0,,solved,,0.006816,cpsat_transport_capacity_relaxation_empty_repositioning_relaxed,OR-Tools CP-SAT,optimal,4,3,2,3,13.600000,13.600000,not_available,13.600000,22.495358,22.495358,not_logged_by_exact_worker,65.407044,0.002499,0.003017,0.828350,true,false,Tiny branch-bound rows are exact over the project simulator. Other rows are CP-SAT transport-capacity relaxation; empty AGV repositioning/path conflicts are relaxed.
exact|breakdown|J4|M3|A2|O3|47,2026-06-03T14:43:44,breakdown_J4_M3_A2_O3_seed47,J4_M3_A2_O3,breakdown,47,30047,47,300.0,,solved,,0.007368,cpsat_transport_capacity_relaxation_empty_repositioning_relaxed,OR-Tools CP-SAT,optimal,4,3,2,3,19.800000,19.800000,not_available,19.800000,28.298134,28.298134,not_logged_by_exact_worker,42.919867,0.002658,0.003442,0.772136,true,false,Tiny branch-bound rows are exact over the project simulator. Other rows are CP-SAT transport-capacity relaxation; empty AGV repositioning/path conflicts are relaxed.
exact|breakdown|J4|M3|A2|O3|46,2026-06-03T14:43:44,breakdown_J4_M3_A2_O3_seed46,J4_M3_A2_O3,breakdown,46,30046,46,300.0,,solved,,0.010492,cpsat_transport_capacity_relaxation_empty_repositioning_relaxed,OR-Tools CP-SAT,optimal,4,3,2,3,20.800000,20.800000,not_available,20.800000,31.000000,31.000000,not_logged_by_exact_worker,49.038462,0.006192,0.002965,2.088508,true,false,Tiny branch-bound rows are exact over the project simulator. Other rows are CP-SAT transport-capacity relaxation; empty AGV repositioning/path conflicts are relaxed.
exact|breakdown|J4|M3|A2|O3|49,2026-06-03T14:43:44,breakdown_J4_M3_A2_O3_seed49,J4_M3_A2_O3,breakdown,49,30049,49,300.0,,solved,,0.006853,cpsat_transport_capacity_relaxation_empty_repositioning_relaxed,OR-Tools CP-SAT,optimal,4,3,2,3,17.800000,17.800000,not_available,17.800000,23.298134,23.298134,not_logged_by_exact_worker,30.888391,0.002450,0.003132,0.782287,true,false,Tiny branch-bound rows are exact over the project simulator. Other rows are CP-SAT transport-capacity relaxation; empty AGV repositioning/path conflicts are relaxed.
exact|breakdown|J4|M3|A2|O3|50,2026-06-03T14:43:44,breakdown_J4_M3_A2_O3_seed50,J4_M3_A2_O3,breakdown,50,30050,50,300.0,,solved,,0.008488,cpsat_transport_capacity_relaxation_empty_repositioning_relaxed,OR-Tools CP-SAT,optimal,4,3,2,3,14.000000,14.000000,not_available,14.000000,23.298134,23.298134,not_logged_by_exact_worker,66.415241,0.004072,0.002943,1.383933,true,false,Tiny branch-bound rows are exact over the project simulator. Other rows are CP-SAT transport-capacity relaxation; empty AGV repositioning/path conflicts are relaxed.
exact|breakdown|J4|M3|A2|O3|51,2026-06-03T14:43:44,breakdown_J4_M3_A2_O3_seed51,J4_M3_A2_O3,breakdown,51,30051,51,300.0,,solved,,0.006783,cpsat_transport_capacity_relaxation_empty_repositioning_relaxed,OR-Tools CP-SAT,optimal,4,3,2,3,21.000000,21.000000,not_available,21.000000,29.802776,29.802776,not_logged_by_exact_worker,41.917979,0.002595,0.002749,0.944046,true,false,Tiny branch-bound rows are exact over the project simulator. Other rows are CP-SAT transport-capacity relaxation; empty AGV repositioning/path conflicts are relaxed.
exact|breakdown|J4|M3|A2|O3|48,2026-06-03T14:43:44,breakdown_J4_M3_A2_O3_seed48,J4_M3_A2_O3,breakdown,48,30048,48,300.0,,solved,,0.011759,cpsat_transport_capacity_relaxation_empty_repositioning_relaxed,OR-Tools CP-SAT,optimal,4,3,2,3,19.000000,19.000000,not_available,19.000000,23.495358,23.495358,not_logged_by_exact_worker,23.659779,0.007138,0.003174,2.248897,true,false,Tiny branch-bound rows are exact over the project simulator. Other rows are CP-SAT transport-capacity relaxation; empty AGV repositioning/path conflicts are relaxed.
exact|rush_job|J4|M3|A2|O3|42,2026-06-03T14:43:44,rush_job_J4_M3_A2_O3_seed42,J4_M3_A2_O3,rush_job,42,40042,42,300.0,,solved,,0.012062,cpsat_transport_capacity_relaxation_empty_repositioning_relaxed,OR-Tools CP-SAT,optimal,4,3,2,3,14.600000,14.600000,not_available,14.600000,27.408327,27.408327,not_logged_by_exact_worker,87.728267,0.006358,0.004014,1.583956,true,false,Tiny branch-bound rows are exact over the project simulator. Other rows are CP-SAT transport-capacity relaxation; empty AGV repositioning/path conflicts are relaxed.
exact|rush_job|J4|M3|A2|O3|45,2026-06-03T14:43:44,rush_job_J4_M3_A2_O3_seed45,J4_M3_A2_O3,rush_job,45,40045,45,300.0,,solved,,0.009717,cpsat_transport_capacity_relaxation_empty_repositioning_relaxed,OR-Tools CP-SAT,optimal,4,3,2,3,13.600000,13.600000,not_available,13.600000,25.100909,25.100909,not_logged_by_exact_worker,84.565510,0.004127,0.004104,1.005433,true,false,Tiny branch-bound rows are exact over the project simulator. Other rows are CP-SAT transport-capacity relaxation; empty AGV repositioning/path conflicts are relaxed.
exact|rush_job|J4|M3|A2|O3|44,2026-06-03T14:43:44,rush_job_J4_M3_A2_O3_seed44,J4_M3_A2_O3,rush_job,44,40044,44,300.0,,solved,,0.012023,cpsat_transport_capacity_relaxation_empty_repositioning_relaxed,OR-Tools CP-SAT,optimal,4,3,2,3,13.800000,13.800000,not_available,13.800000,20.802776,20.802776,not_logged_by_exact_worker,50.744751,0.006598,0.003843,1.716933,true,false,Tiny branch-bound rows are exact over the project simulator. Other rows are CP-SAT transport-capacity relaxation; empty AGV repositioning/path conflicts are relaxed.
exact|rush_job|J4|M3|A2|O3|43,2026-06-03T14:43:44,rush_job_J4_M3_A2_O3_seed43,J4_M3_A2_O3,rush_job,43,40043,43,300.0,,solved,,0.017810,cpsat_transport_capacity_relaxation_empty_repositioning_relaxed,OR-Tools CP-SAT,optimal,4,3,2,3,15.000000,15.000000,not_available,15.000000,31.201819,31.201819,not_logged_by_exact_worker,108.012124,0.011274,0.004741,2.378064,true,false,Tiny branch-bound rows are exact over the project simulator. Other rows are CP-SAT transport-capacity relaxation; empty AGV repositioning/path conflicts are relaxed.
exact|rush_job|J4|M3|A2|O3|46,2026-06-03T14:43:44,rush_job_J4_M3_A2_O3_seed46,J4_M3_A2_O3,rush_job,46,40046,46,300.0,,solved,,0.014417,cpsat_transport_capacity_relaxation_empty_repositioning_relaxed,OR-Tools CP-SAT,optimal,4,3,2,3,15.800000,15.800000,not_available,15.800000,22.802776,22.802776,not_logged_by_exact_worker,44.321365,0.008460,0.004206,2.011508,true,false,Tiny branch-bound rows are exact over the project simulator. Other rows are CP-SAT transport-capacity relaxation; empty AGV repositioning/path conflicts are relaxed.
exact|rush_job|J4|M3|A2|O3|48,2026-06-03T14:43:44,rush_job_J4_M3_A2_O3_seed48,J4_M3_A2_O3,rush_job,48,40048,48,300.0,,solved,,0.012175,cpsat_transport_capacity_relaxation_empty_repositioning_relaxed,OR-Tools CP-SAT,optimal,4,3,2,3,13.000000,13.000000,not_available,13.000000,20.880523,20.880523,not_logged_by_exact_worker,60.619407,0.006558,0.004082,1.606472,true,false,Tiny branch-bound rows are exact over the project simulator. Other rows are CP-SAT transport-capacity relaxation; empty AGV repositioning/path conflicts are relaxed.
exact|rush_job|J4|M3|A2|O3|47,2026-06-03T14:43:44,rush_job_J4_M3_A2_O3_seed47,J4_M3_A2_O3,rush_job,47,40047,47,300.0,,solved,,0.015457,cpsat_transport_capacity_relaxation_empty_repositioning_relaxed,OR-Tools CP-SAT,optimal,4,3,2,3,19.000000,19.000000,not_available,19.000000,27.692582,27.692582,not_logged_by_exact_worker,45.750434,0.009800,0.004074,2.405356,true,false,Tiny branch-bound rows are exact over the project simulator. Other rows are CP-SAT transport-capacity relaxation; empty AGV repositioning/path conflicts are relaxed.
exact|rush_job|J4|M3|A2|O3|49,2026-06-03T14:43:44,rush_job_J4_M3_A2_O3_seed49,J4_M3_A2_O3,rush_job,49,40049,49,300.0,,solved,,0.013789,cpsat_transport_capacity_relaxation_empty_repositioning_relaxed,OR-Tools CP-SAT,optimal,4,3,2,3,17.000000,17.000000,not_available,17.000000,29.486074,29.486074,not_logged_by_exact_worker,73.447495,0.007821,0.004233,1.847606,true,false,Tiny branch-bound rows are exact over the project simulator. Other rows are CP-SAT transport-capacity relaxation; empty AGV repositioning/path conflicts are relaxed.
exact|mixed|J4|M3|A2|O3|42,2026-06-03T14:43:44,mixed_J4_M3_A2_O3_seed42,J4_M3_A2_O3,mixed,42,50042,42,300.0,,solved,,0.008390,cpsat_transport_capacity_relaxation_empty_repositioning_relaxed,OR-Tools CP-SAT,optimal,4,3,2,3,21.800000,21.800000,not_available,21.800000,27.802776,27.802776,not_logged_by_exact_worker,27.535668,0.003235,0.003751,0.862394,true,false,Tiny branch-bound rows are exact over the project simulator. Other rows are CP-SAT transport-capacity relaxation; empty AGV repositioning/path conflicts are relaxed.
exact|rush_job|J4|M3|A2|O3|50,2026-06-03T14:43:44,rush_job_J4_M3_A2_O3_seed50,J4_M3_A2_O3,rush_job,50,40050,50,300.0,,solved,,0.013947,cpsat_transport_capacity_relaxation_empty_repositioning_relaxed,OR-Tools CP-SAT,optimal,4,3,2,3,14.000000,14.000000,not_available,14.000000,23.880523,23.880523,not_logged_by_exact_worker,70.575163,0.008223,0.004067,2.021982,true,false,Tiny branch-bound rows are exact over the project simulator. Other rows are CP-SAT transport-capacity relaxation; empty AGV repositioning/path conflicts are relaxed.
exact|rush_job|J4|M3|A2|O3|51,2026-06-03T14:43:44,rush_job_J4_M3_A2_O3_seed51,J4_M3_A2_O3,rush_job,51,40051,51,300.0,,solved,,0.012494,cpsat_transport_capacity_relaxation_empty_repositioning_relaxed,OR-Tools CP-SAT,optimal,4,3,2,3,19.800000,19.800000,not_available,19.800000,29.187940,29.187940,not_logged_by_exact_worker,47.413841,0.006878,0.003915,1.757044,true,false,Tiny branch-bound rows are exact over the project simulator. Other rows are CP-SAT transport-capacity relaxation; empty AGV repositioning/path conflicts are relaxed.
exact|mixed|J4|M3|A2|O3|43,2026-06-03T14:43:44,mixed_J4_M3_A2_O3_seed43,J4_M3_A2_O3,mixed,43,50043,43,300.0,,solved,,0.009163,cpsat_transport_capacity_relaxation_empty_repositioning_relaxed,OR-Tools CP-SAT,optimal,4,3,2,3,18.000000,18.000000,not_available,18.000000,27.385165,27.385165,not_logged_by_exact_worker,52.139804,0.003436,0.004276,0.803367,true,false,Tiny branch-bound rows are exact over the project simulator. Other rows are CP-SAT transport-capacity relaxation; empty AGV repositioning/path conflicts are relaxed.
exact|mixed|J4|M3|A2|O3|44,2026-06-03T14:43:44,mixed_J4_M3_A2_O3_seed44,J4_M3_A2_O3,mixed,44,50044,44,300.0,,solved,,0.010150,cpsat_transport_capacity_relaxation_empty_repositioning_relaxed,OR-Tools CP-SAT,optimal,4,3,2,3,16.000000,16.000000,not_available,16.000000,26.605551,26.605551,not_logged_by_exact_worker,66.284695,0.004733,0.003947,1.199159,true,false,Tiny branch-bound rows are exact over the project simulator. Other rows are CP-SAT transport-capacity relaxation; empty AGV repositioning/path conflicts are relaxed.
exact|mixed|J4|M3|A2|O3|45,2026-06-03T14:43:44,mixed_J4_M3_A2_O3_seed45,J4_M3_A2_O3,mixed,45,50045,45,300.0,,solved,,0.008768,cpsat_transport_capacity_relaxation_empty_repositioning_relaxed,OR-Tools CP-SAT,optimal,4,3,2,3,13.600000,13.600000,not_available,13.600000,25.100909,25.100909,not_logged_by_exact_worker,84.565510,0.003515,0.003834,0.916823,true,false,Tiny branch-bound rows are exact over the project simulator. Other rows are CP-SAT transport-capacity relaxation; empty AGV repositioning/path conflicts are relaxed.
exact|mixed|J4|M3|A2|O3|47,2026-06-03T14:43:44,mixed_J4_M3_A2_O3_seed47,J4_M3_A2_O3,mixed,47,50047,47,300.0,,solved,,0.009628,cpsat_transport_capacity_relaxation_empty_repositioning_relaxed,OR-Tools CP-SAT,optimal,4,3,2,3,19.800000,19.800000,not_available,19.800000,29.903685,29.903685,not_logged_by_exact_worker,51.028712,0.003901,0.004306,0.905939,true,false,Tiny branch-bound rows are exact over the project simulator. Other rows are CP-SAT transport-capacity relaxation; empty AGV repositioning/path conflicts are relaxed.
exact|mixed|J4|M3|A2|O3|46,2026-06-03T14:43:44,mixed_J4_M3_A2_O3_seed46,J4_M3_A2_O3,mixed,46,50046,46,300.0,,solved,,0.014642,cpsat_transport_capacity_relaxation_empty_repositioning_relaxed,OR-Tools CP-SAT,optimal,4,3,2,3,21.000000,21.000000,not_available,21.000000,31.000000,31.000000,not_logged_by_exact_worker,47.619048,0.009317,0.003866,2.410182,true,false,Tiny branch-bound rows are exact over the project simulator. Other rows are CP-SAT transport-capacity relaxation; empty AGV repositioning/path conflicts are relaxed.
exact|mixed|J4|M3|A2|O3|49,2026-06-03T14:43:44,mixed_J4_M3_A2_O3_seed49,J4_M3_A2_O3,mixed,49,50049,49,300.0,,solved,,0.008689,cpsat_transport_capacity_relaxation_empty_repositioning_relaxed,OR-Tools CP-SAT,optimal,4,3,2,3,17.800000,17.800000,not_available,17.800000,31.385165,31.385165,not_logged_by_exact_worker,76.321151,0.003445,0.003859,0.892822,true,false,Tiny branch-bound rows are exact over the project simulator. Other rows are CP-SAT transport-capacity relaxation; empty AGV repositioning/path conflicts are relaxed.
exact|mixed|J4|M3|A2|O3|48,2026-06-03T14:43:44,mixed_J4_M3_A2_O3_seed48,J4_M3_A2_O3,mixed,48,50048,48,300.0,,solved,,0.010538,cpsat_transport_capacity_relaxation_empty_repositioning_relaxed,OR-Tools CP-SAT,optimal,4,3,2,3,19.000000,19.000000,not_available,19.000000,25.880523,25.880523,not_logged_by_exact_worker,36.213278,0.005044,0.004053,1.244295,true,false,Tiny branch-bound rows are exact over the project simulator. Other rows are CP-SAT transport-capacity relaxation; empty AGV repositioning/path conflicts are relaxed.
exact|mixed|J4|M3|A2|O3|51,2026-06-03T14:43:44,mixed_J4_M3_A2_O3_seed51,J4_M3_A2_O3,mixed,51,50051,51,300.0,,solved,,0.008748,cpsat_transport_capacity_relaxation_empty_repositioning_relaxed,OR-Tools CP-SAT,optimal,4,3,2,3,21.000000,21.000000,not_available,21.000000,26.802776,26.802776,not_logged_by_exact_worker,27.632265,0.003639,0.003666,0.992634,true,false,Tiny branch-bound rows are exact over the project simulator. Other rows are CP-SAT transport-capacity relaxation; empty AGV repositioning/path conflicts are relaxed.
exact|mixed|J4|M3|A2|O3|50,2026-06-03T14:43:44,mixed_J4_M3_A2_O3_seed50,J4_M3_A2_O3,mixed,50,50050,50,300.0,,solved,,0.012270,cpsat_transport_capacity_relaxation_empty_repositioning_relaxed,OR-Tools CP-SAT,optimal,4,3,2,3,16.000000,16.000000,not_available,16.000000,23.298134,23.298134,not_logged_by_exact_worker,45.613335,0.006610,0.004076,1.621752,true,false,Tiny branch-bound rows are exact over the project simulator. Other rows are CP-SAT transport-capacity relaxation; empty AGV repositioning/path conflicts are relaxed.
exact|static|J4|M3|A2|O3|42,2026-06-03T14:43:44,static_J4_M3_A2_O3_seed42,J4_M3_A2_O3,static,42,42,42,300.0,,solved,,0.009214,cpsat_transport_capacity_relaxation_empty_repositioning_relaxed,OR-Tools CP-SAT,optimal,4,3,2,3,14.600000,14.600000,not_available,14.600000,19.100909,19.100909,not_logged_by_exact_worker,30.828146,0.004581,0.003202,1.430910,true,false,Tiny branch-bound rows are exact over the project simulator. Other rows are CP-SAT transport-capacity relaxation; empty AGV repositioning/path conflicts are relaxed.
exact|static|J4|M3|A2|O3|43,2026-06-03T14:43:44,static_J4_M3_A2_O3_seed43,J4_M3_A2_O3,static,43,43,43,300.0,,solved,,0.013078,cpsat_transport_capacity_relaxation_empty_repositioning_relaxed,OR-Tools CP-SAT,optimal,4,3,2,3,14.000000,14.000000,not_available,14.000000,28.793492,28.793492,not_logged_by_exact_worker,105.667798,0.008170,0.003325,2.456891,true,false,Tiny branch-bound rows are exact over the project simulator. Other rows are CP-SAT transport-capacity relaxation; empty AGV repositioning/path conflicts are relaxed.
exact|static|J4|M3|A2|O3|44,2026-06-03T14:43:44,static_J4_M3_A2_O3_seed44,J4_M3_A2_O3,static,44,44,44,300.0,,solved,,0.010241,cpsat_transport_capacity_relaxation_empty_repositioning_relaxed,OR-Tools CP-SAT,optimal,4,3,2,3,13.800000,13.800000,not_available,13.800000,19.802776,19.802776,not_logged_by_exact_worker,43.498374,0.005439,0.003234,1.681569,true,false,Tiny branch-bound rows are exact over the project simulator. Other rows are CP-SAT transport-capacity relaxation; empty AGV repositioning/path conflicts are relaxed.
exact|static|J4|M3|A2|O3|45,2026-06-03T14:43:44,static_J4_M3_A2_O3_seed45,J4_M3_A2_O3,static,45,45,45,300.0,,solved,,0.009840,cpsat_transport_capacity_relaxation_empty_repositioning_relaxed,OR-Tools CP-SAT,optimal,4,3,2,3,13.600000,13.600000,not_available,13.600000,22.495358,22.495358,not_logged_by_exact_worker,65.407044,0.003848,0.004384,0.877871,true,false,Tiny branch-bound rows are exact over the project simulator. Other rows are CP-SAT transport-capacity relaxation; empty AGV repositioning/path conflicts are relaxed.
exact|static|J4|M3|A2|O3|46,2026-06-03T14:43:44,static_J4_M3_A2_O3_seed46,J4_M3_A2_O3,static,46,46,46,300.0,,solved,,0.014510,cpsat_transport_capacity_relaxation_empty_repositioning_relaxed,OR-Tools CP-SAT,optimal,4,3,2,3,15.800000,15.800000,not_available,15.800000,29.802776,29.802776,not_logged_by_exact_worker,88.625162,0.007336,0.005112,1.435130,true,false,Tiny branch-bound rows are exact over the project simulator. Other rows are CP-SAT transport-capacity relaxation; empty AGV repositioning/path conflicts are relaxed.
exact|static|J4|M3|A2|O3|47,2026-06-03T14:43:44,static_J4_M3_A2_O3_seed47,J4_M3_A2_O3,static,47,47,47,300.0,,solved,,0.015962,cpsat_transport_capacity_relaxation_empty_repositioning_relaxed,OR-Tools CP-SAT,optimal,4,3,2,3,18.800000,18.800000,not_available,18.800000,27.495358,27.495358,not_logged_by_exact_worker,46.251904,0.009196,0.004778,1.924450,true,false,Tiny branch-bound rows are exact over the project simulator. Other rows are CP-SAT transport-capacity relaxation; empty AGV repositioning/path conflicts are relaxed.
exact|static|J4|M3|A2|O3|48,2026-06-03T14:43:44,static_J4_M3_A2_O3_seed48,J4_M3_A2_O3,static,48,48,48,300.0,,solved,,0.014754,cpsat_transport_capacity_relaxation_empty_repositioning_relaxed,OR-Tools CP-SAT,optimal,4,3,2,3,13.000000,13.000000,not_available,13.000000,20.880523,20.880523,not_logged_by_exact_worker,60.619407,0.007636,0.004904,1.557178,true,false,Tiny branch-bound rows are exact over the project simulator. Other rows are CP-SAT transport-capacity relaxation; empty AGV repositioning/path conflicts are relaxed.
exact|static|J4|M3|A2|O3|49,2026-06-03T14:43:44,static_J4_M3_A2_O3_seed49,J4_M3_A2_O3,static,49,49,49,300.0,,solved,,0.014707,cpsat_transport_capacity_relaxation_empty_repositioning_relaxed,OR-Tools CP-SAT,optimal,4,3,2,3,16.000000,16.000000,not_available,16.000000,27.880523,27.880523,not_logged_by_exact_worker,74.253268,0.007575,0.004755,1.593173,true,false,Tiny branch-bound rows are exact over the project simulator. Other rows are CP-SAT transport-capacity relaxation; empty AGV repositioning/path conflicts are relaxed.
exact|breakdown|J5|M2|A1|O2|42,2026-06-03T14:43:44,breakdown_J5_M2_A1_O2_seed42,J5_M2_A1_O2,breakdown,42,30042,42,300.0,,solved,,0.006742,cpsat_transport_capacity_relaxation_empty_repositioning_relaxed,OR-Tools CP-SAT,optimal,5,2,1,2,24.000000,24.000000,not_available,24.000000,25.000000,25.000000,not_logged_by_exact_worker,4.166667,0.001321,0.003919,0.336939,true,false,Tiny branch-bound rows are exact over the project simulator. Other rows are CP-SAT transport-capacity relaxation; empty AGV repositioning/path conflicts are relaxed.
exact|breakdown|J5|M2|A1|O2|43,2026-06-03T14:43:44,breakdown_J5_M2_A1_O2_seed43,J5_M2_A1_O2,breakdown,43,30043,43,300.0,,solved,,0.006507,cpsat_transport_capacity_relaxation_empty_repositioning_relaxed,OR-Tools CP-SAT,optimal,5,2,1,2,20.000000,20.000000,not_available,20.000000,30.848077,30.848077,not_logged_by_exact_worker,54.240384,0.001262,0.003720,0.339221,true,false,Tiny branch-bound rows are exact over the project simulator. Other rows are CP-SAT transport-capacity relaxation; empty AGV repositioning/path conflicts are relaxed.
exact|static|J4|M3|A2|O3|50,2026-06-03T14:43:44,static_J4_M3_A2_O3_seed50,J4_M3_A2_O3,static,50,50,50,300.0,,solved,,0.016863,cpsat_transport_capacity_relaxation_empty_repositioning_relaxed,OR-Tools CP-SAT,optimal,4,3,2,3,14.000000,14.000000,not_available,14.000000,23.298134,23.298134,not_logged_by_exact_worker,66.415241,0.010398,0.004220,2.464169,true,false,Tiny branch-bound rows are exact over the project simulator. Other rows are CP-SAT transport-capacity relaxation; empty AGV repositioning/path conflicts are relaxed.
exact|breakdown|J5|M2|A1|O2|44,2026-06-03T14:43:44,breakdown_J5_M2_A1_O2_seed44,J5_M2_A1_O2,breakdown,44,30044,44,300.0,,solved,,0.006359,cpsat_transport_capacity_relaxation_empty_repositioning_relaxed,OR-Tools CP-SAT,optimal,5,2,1,2,22.000000,22.000000,not_available,22.000000,32.068463,32.068463,not_logged_by_exact_worker,45.765742,0.001283,0.003522,0.364390,true,false,Tiny branch-bound rows are exact over the project simulator. Other rows are CP-SAT transport-capacity relaxation; empty AGV repositioning/path conflicts are relaxed.
exact|static|J4|M3|A2|O3|51,2026-06-03T14:43:44,static_J4_M3_A2_O3_seed51,J4_M3_A2_O3,static,51,51,51,300.0,,solved,,0.014453,cpsat_transport_capacity_relaxation_empty_repositioning_relaxed,OR-Tools CP-SAT,optimal,4,3,2,3,19.800000,19.800000,not_available,19.800000,31.605551,31.605551,not_logged_by_exact_worker,59.623996,0.007537,0.004628,1.628468,true,false,Tiny branch-bound rows are exact over the project simulator. Other rows are CP-SAT transport-capacity relaxation; empty AGV repositioning/path conflicts are relaxed.
exact|breakdown|J5|M2|A1|O2|45,2026-06-03T14:43:44,breakdown_J5_M2_A1_O2_seed45,J5_M2_A1_O2,breakdown,45,30045,45,300.0,,solved,,0.006206,cpsat_transport_capacity_relaxation_empty_repositioning_relaxed,OR-Tools CP-SAT,optimal,5,2,1,2,18.000000,18.000000,not_available,18.000000,26.462912,26.462912,not_logged_by_exact_worker,47.016178,0.001249,0.003462,0.360908,true,false,Tiny branch-bound rows are exact over the project simulator. Other rows are CP-SAT transport-capacity relaxation; empty AGV repositioning/path conflicts are relaxed.
exact|breakdown|J5|M2|A1|O2|46,2026-06-03T14:43:44,breakdown_J5_M2_A1_O2_seed46,J5_M2_A1_O2,breakdown,46,30046,46,300.0,,solved,,0.006002,cpsat_transport_capacity_relaxation_empty_repositioning_relaxed,OR-Tools CP-SAT,optimal,5,2,1,2,41.000000,41.000000,not_available,41.000000,45.462912,45.462912,not_logged_by_exact_worker,10.885151,0.001207,0.003243,0.372198,true,false,Tiny branch-bound rows are exact over the project simulator. Other rows are CP-SAT transport-capacity relaxation; empty AGV repositioning/path conflicts are relaxed.
exact|breakdown|J5|M2|A1|O2|48,2026-06-03T14:43:44,breakdown_J5_M2_A1_O2_seed48,J5_M2_A1_O2,breakdown,48,30048,48,300.0,,solved,,0.006325,cpsat_transport_capacity_relaxation_empty_repositioning_relaxed,OR-Tools CP-SAT,optimal,5,2,1,2,29.000000,29.000000,not_available,29.000000,30.605551,30.605551,not_logged_by_exact_worker,5.536384,0.001201,0.003548,0.338453,true,false,Tiny branch-bound rows are exact over the project simulator. Other rows are CP-SAT transport-capacity relaxation; empty AGV repositioning/path conflicts are relaxed.
exact|breakdown|J5|M2|A1|O2|47,2026-06-03T14:43:44,breakdown_J5_M2_A1_O2_seed47,J5_M2_A1_O2,breakdown,47,30047,47,300.0,,solved,,0.007248,cpsat_transport_capacity_relaxation_empty_repositioning_relaxed,OR-Tools CP-SAT,optimal,5,2,1,2,22.000000,22.000000,not_available,22.000000,31.462912,31.462912,not_logged_by_exact_worker,43.013236,0.001347,0.004450,0.302773,true,false,Tiny branch-bound rows are exact over the project simulator. Other rows are CP-SAT transport-capacity relaxation; empty AGV repositioning/path conflicts are relaxed.
exact|breakdown|J5|M2|A1|O2|49,2026-06-03T14:43:44,breakdown_J5_M2_A1_O2_seed49,J5_M2_A1_O2,breakdown,49,30049,49,300.0,,solved,,0.006300,cpsat_transport_capacity_relaxation_empty_repositioning_relaxed,OR-Tools CP-SAT,optimal,5,2,1,2,27.000000,27.000000,not_available,27.000000,28.000000,28.000000,not_logged_by_exact_worker,3.703704,0.001256,0.003646,0.344560,true,false,Tiny branch-bound rows are exact over the project simulator. Other rows are CP-SAT transport-capacity relaxation; empty AGV repositioning/path conflicts are relaxed.
exact|breakdown|J5|M2|A1|O2|50,2026-06-03T14:43:44,breakdown_J5_M2_A1_O2_seed50,J5_M2_A1_O2,breakdown,50,30050,50,300.0,,solved,,0.006044,cpsat_transport_capacity_relaxation_empty_repositioning_relaxed,OR-Tools CP-SAT,optimal,5,2,1,2,19.000000,19.000000,not_available,19.000000,28.077747,28.077747,not_logged_by_exact_worker,47.777617,0.001211,0.003435,0.352635,true,false,Tiny branch-bound rows are exact over the project simulator. Other rows are CP-SAT transport-capacity relaxation; empty AGV repositioning/path conflicts are relaxed.
exact|breakdown|J5|M2|A1|O2|51,2026-06-03T14:43:44,breakdown_J5_M2_A1_O2_seed51,J5_M2_A1_O2,breakdown,51,30051,51,300.0,,solved,,0.005982,cpsat_transport_capacity_relaxation_empty_repositioning_relaxed,OR-Tools CP-SAT,optimal,5,2,1,2,23.000000,23.000000,not_available,23.000000,24.000000,24.000000,not_logged_by_exact_worker,4.347826,0.001210,0.003369,0.359170,true,false,Tiny branch-bound rows are exact over the project simulator. Other rows are CP-SAT transport-capacity relaxation; empty AGV repositioning/path conflicts are relaxed.
exact|rush_job|J5|M2|A1|O2|42,2026-06-03T14:43:44,rush_job_J5_M2_A1_O2_seed42,J5_M2_A1_O2,rush_job,42,40042,42,300.0,,solved,,0.011920,cpsat_transport_capacity_relaxation_empty_repositioning_relaxed,OR-Tools CP-SAT,optimal,5,2,1,2,17.000000,17.000000,not_available,17.000000,27.462912,27.462912,not_logged_by_exact_worker,61.546541,0.005217,0.004791,1.089029,true,false,Tiny branch-bound rows are exact over the project simulator. Other rows are CP-SAT transport-capacity relaxation; empty AGV repositioning/path conflicts are relaxed.
exact|rush_job|J5|M2|A1|O2|43,2026-06-03T14:43:44,rush_job_J5_M2_A1_O2_seed43,J5_M2_A1_O2,rush_job,43,40043,43,300.0,,solved,,0.014058,cpsat_transport_capacity_relaxation_empty_repositioning_relaxed,OR-Tools CP-SAT,optimal,5,2,1,2,14.000000,14.000000,not_available,14.000000,24.068463,24.068463,not_logged_by_exact_worker,71.917595,0.006811,0.005138,1.325432,true,false,Tiny branch-bound rows are exact over the project simulator. Other rows are CP-SAT transport-capacity relaxation; empty AGV repositioning/path conflicts are relaxed.
exact|rush_job|J5|M2|A1|O2|45,2026-06-03T14:43:44,rush_job_J5_M2_A1_O2_seed45,J5_M2_A1_O2,rush_job,45,40045,45,300.0,,solved,,0.010948,cpsat_transport_capacity_relaxation_empty_repositioning_relaxed,OR-Tools CP-SAT,optimal,5,2,1,2,13.000000,13.000000,not_available,13.000000,23.077747,23.077747,not_logged_by_exact_worker,77.521132,0.004278,0.004746,0.901353,true,false,Tiny branch-bound rows are exact over the project simulator. Other rows are CP-SAT transport-capacity relaxation; empty AGV repositioning/path conflicts are relaxed.
exact|rush_job|J5|M2|A1|O2|44,2026-06-03T14:43:44,rush_job_J5_M2_A1_O2_seed44,J5_M2_A1_O2,rush_job,44,40044,44,300.0,,solved,,0.018415,cpsat_transport_capacity_relaxation_empty_repositioning_relaxed,OR-Tools CP-SAT,optimal,5,2,1,2,16.000000,16.000000,not_available,16.000000,43.852671,43.852671,not_logged_by_exact_worker,174.079194,0.011187,0.005206,2.149089,true,false,Tiny branch-bound rows are exact over the project simulator. Other rows are CP-SAT transport-capacity relaxation; empty AGV repositioning/path conflicts are relaxed.
exact|rush_job|J5|M2|A1|O2|47,2026-06-03T14:43:44,rush_job_J5_M2_A1_O2_seed47,J5_M2_A1_O2,rush_job,47,40047,47,300.0,,solved,,0.014112,cpsat_transport_capacity_relaxation_empty_repositioning_relaxed,OR-Tools CP-SAT,optimal,5,2,1,2,22.000000,22.000000,not_available,22.000000,35.861955,35.861955,not_logged_by_exact_worker,63.008886,0.006850,0.005296,1.293459,true,false,Tiny branch-bound rows are exact over the project simulator. Other rows are CP-SAT transport-capacity relaxation; empty AGV repositioning/path conflicts are relaxed.
exact|rush_job|J5|M2|A1|O2|48,2026-06-03T14:43:44,rush_job_J5_M2_A1_O2_seed48,J5_M2_A1_O2,rush_job,48,40048,48,300.0,,solved,,0.012652,cpsat_transport_capacity_relaxation_empty_repositioning_relaxed,OR-Tools CP-SAT,optimal,5,2,1,2,14.000000,14.000000,not_available,14.000000,24.265688,24.265688,not_logged_by_exact_worker,73.326340,0.005994,0.004689,1.278447,true,false,Tiny branch-bound rows are exact over the project simulator. Other rows are CP-SAT transport-capacity relaxation; empty AGV repositioning/path conflicts are relaxed.
exact|rush_job|J5|M2|A1|O2|46,2026-06-03T14:43:44,rush_job_J5_M2_A1_O2_seed46,J5_M2_A1_O2,rush_job,46,40046,46,300.0,,solved,,0.019441,cpsat_transport_capacity_relaxation_empty_repositioning_relaxed,OR-Tools CP-SAT,optimal,5,2,1,2,16.000000,16.000000,not_available,16.000000,26.871239,26.871239,not_logged_by_exact_worker,67.945243,0.011975,0.005203,2.301701,true,false,Tiny branch-bound rows are exact over the project simulator. Other rows are CP-SAT transport-capacity relaxation; empty AGV repositioning/path conflicts are relaxed.
exact|rush_job|J5|M2|A1|O2|49,2026-06-03T14:43:44,rush_job_J5_M2_A1_O2_seed49,J5_M2_A1_O2,rush_job,49,40049,49,300.0,,solved,,0.018693,cpsat_transport_capacity_relaxation_empty_repositioning_relaxed,OR-Tools CP-SAT,optimal,5,2,1,2,15.000000,15.000000,not_available,15.000000,29.256404,29.256404,not_logged_by_exact_worker,95.042692,0.011725,0.004880,2.402467,true,false,Tiny branch-bound rows are exact over the project simulator. Other rows are CP-SAT transport-capacity relaxation; empty AGV repositioning/path conflicts are relaxed.
exact|mixed|J5|M2|A1|O2|42,2026-06-03T14:43:44,mixed_J5_M2_A1_O2_seed42,J5_M2_A1_O2,mixed,42,50042,42,300.0,,solved,,0.009907,cpsat_transport_capacity_relaxation_empty_repositioning_relaxed,OR-Tools CP-SAT,optimal,5,2,1,2,24.000000,24.000000,not_available,24.000000,25.000000,25.000000,not_logged_by_exact_worker,4.166667,0.003059,0.004923,0.621407,true,false,Tiny branch-bound rows are exact over the project simulator. Other rows are CP-SAT transport-capacity relaxation; empty AGV repositioning/path conflicts are relaxed.
exact|rush_job|J5|M2|A1|O2|51,2026-06-03T14:43:44,rush_job_J5_M2_A1_O2_seed51,J5_M2_A1_O2,rush_job,51,40051,51,300.0,,solved,,0.013032,cpsat_transport_capacity_relaxation_empty_repositioning_relaxed,OR-Tools CP-SAT,optimal,5,2,1,2,14.000000,14.000000,not_available,14.000000,29.650852,29.650852,not_logged_by_exact_worker,111.791803,0.006158,0.004733,1.301001,true,false,Tiny branch-bound rows are exact over the project simulator. Other rows are CP-SAT transport-capacity relaxation; empty AGV repositioning/path conflicts are relaxed.
exact|rush_job|J5|M2|A1|O2|50,2026-06-03T14:43:44,rush_job_J5_M2_A1_O2_seed50,J5_M2_A1_O2,rush_job,50,40050,50,300.0,,solved,,0.018001,cpsat_transport_capacity_relaxation_empty_repositioning_relaxed,OR-Tools CP-SAT,optimal,5,2,1,2,12.000000,12.000000,not_available,12.000000,26.288850,26.288850,not_logged_by_exact_worker,119.073748,0.010609,0.005353,1.981805,true,false,Tiny branch-bound rows are exact over the project simulator. Other rows are CP-SAT transport-capacity relaxation; empty AGV repositioning/path conflicts are relaxed.
exact|mixed|J5|M2|A1|O2|43,2026-06-03T14:43:44,mixed_J5_M2_A1_O2_seed43,J5_M2_A1_O2,mixed,43,50043,43,300.0,,solved,,0.009731,cpsat_transport_capacity_relaxation_empty_repositioning_relaxed,OR-Tools CP-SAT,optimal,5,2,1,2,20.000000,20.000000,not_available,20.000000,31.077747,31.077747,not_logged_by_exact_worker,55.388736,0.003067,0.004799,0.638995,true,false,Tiny branch-bound rows are exact over the project simulator. Other rows are CP-SAT transport-capacity relaxation; empty AGV repositioning/path conflicts are relaxed.
exact|mixed|J5|M2|A1|O2|44,2026-06-03T14:43:44,mixed_J5_M2_A1_O2_seed44,J5_M2_A1_O2,mixed,44,50044,44,300.0,,solved,,0.008771,cpsat_transport_capacity_relaxation_empty_repositioning_relaxed,OR-Tools CP-SAT,optimal,5,2,1,2,22.000000,22.000000,not_available,22.000000,42.068463,42.068463,not_logged_by_exact_worker,91.220288,0.002589,0.004518,0.573114,true,false,Tiny branch-bound rows are exact over the project simulator. Other rows are CP-SAT transport-capacity relaxation; empty AGV repositioning/path conflicts are relaxed.
exact|mixed|J5|M2|A1|O2|45,2026-06-03T14:43:44,mixed_J5_M2_A1_O2_seed45,J5_M2_A1_O2,mixed,45,50045,45,300.0,,solved,,0.008383,cpsat_transport_capacity_relaxation_empty_repositioning_relaxed,OR-Tools CP-SAT,optimal,5,2,1,2,18.000000,18.000000,not_available,18.000000,28.462912,28.462912,not_logged_by_exact_worker,58.127289,0.002355,0.004388,0.536609,true,false,Tiny branch-bound rows are exact over the project simulator. Other rows are CP-SAT transport-capacity relaxation; empty AGV repositioning/path conflicts are relaxed.
exact|mixed|J5|M2|A1|O2|46,2026-06-03T14:43:44,mixed_J5_M2_A1_O2_seed46,J5_M2_A1_O2,mixed,46,50046,46,300.0,,solved,,0.008609,cpsat_transport_capacity_relaxation_empty_repositioning_relaxed,OR-Tools CP-SAT,optimal,5,2,1,2,41.000000,41.000000,not_available,41.000000,48.462912,48.462912,not_logged_by_exact_worker,18.202224,0.002807,0.004106,0.683648,true,false,Tiny branch-bound rows are exact over the project simulator. Other rows are CP-SAT transport-capacity relaxation; empty AGV repositioning/path conflicts are relaxed.
exact|mixed|J5|M2|A1|O2|48,2026-06-03T14:43:44,mixed_J5_M2_A1_O2_seed48,J5_M2_A1_O2,mixed,48,50048,48,300.0,,solved,,0.008779,cpsat_transport_capacity_relaxation_empty_repositioning_relaxed,OR-Tools CP-SAT,optimal,5,2,1,2,29.000000,29.000000,not_available,29.000000,30.000000,30.000000,not_logged_by_exact_worker,3.448276,0.002506,0.004432,0.565452,true,false,Tiny branch-bound rows are exact over the project simulator. Other rows are CP-SAT transport-capacity relaxation; empty AGV repositioning/path conflicts are relaxed.
exact|mixed|J5|M2|A1|O2|49,2026-06-03T14:43:44,mixed_J5_M2_A1_O2_seed49,J5_M2_A1_O2,mixed,49,50049,49,300.0,,solved,,0.009301,cpsat_transport_capacity_relaxation_empty_repositioning_relaxed,OR-Tools CP-SAT,optimal,5,2,1,2,27.000000,27.000000,not_available,27.000000,28.000000,28.000000,not_logged_by_exact_worker,3.703704,0.002799,0.004695,0.596255,true,false,Tiny branch-bound rows are exact over the project simulator. Other rows are CP-SAT transport-capacity relaxation; empty AGV repositioning/path conflicts are relaxed.
exact|mixed|J5|M2|A1|O2|50,2026-06-03T14:43:44,mixed_J5_M2_A1_O2_seed50,J5_M2_A1_O2,mixed,50,50050,50,300.0,,solved,,0.008971,cpsat_transport_capacity_relaxation_empty_repositioning_relaxed,OR-Tools CP-SAT,optimal,5,2,1,2,19.000000,19.000000,not_available,19.000000,30.077747,30.077747,not_logged_by_exact_worker,58.303933,0.002726,0.004473,0.609467,true,false,Tiny branch-bound rows are exact over the project simulator. Other rows are CP-SAT transport-capacity relaxation; empty AGV repositioning/path conflicts are relaxed.
exact|static|J5|M2|A1|O2|42,2026-06-03T14:43:44,static_J5_M2_A1_O2_seed42,J5_M2_A1_O2,static,42,42,42,300.0,,solved,,0.008367,cpsat_transport_capacity_relaxation_empty_repositioning_relaxed,OR-Tools CP-SAT,optimal,5,2,1,2,14.000000,14.000000,not_available,14.000000,21.486074,21.486074,not_logged_by_exact_worker,53.471958,0.002946,0.003806,0.774108,true,false,Tiny branch-bound rows are exact over the project simulator. Other rows are CP-SAT transport-capacity relaxation; empty AGV repositioning/path conflicts are relaxed.
exact|mixed|J5|M2|A1|O2|47,2026-06-03T14:43:44,mixed_J5_M2_A1_O2_seed47,J5_M2_A1_O2,mixed,47,50047,47,300.0,,solved,,0.020455,cpsat_transport_capacity_relaxation_empty_repositioning_relaxed,OR-Tools CP-SAT,optimal,5,2,1,2,22.000000,22.000000,not_available,22.000000,36.848077,36.848077,not_logged_by_exact_worker,67.491258,0.013047,0.005549,2.350975,true,false,Tiny branch-bound rows are exact over the project simulator. Other rows are CP-SAT transport-capacity relaxation; empty AGV repositioning/path conflicts are relaxed.
exact|mixed|J5|M2|A1|O2|51,2026-06-03T14:43:44,mixed_J5_M2_A1_O2_seed51,J5_M2_A1_O2,mixed,51,50051,51,300.0,,solved,,0.009241,cpsat_transport_capacity_relaxation_empty_repositioning_relaxed,OR-Tools CP-SAT,optimal,5,2,1,2,23.000000,23.000000,not_available,23.000000,25.077747,25.077747,not_logged_by_exact_worker,9.033684,0.002842,0.004731,0.600727,true,false,Tiny branch-bound rows are exact over the project simulator. Other rows are CP-SAT transport-capacity relaxation; empty AGV repositioning/path conflicts are relaxed.
exact|static|J5|M2|A1|O2|43,2026-06-03T14:43:44,static_J5_M2_A1_O2_seed43,J5_M2_A1_O2,static,43,43,43,300.0,,solved,,0.011039,cpsat_transport_capacity_relaxation_empty_repositioning_relaxed,OR-Tools CP-SAT,optimal,5,2,1,2,12.000000,12.000000,not_available,12.000000,23.871239,23.871239,not_logged_by_exact_worker,98.926991,0.005061,0.004211,1.201615,true,false,Tiny branch-bound rows are exact over the project simulator. Other rows are CP-SAT transport-capacity relaxation; empty AGV repositioning/path conflicts are relaxed.
exact|static|J5|M2|A1|O2|44,2026-06-03T14:43:44,static_J5_M2_A1_O2_seed44,J5_M2_A1_O2,static,44,44,44,300.0,,solved,,0.008825,cpsat_transport_capacity_relaxation_empty_repositioning_relaxed,OR-Tools CP-SAT,optimal,5,2,1,2,15.000000,15.000000,not_available,15.000000,32.036017,32.036017,not_logged_by_exact_worker,113.573448,0.003273,0.003834,0.853640,true,false,Tiny branch-bound rows are exact over the project simulator. Other rows are CP-SAT transport-capacity relaxation; empty AGV repositioning/path conflicts are relaxed.
exact|static|J5|M2|A1|O2|46,2026-06-03T14:43:44,static_J5_M2_A1_O2_seed46,J5_M2_A1_O2,static,46,46,46,300.0,,solved,,0.012295,cpsat_transport_capacity_relaxation_empty_repositioning_relaxed,OR-Tools CP-SAT,optimal,5,2,1,2,15.000000,15.000000,not_available,15.000000,27.692582,27.692582,not_logged_by_exact_worker,84.617216,0.005925,0.004169,1.421068,true,false,Tiny branch-bound rows are exact over the project simulator. Other rows are CP-SAT transport-capacity relaxation; empty AGV repositioning/path conflicts are relaxed.
exact|static|J5|M2|A1|O2|47,2026-06-03T14:43:44,static_J5_M2_A1_O2_seed47,J5_M2_A1_O2,static,47,47,47,300.0,,solved,,0.011320,cpsat_transport_capacity_relaxation_empty_repositioning_relaxed,OR-Tools CP-SAT,optimal,5,2,1,2,22.000000,22.000000,not_available,22.000000,32.848077,32.848077,not_logged_by_exact_worker,49.309440,0.005143,0.004376,1.175274,true,false,Tiny branch-bound rows are exact over the project simulator. Other rows are CP-SAT transport-capacity relaxation; empty AGV repositioning/path conflicts are relaxed.
exact|static|J5|M2|A1|O2|45,2026-06-03T14:43:44,static_J5_M2_A1_O2_seed45,J5_M2_A1_O2,static,45,45,45,300.0,,solved,,0.019016,cpsat_transport_capacity_relaxation_empty_repositioning_relaxed,OR-Tools CP-SAT,optimal,5,2,1,2,11.000000,11.000000,not_available,11.000000,20.903685,20.903685,not_logged_by_exact_worker,90.033500,0.013265,0.003920,3.383878,true,false,Tiny branch-bound rows are exact over the project simulator. Other rows are CP-SAT transport-capacity relaxation; empty AGV repositioning/path conflicts are relaxed.
exact|static|J5|M2|A1|O2|48,2026-06-03T14:43:44,static_J5_M2_A1_O2_seed48,J5_M2_A1_O2,static,48,48,48,300.0,,solved,,0.010520,cpsat_transport_capacity_relaxation_empty_repositioning_relaxed,OR-Tools CP-SAT,optimal,5,2,1,2,13.000000,13.000000,not_available,13.000000,22.288850,22.288850,not_logged_by_exact_worker,71.452690,0.004619,0.004174,1.106511,true,false,Tiny branch-bound rows are exact over the project simulator. Other rows are CP-SAT transport-capacity relaxation; empty AGV repositioning/path conflicts are relaxed.
exact|static|J5|M2|A1|O2|49,2026-06-03T14:43:44,static_J5_M2_A1_O2_seed49,J5_M2_A1_O2,static,49,49,49,300.0,,solved,,0.010191,cpsat_transport_capacity_relaxation_empty_repositioning_relaxed,OR-Tools CP-SAT,optimal,5,2,1,2,14.800000,14.800000,not_available,14.800000,21.462912,21.462912,not_logged_by_exact_worker,45.019676,0.004789,0.003621,1.322563,true,false,Tiny branch-bound rows are exact over the project simulator. Other rows are CP-SAT transport-capacity relaxation; empty AGV repositioning/path conflicts are relaxed.
exact|static|J5|M2|A1|O2|50,2026-06-03T14:43:44,static_J5_M2_A1_O2_seed50,J5_M2_A1_O2,static,50,50,50,300.0,,solved,,0.010036,cpsat_transport_capacity_relaxation_empty_repositioning_relaxed,OR-Tools CP-SAT,optimal,5,2,1,2,11.000000,11.000000,not_available,11.000000,20.903685,20.903685,not_logged_by_exact_worker,90.033500,0.004109,0.004213,0.975362,true,false,Tiny branch-bound rows are exact over the project simulator. Other rows are CP-SAT transport-capacity relaxation; empty AGV repositioning/path conflicts are relaxed.
exact|breakdown|J5|M2|A1|O3|42,2026-06-03T14:43:44,breakdown_J5_M2_A1_O3_seed42,J5_M2_A1_O3,breakdown,42,30042,42,300.0,,solved,,0.010482,cpsat_transport_capacity_relaxation_empty_repositioning_relaxed,OR-Tools CP-SAT,optimal,5,2,1,3,34.000000,34.000000,not_available,34.000000,35.000000,35.000000,not_logged_by_exact_worker,2.941176,0.001874,0.006638,0.282258,true,false,Tiny branch-bound rows are exact over the project simulator. Other rows are CP-SAT transport-capacity relaxation; empty AGV repositioning/path conflicts are relaxed.
exact|static|J5|M2|A1|O2|51,2026-06-03T14:43:44,static_J5_M2_A1_O2_seed51,J5_M2_A1_O2,static,51,51,51,300.0,,solved,,0.011127,cpsat_transport_capacity_relaxation_empty_repositioning_relaxed,OR-Tools CP-SAT,optimal,5,2,1,2,11.000000,11.000000,not_available,11.000000,19.462912,19.462912,not_logged_by_exact_worker,76.935564,0.005757,0.003468,1.659853,true,false,Tiny branch-bound rows are exact over the project simulator. Other rows are CP-SAT transport-capacity relaxation; empty AGV repositioning/path conflicts are relaxed.
exact|breakdown|J5|M2|A1|O3|43,2026-06-03T14:43:44,breakdown_J5_M2_A1_O3_seed43,J5_M2_A1_O3,breakdown,43,30043,43,300.0,,solved,,0.009602,cpsat_transport_capacity_relaxation_empty_repositioning_relaxed,OR-Tools CP-SAT,optimal,5,2,1,3,35.000000,35.000000,not_available,35.000000,40.077747,40.077747,not_logged_by_exact_worker,14.507849,0.001811,0.005732,0.316026,true,false,Tiny branch-bound rows are exact over the project simulator. Other rows are CP-SAT transport-capacity relaxation; empty AGV repositioning/path conflicts are relaxed.
exact|breakdown|J5|M2|A1|O3|44,2026-06-03T14:43:44,breakdown_J5_M2_A1_O3_seed44,J5_M2_A1_O3,breakdown,44,30044,44,300.0,,solved,,0.009392,cpsat_transport_capacity_relaxation_empty_repositioning_relaxed,OR-Tools CP-SAT,optimal,5,2,1,3,36.000000,36.000000,not_available,36.000000,43.486074,43.486074,not_logged_by_exact_worker,20.794650,0.001775,0.005614,0.316269,true,false,Tiny branch-bound rows are exact over the project simulator. Other rows are CP-SAT transport-capacity relaxation; empty AGV repositioning/path conflicts are relaxed.
exact|breakdown|J5|M2|A1|O3|46,2026-06-03T14:43:44,breakdown_J5_M2_A1_O3_seed46,J5_M2_A1_O3,breakdown,46,30046,46,300.0,,solved,,0.008609,cpsat_transport_capacity_relaxation_empty_repositioning_relaxed,OR-Tools CP-SAT,optimal,5,2,1,3,55.000000,55.000000,not_available,55.000000,60.462912,60.462912,not_logged_by_exact_worker,9.932567,0.001625,0.005023,0.323419,true,false,Tiny branch-bound rows are exact over the project simulator. Other rows are CP-SAT transport-capacity relaxation; empty AGV repositioning/path conflicts are relaxed.
exact|breakdown|J5|M2|A1|O3|45,2026-06-03T14:43:44,breakdown_J5_M2_A1_O3_seed45,J5_M2_A1_O3,breakdown,45,30045,45,300.0,,solved,,0.009361,cpsat_transport_capacity_relaxation_empty_repositioning_relaxed,OR-Tools CP-SAT,optimal,5,2,1,3,36.000000,36.000000,not_available,36.000000,44.077747,44.077747,not_logged_by_exact_worker,22.438187,0.001764,0.005770,0.305778,true,false,Tiny branch-bound rows are exact over the project simulator. Other rows are CP-SAT transport-capacity relaxation; empty AGV repositioning/path conflicts are relaxed.
exact|breakdown|J5|M2|A1|O3|47,2026-06-03T14:43:44,breakdown_J5_M2_A1_O3_seed47,J5_M2_A1_O3,breakdown,47,30047,47,300.0,,solved,,0.009224,cpsat_transport_capacity_relaxation_empty_repositioning_relaxed,OR-Tools CP-SAT,optimal,5,2,1,3,34.000000,34.000000,not_available,34.000000,35.000000,35.000000,not_logged_by_exact_worker,2.941176,0.001807,0.005548,0.325804,true,false,Tiny branch-bound rows are exact over the project simulator. Other rows are CP-SAT transport-capacity relaxation; empty AGV repositioning/path conflicts are relaxed.
exact|breakdown|J5|M2|A1|O3|48,2026-06-03T14:43:44,breakdown_J5_M2_A1_O3_seed48,J5_M2_A1_O3,breakdown,48,30048,48,300.0,,solved,,0.008997,cpsat_transport_capacity_relaxation_empty_repositioning_relaxed,OR-Tools CP-SAT,optimal,5,2,1,3,40.000000,40.000000,not_available,40.000000,41.000000,41.000000,not_logged_by_exact_worker,2.500000,0.001723,0.005468,0.315093,true,false,Tiny branch-bound rows are exact over the project simulator. Other rows are CP-SAT transport-capacity relaxation; empty AGV repositioning/path conflicts are relaxed.
exact|breakdown|J5|M2|A1|O3|49,2026-06-03T14:43:44,breakdown_J5_M2_A1_O3_seed49,J5_M2_A1_O3,breakdown,49,30049,49,300.0,,solved,,0.008838,cpsat_transport_capacity_relaxation_empty_repositioning_relaxed,OR-Tools CP-SAT,optimal,5,2,1,3,40.000000,40.000000,not_available,40.000000,41.000000,41.000000,not_logged_by_exact_worker,2.500000,0.001667,0.005352,0.311524,true,false,Tiny branch-bound rows are exact over the project simulator. Other rows are CP-SAT transport-capacity relaxation; empty AGV repositioning/path conflicts are relaxed.
exact|breakdown|J5|M2|A1|O3|50,2026-06-03T14:43:44,breakdown_J5_M2_A1_O3_seed50,J5_M2_A1_O3,breakdown,50,30050,50,300.0,,solved,,0.009365,cpsat_transport_capacity_relaxation_empty_repositioning_relaxed,OR-Tools CP-SAT,optimal,5,2,1,3,35.000000,35.000000,not_available,35.000000,40.077747,40.077747,not_logged_by_exact_worker,14.507849,0.001754,0.005637,0.311119,true,false,Tiny branch-bound rows are exact over the project simulator. Other rows are CP-SAT transport-capacity relaxation; empty AGV repositioning/path conflicts are relaxed.
exact|breakdown|J5|M2|A1|O3|51,2026-06-03T14:43:44,breakdown_J5_M2_A1_O3_seed51,J5_M2_A1_O3,breakdown,51,30051,51,300.0,,solved,,0.009608,cpsat_transport_capacity_relaxation_empty_repositioning_relaxed,OR-Tools CP-SAT,optimal,5,2,1,3,36.000000,36.000000,not_available,36.000000,37.000000,37.000000,not_logged_by_exact_worker,2.777778,0.001793,0.005867,0.305567,true,false,Tiny branch-bound rows are exact over the project simulator. Other rows are CP-SAT transport-capacity relaxation; empty AGV repositioning/path conflicts are relaxed.
exact|rush_job|J5|M2|A1|O3|43,2026-06-03T14:43:44,rush_job_J5_M2_A1_O3_seed43,J5_M2_A1_O3,rush_job,43,40043,43,300.0,,solved,,0.025534,cpsat_transport_capacity_relaxation_empty_repositioning_relaxed,OR-Tools CP-SAT,optimal,5,2,1,3,21.000000,21.000000,not_available,21.000000,35.802776,35.802776,not_logged_by_exact_worker,70.489408,0.016323,0.006289,2.595649,true,false,Tiny branch-bound rows are exact over the project simulator. Other rows are CP-SAT transport-capacity relaxation; empty AGV repositioning/path conflicts are relaxed.
exact|rush_job|J5|M2|A1|O3|45,2026-06-03T14:43:44,rush_job_J5_M2_A1_O3_seed45,J5_M2_A1_O3,rush_job,45,40045,45,300.0,,solved,,0.033036,cpsat_transport_capacity_relaxation_empty_repositioning_relaxed,OR-Tools CP-SAT,optimal,5,2,1,3,20.000000,20.000000,not_available,20.000000,31.000000,31.000000,not_logged_by_exact_worker,55.000000,0.023016,0.007269,3.166472,true,false,Tiny branch-bound rows are exact over the project simulator. Other rows are CP-SAT transport-capacity relaxation; empty AGV repositioning/path conflicts are relaxed.
exact|rush_job|J5|M2|A1|O3|42,2026-06-03T14:43:44,rush_job_J5_M2_A1_O3_seed42,J5_M2_A1_O3,rush_job,42,40042,42,300.0,,solved,,0.037886,cpsat_transport_capacity_relaxation_empty_repositioning_relaxed,OR-Tools CP-SAT,optimal,5,2,1,3,20.000000,20.000000,not_available,20.000000,31.279566,31.279566,not_logged_by_exact_worker,56.397829,0.027348,0.007733,3.536629,true,false,Tiny branch-bound rows are exact over the project simulator. Other rows are CP-SAT transport-capacity relaxation; empty AGV repositioning/path conflicts are relaxed.
exact|rush_job|J5|M2|A1|O3|47,2026-06-03T14:43:44,rush_job_J5_M2_A1_O3_seed47,J5_M2_A1_O3,rush_job,47,40047,47,300.0,,solved,,0.021739,cpsat_transport_capacity_relaxation_empty_repositioning_relaxed,OR-Tools CP-SAT,optimal,5,2,1,3,28.000000,28.000000,not_available,28.000000,40.692582,40.692582,not_logged_by_exact_worker,45.330651,0.012267,0.006892,1.780048,true,false,Tiny branch-bound rows are exact over the project simulator. Other rows are CP-SAT transport-capacity relaxation; empty AGV repositioning/path conflicts are relaxed.
exact|rush_job|J5|M2|A1|O3|48,2026-06-03T14:43:44,rush_job_J5_M2_A1_O3_seed48,J5_M2_A1_O3,rush_job,48,40048,48,300.0,,solved,,0.025304,cpsat_transport_capacity_relaxation_empty_repositioning_relaxed,OR-Tools CP-SAT,optimal,5,2,1,3,19.000000,19.000000,not_available,19.000000,41.256404,41.256404,not_logged_by_exact_worker,117.138967,0.015668,0.006923,2.263238,true,false,Tiny branch-bound rows are exact over the project simulator. Other rows are CP-SAT transport-capacity relaxation; empty AGV repositioning/path conflicts are relaxed.
exact|rush_job|J5|M2|A1|O3|46,2026-06-03T14:43:44,rush_job_J5_M2_A1_O3_seed46,J5_M2_A1_O3,rush_job,46,40046,46,300.0,,solved,,0.041610,cpsat_transport_capacity_relaxation_empty_repositioning_relaxed,OR-Tools CP-SAT,optimal,5,2,1,3,22.000000,22.000000,not_available,22.000000,29.692582,29.692582,not_logged_by_exact_worker,34.966284,0.032179,0.006404,5.024907,true,false,Tiny branch-bound rows are exact over the project simulator. Other rows are CP-SAT transport-capacity relaxation; empty AGV repositioning/path conflicts are relaxed.
exact|rush_job|J5|M2|A1|O3|50,2026-06-03T14:43:44,rush_job_J5_M2_A1_O3_seed50,J5_M2_A1_O3,rush_job,50,40050,50,300.0,,solved,,0.029085,cpsat_transport_capacity_relaxation_empty_repositioning_relaxed,OR-Tools CP-SAT,optimal,5,2,1,3,22.000000,22.000000,not_available,22.000000,34.880523,34.880523,not_logged_by_exact_worker,58.547831,0.019694,0.006944,2.836298,true,false,Tiny branch-bound rows are exact over the project simulator. Other rows are CP-SAT transport-capacity relaxation; empty AGV repositioning/path conflicts are relaxed.
exact|rush_job|J5|M2|A1|O3|44,2026-06-03T14:43:44,rush_job_J5_M2_A1_O3_seed44,J5_M2_A1_O3,rush_job,44,40044,44,300.0,,solved,,0.091413,cpsat_transport_capacity_relaxation_empty_repositioning_relaxed,OR-Tools CP-SAT,optimal,5,2,1,3,25.000000,25.000000,not_available,25.000000,46.650852,46.650852,not_logged_by_exact_worker,86.603410,0.081188,0.007626,10.646450,true,false,Tiny branch-bound rows are exact over the project simulator. Other rows are CP-SAT transport-capacity relaxation; empty AGV repositioning/path conflicts are relaxed.
exact|rush_job|J5|M2|A1|O3|51,2026-06-03T14:43:44,rush_job_J5_M2_A1_O3_seed51,J5_M2_A1_O3,rush_job,51,40051,51,300.0,,solved,,0.028390,cpsat_transport_capacity_relaxation_empty_repositioning_relaxed,OR-Tools CP-SAT,optimal,5,2,1,3,23.000000,23.000000,not_available,23.000000,36.462912,36.462912,not_logged_by_exact_worker,58.534400,0.018060,0.007631,2.366720,true,false,Tiny branch-bound rows are exact over the project simulator. Other rows are CP-SAT transport-capacity relaxation; empty AGV repositioning/path conflicts are relaxed.
exact|mixed|J5|M2|A1|O3|42,2026-06-03T14:43:44,mixed_J5_M2_A1_O3_seed42,J5_M2_A1_O3,mixed,42,50042,42,300.0,,solved,,0.014236,cpsat_transport_capacity_relaxation_empty_repositioning_relaxed,OR-Tools CP-SAT,optimal,5,2,1,3,34.000000,34.000000,not_available,34.000000,35.000000,35.000000,not_logged_by_exact_worker,2.941176,0.004220,0.007798,0.541182,true,false,Tiny branch-bound rows are exact over the project simulator. Other rows are CP-SAT transport-capacity relaxation; empty AGV repositioning/path conflicts are relaxed.
exact|mixed|J5|M2|A1|O3|44,2026-06-03T14:43:44,mixed_J5_M2_A1_O3_seed44,J5_M2_A1_O3,mixed,44,50044,44,300.0,,solved,,0.013335,cpsat_transport_capacity_relaxation_empty_repositioning_relaxed,OR-Tools CP-SAT,optimal,5,2,1,3,36.000000,36.000000,not_available,36.000000,45.462912,45.462912,not_logged_by_exact_worker,26.285867,0.004329,0.006848,0.632192,true,false,Tiny branch-bound rows are exact over the project simulator. Other rows are CP-SAT transport-capacity relaxation; empty AGV repositioning/path conflicts are relaxed.
exact|mixed|J5|M2|A1|O3|43,2026-06-03T14:43:44,mixed_J5_M2_A1_O3_seed43,J5_M2_A1_O3,mixed,43,50043,43,300.0,,solved,,0.021840,cpsat_transport_capacity_relaxation_empty_repositioning_relaxed,OR-Tools CP-SAT,optimal,5,2,1,3,35.000000,35.000000,not_available,35.000000,42.077747,42.077747,not_logged_by_exact_worker,20.222135,0.012231,0.007267,1.683084,true,false,Tiny branch-bound rows are exact over the project simulator. Other rows are CP-SAT transport-capacity relaxation; empty AGV repositioning/path conflicts are relaxed.
exact|mixed|J5|M2|A1|O3|45,2026-06-03T14:43:44,mixed_J5_M2_A1_O3_seed45,J5_M2_A1_O3,mixed,45,50045,45,300.0,,solved,,0.012747,cpsat_transport_capacity_relaxation_empty_repositioning_relaxed,OR-Tools CP-SAT,optimal,5,2,1,3,36.000000,36.000000,not_available,36.000000,43.077747,43.077747,not_logged_by_exact_worker,19.660409,0.003743,0.006888,0.543476,true,false,Tiny branch-bound rows are exact over the project simulator. Other rows are CP-SAT transport-capacity relaxation; empty AGV repositioning/path conflicts are relaxed.
exact|mixed|J5|M2|A1|O3|46,2026-06-03T14:43:44,mixed_J5_M2_A1_O3_seed46,J5_M2_A1_O3,mixed,46,50046,46,300.0,,solved,,0.011866,cpsat_transport_capacity_relaxation_empty_repositioning_relaxed,OR-Tools CP-SAT,optimal,5,2,1,3,55.000000,55.000000,not_available,55.000000,60.462912,60.462912,not_logged_by_exact_worker,9.932567,0.003622,0.006125,0.591340,true,false,Tiny branch-bound rows are exact over the project simulator. Other rows are CP-SAT transport-capacity relaxation; empty AGV repositioning/path conflicts are relaxed.
exact|rush_job|J5|M2|A1|O3|49,2026-06-03T14:43:44,rush_job_J5_M2_A1_O3_seed49,J5_M2_A1_O3,rush_job,49,40049,49,300.0,,solved,,0.064446,cpsat_transport_capacity_relaxation_empty_repositioning_relaxed,OR-Tools CP-SAT,optimal,5,2,1,3,19.000000,19.000000,not_available,19.000000,30.265688,30.265688,not_logged_by_exact_worker,59.293093,0.053879,0.007574,7.113731,true,false,Tiny branch-bound rows are exact over the project simulator. Other rows are CP-SAT transport-capacity relaxation; empty AGV repositioning/path conflicts are relaxed.
exact|mixed|J5|M2|A1|O3|48,2026-06-03T14:43:44,mixed_J5_M2_A1_O3_seed48,J5_M2_A1_O3,mixed,48,50048,48,300.0,,solved,,0.012021,cpsat_transport_capacity_relaxation_empty_repositioning_relaxed,OR-Tools CP-SAT,optimal,5,2,1,3,40.000000,40.000000,not_available,40.000000,41.000000,41.000000,not_logged_by_exact_worker,2.500000,0.003042,0.006876,0.442431,true,false,Tiny branch-bound rows are exact over the project simulator. Other rows are CP-SAT transport-capacity relaxation; empty AGV repositioning/path conflicts are relaxed.
exact|mixed|J5|M2|A1|O3|49,2026-06-03T14:43:44,mixed_J5_M2_A1_O3_seed49,J5_M2_A1_O3,mixed,49,50049,49,300.0,,solved,,0.012372,cpsat_transport_capacity_relaxation_empty_repositioning_relaxed,OR-Tools CP-SAT,optimal,5,2,1,3,40.000000,40.000000,not_available,40.000000,41.000000,41.000000,not_logged_by_exact_worker,2.500000,0.003599,0.006635,0.542436,true,false,Tiny branch-bound rows are exact over the project simulator. Other rows are CP-SAT transport-capacity relaxation; empty AGV repositioning/path conflicts are relaxed.
exact|mixed|J5|M2|A1|O3|50,2026-06-03T14:43:44,mixed_J5_M2_A1_O3_seed50,J5_M2_A1_O3,mixed,50,50050,50,300.0,,solved,,0.013380,cpsat_transport_capacity_relaxation_empty_repositioning_relaxed,OR-Tools CP-SAT,optimal,5,2,1,3,35.000000,35.000000,not_available,35.000000,42.077747,42.077747,not_logged_by_exact_worker,20.222135,0.003971,0.007097,0.559551,true,false,Tiny branch-bound rows are exact over the project simulator. Other rows are CP-SAT transport-capacity relaxation; empty AGV repositioning/path conflicts are relaxed.
exact|mixed|J5|M2|A1|O3|51,2026-06-03T14:43:44,mixed_J5_M2_A1_O3_seed51,J5_M2_A1_O3,mixed,51,50051,51,300.0,,solved,,0.012857,cpsat_transport_capacity_relaxation_empty_repositioning_relaxed,OR-Tools CP-SAT,optimal,5,2,1,3,36.000000,36.000000,not_available,36.000000,37.000000,37.000000,not_logged_by_exact_worker,2.777778,0.003405,0.007330,0.464544,true,false,Tiny branch-bound rows are exact over the project simulator. Other rows are CP-SAT transport-capacity relaxation; empty AGV repositioning/path conflicts are relaxed.
exact|static|J5|M2|A1|O3|42,2026-06-03T14:43:44,static_J5_M2_A1_O3_seed42,J5_M2_A1_O3,static,42,42,42,300.0,,solved,,0.018758,cpsat_transport_capacity_relaxation_empty_repositioning_relaxed,OR-Tools CP-SAT,optimal,5,2,1,3,17.000000,17.000000,not_available,17.000000,26.091625,26.091625,not_logged_by_exact_worker,53.480149,0.010186,0.006176,1.649453,true,false,Tiny branch-bound rows are exact over the project simulator. Other rows are CP-SAT transport-capacity relaxation; empty AGV repositioning/path conflicts are relaxed.
exact|static|J5|M2|A1|O3|43,2026-06-03T14:43:44,static_J5_M2_A1_O3_seed43,J5_M2_A1_O3,static,43,43,43,300.0,,solved,,0.017891,cpsat_transport_capacity_relaxation_empty_repositioning_relaxed,OR-Tools CP-SAT,optimal,5,2,1,3,19.000000,19.000000,not_available,19.000000,28.077747,28.077747,not_logged_by_exact_worker,47.777617,0.009279,0.005987,1.549866,true,false,Tiny branch-bound rows are exact over the project simulator. Other rows are CP-SAT transport-capacity relaxation; empty AGV repositioning/path conflicts are relaxed.
exact|static|J5|M2|A1|O3|45,2026-06-03T14:43:45,static_J5_M2_A1_O3_seed45,J5_M2_A1_O3,static,45,45,45,300.0,,solved,,0.027495,cpsat_transport_capacity_relaxation_empty_repositioning_relaxed,OR-Tools CP-SAT,optimal,5,2,1,3,19.000000,19.000000,not_available,19.000000,27.000000,27.000000,not_logged_by_exact_worker,42.105263,0.018793,0.006201,3.030657,true,false,Tiny branch-bound rows are exact over the project simulator. Other rows are CP-SAT transport-capacity relaxation; empty AGV repositioning/path conflicts are relaxed.
exact|static|J5|M2|A1|O3|46,2026-06-03T14:43:45,static_J5_M2_A1_O3_seed46,J5_M2_A1_O3,static,46,46,46,300.0,,solved,,0.030484,cpsat_transport_capacity_relaxation_empty_repositioning_relaxed,OR-Tools CP-SAT,optimal,5,2,1,3,20.000000,20.000000,not_available,20.000000,27.495358,27.495358,not_logged_by_exact_worker,37.476790,0.021592,0.006121,3.527348,true,false,Tiny branch-bound rows are exact over the project simulator. Other rows are CP-SAT transport-capacity relaxation; empty AGV repositioning/path conflicts are relaxed.
exact|mixed|J5|M2|A1|O3|47,2026-06-03T14:43:45,mixed_J5_M2_A1_O3_seed47,J5_M2_A1_O3,mixed,47,50047,47,300.0,,solved,,0.074719,cpsat_transport_capacity_relaxation_empty_repositioning_relaxed,OR-Tools CP-SAT,optimal,5,2,1,3,34.000000,34.000000,not_available,34.000000,40.802776,40.802776,not_logged_by_exact_worker,20.008164,0.065102,0.007239,8.992955,true,false,Tiny branch-bound rows are exact over the project simulator. Other rows are CP-SAT transport-capacity relaxation; empty AGV repositioning/path conflicts are relaxed.
exact|static|J5|M2|A1|O3|47,2026-06-03T14:43:45,static_J5_M2_A1_O3_seed47,J5_M2_A1_O3,static,47,47,47,300.0,,solved,,0.023192,cpsat_transport_capacity_relaxation_empty_repositioning_relaxed,OR-Tools CP-SAT,optimal,5,2,1,3,25.000000,25.000000,not_available,25.000000,35.692582,35.692582,not_logged_by_exact_worker,42.770330,0.015512,0.005157,3.007892,true,false,Tiny branch-bound rows are exact over the project simulator. Other rows are CP-SAT transport-capacity relaxation; empty AGV repositioning/path conflicts are relaxed.
exact|static|J5|M2|A1|O3|44,2026-06-03T14:43:45,static_J5_M2_A1_O3_seed44,J5_M2_A1_O3,static,44,44,44,300.0,,solved,,0.062404,cpsat_transport_capacity_relaxation_empty_repositioning_relaxed,OR-Tools CP-SAT,optimal,5,2,1,3,23.800000,23.800000,not_available,23.800000,39.861955,39.861955,not_logged_by_exact_worker,67.487206,0.053563,0.006429,8.330886,true,false,Tiny branch-bound rows are exact over the project simulator. Other rows are CP-SAT transport-capacity relaxation; empty AGV repositioning/path conflicts are relaxed.
exact|static|J5|M2|A1|O3|48,2026-06-03T14:43:45,static_J5_M2_A1_O3_seed48,J5_M2_A1_O3,static,48,48,48,300.0,,solved,,0.022410,cpsat_transport_capacity_relaxation_empty_repositioning_relaxed,OR-Tools CP-SAT,optimal,5,2,1,3,18.000000,18.000000,not_available,18.000000,27.265688,27.265688,not_logged_by_exact_worker,51.476043,0.014534,0.005353,2.714929,true,false,Tiny branch-bound rows are exact over the project simulator. Other rows are CP-SAT transport-capacity relaxation; empty AGV repositioning/path conflicts are relaxed.
exact|breakdown|J5|M2|A2|O2|42,2026-06-03T14:43:45,breakdown_J5_M2_A2_O2_seed42,J5_M2_A2_O2,breakdown,42,30042,42,300.0,,solved,,0.007445,cpsat_transport_capacity_relaxation_empty_repositioning_relaxed,OR-Tools CP-SAT,optimal,5,2,2,2,24.000000,24.000000,not_available,24.000000,25.000000,25.000000,not_logged_by_exact_worker,4.166667,0.001752,0.004121,0.425195,true,false,Tiny branch-bound rows are exact over the project simulator. Other rows are CP-SAT transport-capacity relaxation; empty AGV repositioning/path conflicts are relaxed.
exact|breakdown|J5|M2|A2|O2|43,2026-06-03T14:43:45,breakdown_J5_M2_A2_O2_seed43,J5_M2_A2_O2,breakdown,43,30043,43,300.0,,solved,,0.006449,cpsat_transport_capacity_relaxation_empty_repositioning_relaxed,OR-Tools CP-SAT,optimal,5,2,2,2,20.000000,20.000000,not_available,20.000000,24.298134,24.298134,not_logged_by_exact_worker,21.490668,0.001254,0.003657,0.343005,true,false,Tiny branch-bound rows are exact over the project simulator. Other rows are CP-SAT transport-capacity relaxation; empty AGV repositioning/path conflicts are relaxed.
exact|breakdown|J5|M2|A2|O2|44,2026-06-03T14:43:45,breakdown_J5_M2_A2_O2_seed44,J5_M2_A2_O2,breakdown,44,30044,44,300.0,,solved,,0.006269,cpsat_transport_capacity_relaxation_empty_repositioning_relaxed,OR-Tools CP-SAT,optimal,5,2,2,2,22.000000,22.000000,not_available,22.000000,25.495358,25.495358,not_logged_by_exact_worker,15.887991,0.001255,0.003571,0.351330,true,false,Tiny branch-bound rows are exact over the project simulator. Other rows are CP-SAT transport-capacity relaxation; empty AGV repositioning/path conflicts are relaxed.
exact|static|J5|M2|A1|O3|50,2026-06-03T14:43:45,static_J5_M2_A1_O3_seed50,J5_M2_A1_O3,static,50,50,50,300.0,,solved,,0.025974,cpsat_transport_capacity_relaxation_empty_repositioning_relaxed,OR-Tools CP-SAT,optimal,5,2,1,3,20.000000,20.000000,not_available,20.000000,26.000000,26.000000,not_logged_by_exact_worker,30.000000,0.017900,0.005529,3.237241,true,false,Tiny branch-bound rows are exact over the project simulator. Other rows are CP-SAT transport-capacity relaxation; empty AGV repositioning/path conflicts are relaxed.
exact|static|J5|M2|A1|O3|51,2026-06-03T14:43:45,static_J5_M2_A1_O3_seed51,J5_M2_A1_O3,static,51,51,51,300.0,,solved,,0.023866,cpsat_transport_capacity_relaxation_empty_repositioning_relaxed,OR-Tools CP-SAT,optimal,5,2,1,3,20.000000,20.000000,not_available,20.000000,39.077747,39.077747,not_logged_by_exact_worker,95.388736,0.014183,0.006861,2.067266,true,false,Tiny branch-bound rows are exact over the project simulator. Other rows are CP-SAT transport-capacity relaxation; empty AGV repositioning/path conflicts are relaxed.
exact|breakdown|J5|M2|A2|O2|45,2026-06-03T14:43:45,breakdown_J5_M2_A2_O2_seed45,J5_M2_A2_O2,breakdown,45,30045,45,300.0,,solved,,0.006310,cpsat_transport_capacity_relaxation_empty_repositioning_relaxed,OR-Tools CP-SAT,optimal,5,2,2,2,18.000000,18.000000,not_available,18.000000,22.692582,22.692582,not_logged_by_exact_worker,26.069902,0.001299,0.003482,0.373126,true,false,Tiny branch-bound rows are exact over the project simulator. Other rows are CP-SAT transport-capacity relaxation; empty AGV repositioning/path conflicts are relaxed.
exact|static|J5|M2|A1|O3|49,2026-06-03T14:43:45,static_J5_M2_A1_O3_seed49,J5_M2_A1_O3,static,49,49,49,300.0,,solved,,0.045763,cpsat_transport_capacity_relaxation_empty_repositioning_relaxed,OR-Tools CP-SAT,optimal,5,2,1,3,18.000000,18.000000,not_available,18.000000,30.880523,30.880523,not_logged_by_exact_worker,71.558460,0.036062,0.006898,5.227560,true,false,Tiny branch-bound rows are exact over the project simulator. Other rows are CP-SAT transport-capacity relaxation; empty AGV repositioning/path conflicts are relaxed.
exact|breakdown|J5|M2|A2|O2|46,2026-06-03T14:43:45,breakdown_J5_M2_A2_O2_seed46,J5_M2_A2_O2,breakdown,46,30046,46,300.0,,solved,,0.006082,cpsat_transport_capacity_relaxation_empty_repositioning_relaxed,OR-Tools CP-SAT,optimal,5,2,2,2,41.000000,41.000000,not_available,41.000000,43.692582,43.692582,not_logged_by_exact_worker,6.567274,0.001251,0.003272,0.382236,true,false,Tiny branch-bound rows are exact over the project simulator. Other rows are CP-SAT transport-capacity relaxation; empty AGV repositioning/path conflicts are relaxed.
exact|breakdown|J5|M2|A2|O2|47,2026-06-03T14:43:45,breakdown_J5_M2_A2_O2_seed47,J5_M2_A2_O2,breakdown,47,30047,47,300.0,,solved,,0.007953,cpsat_transport_capacity_relaxation_empty_repositioning_relaxed,OR-Tools CP-SAT,optimal,5,2,2,2,22.000000,22.000000,not_available,22.000000,26.692582,26.692582,not_logged_by_exact_worker,21.329920,0.001845,0.004461,0.413687,true,false,Tiny branch-bound rows are exact over the project simulator. Other rows are CP-SAT transport-capacity relaxation; empty AGV repositioning/path conflicts are relaxed.
exact|breakdown|J5|M2|A2|O2|48,2026-06-03T14:43:45,breakdown_J5_M2_A2_O2_seed48,J5_M2_A2_O2,breakdown,48,30048,48,300.0,,solved,,0.006264,cpsat_transport_capacity_relaxation_empty_repositioning_relaxed,OR-Tools CP-SAT,optimal,5,2,2,2,29.000000,29.000000,not_available,29.000000,30.000000,30.000000,not_logged_by_exact_worker,3.448276,0.001199,0.003642,0.329115,true,false,Tiny branch-bound rows are exact over the project simulator. Other rows are CP-SAT transport-capacity relaxation; empty AGV repositioning/path conflicts are relaxed.
exact|breakdown|J5|M2|A2|O2|49,2026-06-03T14:43:45,breakdown_J5_M2_A2_O2_seed49,J5_M2_A2_O2,breakdown,49,30049,49,300.0,,solved,,0.006743,cpsat_transport_capacity_relaxation_empty_repositioning_relaxed,OR-Tools CP-SAT,optimal,5,2,2,2,27.000000,27.000000,not_available,27.000000,28.000000,28.000000,not_logged_by_exact_worker,3.703704,0.001279,0.003835,0.333585,true,false,Tiny branch-bound rows are exact over the project simulator. Other rows are CP-SAT transport-capacity relaxation; empty AGV repositioning/path conflicts are relaxed.
exact|breakdown|J5|M2|A2|O2|50,2026-06-03T14:43:45,breakdown_J5_M2_A2_O2_seed50,J5_M2_A2_O2,breakdown,50,30050,50,300.0,,solved,,0.006392,cpsat_transport_capacity_relaxation_empty_repositioning_relaxed,OR-Tools CP-SAT,optimal,5,2,2,2,19.000000,19.000000,not_available,19.000000,23.692582,23.692582,not_logged_by_exact_worker,24.697802,0.001231,0.003544,0.347186,true,false,Tiny branch-bound rows are exact over the project simulator. Other rows are CP-SAT transport-capacity relaxation; empty AGV repositioning/path conflicts are relaxed.
exact|breakdown|J5|M2|A2|O2|51,2026-06-03T14:43:45,breakdown_J5_M2_A2_O2_seed51,J5_M2_A2_O2,breakdown,51,30051,51,300.0,,solved,,0.006484,cpsat_transport_capacity_relaxation_empty_repositioning_relaxed,OR-Tools CP-SAT,optimal,5,2,2,2,23.000000,23.000000,not_available,23.000000,24.000000,24.000000,not_logged_by_exact_worker,4.347826,0.001225,0.003588,0.341285,true,false,Tiny branch-bound rows are exact over the project simulator. Other rows are CP-SAT transport-capacity relaxation; empty AGV repositioning/path conflicts are relaxed.
exact|rush_job|J5|M2|A2|O2|42,2026-06-03T14:43:45,rush_job_J5_M2_A2_O2_seed42,J5_M2_A2_O2,rush_job,42,40042,42,300.0,,solved,,0.011953,cpsat_transport_capacity_relaxation_empty_repositioning_relaxed,OR-Tools CP-SAT,optimal,5,2,2,2,17.000000,17.000000,not_available,17.000000,21.000000,21.000000,not_logged_by_exact_worker,23.529412,0.005035,0.005004,1.006115,true,false,Tiny branch-bound rows are exact over the project simulator. Other rows are CP-SAT transport-capacity relaxation; empty AGV repositioning/path conflicts are relaxed.
exact|rush_job|J5|M2|A2|O2|43,2026-06-03T14:43:45,rush_job_J5_M2_A2_O2_seed43,J5_M2_A2_O2,rush_job,43,40043,43,300.0,,solved,,0.015083,cpsat_transport_capacity_relaxation_empty_repositioning_relaxed,OR-Tools CP-SAT,optimal,5,2,2,2,14.000000,14.000000,not_available,14.000000,20.692582,20.692582,not_logged_by_exact_worker,47.804160,0.007442,0.005364,1.387343,true,false,Tiny branch-bound rows are exact over the project simulator. Other rows are CP-SAT transport-capacity relaxation; empty AGV repositioning/path conflicts are relaxed.
exact|rush_job|J5|M2|A2|O2|45,2026-06-03T14:43:45,rush_job_J5_M2_A2_O2_seed45,J5_M2_A2_O2,rush_job,45,40045,45,300.0,,solved,,0.011751,cpsat_transport_capacity_relaxation_empty_repositioning_relaxed,OR-Tools CP-SAT,optimal,5,2,2,2,13.000000,13.000000,not_available,13.000000,15.692582,15.692582,not_logged_by_exact_worker,20.712172,0.004925,0.004893,1.006622,true,false,Tiny branch-bound rows are exact over the project simulator. Other rows are CP-SAT transport-capacity relaxation; empty AGV repositioning/path conflicts are relaxed.
exact|rush_job|J5|M2|A2|O2|44,2026-06-03T14:43:45,rush_job_J5_M2_A2_O2_seed44,J5_M2_A2_O2,rush_job,44,40044,44,300.0,,solved,,0.023636,cpsat_transport_capacity_relaxation_empty_repositioning_relaxed,OR-Tools CP-SAT,optimal,5,2,2,2,16.000000,16.000000,not_available,16.000000,26.265688,26.265688,not_logged_by_exact_worker,64.160548,0.016190,0.005340,3.031533,true,false,Tiny branch-bound rows are exact over the project simulator. Other rows are CP-SAT transport-capacity relaxation; empty AGV repositioning/path conflicts are relaxed.
exact|rush_job|J5|M2|A2|O2|48,2026-06-03T14:43:45,rush_job_J5_M2_A2_O2_seed48,J5_M2_A2_O2,rush_job,48,40048,48,300.0,,solved,,0.014554,cpsat_transport_capacity_relaxation_empty_repositioning_relaxed,OR-Tools CP-SAT,optimal,5,2,2,2,14.000000,14.000000,not_available,14.000000,22.000000,22.000000,not_logged_by_exact_worker,57.142857,0.006900,0.005246,1.315389,true,false,Tiny branch-bound rows are exact over the project simulator. Other rows are CP-SAT transport-capacity relaxation; empty AGV repositioning/path conflicts are relaxed.
exact|rush_job|J5|M2|A2|O2|47,2026-06-03T14:43:45,rush_job_J5_M2_A2_O2_seed47,J5_M2_A2_O2,rush_job,47,40047,47,300.0,,solved,,0.015949,cpsat_transport_capacity_relaxation_empty_repositioning_relaxed,OR-Tools CP-SAT,optimal,5,2,2,2,22.000000,22.000000,not_available,22.000000,29.692582,29.692582,not_logged_by_exact_worker,34.966284,0.008296,0.005527,1.500868,true,false,Tiny branch-bound rows are exact over the project simulator. Other rows are CP-SAT transport-capacity relaxation; empty AGV repositioning/path conflicts are relaxed.
exact|rush_job|J5|M2|A2|O2|46,2026-06-03T14:43:45,rush_job_J5_M2_A2_O2_seed46,J5_M2_A2_O2,rush_job,46,40046,46,300.0,,solved,,0.021929,cpsat_transport_capacity_relaxation_empty_repositioning_relaxed,OR-Tools CP-SAT,optimal,5,2,2,2,16.000000,16.000000,not_available,16.000000,22.692582,22.692582,not_logged_by_exact_worker,41.828640,0.014671,0.004949,2.964536,true,false,Tiny branch-bound rows are exact over the project simulator. Other rows are CP-SAT transport-capacity relaxation; empty AGV repositioning/path conflicts are relaxed.
exact|rush_job|J5|M2|A2|O2|49,2026-06-03T14:43:45,rush_job_J5_M2_A2_O2_seed49,J5_M2_A2_O2,rush_job,49,40049,49,300.0,,solved,,0.014470,cpsat_transport_capacity_relaxation_empty_repositioning_relaxed,OR-Tools CP-SAT,optimal,5,2,2,2,15.000000,15.000000,not_available,15.000000,19.000000,19.000000,not_logged_by_exact_worker,26.666667,0.006998,0.005004,1.398461,true,false,Tiny branch-bound rows are exact over the project simulator. Other rows are CP-SAT transport-capacity relaxation; empty AGV repositioning/path conflicts are relaxed.
exact|mixed|J5|M2|A2|O2|42,2026-06-03T14:43:45,mixed_J5_M2_A2_O2_seed42,J5_M2_A2_O2,mixed,42,50042,42,300.0,,solved,,0.010808,cpsat_transport_capacity_relaxation_empty_repositioning_relaxed,OR-Tools CP-SAT,optimal,5,2,2,2,24.000000,24.000000,not_available,24.000000,25.000000,25.000000,not_logged_by_exact_worker,4.166667,0.003675,0.005081,0.723299,true,false,Tiny branch-bound rows are exact over the project simulator. Other rows are CP-SAT transport-capacity relaxation; empty AGV repositioning/path conflicts are relaxed.
exact|rush_job|J5|M2|A2|O2|51,2026-06-03T14:43:45,rush_job_J5_M2_A2_O2_seed51,J5_M2_A2_O2,rush_job,51,40051,51,300.0,,solved,,0.013986,cpsat_transport_capacity_relaxation_empty_repositioning_relaxed,OR-Tools CP-SAT,optimal,5,2,2,2,14.000000,14.000000,not_available,14.000000,18.692582,18.692582,not_logged_by_exact_worker,33.518446,0.006866,0.004759,1.442801,true,false,Tiny branch-bound rows are exact over the project simulator. Other rows are CP-SAT transport-capacity relaxation; empty AGV repositioning/path conflicts are relaxed.
exact|rush_job|J5|M2|A2|O2|50,2026-06-03T14:43:45,rush_job_J5_M2_A2_O2_seed50,J5_M2_A2_O2,rush_job,50,40050,50,300.0,,solved,,0.015951,cpsat_transport_capacity_relaxation_empty_repositioning_relaxed,OR-Tools CP-SAT,optimal,5,2,2,2,12.000000,12.000000,not_available,12.000000,20.692582,20.692582,not_logged_by_exact_worker,72.438187,0.008765,0.005054,1.734373,true,false,Tiny branch-bound rows are exact over the project simulator. Other rows are CP-SAT transport-capacity relaxation; empty AGV repositioning/path conflicts are relaxed.
exact|mixed|J5|M2|A2|O2|43,2026-06-03T14:43:45,mixed_J5_M2_A2_O2_seed43,J5_M2_A2_O2,mixed,43,50043,43,300.0,,solved,,0.010212,cpsat_transport_capacity_relaxation_empty_repositioning_relaxed,OR-Tools CP-SAT,optimal,5,2,2,2,20.000000,20.000000,not_available,20.000000,26.298134,26.298134,not_logged_by_exact_worker,31.490668,0.003638,0.004739,0.767705,true,false,Tiny branch-bound rows are exact over the project simulator. Other rows are CP-SAT transport-capacity relaxation; empty AGV repositioning/path conflicts are relaxed.
exact|mixed|J5|M2|A2|O2|44,2026-06-03T14:43:45,mixed_J5_M2_A2_O2_seed44,J5_M2_A2_O2,mixed,44,50044,44,300.0,,solved,,0.009663,cpsat_transport_capacity_relaxation_empty_repositioning_relaxed,OR-Tools CP-SAT,optimal,5,2,2,2,22.000000,22.000000,not_available,22.000000,26.077747,26.077747,not_logged_by_exact_worker,18.535215,0.003189,0.004625,0.689542,true,false,Tiny branch-bound rows are exact over the project simulator. Other rows are CP-SAT transport-capacity relaxation; empty AGV repositioning/path conflicts are relaxed.
exact|mixed|J5|M2|A2|O2|45,2026-06-03T14:43:45,mixed_J5_M2_A2_O2_seed45,J5_M2_A2_O2,mixed,45,50045,45,300.0,,solved,,0.009241,cpsat_transport_capacity_relaxation_empty_repositioning_relaxed,OR-Tools CP-SAT,optimal,5,2,2,2,18.000000,18.000000,not_available,18.000000,22.692582,22.692582,not_logged_by_exact_worker,26.069902,0.002919,0.004535,0.643550,true,false,Tiny branch-bound rows are exact over the project simulator. Other rows are CP-SAT transport-capacity relaxation; empty AGV repositioning/path conflicts are relaxed.
exact|mixed|J5|M2|A2|O2|46,2026-06-03T14:43:45,mixed_J5_M2_A2_O2_seed46,J5_M2_A2_O2,mixed,46,50046,46,300.0,,solved,,0.009404,cpsat_transport_capacity_relaxation_empty_repositioning_relaxed,OR-Tools CP-SAT,optimal,5,2,2,2,41.000000,41.000000,not_available,41.000000,43.692582,43.692582,not_logged_by_exact_worker,6.567274,0.003192,0.004283,0.745272,true,false,Tiny branch-bound rows are exact over the project simulator. Other rows are CP-SAT transport-capacity relaxation; empty AGV repositioning/path conflicts are relaxed.
exact|mixed|J5|M2|A2|O2|47,2026-06-03T14:43:45,mixed_J5_M2_A2_O2_seed47,J5_M2_A2_O2,mixed,47,50047,47,300.0,,solved,,0.011682,cpsat_transport_capacity_relaxation_empty_repositioning_relaxed,OR-Tools CP-SAT,optimal,5,2,2,2,22.000000,22.000000,not_available,22.000000,27.692582,27.692582,not_logged_by_exact_worker,25.875375,0.003971,0.005724,0.693786,true,false,Tiny branch-bound rows are exact over the project simulator. Other rows are CP-SAT transport-capacity relaxation; empty AGV repositioning/path conflicts are relaxed.
exact|mixed|J5|M2|A2|O2|48,2026-06-03T14:43:45,mixed_J5_M2_A2_O2_seed48,J5_M2_A2_O2,mixed,48,50048,48,300.0,,solved,,0.009471,cpsat_transport_capacity_relaxation_empty_repositioning_relaxed,OR-Tools CP-SAT,optimal,5,2,2,2,29.000000,29.000000,not_available,29.000000,30.000000,30.000000,not_logged_by_exact_worker,3.448276,0.003034,0.004584,0.661853,true,false,Tiny branch-bound rows are exact over the project simulator. Other rows are CP-SAT transport-capacity relaxation; empty AGV repositioning/path conflicts are relaxed.
exact|mixed|J5|M2|A2|O2|49,2026-06-03T14:43:45,mixed_J5_M2_A2_O2_seed49,J5_M2_A2_O2,mixed,49,50049,49,300.0,,solved,,0.010157,cpsat_transport_capacity_relaxation_empty_repositioning_relaxed,OR-Tools CP-SAT,optimal,5,2,2,2,27.000000,27.000000,not_available,27.000000,28.000000,28.000000,not_logged_by_exact_worker,3.703704,0.003353,0.004946,0.677875,true,false,Tiny branch-bound rows are exact over the project simulator. Other rows are CP-SAT transport-capacity relaxation; empty AGV repositioning/path conflicts are relaxed.
exact|mixed|J5|M2|A2|O2|50,2026-06-03T14:43:45,mixed_J5_M2_A2_O2_seed50,J5_M2_A2_O2,mixed,50,50050,50,300.0,,solved,,0.009581,cpsat_transport_capacity_relaxation_empty_repositioning_relaxed,OR-Tools CP-SAT,optimal,5,2,2,2,19.000000,19.000000,not_available,19.000000,23.692582,23.692582,not_logged_by_exact_worker,24.697802,0.003233,0.004654,0.694678,true,false,Tiny branch-bound rows are exact over the project simulator. Other rows are CP-SAT transport-capacity relaxation; empty AGV repositioning/path conflicts are relaxed.
exact|mixed|J5|M2|A2|O2|51,2026-06-03T14:43:45,mixed_J5_M2_A2_O2_seed51,J5_M2_A2_O2,mixed,51,50051,51,300.0,,solved,,0.009852,cpsat_transport_capacity_relaxation_empty_repositioning_relaxed,OR-Tools CP-SAT,optimal,5,2,2,2,23.000000,23.000000,not_available,23.000000,25.000000,25.000000,not_logged_by_exact_worker,8.695652,0.003320,0.004793,0.692704,true,false,Tiny branch-bound rows are exact over the project simulator. Other rows are CP-SAT transport-capacity relaxation; empty AGV repositioning/path conflicts are relaxed.
exact|static|J5|M2|A2|O2|42,2026-06-03T14:43:45,static_J5_M2_A2_O2_seed42,J5_M2_A2_O2,static,42,42,42,300.0,,solved,,0.008911,cpsat_transport_capacity_relaxation_empty_repositioning_relaxed,OR-Tools CP-SAT,optimal,5,2,2,2,14.000000,14.000000,not_available,14.000000,20.000000,20.000000,not_logged_by_exact_worker,42.857143,0.003553,0.003761,0.944663,true,false,Tiny branch-bound rows are exact over the project simulator. Other rows are CP-SAT transport-capacity relaxation; empty AGV repositioning/path conflicts are relaxed.
exact|static|J5|M2|A2|O2|44,2026-06-03T14:43:45,static_J5_M2_A2_O2_seed44,J5_M2_A2_O2,static,44,44,44,300.0,,solved,,0.009906,cpsat_transport_capacity_relaxation_empty_repositioning_relaxed,OR-Tools CP-SAT,optimal,5,2,2,2,15.000000,15.000000,not_available,15.000000,26.265688,26.265688,not_logged_by_exact_worker,75.104584,0.003846,0.004251,0.904664,true,false,Tiny branch-bound rows are exact over the project simulator. Other rows are CP-SAT transport-capacity relaxation; empty AGV repositioning/path conflicts are relaxed.
exact|static|J5|M2|A2|O2|43,2026-06-03T14:43:45,static_J5_M2_A2_O2_seed43,J5_M2_A2_O2,static,43,43,43,300.0,,solved,,0.011442,cpsat_transport_capacity_relaxation_empty_repositioning_relaxed,OR-Tools CP-SAT,optimal,5,2,2,2,12.000000,12.000000,not_available,12.000000,17.077747,17.077747,not_logged_by_exact_worker,42.314560,0.005607,0.004004,1.400574,true,false,Tiny branch-bound rows are exact over the project simulator. Other rows are CP-SAT transport-capacity relaxation; empty AGV repositioning/path conflicts are relaxed.
exact|static|J5|M2|A2|O2|46,2026-06-03T14:43:45,static_J5_M2_A2_O2_seed46,J5_M2_A2_O2,static,46,46,46,300.0,,solved,,0.012811,cpsat_transport_capacity_relaxation_empty_repositioning_relaxed,OR-Tools CP-SAT,optimal,5,2,2,2,15.000000,15.000000,not_available,15.000000,23.692582,23.692582,not_logged_by_exact_worker,57.950549,0.006571,0.004179,1.572464,true,false,Tiny branch-bound rows are exact over the project simulator. Other rows are CP-SAT transport-capacity relaxation; empty AGV repositioning/path conflicts are relaxed.
exact|static|J5|M2|A2|O2|47,2026-06-03T14:43:45,static_J5_M2_A2_O2_seed47,J5_M2_A2_O2,static,47,47,47,300.0,,solved,,0.012172,cpsat_transport_capacity_relaxation_empty_repositioning_relaxed,OR-Tools CP-SAT,optimal,5,2,2,2,22.000000,22.000000,not_available,22.000000,27.692582,27.692582,not_logged_by_exact_worker,25.875375,0.006000,0.004418,1.358126,true,false,Tiny branch-bound rows are exact over the project simulator. Other rows are CP-SAT transport-capacity relaxation; empty AGV repositioning/path conflicts are relaxed.
exact|static|J5|M2|A2|O2|48,2026-06-03T14:43:45,static_J5_M2_A2_O2_seed48,J5_M2_A2_O2,static,48,48,48,300.0,,solved,,0.011783,cpsat_transport_capacity_relaxation_empty_repositioning_relaxed,OR-Tools CP-SAT,optimal,5,2,2,2,13.000000,13.000000,not_available,13.000000,17.000000,17.000000,not_logged_by_exact_worker,30.769231,0.005628,0.004226,1.331937,true,false,Tiny branch-bound rows are exact over the project simulator. Other rows are CP-SAT transport-capacity relaxation; empty AGV repositioning/path conflicts are relaxed.
exact|static|J5|M2|A2|O2|45,2026-06-03T14:43:45,static_J5_M2_A2_O2_seed45,J5_M2_A2_O2,static,45,45,45,300.0,,solved,,0.018935,cpsat_transport_capacity_relaxation_empty_repositioning_relaxed,OR-Tools CP-SAT,optimal,5,2,2,2,11.000000,11.000000,not_available,11.000000,14.000000,14.000000,not_logged_by_exact_worker,27.272727,0.013020,0.004016,3.242243,true,false,Tiny branch-bound rows are exact over the project simulator. Other rows are CP-SAT transport-capacity relaxation; empty AGV repositioning/path conflicts are relaxed.
exact|static|J5|M2|A2|O2|49,2026-06-03T14:43:45,static_J5_M2_A2_O2_seed49,J5_M2_A2_O2,static,49,49,49,300.0,,solved,,0.011061,cpsat_transport_capacity_relaxation_empty_repositioning_relaxed,OR-Tools CP-SAT,optimal,5,2,2,2,14.800000,14.800000,not_available,14.800000,16.692582,16.692582,not_logged_by_exact_worker,12.787719,0.005683,0.003565,1.593880,true,false,Tiny branch-bound rows are exact over the project simulator. Other rows are CP-SAT transport-capacity relaxation; empty AGV repositioning/path conflicts are relaxed.
exact|static|J5|M2|A2|O2|51,2026-06-03T14:43:45,static_J5_M2_A2_O2_seed51,J5_M2_A2_O2,static,51,51,51,300.0,,solved,,0.010654,cpsat_transport_capacity_relaxation_empty_repositioning_relaxed,OR-Tools CP-SAT,optimal,5,2,2,2,11.000000,11.000000,not_available,11.000000,14.692582,14.692582,not_logged_by_exact_worker,33.568931,0.005377,0.003483,1.543766,true,false,Tiny branch-bound rows are exact over the project simulator. Other rows are CP-SAT transport-capacity relaxation; empty AGV repositioning/path conflicts are relaxed.
exact|static|J5|M2|A2|O2|50,2026-06-03T14:43:45,static_J5_M2_A2_O2_seed50,J5_M2_A2_O2,static,50,50,50,300.0,,solved,,0.011917,cpsat_transport_capacity_relaxation_empty_repositioning_relaxed,OR-Tools CP-SAT,optimal,5,2,2,2,11.000000,11.000000,not_available,11.000000,16.692582,16.692582,not_logged_by_exact_worker,51.750749,0.006153,0.003861,1.593598,true,false,Tiny branch-bound rows are exact over the project simulator. Other rows are CP-SAT transport-capacity relaxation; empty AGV repositioning/path conflicts are relaxed.
exact|breakdown|J5|M2|A2|O3|42,2026-06-03T14:43:45,breakdown_J5_M2_A2_O3_seed42,J5_M2_A2_O3,breakdown,42,30042,42,300.0,,solved,,0.010864,cpsat_transport_capacity_relaxation_empty_repositioning_relaxed,OR-Tools CP-SAT,optimal,5,2,2,3,34.000000,34.000000,not_available,34.000000,35.000000,35.000000,not_logged_by_exact_worker,2.941176,0.002330,0.006489,0.359057,true,false,Tiny branch-bound rows are exact over the project simulator. Other rows are CP-SAT transport-capacity relaxation; empty AGV repositioning/path conflicts are relaxed.
exact|breakdown|J5|M2|A2|O3|43,2026-06-03T14:43:45,breakdown_J5_M2_A2_O3_seed43,J5_M2_A2_O3,breakdown,43,30043,43,300.0,,solved,,0.010023,cpsat_transport_capacity_relaxation_empty_repositioning_relaxed,OR-Tools CP-SAT,optimal,5,2,2,3,35.000000,35.000000,not_available,35.000000,37.692582,37.692582,not_logged_by_exact_worker,7.693093,0.002211,0.005789,0.381972,true,false,Tiny branch-bound rows are exact over the project simulator. Other rows are CP-SAT transport-capacity relaxation; empty AGV repositioning/path conflicts are relaxed.
exact|breakdown|J5|M2|A2|O3|44,2026-06-03T14:43:45,breakdown_J5_M2_A2_O3_seed44,J5_M2_A2_O3,breakdown,44,30044,44,300.0,,solved,,0.009857,cpsat_transport_capacity_relaxation_empty_repositioning_relaxed,OR-Tools CP-SAT,optimal,5,2,2,3,36.000000,36.000000,not_available,36.000000,38.692582,38.692582,not_logged_by_exact_worker,7.479396,0.002185,0.005698,0.383434,true,false,Tiny branch-bound rows are exact over the project simulator. Other rows are CP-SAT transport-capacity relaxation; empty AGV repositioning/path conflicts are relaxed.
exact|breakdown|J5|M2|A2|O3|46,2026-06-03T14:43:45,breakdown_J5_M2_A2_O3_seed46,J5_M2_A2_O3,breakdown,46,30046,46,300.0,,solved,,0.008443,cpsat_transport_capacity_relaxation_empty_repositioning_relaxed,OR-Tools CP-SAT,optimal,5,2,2,3,55.000000,55.000000,not_available,55.000000,57.692582,57.692582,not_logged_by_exact_worker,4.895604,0.001605,0.005047,0.318095,true,false,Tiny branch-bound rows are exact over the project simulator. Other rows are CP-SAT transport-capacity relaxation; empty AGV repositioning/path conflicts are relaxed.
exact|breakdown|J5|M2|A2|O3|45,2026-06-03T14:43:45,breakdown_J5_M2_A2_O3_seed45,J5_M2_A2_O3,breakdown,45,30045,45,300.0,,solved,,0.009869,cpsat_transport_capacity_relaxation_empty_repositioning_relaxed,OR-Tools CP-SAT,optimal,5,2,2,3,36.000000,36.000000,not_available,36.000000,38.692582,38.692582,not_logged_by_exact_worker,7.479396,0.002113,0.005882,0.359164,true,false,Tiny branch-bound rows are exact over the project simulator. Other rows are CP-SAT transport-capacity relaxation; empty AGV repositioning/path conflicts are relaxed.
exact|breakdown|J5|M2|A2|O3|47,2026-06-03T14:43:45,breakdown_J5_M2_A2_O3_seed47,J5_M2_A2_O3,breakdown,47,30047,47,300.0,,solved,,0.009904,cpsat_transport_capacity_relaxation_empty_repositioning_relaxed,OR-Tools CP-SAT,optimal,5,2,2,3,34.000000,34.000000,not_available,34.000000,35.000000,35.000000,not_logged_by_exact_worker,2.941176,0.002270,0.005763,0.393889,true,false,Tiny branch-bound rows are exact over the project simulator. Other rows are CP-SAT transport-capacity relaxation; empty AGV repositioning/path conflicts are relaxed.
exact|breakdown|J5|M2|A2|O3|49,2026-06-03T14:43:45,breakdown_J5_M2_A2_O3_seed49,J5_M2_A2_O3,breakdown,49,30049,49,300.0,,solved,,0.009161,cpsat_transport_capacity_relaxation_empty_repositioning_relaxed,OR-Tools CP-SAT,optimal,5,2,2,3,40.000000,40.000000,not_available,40.000000,41.000000,41.000000,not_logged_by_exact_worker,2.500000,0.001653,0.005688,0.290682,true,false,Tiny branch-bound rows are exact over the project simulator. Other rows are CP-SAT transport-capacity relaxation; empty AGV repositioning/path conflicts are relaxed.
exact|breakdown|J5|M2|A2|O3|48,2026-06-03T14:43:45,breakdown_J5_M2_A2_O3_seed48,J5_M2_A2_O3,breakdown,48,30048,48,300.0,,solved,,0.009964,cpsat_transport_capacity_relaxation_empty_repositioning_relaxed,OR-Tools CP-SAT,optimal,5,2,2,3,40.000000,40.000000,not_available,40.000000,41.000000,41.000000,not_logged_by_exact_worker,2.500000,0.002126,0.005910,0.359731,true,false,Tiny branch-bound rows are exact over the project simulator. Other rows are CP-SAT transport-capacity relaxation; empty AGV repositioning/path conflicts are relaxed.
exact|breakdown|J5|M2|A2|O3|50,2026-06-03T14:43:45,breakdown_J5_M2_A2_O3_seed50,J5_M2_A2_O3,breakdown,50,30050,50,300.0,,solved,,0.010090,cpsat_transport_capacity_relaxation_empty_repositioning_relaxed,OR-Tools CP-SAT,optimal,5,2,2,3,35.000000,35.000000,not_available,35.000000,37.692582,37.692582,not_logged_by_exact_worker,7.693093,0.002185,0.006005,0.363948,true,false,Tiny branch-bound rows are exact over the project simulator. Other rows are CP-SAT transport-capacity relaxation; empty AGV repositioning/path conflicts are relaxed.
exact|breakdown|J5|M2|A2|O3|51,2026-06-03T14:43:45,breakdown_J5_M2_A2_O3_seed51,J5_M2_A2_O3,breakdown,51,30051,51,300.0,,solved,,0.010298,cpsat_transport_capacity_relaxation_empty_repositioning_relaxed,OR-Tools CP-SAT,optimal,5,2,2,3,36.000000,36.000000,not_available,36.000000,37.000000,37.000000,not_logged_by_exact_worker,2.777778,0.002313,0.006047,0.382402,true,false,Tiny branch-bound rows are exact over the project simulator. Other rows are CP-SAT transport-capacity relaxation; empty AGV repositioning/path conflicts are relaxed.
exact|rush_job|J5|M2|A2|O3|44,2026-06-03T14:43:45,rush_job_J5_M2_A2_O3_seed44,J5_M2_A2_O3,rush_job,44,40044,44,300.0,,solved,,0.023949,cpsat_transport_capacity_relaxation_empty_repositioning_relaxed,OR-Tools CP-SAT,optimal,5,2,2,3,25.000000,25.000000,not_available,25.000000,29.692582,29.692582,not_logged_by_exact_worker,18.770330,0.013760,0.007649,1.798949,true,false,Tiny branch-bound rows are exact over the project simulator. Other rows are CP-SAT transport-capacity relaxation; empty AGV repositioning/path conflicts are relaxed.
exact|rush_job|J5|M2|A2|O3|43,2026-06-03T14:43:45,rush_job_J5_M2_A2_O3_seed43,J5_M2_A2_O3,rush_job,43,40043,43,300.0,,solved,,0.025560,cpsat_transport_capacity_relaxation_empty_repositioning_relaxed,OR-Tools CP-SAT,optimal,5,2,2,3,21.000000,21.000000,not_available,21.000000,28.000000,28.000000,not_logged_by_exact_worker,33.333333,0.015779,0.006953,2.269282,true,false,Tiny branch-bound rows are exact over the project simulator. Other rows are CP-SAT transport-capacity relaxation; empty AGV repositioning/path conflicts are relaxed.
exact|rush_job|J5|M2|A2|O3|42,2026-06-03T14:43:45,rush_job_J5_M2_A2_O3_seed42,J5_M2_A2_O3,rush_job,42,40042,42,300.0,,solved,,0.032027,cpsat_transport_capacity_relaxation_empty_repositioning_relaxed,OR-Tools CP-SAT,optimal,5,2,2,3,20.000000,20.000000,not_available,20.000000,26.100909,26.100909,not_logged_by_exact_worker,30.504547,0.021671,0.007719,2.807319,true,false,Tiny branch-bound rows are exact over the project simulator. Other rows are CP-SAT transport-capacity relaxation; empty AGV repositioning/path conflicts are relaxed.
exact|rush_job|J5|M2|A2|O3|45,2026-06-03T14:43:45,rush_job_J5_M2_A2_O3_seed45,J5_M2_A2_O3,rush_job,45,40045,45,300.0,,solved,,0.033997,cpsat_transport_capacity_relaxation_empty_repositioning_relaxed,OR-Tools CP-SAT,optimal,5,2,2,3,20.000000,20.000000,not_available,20.000000,29.000000,29.000000,not_logged_by_exact_worker,45.000000,0.023604,0.007624,3.095892,true,false,Tiny branch-bound rows are exact over the project simulator. Other rows are CP-SAT transport-capacity relaxation; empty AGV repositioning/path conflicts are relaxed.
exact|rush_job|J5|M2|A2|O3|47,2026-06-03T14:43:45,rush_job_J5_M2_A2_O3_seed47,J5_M2_A2_O3,rush_job,47,40047,47,300.0,,solved,,0.022767,cpsat_transport_capacity_relaxation_empty_repositioning_relaxed,OR-Tools CP-SAT,optimal,5,2,2,3,28.000000,28.000000,not_available,28.000000,36.692582,36.692582,not_logged_by_exact_worker,31.044937,0.012684,0.007466,1.698851,true,false,Tiny branch-bound rows are exact over the project simulator. Other rows are CP-SAT transport-capacity relaxation; empty AGV repositioning/path conflicts are relaxed.
exact|rush_job|J5|M2|A2|O3|46,2026-06-03T14:43:45,rush_job_J5_M2_A2_O3_seed46,J5_M2_A2_O3,rush_job,46,40046,46,300.0,,solved,,0.040335,cpsat_transport_capacity_relaxation_empty_repositioning_relaxed,OR-Tools CP-SAT,optimal,5,2,2,3,22.000000,22.000000,not_available,22.000000,26.000000,26.000000,not_logged_by_exact_worker,18.181818,0.031034,0.006273,4.947597,true,false,Tiny branch-bound rows are exact over the project simulator. Other rows are CP-SAT transport-capacity relaxation; empty AGV repositioning/path conflicts are relaxed.
exact|rush_job|J5|M2|A2|O3|48,2026-06-03T14:43:45,rush_job_J5_M2_A2_O3_seed48,J5_M2_A2_O3,rush_job,48,40048,48,300.0,,solved,,0.037023,cpsat_transport_capacity_relaxation_empty_repositioning_relaxed,OR-Tools CP-SAT,optimal,5,2,2,3,18.800000,18.800000,not_available,18.800000,29.880523,29.880523,not_logged_by_exact_worker,58.938951,0.027206,0.006983,3.896188,true,false,Tiny branch-bound rows are exact over the project simulator. Other rows are CP-SAT transport-capacity relaxation; empty AGV repositioning/path conflicts are relaxed.
exact|rush_job|J5|M2|A2|O3|50,2026-06-03T14:43:45,rush_job_J5_M2_A2_O3_seed50,J5_M2_A2_O3,rush_job,50,40050,50,300.0,,solved,,0.025404,cpsat_transport_capacity_relaxation_empty_repositioning_relaxed,OR-Tools CP-SAT,optimal,5,2,2,3,22.000000,22.000000,not_available,22.000000,26.000000,26.000000,not_logged_by_exact_worker,18.181818,0.015791,0.007134,2.213477,true,false,Tiny branch-bound rows are exact over the project simulator. Other rows are CP-SAT transport-capacity relaxation; empty AGV repositioning/path conflicts are relaxed.
exact|mixed|J5|M2|A2|O3|42,2026-06-03T14:43:45,mixed_J5_M2_A2_O3_seed42,J5_M2_A2_O3,mixed,42,50042,42,300.0,,solved,,0.014952,cpsat_transport_capacity_relaxation_empty_repositioning_relaxed,OR-Tools CP-SAT,optimal,5,2,2,3,34.000000,34.000000,not_available,34.000000,35.000000,35.000000,not_logged_by_exact_worker,2.941176,0.004807,0.007831,0.613833,true,false,Tiny branch-bound rows are exact over the project simulator. Other rows are CP-SAT transport-capacity relaxation; empty AGV repositioning/path conflicts are relaxed.
exact|rush_job|J5|M2|A2|O3|51,2026-06-03T14:43:45,rush_job_J5_M2_A2_O3_seed51,J5_M2_A2_O3,rush_job,51,40051,51,300.0,,solved,,0.027596,cpsat_transport_capacity_relaxation_empty_repositioning_relaxed,OR-Tools CP-SAT,optimal,5,2,2,3,23.000000,23.000000,not_available,23.000000,25.692582,25.692582,not_logged_by_exact_worker,11.706880,0.017076,0.007794,2.190936,true,false,Tiny branch-bound rows are exact over the project simulator. Other rows are CP-SAT transport-capacity relaxation; empty AGV repositioning/path conflicts are relaxed.
exact|mixed|J5|M2|A2|O3|44,2026-06-03T14:43:45,mixed_J5_M2_A2_O3_seed44,J5_M2_A2_O3,mixed,44,50044,44,300.0,,solved,,0.013890,cpsat_transport_capacity_relaxation_empty_repositioning_relaxed,OR-Tools CP-SAT,optimal,5,2,2,3,36.000000,36.000000,not_available,36.000000,38.692582,38.692582,not_logged_by_exact_worker,7.479396,0.004777,0.006951,0.687260,true,false,Tiny branch-bound rows are exact over the project simulator. Other rows are CP-SAT transport-capacity relaxation; empty AGV repositioning/path conflicts are relaxed.
exact|rush_job|J5|M2|A2|O3|49,2026-06-03T14:43:45,rush_job_J5_M2_A2_O3_seed49,J5_M2_A2_O3,rush_job,49,40049,49,300.0,,solved,,0.055874,cpsat_transport_capacity_relaxation_empty_repositioning_relaxed,OR-Tools CP-SAT,optimal,5,2,2,3,19.000000,19.000000,not_available,19.000000,28.000000,28.000000,not_logged_by_exact_worker,47.368421,0.045541,0.007401,6.153800,true,false,Tiny branch-bound rows are exact over the project simulator. Other rows are CP-SAT transport-capacity relaxation; empty AGV repositioning/path conflicts are relaxed.
exact|mixed|J5|M2|A2|O3|43,2026-06-03T14:43:45,mixed_J5_M2_A2_O3_seed43,J5_M2_A2_O3,mixed,43,50043,43,300.0,,solved,,0.028448,cpsat_transport_capacity_relaxation_empty_repositioning_relaxed,OR-Tools CP-SAT,optimal,5,2,2,3,35.000000,35.000000,not_available,35.000000,39.692582,39.692582,not_logged_by_exact_worker,13.407378,0.018931,0.007299,2.593665,true,false,Tiny branch-bound rows are exact over the project simulator. Other rows are CP-SAT transport-capacity relaxation; empty AGV repositioning/path conflicts are relaxed.
exact|mixed|J5|M2|A2|O3|45,2026-06-03T14:43:45,mixed_J5_M2_A2_O3_seed45,J5_M2_A2_O3,mixed,45,50045,45,300.0,,solved,,0.013403,cpsat_transport_capacity_relaxation_empty_repositioning_relaxed,OR-Tools CP-SAT,optimal,5,2,2,3,36.000000,36.000000,not_available,36.000000,40.692582,40.692582,not_logged_by_exact_worker,13.034951,0.004182,0.007089,0.589889,true,false,Tiny branch-bound rows are exact over the project simulator. Other rows are CP-SAT transport-capacity relaxation; empty AGV repositioning/path conflicts are relaxed.
exact|mixed|J5|M2|A2|O3|46,2026-06-03T14:43:45,mixed_J5_M2_A2_O3_seed46,J5_M2_A2_O3,mixed,46,50046,46,300.0,,solved,,0.012413,cpsat_transport_capacity_relaxation_empty_repositioning_relaxed,OR-Tools CP-SAT,optimal,5,2,2,3,55.000000,55.000000,not_available,55.000000,57.692582,57.692582,not_logged_by_exact_worker,4.895604,0.004169,0.006219,0.670333,true,false,Tiny branch-bound rows are exact over the project simulator. Other rows are CP-SAT transport-capacity relaxation; empty AGV repositioning/path conflicts are relaxed.
exact|mixed|J5|M2|A2|O3|47,2026-06-03T14:43:45,mixed_J5_M2_A2_O3_seed47,J5_M2_A2_O3,mixed,47,50047,47,300.0,,solved,,0.017577,cpsat_transport_capacity_relaxation_empty_repositioning_relaxed,OR-Tools CP-SAT,optimal,5,2,2,3,34.000000,34.000000,not_available,34.000000,35.000000,35.000000,not_logged_by_exact_worker,2.941176,0.007800,0.007480,1.042876,true,false,Tiny branch-bound rows are exact over the project simulator. Other rows are CP-SAT transport-capacity relaxation; empty AGV repositioning/path conflicts are relaxed.
exact|mixed|J5|M2|A2|O3|48,2026-06-03T14:43:45,mixed_J5_M2_A2_O3_seed48,J5_M2_A2_O3,mixed,48,50048,48,300.0,,solved,,0.012915,cpsat_transport_capacity_relaxation_empty_repositioning_relaxed,OR-Tools CP-SAT,optimal,5,2,2,3,40.000000,40.000000,not_available,40.000000,41.000000,41.000000,not_logged_by_exact_worker,2.500000,0.003599,0.007165,0.502275,true,false,Tiny branch-bound rows are exact over the project simulator. Other rows are CP-SAT transport-capacity relaxation; empty AGV repositioning/path conflicts are relaxed.
exact|mixed|J5|M2|A2|O3|49,2026-06-03T14:43:45,mixed_J5_M2_A2_O3_seed49,J5_M2_A2_O3,mixed,49,50049,49,300.0,,solved,,0.013193,cpsat_transport_capacity_relaxation_empty_repositioning_relaxed,OR-Tools CP-SAT,optimal,5,2,2,3,40.000000,40.000000,not_available,40.000000,41.000000,41.000000,not_logged_by_exact_worker,2.500000,0.004168,0.006882,0.605550,true,false,Tiny branch-bound rows are exact over the project simulator. Other rows are CP-SAT transport-capacity relaxation; empty AGV repositioning/path conflicts are relaxed.
exact|mixed|J5|M2|A2|O3|50,2026-06-03T14:43:45,mixed_J5_M2_A2_O3_seed50,J5_M2_A2_O3,mixed,50,50050,50,300.0,,solved,,0.013826,cpsat_transport_capacity_relaxation_empty_repositioning_relaxed,OR-Tools CP-SAT,optimal,5,2,2,3,35.000000,35.000000,not_available,35.000000,39.692582,39.692582,not_logged_by_exact_worker,13.407378,0.004411,0.007298,0.604357,true,false,Tiny branch-bound rows are exact over the project simulator. Other rows are CP-SAT transport-capacity relaxation; empty AGV repositioning/path conflicts are relaxed.
exact|mixed|J5|M2|A2|O3|51,2026-06-03T14:43:45,mixed_J5_M2_A2_O3_seed51,J5_M2_A2_O3,mixed,51,50051,51,300.0,,solved,,0.013685,cpsat_transport_capacity_relaxation_empty_repositioning_relaxed,OR-Tools CP-SAT,optimal,5,2,2,3,36.000000,36.000000,not_available,36.000000,37.000000,37.000000,not_logged_by_exact_worker,2.777778,0.004033,0.007355,0.548411,true,false,Tiny branch-bound rows are exact over the project simulator. Other rows are CP-SAT transport-capacity relaxation; empty AGV repositioning/path conflicts are relaxed.
exact|static|J5|M2|A2|O3|42,2026-06-03T14:43:45,static_J5_M2_A2_O3_seed42,J5_M2_A2_O3,static,42,42,42,300.0,,solved,,0.017693,cpsat_transport_capacity_relaxation_empty_repositioning_relaxed,OR-Tools CP-SAT,optimal,5,2,2,3,17.000000,17.000000,not_available,17.000000,21.298134,21.298134,not_logged_by_exact_worker,25.283139,0.008962,0.006312,1.419835,true,false,Tiny branch-bound rows are exact over the project simulator. Other rows are CP-SAT transport-capacity relaxation; empty AGV repositioning/path conflicts are relaxed.
exact|static|J5|M2|A2|O3|43,2026-06-03T14:43:45,static_J5_M2_A2_O3_seed43,J5_M2_A2_O3,static,43,43,43,300.0,,solved,,0.018856,cpsat_transport_capacity_relaxation_empty_repositioning_relaxed,OR-Tools CP-SAT,optimal,5,2,2,3,19.000000,19.000000,not_available,19.000000,22.000000,22.000000,not_logged_by_exact_worker,15.789474,0.009976,0.006351,1.570684,true,false,Tiny branch-bound rows are exact over the project simulator. Other rows are CP-SAT transport-capacity relaxation; empty AGV repositioning/path conflicts are relaxed.
exact|static|J5|M2|A2|O3|45,2026-06-03T14:43:45,static_J5_M2_A2_O3_seed45,J5_M2_A2_O3,static,45,45,45,300.0,,solved,,0.027256,cpsat_transport_capacity_relaxation_empty_repositioning_relaxed,OR-Tools CP-SAT,optimal,5,2,2,3,19.000000,19.000000,not_available,19.000000,24.000000,24.000000,not_logged_by_exact_worker,26.315789,0.018477,0.006177,2.991290,true,false,Tiny branch-bound rows are exact over the project simulator. Other rows are CP-SAT transport-capacity relaxation; empty AGV repositioning/path conflicts are relaxed.
exact|static|J5|M2|A2|O3|47,2026-06-03T14:43:45,static_J5_M2_A2_O3_seed47,J5_M2_A2_O3,static,47,47,47,300.0,,solved,,0.019228,cpsat_transport_capacity_relaxation_empty_repositioning_relaxed,OR-Tools CP-SAT,optimal,5,2,2,3,25.000000,25.000000,not_available,25.000000,31.495358,31.495358,not_logged_by_exact_worker,25.981432,0.011160,0.005726,1.948921,true,false,Tiny branch-bound rows are exact over the project simulator. Other rows are CP-SAT transport-capacity relaxation; empty AGV repositioning/path conflicts are relaxed.
exact|static|J5|M2|A2|O3|46,2026-06-03T14:43:45,static_J5_M2_A2_O3_seed46,J5_M2_A2_O3,static,46,46,46,300.0,,solved,,0.028013,cpsat_transport_capacity_relaxation_empty_repositioning_relaxed,OR-Tools CP-SAT,optimal,5,2,2,3,20.000000,20.000000,not_available,20.000000,22.692582,22.692582,not_logged_by_exact_worker,13.462912,0.018979,0.006201,3.060407,true,false,Tiny branch-bound rows are exact over the project simulator. Other rows are CP-SAT transport-capacity relaxation; empty AGV repositioning/path conflicts are relaxed.
exact|static|J5|M2|A2|O3|48,2026-06-03T14:43:45,static_J5_M2_A2_O3_seed48,J5_M2_A2_O3,static,48,48,48,300.0,,solved,,0.021869,cpsat_transport_capacity_relaxation_empty_repositioning_relaxed,OR-Tools CP-SAT,optimal,5,2,2,3,18.000000,18.000000,not_available,18.000000,23.692582,23.692582,not_logged_by_exact_worker,31.625458,0.013819,0.005566,2.482797,true,false,Tiny branch-bound rows are exact over the project simulator. Other rows are CP-SAT transport-capacity relaxation; empty AGV repositioning/path conflicts are relaxed.
exact|static|J5|M2|A2|O3|44,2026-06-03T14:43:45,static_J5_M2_A2_O3_seed44,J5_M2_A2_O3,static,44,44,44,300.0,,solved,,0.058202,cpsat_transport_capacity_relaxation_empty_repositioning_relaxed,OR-Tools CP-SAT,optimal,5,2,2,3,23.000000,23.000000,not_available,23.000000,31.683298,31.683298,not_logged_by_exact_worker,37.753472,0.048929,0.006845,7.147868,true,false,Tiny branch-bound rows are exact over the project simulator. Other rows are CP-SAT transport-capacity relaxation; empty AGV repositioning/path conflicts are relaxed.
exact|static|J5|M2|A2|O3|50,2026-06-03T14:43:45,static_J5_M2_A2_O3_seed50,J5_M2_A2_O3,static,50,50,50,300.0,,solved,,0.022045,cpsat_transport_capacity_relaxation_empty_repositioning_relaxed,OR-Tools CP-SAT,optimal,5,2,2,3,20.000000,20.000000,not_available,20.000000,25.000000,25.000000,not_logged_by_exact_worker,25.000000,0.013843,0.005938,2.331071,true,false,Tiny branch-bound rows are exact over the project simulator. Other rows are CP-SAT transport-capacity relaxation; empty AGV repositioning/path conflicts are relaxed.
exact|static|J5|M2|A2|O3|49,2026-06-03T14:43:45,static_J5_M2_A2_O3_seed49,J5_M2_A2_O3,static,49,49,49,300.0,,solved,,0.028546,cpsat_transport_capacity_relaxation_empty_repositioning_relaxed,OR-Tools CP-SAT,optimal,5,2,2,3,18.000000,18.000000,not_available,18.000000,25.692582,25.692582,not_logged_by_exact_worker,42.736569,0.019173,0.006763,2.835155,true,false,Tiny branch-bound rows are exact over the project simulator. Other rows are CP-SAT transport-capacity relaxation; empty AGV repositioning/path conflicts are relaxed.
exact|breakdown|J5|M3|A1|O2|42,2026-06-03T14:43:45,breakdown_J5_M3_A1_O2_seed42,J5_M3_A1_O2,breakdown,42,30042,42,300.0,,solved,,0.007241,cpsat_transport_capacity_relaxation_empty_repositioning_relaxed,OR-Tools CP-SAT,optimal,5,3,1,2,19.000000,19.000000,not_available,19.000000,27.871239,27.871239,not_logged_by_exact_worker,46.690731,0.001682,0.003874,0.434313,true,false,Tiny branch-bound rows are exact over the project simulator. Other rows are CP-SAT transport-capacity relaxation; empty AGV repositioning/path conflicts are relaxed.
exact|breakdown|J5|M3|A1|O2|43,2026-06-03T14:43:45,breakdown_J5_M3_A1_O2_seed43,J5_M3_A1_O2,breakdown,43,30043,43,300.0,,solved,,0.007787,cpsat_transport_capacity_relaxation_empty_repositioning_relaxed,OR-Tools CP-SAT,optimal,5,3,1,2,15.000000,15.000000,not_available,15.000000,36.586983,36.586983,not_logged_by_exact_worker,143.913223,0.001885,0.004265,0.441832,true,false,Tiny branch-bound rows are exact over the project simulator. Other rows are CP-SAT transport-capacity relaxation; empty AGV repositioning/path conflicts are relaxed.
exact|breakdown|J5|M3|A1|O2|45,2026-06-03T14:43:45,breakdown_J5_M3_A1_O2_seed45,J5_M3_A1_O2,breakdown,45,30045,45,300.0,,solved,,0.006820,cpsat_transport_capacity_relaxation_empty_repositioning_relaxed,OR-Tools CP-SAT,optimal,5,3,1,2,10.000000,10.000000,not_available,10.000000,34.385165,34.385165,not_logged_by_exact_worker,243.851648,0.001760,0.003376,0.521193,true,false,Tiny branch-bound rows are exact over the project simulator. Other rows are CP-SAT transport-capacity relaxation; empty AGV repositioning/path conflicts are relaxed.
exact|breakdown|J5|M3|A1|O2|46,2026-06-03T14:43:45,breakdown_J5_M3_A1_O2_seed46,J5_M3_A1_O2,breakdown,46,30046,46,300.0,,solved,,0.007438,cpsat_transport_capacity_relaxation_empty_repositioning_relaxed,OR-Tools CP-SAT,optimal,5,3,1,2,16.000000,16.000000,not_available,16.000000,22.000000,22.000000,not_logged_by_exact_worker,37.500000,0.002446,0.003273,0.747380,true,false,Tiny branch-bound rows are exact over the project simulator. Other rows are CP-SAT transport-capacity relaxation; empty AGV repositioning/path conflicts are relaxed.
exact|breakdown|J5|M3|A1|O2|44,2026-06-03T14:43:45,breakdown_J5_M3_A1_O2_seed44,J5_M3_A1_O2,breakdown,44,30044,44,300.0,,solved,,0.013040,cpsat_transport_capacity_relaxation_empty_repositioning_relaxed,OR-Tools CP-SAT,optimal,5,3,1,2,12.800000,12.800000,not_available,12.800000,39.375881,39.375881,not_logged_by_exact_worker,207.624069,0.007105,0.004257,1.668914,true,false,Tiny branch-bound rows are exact over the project simulator. Other rows are CP-SAT transport-capacity relaxation; empty AGV repositioning/path conflicts are relaxed.
exact|static|J5|M2|A2|O3|51,2026-06-03T14:43:45,static_J5_M2_A2_O3_seed51,J5_M2_A2_O3,static,51,51,51,300.0,,solved,,0.023942,cpsat_transport_capacity_relaxation_empty_repositioning_relaxed,OR-Tools CP-SAT,optimal,5,2,2,3,20.000000,20.000000,not_available,20.000000,30.495358,30.495358,not_logged_by_exact_worker,52.476790,0.015563,0.005955,2.613488,true,false,Tiny branch-bound rows are exact over the project simulator. Other rows are CP-SAT transport-capacity relaxation; empty AGV repositioning/path conflicts are relaxed.
exact|breakdown|J5|M3|A1|O2|47,2026-06-03T14:43:45,breakdown_J5_M3_A1_O2_seed47,J5_M3_A1_O2,breakdown,47,30047,47,300.0,,solved,,0.007871,cpsat_transport_capacity_relaxation_empty_repositioning_relaxed,OR-Tools CP-SAT,optimal,5,3,1,2,17.000000,17.000000,not_available,17.000000,34.586983,34.586983,not_logged_by_exact_worker,103.452844,0.001787,0.004466,0.400004,true,false,Tiny branch-bound rows are exact over the project simulator. Other rows are CP-SAT transport-capacity relaxation; empty AGV repositioning/path conflicts are relaxed.
exact|breakdown|J5|M3|A1|O2|48,2026-06-03T14:43:45,breakdown_J5_M3_A1_O2_seed48,J5_M3_A1_O2,breakdown,48,30048,48,300.0,,solved,,0.008306,cpsat_transport_capacity_relaxation_empty_repositioning_relaxed,OR-Tools CP-SAT,optimal,5,3,1,2,19.000000,19.000000,not_available,19.000000,20.000000,20.000000,not_logged_by_exact_worker,5.263158,0.002695,0.003932,0.685564,true,false,Tiny branch-bound rows are exact over the project simulator. Other rows are CP-SAT transport-capacity relaxation; empty AGV repositioning/path conflicts are relaxed.
exact|breakdown|J5|M3|A1|O2|49,2026-06-03T14:43:45,breakdown_J5_M3_A1_O2_seed49,J5_M3_A1_O2,breakdown,49,30049,49,300.0,,solved,,0.007934,cpsat_transport_capacity_relaxation_empty_repositioning_relaxed,OR-Tools CP-SAT,optimal,5,3,1,2,17.000000,17.000000,not_available,17.000000,29.288850,29.288850,not_logged_by_exact_worker,72.287352,0.001978,0.004162,0.475155,true,false,Tiny branch-bound rows are exact over the project simulator. Other rows are CP-SAT transport-capacity relaxation; empty AGV repositioning/path conflicts are relaxed.
exact|breakdown|J5|M3|A1|O2|50,2026-06-03T14:43:45,breakdown_J5_M3_A1_O2_seed50,J5_M3_A1_O2,breakdown,50,30050,50,300.0,,solved,,0.008774,cpsat_transport_capacity_relaxation_empty_repositioning_relaxed,OR-Tools CP-SAT,optimal,5,3,1,2,11.800000,11.800000,not_available,11.800000,34.761046,34.761046,not_logged_by_exact_worker,194.585133,0.003319,0.003773,0.879708,true,false,Tiny branch-bound rows are exact over the project simulator. Other rows are CP-SAT transport-capacity relaxation; empty AGV repositioning/path conflicts are relaxed.
exact|breakdown|J5|M3|A1|O2|51,2026-06-03T14:43:45,breakdown_J5_M3_A1_O2_seed51,J5_M3_A1_O2,breakdown,51,30051,51,300.0,,solved,,0.008621,cpsat_transport_capacity_relaxation_empty_repositioning_relaxed,OR-Tools CP-SAT,optimal,5,3,1,2,14.000000,14.000000,not_available,14.000000,34.385165,34.385165,not_logged_by_exact_worker,145.608320,0.002900,0.003924,0.738979,true,false,Tiny branch-bound rows are exact over the project simulator. Other rows are CP-SAT transport-capacity relaxation; empty AGV repositioning/path conflicts are relaxed.
exact|rush_job|J5|M3|A1|O2|42,2026-06-03T14:43:45,rush_job_J5_M3_A1_O2_seed42,J5_M3_A1_O2,rush_job,42,40042,42,300.0,,solved,,0.013763,cpsat_transport_capacity_relaxation_empty_repositioning_relaxed,OR-Tools CP-SAT,optimal,5,3,1,2,14.000000,14.000000,not_available,14.000000,42.366597,42.366597,not_logged_by_exact_worker,202.618550,0.006489,0.005170,1.255072,true,false,Tiny branch-bound rows are exact over the project simulator. Other rows are CP-SAT transport-capacity relaxation; empty AGV repositioning/path conflicts are relaxed.
exact|rush_job|J5|M3|A1|O2|43,2026-06-03T14:43:45,rush_job_J5_M3_A1_O2_seed43,J5_M3_A1_O2,rush_job,43,40043,43,300.0,,solved,,0.016663,cpsat_transport_capacity_relaxation_empty_repositioning_relaxed,OR-Tools CP-SAT,optimal,5,3,1,2,13.000000,13.000000,not_available,13.000000,43.981432,43.981432,not_logged_by_exact_worker,238.318709,0.009022,0.005577,1.617798,true,false,Tiny branch-bound rows are exact over the project simulator. Other rows are CP-SAT transport-capacity relaxation; empty AGV repositioning/path conflicts are relaxed.
exact|rush_job|J5|M3|A1|O2|44,2026-06-03T14:43:45,rush_job_J5_M3_A1_O2_seed44,J5_M3_A1_O2,rush_job,44,40044,44,300.0,,solved,,0.012814,cpsat_transport_capacity_relaxation_empty_repositioning_relaxed,OR-Tools CP-SAT,optimal,5,3,1,2,10.000000,10.000000,not_available,10.000000,37.586983,37.586983,not_logged_by_exact_worker,275.869834,0.005235,0.005490,0.953533,true,false,Tiny branch-bound rows are exact over the project simulator. Other rows are CP-SAT transport-capacity relaxation; empty AGV repositioning/path conflicts are relaxed.
exact|rush_job|J5|M3|A1|O2|45,2026-06-03T14:43:45,rush_job_J5_M3_A1_O2_seed45,J5_M3_A1_O2,rush_job,45,40045,45,300.0,,solved,,0.011752,cpsat_transport_capacity_relaxation_empty_repositioning_relaxed,OR-Tools CP-SAT,optimal,5,3,1,2,9.000000,9.000000,not_available,9.000000,35.596267,35.596267,not_logged_by_exact_worker,295.514082,0.004789,0.005076,0.943480,true,false,Tiny branch-bound rows are exact over the project simulator. Other rows are CP-SAT transport-capacity relaxation; empty AGV repositioning/path conflicts are relaxed.
exact|rush_job|J5|M3|A1|O2|47,2026-06-03T14:43:45,rush_job_J5_M3_A1_O2_seed47,J5_M3_A1_O2,rush_job,47,40047,47,300.0,,solved,,0.013375,cpsat_transport_capacity_relaxation_empty_repositioning_relaxed,OR-Tools CP-SAT,optimal,5,3,1,2,17.800000,17.800000,not_available,17.800000,39.972148,39.972148,not_logged_by_exact_worker,124.562631,0.005568,0.005612,0.992142,true,false,Tiny branch-bound rows are exact over the project simulator. Other rows are CP-SAT transport-capacity relaxation; empty AGV repositioning/path conflicts are relaxed.
exact|rush_job|J5|M3|A1|O2|46,2026-06-03T14:43:45,rush_job_J5_M3_A1_O2_seed46,J5_M3_A1_O2,rush_job,46,40046,46,300.0,,solved,,0.019063,cpsat_transport_capacity_relaxation_empty_repositioning_relaxed,OR-Tools CP-SAT,optimal,5,3,1,2,13.000000,13.000000,not_available,13.000000,38.596267,38.596267,not_logged_by_exact_worker,196.894364,0.011186,0.005660,1.976501,true,false,Tiny branch-bound rows are exact over the project simulator. Other rows are CP-SAT transport-capacity relaxation; empty AGV repositioning/path conflicts are relaxed.
exact|rush_job|J5|M3|A1|O2|48,2026-06-03T14:43:45,rush_job_J5_M3_A1_O2_seed48,J5_M3_A1_O2,rush_job,48,40048,48,300.0,,solved,,0.017277,cpsat_transport_capacity_relaxation_empty_repositioning_relaxed,OR-Tools CP-SAT,optimal,5,3,1,2,12.000000,12.000000,not_available,12.000000,38.586983,38.586983,not_logged_by_exact_worker,221.558195,0.009525,0.005646,1.686975,true,false,Tiny branch-bound rows are exact over the project simulator. Other rows are CP-SAT transport-capacity relaxation; empty AGV repositioning/path conflicts are relaxed.
exact|rush_job|J5|M3|A1|O2|49,2026-06-03T14:43:45,rush_job_J5_M3_A1_O2_seed49,J5_M3_A1_O2,rush_job,49,40049,49,300.0,,solved,,0.018643,cpsat_transport_capacity_relaxation_empty_repositioning_relaxed,OR-Tools CP-SAT,optimal,5,3,1,2,14.000000,14.000000,not_available,14.000000,48.972148,48.972148,not_logged_by_exact_worker,249.801059,0.010484,0.005926,1.769059,true,false,Tiny branch-bound rows are exact over the project simulator. Other rows are CP-SAT transport-capacity relaxation; empty AGV repositioning/path conflicts are relaxed.
exact|mixed|J5|M3|A1|O2|42,2026-06-03T14:43:45,mixed_J5_M3_A1_O2_seed42,J5_M3_A1_O2,mixed,42,50042,42,300.0,,solved,,0.010216,cpsat_transport_capacity_relaxation_empty_repositioning_relaxed,OR-Tools CP-SAT,optimal,5,3,1,2,19.000000,19.000000,not_available,19.000000,29.871239,29.871239,not_logged_by_exact_worker,57.217047,0.003431,0.004849,0.707709,true,false,Tiny branch-bound rows are exact over the project simulator. Other rows are CP-SAT transport-capacity relaxation; empty AGV repositioning/path conflicts are relaxed.
exact|rush_job|J5|M3|A1|O2|50,2026-06-03T14:43:45,rush_job_J5_M3_A1_O2_seed50,J5_M3_A1_O2,rush_job,50,40050,50,300.0,,solved,,0.015523,cpsat_transport_capacity_relaxation_empty_repositioning_relaxed,OR-Tools CP-SAT,optimal,5,3,1,2,10.000000,10.000000,not_available,10.000000,34.958270,34.958270,not_logged_by_exact_worker,249.582701,0.008391,0.005024,1.670097,true,false,Tiny branch-bound rows are exact over the project simulator. Other rows are CP-SAT transport-capacity relaxation; empty AGV repositioning/path conflicts are relaxed.
exact|mixed|J5|M3|A1|O2|43,2026-06-03T14:43:45,mixed_J5_M3_A1_O2_seed43,J5_M3_A1_O2,mixed,43,50043,43,300.0,,solved,,0.009807,cpsat_transport_capacity_relaxation_empty_repositioning_relaxed,OR-Tools CP-SAT,optimal,5,3,1,2,15.000000,15.000000,not_available,15.000000,38.586983,38.586983,not_logged_by_exact_worker,157.246556,0.002759,0.005208,0.529801,true,false,Tiny branch-bound rows are exact over the project simulator. Other rows are CP-SAT transport-capacity relaxation; empty AGV repositioning/path conflicts are relaxed.
exact|rush_job|J5|M3|A1|O2|51,2026-06-03T14:43:45,rush_job_J5_M3_A1_O2_seed51,J5_M3_A1_O2,rush_job,51,40051,51,300.0,,solved,,0.013801,cpsat_transport_capacity_relaxation_empty_repositioning_relaxed,OR-Tools CP-SAT,optimal,5,3,1,2,13.000000,13.000000,not_available,13.000000,42.563821,42.563821,not_logged_by_exact_worker,227.414010,0.006152,0.005366,1.146395,true,false,Tiny branch-bound rows are exact over the project simulator. Other rows are CP-SAT transport-capacity relaxation; empty AGV repositioning/path conflicts are relaxed.
exact|mixed|J5|M3|A1|O2|45,2026-06-03T14:43:45,mixed_J5_M3_A1_O2_seed45,J5_M3_A1_O2,mixed,45,50045,45,300.0,,solved,,0.009802,cpsat_transport_capacity_relaxation_empty_repositioning_relaxed,OR-Tools CP-SAT,optimal,5,3,1,2,10.000000,10.000000,not_available,10.000000,35.793492,35.793492,not_logged_by_exact_worker,257.934917,0.003198,0.004660,0.686309,true,false,Tiny branch-bound rows are exact over the project simulator. Other rows are CP-SAT transport-capacity relaxation; empty AGV repositioning/path conflicts are relaxed.
exact|mixed|J5|M3|A1|O2|44,2026-06-03T14:43:45,mixed_J5_M3_A1_O2_seed44,J5_M3_A1_O2,mixed,44,50044,44,300.0,,solved,,0.011954,cpsat_transport_capacity_relaxation_empty_repositioning_relaxed,OR-Tools CP-SAT,optimal,5,3,1,2,13.600000,13.600000,not_available,13.600000,48.981432,48.981432,not_logged_by_exact_worker,260.157589,0.004611,0.005546,0.831350,true,false,Tiny branch-bound rows are exact over the project simulator. Other rows are CP-SAT transport-capacity relaxation; empty AGV repositioning/path conflicts are relaxed.
exact|mixed|J5|M3|A1|O2|46,2026-06-03T14:43:45,mixed_J5_M3_A1_O2_seed46,J5_M3_A1_O2,mixed,46,50046,46,300.0,,solved,,0.010776,cpsat_transport_capacity_relaxation_empty_repositioning_relaxed,OR-Tools CP-SAT,optimal,5,3,1,2,17.000000,17.000000,not_available,17.000000,24.265688,24.265688,not_logged_by_exact_worker,42.739339,0.004269,0.004508,0.946834,true,false,Tiny branch-bound rows are exact over the project simulator. Other rows are CP-SAT transport-capacity relaxation; empty AGV repositioning/path conflicts are relaxed.
exact|mixed|J5|M3|A1|O2|47,2026-06-03T14:43:45,mixed_J5_M3_A1_O2_seed47,J5_M3_A1_O2,mixed,47,50047,47,300.0,,solved,,0.016824,cpsat_transport_capacity_relaxation_empty_repositioning_relaxed,OR-Tools CP-SAT,optimal,5,3,1,2,17.000000,17.000000,not_available,17.000000,39.972148,39.972148,not_logged_by_exact_worker,135.130284,0.009114,0.005773,1.578602,true,false,Tiny branch-bound rows are exact over the project simulator. Other rows are CP-SAT transport-capacity relaxation; empty AGV repositioning/path conflicts are relaxed.
exact|mixed|J5|M3|A1|O2|49,2026-06-03T14:43:45,mixed_J5_M3_A1_O2_seed49,J5_M3_A1_O2,mixed,49,50049,49,300.0,,solved,,0.011367,cpsat_transport_capacity_relaxation_empty_repositioning_relaxed,OR-Tools CP-SAT,optimal,5,3,1,2,17.000000,17.000000,not_available,17.000000,38.476790,38.476790,not_logged_by_exact_worker,126.334060,0.003821,0.005552,0.688270,true,false,Tiny branch-bound rows are exact over the project simulator. Other rows are CP-SAT transport-capacity relaxation; empty AGV repositioning/path conflicts are relaxed.
exact|mixed|J5|M3|A1|O2|50,2026-06-03T14:43:45,mixed_J5_M3_A1_O2_seed50,J5_M3_A1_O2,mixed,50,50050,50,300.0,,solved,,0.010914,cpsat_transport_capacity_relaxation_empty_repositioning_relaxed,OR-Tools CP-SAT,optimal,5,3,1,2,13.000000,13.000000,not_available,13.000000,40.169373,40.169373,not_logged_by_exact_worker,208.995174,0.003875,0.005126,0.756013,true,false,Tiny branch-bound rows are exact over the project simulator. Other rows are CP-SAT transport-capacity relaxation; empty AGV repositioning/path conflicts are relaxed.
exact|mixed|J5|M3|A1|O2|48,2026-06-03T14:43:45,mixed_J5_M3_A1_O2_seed48,J5_M3_A1_O2,mixed,48,50048,48,300.0,,solved,,0.012402,cpsat_transport_capacity_relaxation_empty_repositioning_relaxed,OR-Tools CP-SAT,optimal,5,3,1,2,19.000000,19.000000,not_available,19.000000,30.784208,30.784208,not_logged_by_exact_worker,62.022146,0.005093,0.005326,0.956234,true,false,Tiny branch-bound rows are exact over the project simulator. Other rows are CP-SAT transport-capacity relaxation; empty AGV repositioning/path conflicts are relaxed.
exact|static|J5|M3|A1|O2|42,2026-06-03T14:43:45,static_J5_M3_A1_O2_seed42,J5_M3_A1_O2,static,42,42,42,300.0,,solved,,0.009759,cpsat_transport_capacity_relaxation_empty_repositioning_relaxed,OR-Tools CP-SAT,optimal,5,3,1,2,12.000000,12.000000,not_available,12.000000,44.366597,44.366597,not_logged_by_exact_worker,269.721641,0.004007,0.003997,1.002577,true,false,Tiny branch-bound rows are exact over the project simulator. Other rows are CP-SAT transport-capacity relaxation; empty AGV repositioning/path conflicts are relaxed.
exact|mixed|J5|M3|A1|O2|51,2026-06-03T14:43:45,mixed_J5_M3_A1_O2_seed51,J5_M3_A1_O2,mixed,51,50051,51,300.0,,solved,,0.014299,cpsat_transport_capacity_relaxation_empty_repositioning_relaxed,OR-Tools CP-SAT,optimal,5,3,1,2,14.600000,14.600000,not_available,14.600000,32.990716,32.990716,not_logged_by_exact_worker,125.963809,0.006744,0.005364,1.257158,true,false,Tiny branch-bound rows are exact over the project simulator. Other rows are CP-SAT transport-capacity relaxation; empty AGV repositioning/path conflicts are relaxed.
exact|static|J5|M3|A1|O2|44,2026-06-03T14:43:45,static_J5_M3_A1_O2_seed44,J5_M3_A1_O2,static,44,44,44,300.0,,solved,,0.010082,cpsat_transport_capacity_relaxation_empty_repositioning_relaxed,OR-Tools CP-SAT,optimal,5,3,1,2,9.000000,9.000000,not_available,9.000000,28.375881,28.375881,not_logged_by_exact_worker,215.287565,0.003960,0.004158,0.952498,true,false,Tiny branch-bound rows are exact over the project simulator. Other rows are CP-SAT transport-capacity relaxation; empty AGV repositioning/path conflicts are relaxed.
exact|static|J5|M3|A1|O2|43,2026-06-03T14:43:45,static_J5_M3_A1_O2_seed43,J5_M3_A1_O2,static,43,43,43,300.0,,solved,,0.010843,cpsat_transport_capacity_relaxation_empty_repositioning_relaxed,OR-Tools CP-SAT,optimal,5,3,1,2,11.000000,11.000000,not_available,11.000000,36.586983,36.586983,not_logged_by_exact_worker,232.608940,0.004265,0.004527,0.942189,true,false,Tiny branch-bound rows are exact over the project simulator. Other rows are CP-SAT transport-capacity relaxation; empty AGV repositioning/path conflicts are relaxed.
exact|static|J5|M3|A1|O2|45,2026-06-03T14:43:45,static_J5_M3_A1_O2_seed45,J5_M3_A1_O2,static,45,45,45,300.0,,solved,,0.008651,cpsat_transport_capacity_relaxation_empty_repositioning_relaxed,OR-Tools CP-SAT,optimal,5,3,1,2,8.600000,8.600000,not_available,8.600000,31.793492,31.793492,not_logged_by_exact_worker,269.691764,0.003013,0.003797,0.793589,true,false,Tiny branch-bound rows are exact over the project simulator. Other rows are CP-SAT transport-capacity relaxation; empty AGV repositioning/path conflicts are relaxed.
exact|static|J5|M3|A1|O2|47,2026-06-03T14:43:45,static_J5_M3_A1_O2_seed47,J5_M3_A1_O2,static,47,47,47,300.0,,solved,,0.009800,cpsat_transport_capacity_relaxation_empty_repositioning_relaxed,OR-Tools CP-SAT,optimal,5,3,1,2,17.000000,17.000000,not_available,17.000000,34.586983,34.586983,not_logged_by_exact_worker,103.452844,0.003585,0.004396,0.815539,true,false,Tiny branch-bound rows are exact over the project simulator. Other rows are CP-SAT transport-capacity relaxation; empty AGV repositioning/path conflicts are relaxed.
exact|static|J5|M3|A1|O2|48,2026-06-03T14:43:45,static_J5_M3_A1_O2_seed48,J5_M3_A1_O2,static,48,48,48,300.0,,solved,,0.012001,cpsat_transport_capacity_relaxation_empty_repositioning_relaxed,OR-Tools CP-SAT,optimal,5,3,1,2,12.000000,12.000000,not_available,12.000000,27.486074,27.486074,not_logged_by_exact_worker,129.050618,0.005855,0.004269,1.371486,true,false,Tiny branch-bound rows are exact over the project simulator. Other rows are CP-SAT transport-capacity relaxation; empty AGV repositioning/path conflicts are relaxed.
exact|static|J5|M3|A1|O2|46,2026-06-03T14:43:45,static_J5_M3_A1_O2_seed46,J5_M3_A1_O2,static,46,46,46,300.0,,solved,,0.013297,cpsat_transport_capacity_relaxation_empty_repositioning_relaxed,OR-Tools CP-SAT,optimal,5,3,1,2,11.800000,11.800000,not_available,11.800000,27.187940,27.187940,not_logged_by_exact_worker,130.406275,0.007031,0.004141,1.697696,true,false,Tiny branch-bound rows are exact over the project simulator. Other rows are CP-SAT transport-capacity relaxation; empty AGV repositioning/path conflicts are relaxed.
exact|static|J5|M3|A1|O2|49,2026-06-03T14:43:45,static_J5_M3_A1_O2_seed49,J5_M3_A1_O2,static,49,49,49,300.0,,solved,,0.013072,cpsat_transport_capacity_relaxation_empty_repositioning_relaxed,OR-Tools CP-SAT,optimal,5,3,1,2,12.600000,12.600000,not_available,12.600000,40.375881,40.375881,not_logged_by_exact_worker,220.443499,0.006682,0.004534,1.473851,true,false,Tiny branch-bound rows are exact over the project simulator. Other rows are CP-SAT transport-capacity relaxation; empty AGV repositioning/path conflicts are relaxed.
exact|static|J5|M3|A1|O2|50,2026-06-03T14:43:45,static_J5_M3_A1_O2_seed50,J5_M3_A1_O2,static,50,50,50,300.0,,solved,,0.012400,cpsat_transport_capacity_relaxation_empty_repositioning_relaxed,OR-Tools CP-SAT,optimal,5,3,1,2,10.000000,10.000000,not_available,10.000000,32.958270,32.958270,not_logged_by_exact_worker,229.582701,0.006411,0.003980,1.610673,true,false,Tiny branch-bound rows are exact over the project simulator. Other rows are CP-SAT transport-capacity relaxation; empty AGV repositioning/path conflicts are relaxed.
exact|static|J5|M3|A1|O2|51,2026-06-03T14:43:45,static_J5_M3_A1_O2_seed51,J5_M3_A1_O2,static,51,51,51,300.0,,solved,,0.010093,cpsat_transport_capacity_relaxation_empty_repositioning_relaxed,OR-Tools CP-SAT,optimal,5,3,1,2,13.000000,13.000000,not_available,13.000000,38.155494,38.155494,not_logged_by_exact_worker,193.503803,0.004184,0.003958,1.057105,true,false,Tiny branch-bound rows are exact over the project simulator. Other rows are CP-SAT transport-capacity relaxation; empty AGV repositioning/path conflicts are relaxed.
exact|breakdown|J5|M3|A1|O3|42,2026-06-03T14:43:45,breakdown_J5_M3_A1_O3_seed42,J5_M3_A1_O3,breakdown,42,30042,42,300.0,,solved,,0.012811,cpsat_transport_capacity_relaxation_empty_repositioning_relaxed,OR-Tools CP-SAT,optimal,5,3,1,3,24.800000,24.800000,not_available,24.800000,30.802776,30.802776,not_logged_by_exact_worker,24.204740,0.004669,0.005800,0.805083,true,false,Tiny branch-bound rows are exact over the project simulator. Other rows are CP-SAT transport-capacity relaxation; empty AGV repositioning/path conflicts are relaxed.
exact|breakdown|J5|M3|A1|O3|44,2026-06-03T14:43:45,breakdown_J5_M3_A1_O3_seed44,J5_M3_A1_O3,breakdown,44,30044,44,300.0,,solved,,0.019330,cpsat_transport_capacity_relaxation_empty_repositioning_relaxed,OR-Tools CP-SAT,optimal,5,3,1,3,20.000000,20.000000,not_available,20.000000,59.619429,59.619429,not_logged_by_exact_worker,198.097147,0.010872,0.006182,1.758533,true,false,Tiny branch-bound rows are exact over the project simulator. Other rows are CP-SAT transport-capacity relaxation; empty AGV repositioning/path conflicts are relaxed.
exact|breakdown|J5|M3|A1|O3|46,2026-06-03T14:43:45,breakdown_J5_M3_A1_O3_seed46,J5_M3_A1_O3,breakdown,46,30046,46,300.0,,solved,,0.017052,cpsat_transport_capacity_relaxation_empty_repositioning_relaxed,OR-Tools CP-SAT,optimal,5,3,1,3,24.800000,24.800000,not_available,24.800000,36.000000,36.000000,not_logged_by_exact_worker,45.161290,0.008550,0.006287,1.359847,true,false,Tiny branch-bound rows are exact over the project simulator. Other rows are CP-SAT transport-capacity relaxation; empty AGV repositioning/path conflicts are relaxed.
exact|breakdown|J5|M3|A1|O3|43,2026-06-03T14:43:45,breakdown_J5_M3_A1_O3_seed43,J5_M3_A1_O3,breakdown,43,30043,43,300.0,,solved,,0.028794,cpsat_transport_capacity_relaxation_empty_repositioning_relaxed,OR-Tools CP-SAT,optimal,5,3,1,3,21.000000,21.000000,not_available,21.000000,49.366597,49.366597,not_logged_by_exact_worker,135.079033,0.019953,0.006530,3.055526,true,false,Tiny branch-bound rows are exact over the project simulator. Other rows are CP-SAT transport-capacity relaxation; empty AGV repositioning/path conflicts are relaxed.
exact|breakdown|J5|M3|A1|O3|45,2026-06-03T14:43:45,breakdown_J5_M3_A1_O3_seed45,J5_M3_A1_O3,breakdown,45,30045,45,300.0,,solved,,0.030610,cpsat_transport_capacity_relaxation_empty_repositioning_relaxed,OR-Tools CP-SAT,optimal,5,3,1,3,18.200000,18.200000,not_available,18.200000,46.774924,46.774924,not_logged_by_exact_worker,157.005076,0.021736,0.006688,3.250176,true,false,Tiny branch-bound rows are exact over the project simulator. Other rows are CP-SAT transport-capacity relaxation; empty AGV repositioning/path conflicts are relaxed.
exact|breakdown|J5|M3|A1|O3|47,2026-06-03T14:43:45,breakdown_J5_M3_A1_O3_seed47,J5_M3_A1_O3,breakdown,47,30047,47,300.0,,solved,,0.015317,cpsat_transport_capacity_relaxation_empty_repositioning_relaxed,OR-Tools CP-SAT,optimal,5,3,1,3,24.800000,24.800000,not_available,24.800000,59.586983,59.586983,not_logged_by_exact_worker,140.270095,0.006469,0.006743,0.959366,true,false,Tiny branch-bound rows are exact over the project simulator. Other rows are CP-SAT transport-capacity relaxation; empty AGV repositioning/path conflicts are relaxed.
exact|breakdown|J5|M3|A1|O3|48,2026-06-03T14:43:45,breakdown_J5_M3_A1_O3_seed48,J5_M3_A1_O3,breakdown,48,30048,48,300.0,,solved,,0.015171,cpsat_transport_capacity_relaxation_empty_repositioning_relaxed,OR-Tools CP-SAT,optimal,5,3,1,3,22.800000,22.800000,not_available,22.800000,35.068463,35.068463,not_logged_by_exact_worker,53.809050,0.006800,0.006179,1.100453,true,false,Tiny branch-bound rows are exact over the project simulator. Other rows are CP-SAT transport-capacity relaxation; empty AGV repositioning/path conflicts are relaxed.
exact|breakdown|J5|M3|A1|O3|49,2026-06-03T14:43:45,breakdown_J5_M3_A1_O3_seed49,J5_M3_A1_O3,breakdown,49,30049,49,300.0,,solved,,0.010609,cpsat_transport_capacity_relaxation_empty_repositioning_relaxed,OR-Tools CP-SAT,optimal,5,3,1,3,25.000000,25.000000,not_available,25.000000,37.871239,37.871239,not_logged_by_exact_worker,51.484956,0.002434,0.006042,0.402876,true,false,Tiny branch-bound rows are exact over the project simulator. Other rows are CP-SAT transport-capacity relaxation; empty AGV repositioning/path conflicts are relaxed.
exact|breakdown|J5|M3|A1|O3|50,2026-06-03T14:43:45,breakdown_J5_M3_A1_O3_seed50,J5_M3_A1_O3,breakdown,50,30050,50,300.0,,solved,,0.025187,cpsat_transport_capacity_relaxation_empty_repositioning_relaxed,OR-Tools CP-SAT,optimal,5,3,1,3,18.000000,18.000000,not_available,18.000000,27.476790,27.476790,not_logged_by_exact_worker,52.648834,0.016761,0.005995,2.795580,true,false,Tiny branch-bound rows are exact over the project simulator. Other rows are CP-SAT transport-capacity relaxation; empty AGV repositioning/path conflicts are relaxed.
exact|breakdown|J5|M3|A1|O3|51,2026-06-03T14:43:45,breakdown_J5_M3_A1_O3_seed51,J5_M3_A1_O3,breakdown,51,30051,51,300.0,,solved,,0.023620,cpsat_transport_capacity_relaxation_empty_repositioning_relaxed,OR-Tools CP-SAT,optimal,5,3,1,3,22.000000,22.000000,not_available,22.000000,47.619429,47.619429,not_logged_by_exact_worker,116.451952,0.015265,0.006063,2.517581,true,false,Tiny branch-bound rows are exact over the project simulator. Other rows are CP-SAT transport-capacity relaxation; empty AGV repositioning/path conflicts are relaxed.
exact|rush_job|J5|M3|A1|O3|43,2026-06-03T14:43:45,rush_job_J5_M3_A1_O3_seed43,J5_M3_A1_O3,rush_job,43,40043,43,300.0,,solved,,0.050593,cpsat_transport_capacity_relaxation_empty_repositioning_relaxed,OR-Tools CP-SAT,optimal,5,3,1,3,18.000000,18.000000,not_available,18.000000,62.577700,62.577700,not_logged_by_exact_worker,247.653886,0.038878,0.008457,4.596940,true,false,Tiny branch-bound rows are exact over the project simulator. Other rows are CP-SAT transport-capacity relaxation; empty AGV repositioning/path conflicts are relaxed.
exact|rush_job|J5|M3|A1|O3|42,2026-06-03T14:43:45,rush_job_J5_M3_A1_O3_seed42,J5_M3_A1_O3,rush_job,42,40042,42,300.0,,solved,,0.055789,cpsat_transport_capacity_relaxation_empty_repositioning_relaxed,OR-Tools CP-SAT,optimal,5,3,1,3,17.800000,17.800000,not_available,17.800000,48.894401,48.894401,not_logged_by_exact_worker,174.687646,0.044556,0.008167,5.455881,true,false,Tiny branch-bound rows are exact over the project simulator. Other rows are CP-SAT transport-capacity relaxation; empty AGV repositioning/path conflicts are relaxed.
exact|rush_job|J5|M3|A1|O3|45,2026-06-03T14:43:45,rush_job_J5_M3_A1_O3_seed45,J5_M3_A1_O3,rush_job,45,40045,45,300.0,,solved,,0.036912,cpsat_transport_capacity_relaxation_empty_repositioning_relaxed,OR-Tools CP-SAT,optimal,5,3,1,3,15.800000,15.800000,not_available,15.800000,43.972148,43.972148,not_logged_by_exact_worker,178.304736,0.026032,0.008095,3.215629,true,false,Tiny branch-bound rows are exact over the project simulator. Other rows are CP-SAT transport-capacity relaxation; empty AGV repositioning/path conflicts are relaxed.
exact|rush_job|J5|M3|A1|O3|44,2026-06-03T14:43:45,rush_job_J5_M3_A1_O3_seed44,J5_M3_A1_O3,rush_job,44,40044,44,300.0,,solved,,0.043297,cpsat_transport_capacity_relaxation_empty_repositioning_relaxed,OR-Tools CP-SAT,optimal,5,3,1,3,14.600000,14.600000,not_available,14.600000,50.422205,50.422205,not_logged_by_exact_worker,245.357569,0.032373,0.007990,4.051893,true,false,Tiny branch-bound rows are exact over the project simulator. Other rows are CP-SAT transport-capacity relaxation; empty AGV repositioning/path conflicts are relaxed.
exact|rush_job|J5|M3|A1|O3|49,2026-06-03T14:43:45,rush_job_J5_M3_A1_O3_seed49,J5_M3_A1_O3,rush_job,49,40049,49,300.0,,solved,,0.026992,cpsat_transport_capacity_relaxation_empty_repositioning_relaxed,OR-Tools CP-SAT,optimal,5,3,1,3,19.000000,19.000000,not_available,19.000000,60.366597,60.366597,not_logged_by_exact_worker,217.718931,0.015608,0.008309,1.878367,true,false,Tiny branch-bound rows are exact over the project simulator. Other rows are CP-SAT transport-capacity relaxation; empty AGV repositioning/path conflicts are relaxed.
exact|rush_job|J5|M3|A1|O3|47,2026-06-03T14:43:45,rush_job_J5_M3_A1_O3_seed47,J5_M3_A1_O3,rush_job,47,40047,47,300.0,,solved,,0.036308,cpsat_transport_capacity_relaxation_empty_repositioning_relaxed,OR-Tools CP-SAT,optimal,5,3,1,3,23.800000,23.800000,not_available,23.800000,53.357313,53.357313,not_logged_by_exact_worker,124.190391,0.024951,0.008399,2.970805,true,false,Tiny branch-bound rows are exact over the project simulator. Other rows are CP-SAT transport-capacity relaxation; empty AGV repositioning/path conflicts are relaxed.
exact|rush_job|J5|M3|A1|O3|46,2026-06-03T14:43:45,rush_job_J5_M3_A1_O3_seed46,J5_M3_A1_O3,rush_job,46,40046,46,300.0,,solved,,0.051389,cpsat_transport_capacity_relaxation_empty_repositioning_relaxed,OR-Tools CP-SAT,optimal,5,3,1,3,18.800000,18.800000,not_available,18.800000,48.192535,48.192535,not_logged_by_exact_worker,156.343270,0.039588,0.008588,4.609884,true,false,Tiny branch-bound rows are exact over the project simulator. Other rows are CP-SAT transport-capacity relaxation; empty AGV repositioning/path conflicts are relaxed.
exact|rush_job|J5|M3|A1|O3|51,2026-06-03T14:43:45,rush_job_J5_M3_A1_O3_seed51,J5_M3_A1_O3,rush_job,51,40051,51,300.0,,solved,,0.022764,cpsat_transport_capacity_relaxation_empty_repositioning_relaxed,OR-Tools CP-SAT,optimal,5,3,1,3,19.800000,19.800000,not_available,19.800000,50.774924,50.774924,not_logged_by_exact_worker,156.439010,0.012040,0.007732,1.557172,true,false,Tiny branch-bound rows are exact over the project simulator. Other rows are CP-SAT transport-capacity relaxation; empty AGV repositioning/path conflicts are relaxed.
exact|rush_job|J5|M3|A1|O3|48,2026-06-03T14:43:45,rush_job_J5_M3_A1_O3_seed48,J5_M3_A1_O3,rush_job,48,40048,48,300.0,,solved,,0.059564,cpsat_transport_capacity_relaxation_empty_repositioning_relaxed,OR-Tools CP-SAT,optimal,5,3,1,3,17.600000,17.600000,not_available,17.600000,52.256404,52.256404,not_logged_by_exact_worker,196.911385,0.048474,0.008137,5.957513,true,false,Tiny branch-bound rows are exact over the project simulator. Other rows are CP-SAT transport-capacity relaxation; empty AGV repositioning/path conflicts are relaxed.
exact|mixed|J5|M3|A1|O3|42,2026-06-03T14:43:45,mixed_J5_M3_A1_O3_seed42,J5_M3_A1_O3,mixed,42,50042,42,300.0,,solved,,0.016623,cpsat_transport_capacity_relaxation_empty_repositioning_relaxed,OR-Tools CP-SAT,optimal,5,3,1,3,24.800000,24.800000,not_available,24.800000,37.312012,37.312012,not_logged_by_exact_worker,50.451661,0.006314,0.007668,0.823426,true,false,Tiny branch-bound rows are exact over the project simulator. Other rows are CP-SAT transport-capacity relaxation; empty AGV repositioning/path conflicts are relaxed.
exact|rush_job|J5|M3|A1|O3|50,2026-06-03T14:43:45,rush_job_J5_M3_A1_O3_seed50,J5_M3_A1_O3,rush_job,50,40050,50,300.0,,solved,,0.033668,cpsat_transport_capacity_relaxation_empty_repositioning_relaxed,OR-Tools CP-SAT,optimal,5,3,1,3,16.000000,16.000000,not_available,16.000000,42.082341,42.082341,not_logged_by_exact_worker,163.014634,0.022351,0.008253,2.708257,true,false,Tiny branch-bound rows are exact over the project simulator. Other rows are CP-SAT transport-capacity relaxation; empty AGV repositioning/path conflicts are relaxed.
exact|mixed|J5|M3|A1|O3|44,2026-06-03T14:43:45,mixed_J5_M3_A1_O3_seed44,J5_M3_A1_O3,mixed,44,50044,44,300.0,,solved,,0.026518,cpsat_transport_capacity_relaxation_empty_repositioning_relaxed,OR-Tools CP-SAT,optimal,5,3,1,3,20.000000,20.000000,not_available,20.000000,61.422205,61.422205,not_logged_by_exact_worker,207.111026,0.015961,0.007819,2.041427,true,false,Tiny branch-bound rows are exact over the project simulator. Other rows are CP-SAT transport-capacity relaxation; empty AGV repositioning/path conflicts are relaxed.
exact|mixed|J5|M3|A1|O3|46,2026-06-03T14:43:45,mixed_J5_M3_A1_O3_seed46,J5_M3_A1_O3,mixed,46,50046,46,300.0,,solved,,0.021656,cpsat_transport_capacity_relaxation_empty_repositioning_relaxed,OR-Tools CP-SAT,optimal,5,3,1,3,26.000000,26.000000,not_available,26.000000,36.605551,36.605551,not_logged_by_exact_worker,40.790582,0.011154,0.007854,1.420161,true,false,Tiny branch-bound rows are exact over the project simulator. Other rows are CP-SAT transport-capacity relaxation; empty AGV repositioning/path conflicts are relaxed.
exact|mixed|J5|M3|A1|O3|43,2026-06-03T14:43:45,mixed_J5_M3_A1_O3_seed43,J5_M3_A1_O3,mixed,43,50043,43,300.0,,solved,,0.034442,cpsat_transport_capacity_relaxation_empty_repositioning_relaxed,OR-Tools CP-SAT,optimal,5,3,1,3,21.000000,21.000000,not_available,21.000000,50.972148,50.972148,not_logged_by_exact_worker,142.724515,0.023961,0.007973,3.005368,true,false,Tiny branch-bound rows are exact over the project simulator. Other rows are CP-SAT transport-capacity relaxation; empty AGV repositioning/path conflicts are relaxed.
exact|mixed|J5|M3|A1|O3|49,2026-06-03T14:43:45,mixed_J5_M3_A1_O3_seed49,J5_M3_A1_O3,mixed,49,50049,49,300.0,,solved,,0.015253,cpsat_transport_capacity_relaxation_empty_repositioning_relaxed,OR-Tools CP-SAT,optimal,5,3,1,3,25.000000,25.000000,not_available,25.000000,43.366597,43.366597,not_logged_by_exact_worker,73.466388,0.005413,0.007271,0.744499,true,false,Tiny branch-bound rows are exact over the project simulator. Other rows are CP-SAT transport-capacity relaxation; empty AGV repositioning/path conflicts are relaxed.
exact|mixed|J5|M3|A1|O3|48,2026-06-03T14:43:45,mixed_J5_M3_A1_O3_seed48,J5_M3_A1_O3,mixed,48,50048,48,300.0,,solved,,0.038702,cpsat_transport_capacity_relaxation_empty_repositioning_relaxed,OR-Tools CP-SAT,optimal,5,3,1,3,23.000000,23.000000,not_available,23.000000,52.751762,52.751762,not_logged_by_exact_worker,129.355486,0.027949,0.008110,3.446075,true,false,Tiny branch-bound rows are exact over the project simulator. Other rows are CP-SAT transport-capacity relaxation; empty AGV repositioning/path conflicts are relaxed.
exact|mixed|J5|M3|A1|O3|50,2026-06-03T14:43:45,mixed_J5_M3_A1_O3_seed50,J5_M3_A1_O3,mixed,50,50050,50,300.0,,solved,,0.021525,cpsat_transport_capacity_relaxation_empty_repositioning_relaxed,OR-Tools CP-SAT,optimal,5,3,1,3,20.000000,20.000000,not_available,20.000000,37.774924,37.774924,not_logged_by_exact_worker,88.874619,0.011213,0.007766,1.443886,true,false,Tiny branch-bound rows are exact over the project simulator. Other rows are CP-SAT transport-capacity relaxation; empty AGV repositioning/path conflicts are relaxed.
exact|mixed|J5|M3|A1|O3|45,2026-06-03T14:43:45,mixed_J5_M3_A1_O3_seed45,J5_M3_A1_O3,mixed,45,50045,45,300.0,,solved,,0.065914,cpsat_transport_capacity_relaxation_empty_repositioning_relaxed,OR-Tools CP-SAT,optimal,5,3,1,3,18.200000,18.200000,not_available,18.200000,48.774924,48.774924,not_logged_by_exact_worker,167.994087,0.055556,0.007873,7.056663,true,false,Tiny branch-bound rows are exact over the project simulator. Other rows are CP-SAT transport-capacity relaxation; empty AGV repositioning/path conflicts are relaxed.
exact|static|J5|M3|A1|O3|42,2026-06-03T14:43:45,static_J5_M3_A1_O3_seed42,J5_M3_A1_O3,static,42,42,42,300.0,,solved,,0.023888,cpsat_transport_capacity_relaxation_empty_repositioning_relaxed,OR-Tools CP-SAT,optimal,5,3,1,3,16.600000,16.600000,not_available,16.600000,41.201819,41.201819,not_logged_by_exact_worker,148.203727,0.014199,0.006914,2.053836,true,false,Tiny branch-bound rows are exact over the project simulator. Other rows are CP-SAT transport-capacity relaxation; empty AGV repositioning/path conflicts are relaxed.
exact|mixed|J5|M3|A1|O3|51,2026-06-03T14:43:45,mixed_J5_M3_A1_O3_seed51,J5_M3_A1_O3,mixed,51,50051,51,300.0,,solved,,0.031131,cpsat_transport_capacity_relaxation_empty_repositioning_relaxed,OR-Tools CP-SAT,optimal,5,3,1,3,22.000000,22.000000,not_available,22.000000,54.619429,54.619429,not_logged_by_exact_worker,148.270134,0.020936,0.007623,2.746438,true,false,Tiny branch-bound rows are exact over the project simulator. Other rows are CP-SAT transport-capacity relaxation; empty AGV repositioning/path conflicts are relaxed.
exact|static|J5|M3|A1|O3|43,2026-06-03T14:43:45,static_J5_M3_A1_O3_seed43,J5_M3_A1_O3,static,43,43,43,300.0,,solved,,0.035304,cpsat_transport_capacity_relaxation_empty_repositioning_relaxed,OR-Tools CP-SAT,optimal,5,3,1,3,16.000000,16.000000,not_available,16.000000,50.972148,50.972148,not_logged_by_exact_worker,218.575927,0.025374,0.006988,3.631171,true,false,Tiny branch-bound rows are exact over the project simulator. Other rows are CP-SAT transport-capacity relaxation; empty AGV repositioning/path conflicts are relaxed.
exact|static|J5|M3|A1|O3|45,2026-06-03T14:43:45,static_J5_M3_A1_O3_seed45,J5_M3_A1_O3,static,45,45,45,300.0,,solved,,0.016646,cpsat_transport_capacity_relaxation_empty_repositioning_relaxed,OR-Tools CP-SAT,optimal,5,3,1,3,15.000000,15.000000,not_available,15.000000,37.586983,37.586983,not_logged_by_exact_worker,150.579890,0.007683,0.006383,1.203566,true,false,Tiny branch-bound rows are exact over the project simulator. Other rows are CP-SAT transport-capacity relaxation; empty AGV repositioning/path conflicts are relaxed.
exact|static|J5|M3|A1|O3|44,2026-06-03T14:43:45,static_J5_M3_A1_O3_seed44,J5_M3_A1_O3,static,44,44,44,300.0,,solved,,0.027684,cpsat_transport_capacity_relaxation_empty_repositioning_relaxed,OR-Tools CP-SAT,optimal,5,3,1,3,14.000000,14.000000,not_available,14.000000,35.013878,35.013878,not_logged_by_exact_worker,150.099130,0.018598,0.006364,2.922468,true,false,Tiny branch-bound rows are exact over the project simulator. Other rows are CP-SAT transport-capacity relaxation; empty AGV repositioning/path conflicts are relaxed.
exact|mixed|J5|M3|A1|O3|47,2026-06-03T14:43:45,mixed_J5_M3_A1_O3_seed47,J5_M3_A1_O3,mixed,47,50047,47,300.0,,solved,,0.097303,cpsat_transport_capacity_relaxation_empty_repositioning_relaxed,OR-Tools CP-SAT,optimal,5,3,1,3,25.800000,25.800000,not_available,25.800000,64.972148,64.972148,not_logged_by_exact_worker,151.830032,0.086521,0.008221,10.524578,true,false,Tiny branch-bound rows are exact over the project simulator. Other rows are CP-SAT transport-capacity relaxation; empty AGV repositioning/path conflicts are relaxed.
exact|static|J5|M3|A1|O3|47,2026-06-03T14:43:45,static_J5_M3_A1_O3_seed47,J5_M3_A1_O3,static,47,47,47,300.0,,solved,,0.025272,cpsat_transport_capacity_relaxation_empty_repositioning_relaxed,OR-Tools CP-SAT,optimal,5,3,1,3,23.000000,23.000000,not_available,23.000000,47.366597,47.366597,not_logged_by_exact_worker,105.941726,0.015669,0.006931,2.260680,true,false,Tiny branch-bound rows are exact over the project simulator. Other rows are CP-SAT transport-capacity relaxation; empty AGV repositioning/path conflicts are relaxed.
exact|static|J5|M3|A1|O3|48,2026-06-03T14:43:45,static_J5_M3_A1_O3_seed48,J5_M3_A1_O3,static,48,48,48,300.0,,solved,,0.023136,cpsat_transport_capacity_relaxation_empty_repositioning_relaxed,OR-Tools CP-SAT,optimal,5,3,1,3,17.000000,17.000000,not_available,17.000000,31.476790,31.476790,not_logged_by_exact_worker,85.157589,0.014148,0.006398,2.211501,true,false,Tiny branch-bound rows are exact over the project simulator. Other rows are CP-SAT transport-capacity relaxation; empty AGV repositioning/path conflicts are relaxed.
exact|static|J5|M3|A1|O3|49,2026-06-03T14:43:45,static_J5_M3_A1_O3_seed49,J5_M3_A1_O3,static,49,49,49,300.0,,solved,,0.021051,cpsat_transport_capacity_relaxation_empty_repositioning_relaxed,OR-Tools CP-SAT,optimal,5,3,1,3,17.800000,17.800000,not_available,17.800000,52.577700,52.577700,not_logged_by_exact_worker,195.380334,0.011549,0.006813,1.695285,true,false,Tiny branch-bound rows are exact over the project simulator. Other rows are CP-SAT transport-capacity relaxation; empty AGV repositioning/path conflicts are relaxed.
exact|static|J5|M3|A1|O3|46,2026-06-03T14:43:45,static_J5_M3_A1_O3_seed46,J5_M3_A1_O3,static,46,46,46,300.0,,solved,,0.047185,cpsat_transport_capacity_relaxation_empty_repositioning_relaxed,OR-Tools CP-SAT,optimal,5,3,1,3,17.000000,17.000000,not_available,17.000000,47.807370,47.807370,not_logged_by_exact_worker,181.219823,0.037034,0.007201,5.142669,true,false,Tiny branch-bound rows are exact over the project simulator. Other rows are CP-SAT transport-capacity relaxation; empty AGV repositioning/path conflicts are relaxed.
exact|breakdown|J5|M3|A2|O2|42,2026-06-03T14:43:45,breakdown_J5_M3_A2_O2_seed42,J5_M3_A2_O2,breakdown,42,30042,42,300.0,,solved,,0.007539,cpsat_transport_capacity_relaxation_empty_repositioning_relaxed,OR-Tools CP-SAT,optimal,5,3,2,2,19.000000,19.000000,not_available,19.000000,20.000000,20.000000,not_logged_by_exact_worker,5.263158,0.002105,0.003793,0.555020,true,false,Tiny branch-bound rows are exact over the project simulator. Other rows are CP-SAT transport-capacity relaxation; empty AGV repositioning/path conflicts are relaxed.
exact|breakdown|J5|M3|A2|O2|43,2026-06-03T14:43:45,breakdown_J5_M3_A2_O2_seed43,J5_M3_A2_O2,breakdown,43,30043,43,300.0,,solved,,0.008248,cpsat_transport_capacity_relaxation_empty_repositioning_relaxed,OR-Tools CP-SAT,optimal,5,3,2,2,15.000000,15.000000,not_available,15.000000,20.903685,20.903685,not_logged_by_exact_worker,39.357900,0.002344,0.004213,0.556444,true,false,Tiny branch-bound rows are exact over the project simulator. Other rows are CP-SAT transport-capacity relaxation; empty AGV repositioning/path conflicts are relaxed.
exact|static|J5|M3|A1|O3|51,2026-06-03T14:43:45,static_J5_M3_A1_O3_seed51,J5_M3_A1_O3,static,51,51,51,300.0,,solved,,0.020040,cpsat_transport_capacity_relaxation_empty_repositioning_relaxed,OR-Tools CP-SAT,optimal,5,3,1,3,19.800000,19.800000,not_available,19.800000,42.784208,42.784208,not_logged_by_exact_worker,116.081858,0.010362,0.006869,1.508655,true,false,Tiny branch-bound rows are exact over the project simulator. Other rows are CP-SAT transport-capacity relaxation; empty AGV repositioning/path conflicts are relaxed.
exact|breakdown|J5|M3|A2|O2|44,2026-06-03T14:43:45,breakdown_J5_M3_A2_O2_seed44,J5_M3_A2_O2,breakdown,44,30044,44,300.0,,solved,,0.010202,cpsat_transport_capacity_relaxation_empty_repositioning_relaxed,OR-Tools CP-SAT,optimal,5,3,2,2,11.000000,11.000000,not_available,11.000000,21.385165,21.385165,not_logged_by_exact_worker,94.410589,0.004061,0.004268,0.951566,true,false,Tiny branch-bound rows are exact over the project simulator. Other rows are CP-SAT transport-capacity relaxation; empty AGV repositioning/path conflicts are relaxed.
exact|static|J5|M3|A1|O3|50,2026-06-03T14:43:45,static_J5_M3_A1_O3_seed50,J5_M3_A1_O3,static,50,50,50,300.0,,solved,,0.025301,cpsat_transport_capacity_relaxation_empty_repositioning_relaxed,OR-Tools CP-SAT,optimal,5,3,1,3,16.000000,16.000000,not_available,16.000000,30.476790,30.476790,not_logged_by_exact_worker,90.479939,0.016121,0.006349,2.539139,true,false,Tiny branch-bound rows are exact over the project simulator. Other rows are CP-SAT transport-capacity relaxation; empty AGV repositioning/path conflicts are relaxed.
exact|breakdown|J5|M3|A2|O2|45,2026-06-03T14:43:45,breakdown_J5_M3_A2_O2_seed45,J5_M3_A2_O2,breakdown,45,30045,45,300.0,,solved,,0.007415,cpsat_transport_capacity_relaxation_empty_repositioning_relaxed,OR-Tools CP-SAT,optimal,5,3,2,2,10.000000,10.000000,not_available,10.000000,19.802776,19.802776,not_logged_by_exact_worker,98.027756,0.001866,0.003741,0.498704,true,false,Tiny branch-bound rows are exact over the project simulator. Other rows are CP-SAT transport-capacity relaxation; empty AGV repositioning/path conflicts are relaxed.
exact|breakdown|J5|M3|A2|O2|46,2026-06-03T14:43:45,breakdown_J5_M3_A2_O2_seed46,J5_M3_A2_O2,breakdown,46,30046,46,300.0,,solved,,0.008398,cpsat_transport_capacity_relaxation_empty_repositioning_relaxed,OR-Tools CP-SAT,optimal,5,3,2,2,16.000000,16.000000,not_available,16.000000,22.000000,22.000000,not_logged_by_exact_worker,37.500000,0.003132,0.003365,0.930700,true,false,Tiny branch-bound rows are exact over the project simulator. Other rows are CP-SAT transport-capacity relaxation; empty AGV repositioning/path conflicts are relaxed.
exact|breakdown|J5|M3|A2|O2|47,2026-06-03T14:43:45,breakdown_J5_M3_A2_O2_seed47,J5_M3_A2_O2,breakdown,47,30047,47,300.0,,solved,,0.008440,cpsat_transport_capacity_relaxation_empty_repositioning_relaxed,OR-Tools CP-SAT,optimal,5,3,2,2,17.000000,17.000000,not_available,17.000000,23.793492,23.793492,not_logged_by_exact_worker,39.961716,0.002391,0.004294,0.556935,true,false,Tiny branch-bound rows are exact over the project simulator. Other rows are CP-SAT transport-capacity relaxation; empty AGV repositioning/path conflicts are relaxed.
exact|breakdown|J5|M3|A2|O2|48,2026-06-03T14:43:45,breakdown_J5_M3_A2_O2_seed48,J5_M3_A2_O2,breakdown,48,30048,48,300.0,,solved,,0.008921,cpsat_transport_capacity_relaxation_empty_repositioning_relaxed,OR-Tools CP-SAT,optimal,5,3,2,2,19.000000,19.000000,not_available,19.000000,20.000000,20.000000,not_logged_by_exact_worker,5.263158,0.003320,0.003774,0.879571,true,false,Tiny branch-bound rows are exact over the project simulator. Other rows are CP-SAT transport-capacity relaxation; empty AGV repositioning/path conflicts are relaxed.
exact|breakdown|J5|M3|A2|O2|49,2026-06-03T14:43:45,breakdown_J5_M3_A2_O2_seed49,J5_M3_A2_O2,breakdown,49,30049,49,300.0,,solved,,0.008012,cpsat_transport_capacity_relaxation_empty_repositioning_relaxed,OR-Tools CP-SAT,optimal,5,3,2,2,17.000000,17.000000,not_available,17.000000,20.000000,20.000000,not_logged_by_exact_worker,17.647059,0.002359,0.004018,0.587085,true,false,Tiny branch-bound rows are exact over the project simulator. Other rows are CP-SAT transport-capacity relaxation; empty AGV repositioning/path conflicts are relaxed.
exact|breakdown|J5|M3|A2|O2|50,2026-06-03T14:43:45,breakdown_J5_M3_A2_O2_seed50,J5_M3_A2_O2,breakdown,50,30050,50,300.0,,solved,,0.009247,cpsat_transport_capacity_relaxation_empty_repositioning_relaxed,OR-Tools CP-SAT,optimal,5,3,2,2,11.800000,11.800000,not_available,11.800000,18.385165,18.385165,not_logged_by_exact_worker,55.806481,0.003507,0.003918,0.895176,true,false,Tiny branch-bound rows are exact over the project simulator. Other rows are CP-SAT transport-capacity relaxation; empty AGV repositioning/path conflicts are relaxed.
exact|breakdown|J5|M3|A2|O2|51,2026-06-03T14:43:45,breakdown_J5_M3_A2_O2_seed51,J5_M3_A2_O2,breakdown,51,30051,51,300.0,,solved,,0.009530,cpsat_transport_capacity_relaxation_empty_repositioning_relaxed,OR-Tools CP-SAT,optimal,5,3,2,2,14.000000,14.000000,not_available,14.000000,24.385165,24.385165,not_logged_by_exact_worker,74.179749,0.003767,0.003940,0.956168,true,false,Tiny branch-bound rows are exact over the project simulator. Other rows are CP-SAT transport-capacity relaxation; empty AGV repositioning/path conflicts are relaxed.
exact|rush_job|J5|M3|A2|O2|42,2026-06-03T14:43:45,rush_job_J5_M3_A2_O2_seed42,J5_M3_A2_O2,rush_job,42,40042,42,300.0,,solved,,0.012506,cpsat_transport_capacity_relaxation_empty_repositioning_relaxed,OR-Tools CP-SAT,optimal,5,3,2,2,14.000000,14.000000,not_available,14.000000,22.770330,22.770330,not_logged_by_exact_worker,62.645212,0.005149,0.005205,0.989242,true,false,Tiny branch-bound rows are exact over the project simulator. Other rows are CP-SAT transport-capacity relaxation; empty AGV repositioning/path conflicts are relaxed.
exact|rush_job|J5|M3|A2|O2|43,2026-06-03T14:43:45,rush_job_J5_M3_A2_O2_seed43,J5_M3_A2_O2,rush_job,43,40043,43,300.0,,solved,,0.014893,cpsat_transport_capacity_relaxation_empty_repositioning_relaxed,OR-Tools CP-SAT,optimal,5,3,2,2,11.800000,11.800000,not_available,11.800000,26.385165,26.385165,not_logged_by_exact_worker,123.603092,0.007127,0.005537,1.287007,true,false,Tiny branch-bound rows are exact over the project simulator. Other rows are CP-SAT transport-capacity relaxation; empty AGV repositioning/path conflicts are relaxed.
exact|rush_job|J5|M3|A2|O2|45,2026-06-03T14:43:45,rush_job_J5_M3_A2_O2_seed45,J5_M3_A2_O2,rush_job,45,40045,45,300.0,,solved,,0.012538,cpsat_transport_capacity_relaxation_empty_repositioning_relaxed,OR-Tools CP-SAT,optimal,5,3,2,2,9.000000,9.000000,not_available,9.000000,15.802776,15.802776,not_logged_by_exact_worker,75.586396,0.005691,0.004928,1.154712,true,false,Tiny branch-bound rows are exact over the project simulator. Other rows are CP-SAT transport-capacity relaxation; empty AGV repositioning/path conflicts are relaxed.
exact|rush_job|J5|M3|A2|O2|44,2026-06-03T14:43:45,rush_job_J5_M3_A2_O2_seed44,J5_M3_A2_O2,rush_job,44,40044,44,300.0,,solved,,0.014487,cpsat_transport_capacity_relaxation_empty_repositioning_relaxed,OR-Tools CP-SAT,optimal,5,3,2,2,10.000000,10.000000,not_available,10.000000,20.385165,20.385165,not_logged_by_exact_worker,103.851648,0.007217,0.005274,1.368307,true,false,Tiny branch-bound rows are exact over the project simulator. Other rows are CP-SAT transport-capacity relaxation; empty AGV repositioning/path conflicts are relaxed.
exact|rush_job|J5|M3|A2|O2|47,2026-06-03T14:43:45,rush_job_J5_M3_A2_O2_seed47,J5_M3_A2_O2,rush_job,47,40047,47,300.0,,solved,,0.013743,cpsat_transport_capacity_relaxation_empty_repositioning_relaxed,OR-Tools CP-SAT,optimal,5,3,2,2,17.000000,17.000000,not_available,17.000000,26.692582,26.692582,not_logged_by_exact_worker,57.015191,0.006077,0.005616,1.081956,true,false,Tiny branch-bound rows are exact over the project simulator. Other rows are CP-SAT transport-capacity relaxation; empty AGV repositioning/path conflicts are relaxed.
exact|rush_job|J5|M3|A2|O2|46,2026-06-03T14:43:45,rush_job_J5_M3_A2_O2_seed46,J5_M3_A2_O2,rush_job,46,40046,46,300.0,,solved,,0.017782,cpsat_transport_capacity_relaxation_empty_repositioning_relaxed,OR-Tools CP-SAT,optimal,5,3,2,2,13.000000,13.000000,not_available,13.000000,21.000000,21.000000,not_logged_by_exact_worker,61.538462,0.010037,0.005393,1.861077,true,false,Tiny branch-bound rows are exact over the project simulator. Other rows are CP-SAT transport-capacity relaxation; empty AGV repositioning/path conflicts are relaxed.
exact|rush_job|J5|M3|A2|O2|48,2026-06-03T14:43:45,rush_job_J5_M3_A2_O2_seed48,J5_M3_A2_O2,rush_job,48,40048,48,300.0,,solved,,0.016796,cpsat_transport_capacity_relaxation_empty_repositioning_relaxed,OR-Tools CP-SAT,optimal,5,3,2,2,12.000000,12.000000,not_available,12.000000,25.000000,25.000000,not_logged_by_exact_worker,108.333333,0.008529,0.005897,1.446519,true,false,Tiny branch-bound rows are exact over the project simulator. Other rows are CP-SAT transport-capacity relaxation; empty AGV repositioning/path conflicts are relaxed.
exact|rush_job|J5|M3|A2|O2|49,2026-06-03T14:43:45,rush_job_J5_M3_A2_O2_seed49,J5_M3_A2_O2,rush_job,49,40049,49,300.0,,solved,,0.015624,cpsat_transport_capacity_relaxation_empty_repositioning_relaxed,OR-Tools CP-SAT,optimal,5,3,2,2,14.000000,14.000000,not_available,14.000000,28.770330,28.770330,not_logged_by_exact_worker,105.502354,0.007212,0.006043,1.193385,true,false,Tiny branch-bound rows are exact over the project simulator. Other rows are CP-SAT transport-capacity relaxation; empty AGV repositioning/path conflicts are relaxed.
exact|rush_job|J5|M3|A2|O2|51,2026-06-03T14:43:45,rush_job_J5_M3_A2_O2_seed51,J5_M3_A2_O2,rush_job,51,40051,51,300.0,,solved,,0.014118,cpsat_transport_capacity_relaxation_empty_repositioning_relaxed,OR-Tools CP-SAT,optimal,5,3,2,2,13.000000,13.000000,not_available,13.000000,27.385165,27.385165,not_logged_by_exact_worker,110.655114,0.006318,0.005388,1.172559,true,false,Tiny branch-bound rows are exact over the project simulator. Other rows are CP-SAT transport-capacity relaxation; empty AGV repositioning/path conflicts are relaxed.
exact|rush_job|J5|M3|A2|O2|50,2026-06-03T14:43:45,rush_job_J5_M3_A2_O2_seed50,J5_M3_A2_O2,rush_job,50,40050,50,300.0,,solved,,0.015379,cpsat_transport_capacity_relaxation_empty_repositioning_relaxed,OR-Tools CP-SAT,optimal,5,3,2,2,9.800000,9.800000,not_available,9.800000,18.385165,18.385165,not_logged_by_exact_worker,87.603723,0.007976,0.005150,1.548729,true,false,Tiny branch-bound rows are exact over the project simulator. Other rows are CP-SAT transport-capacity relaxation; empty AGV repositioning/path conflicts are relaxed.
exact|mixed|J5|M3|A2|O2|43,2026-06-03T14:43:45,mixed_J5_M3_A2_O2_seed43,J5_M3_A2_O2,mixed,43,50043,43,300.0,,solved,,0.010493,cpsat_transport_capacity_relaxation_empty_repositioning_relaxed,OR-Tools CP-SAT,optimal,5,3,2,2,15.000000,15.000000,not_available,15.000000,21.903685,21.903685,not_logged_by_exact_worker,46.024566,0.003387,0.005206,0.650582,true,false,Tiny branch-bound rows are exact over the project simulator. Other rows are CP-SAT transport-capacity relaxation; empty AGV repositioning/path conflicts are relaxed.
exact|mixed|J5|M3|A2|O2|42,2026-06-03T14:43:45,mixed_J5_M3_A2_O2_seed42,J5_M3_A2_O2,mixed,42,50042,42,300.0,,solved,,0.010904,cpsat_transport_capacity_relaxation_empty_repositioning_relaxed,OR-Tools CP-SAT,optimal,5,3,2,2,19.000000,19.000000,not_available,19.000000,22.000000,22.000000,not_logged_by_exact_worker,15.789474,0.004019,0.005008,0.802644,true,false,Tiny branch-bound rows are exact over the project simulator. Other rows are CP-SAT transport-capacity relaxation; empty AGV repositioning/path conflicts are relaxed.
exact|mixed|J5|M3|A2|O2|45,2026-06-03T14:43:45,mixed_J5_M3_A2_O2_seed45,J5_M3_A2_O2,mixed,45,50045,45,300.0,,solved,,0.010222,cpsat_transport_capacity_relaxation_empty_repositioning_relaxed,OR-Tools CP-SAT,optimal,5,3,2,2,10.000000,10.000000,not_available,10.000000,17.385165,17.385165,not_logged_by_exact_worker,73.851648,0.003792,0.004663,0.813198,true,false,Tiny branch-bound rows are exact over the project simulator. Other rows are CP-SAT transport-capacity relaxation; empty AGV repositioning/path conflicts are relaxed.
exact|mixed|J5|M3|A2|O2|44,2026-06-03T14:43:45,mixed_J5_M3_A2_O2_seed44,J5_M3_A2_O2,mixed,44,50044,44,300.0,,solved,,0.012762,cpsat_transport_capacity_relaxation_empty_repositioning_relaxed,OR-Tools CP-SAT,optimal,5,3,2,2,11.000000,11.000000,not_available,11.000000,26.990716,26.990716,not_logged_by_exact_worker,145.370146,0.005366,0.005514,0.973320,true,false,Tiny branch-bound rows are exact over the project simulator. Other rows are CP-SAT transport-capacity relaxation; empty AGV repositioning/path conflicts are relaxed.
exact|mixed|J5|M3|A2|O2|46,2026-06-03T14:43:45,mixed_J5_M3_A2_O2_seed46,J5_M3_A2_O2,mixed,46,50046,46,300.0,,solved,,0.011396,cpsat_transport_capacity_relaxation_empty_repositioning_relaxed,OR-Tools CP-SAT,optimal,5,3,2,2,17.000000,17.000000,not_available,17.000000,22.000000,22.000000,not_logged_by_exact_worker,29.411765,0.004797,0.004559,1.052207,true,false,Tiny branch-bound rows are exact over the project simulator. Other rows are CP-SAT transport-capacity relaxation; empty AGV repositioning/path conflicts are relaxed.
exact|mixed|J5|M3|A2|O2|47,2026-06-03T14:43:45,mixed_J5_M3_A2_O2_seed47,J5_M3_A2_O2,mixed,47,50047,47,300.0,,solved,,0.011812,cpsat_transport_capacity_relaxation_empty_repositioning_relaxed,OR-Tools CP-SAT,optimal,5,3,2,2,17.000000,17.000000,not_available,17.000000,27.692582,27.692582,not_logged_by_exact_worker,62.897544,0.004243,0.005547,0.764922,true,false,Tiny branch-bound rows are exact over the project simulator. Other rows are CP-SAT transport-capacity relaxation; empty AGV repositioning/path conflicts are relaxed.
exact|mixed|J5|M3|A2|O2|48,2026-06-03T14:43:45,mixed_J5_M3_A2_O2_seed48,J5_M3_A2_O2,mixed,48,50048,48,300.0,,solved,,0.012364,cpsat_transport_capacity_relaxation_empty_repositioning_relaxed,OR-Tools CP-SAT,optimal,5,3,2,2,19.000000,19.000000,not_available,19.000000,20.000000,20.000000,not_logged_by_exact_worker,5.263158,0.005125,0.005176,0.990301,true,false,Tiny branch-bound rows are exact over the project simulator. Other rows are CP-SAT transport-capacity relaxation; empty AGV repositioning/path conflicts are relaxed.
exact|mixed|J5|M3|A2|O2|49,2026-06-03T14:43:45,mixed_J5_M3_A2_O2_seed49,J5_M3_A2_O2,mixed,49,50049,49,300.0,,solved,,0.011955,cpsat_transport_capacity_relaxation_empty_repositioning_relaxed,OR-Tools CP-SAT,optimal,5,3,2,2,17.000000,17.000000,not_available,17.000000,22.495358,22.495358,not_logged_by_exact_worker,32.325636,0.004407,0.005491,0.802612,true,false,Tiny branch-bound rows are exact over the project simulator. Other rows are CP-SAT transport-capacity relaxation; empty AGV repositioning/path conflicts are relaxed.
exact|mixed|J5|M3|A2|O2|50,2026-06-03T14:43:45,mixed_J5_M3_A2_O2_seed50,J5_M3_A2_O2,mixed,50,50050,50,300.0,,solved,,0.011520,cpsat_transport_capacity_relaxation_empty_repositioning_relaxed,OR-Tools CP-SAT,optimal,5,3,2,2,13.000000,13.000000,not_available,13.000000,23.187940,23.187940,not_logged_by_exact_worker,78.368773,0.004363,0.005245,0.831957,true,false,Tiny branch-bound rows are exact over the project simulator. Other rows are CP-SAT transport-capacity relaxation; empty AGV repositioning/path conflicts are relaxed.
exact|mixed|J5|M3|A2|O2|51,2026-06-03T14:43:45,mixed_J5_M3_A2_O2_seed51,J5_M3_A2_O2,mixed,51,50051,51,300.0,,solved,,0.013965,cpsat_transport_capacity_relaxation_empty_repositioning_relaxed,OR-Tools CP-SAT,optimal,5,3,2,2,14.000000,14.000000,not_available,14.000000,22.802776,22.802776,not_logged_by_exact_worker,62.876969,0.006624,0.005330,1.242707,true,false,Tiny branch-bound rows are exact over the project simulator. Other rows are CP-SAT transport-capacity relaxation; empty AGV repositioning/path conflicts are relaxed.
exact|static|J5|M3|A2|O2|42,2026-06-03T14:43:45,static_J5_M3_A2_O2_seed42,J5_M3_A2_O2,static,42,42,42,300.0,,solved,,0.009943,cpsat_transport_capacity_relaxation_empty_repositioning_relaxed,OR-Tools CP-SAT,optimal,5,3,2,2,12.000000,12.000000,not_available,12.000000,25.385165,25.385165,not_logged_by_exact_worker,111.543040,0.004061,0.004097,0.991164,true,false,Tiny branch-bound rows are exact over the project simulator. Other rows are CP-SAT transport-capacity relaxation; empty AGV repositioning/path conflicts are relaxed.
exact|static|J5|M3|A2|O2|44,2026-06-03T14:43:45,static_J5_M3_A2_O2_seed44,J5_M3_A2_O2,static,44,44,44,300.0,,solved,,0.010474,cpsat_transport_capacity_relaxation_empty_repositioning_relaxed,OR-Tools CP-SAT,optimal,5,3,2,2,9.000000,9.000000,not_available,9.000000,16.495358,16.495358,not_logged_by_exact_worker,83.281756,0.004651,0.003864,1.203877,true,false,Tiny branch-bound rows are exact over the project simulator. Other rows are CP-SAT transport-capacity relaxation; empty AGV repositioning/path conflicts are relaxed.
exact|static|J5|M3|A2|O2|43,2026-06-03T14:43:45,static_J5_M3_A2_O2_seed43,J5_M3_A2_O2,static,43,43,43,300.0,,solved,,0.011639,cpsat_transport_capacity_relaxation_empty_repositioning_relaxed,OR-Tools CP-SAT,optimal,5,3,2,2,10.000000,10.000000,not_available,10.000000,20.903685,20.903685,not_logged_by_exact_worker,109.036850,0.005205,0.004490,1.159095,true,false,Tiny branch-bound rows are exact over the project simulator. Other rows are CP-SAT transport-capacity relaxation; empty AGV repositioning/path conflicts are relaxed.
exact|static|J5|M3|A2|O2|45,2026-06-03T14:43:45,static_J5_M3_A2_O2_seed45,J5_M3_A2_O2,static,45,45,45,300.0,,solved,,0.008989,cpsat_transport_capacity_relaxation_empty_repositioning_relaxed,OR-Tools CP-SAT,optimal,5,3,2,2,7.800000,7.800000,not_available,7.800000,19.187940,19.187940,not_logged_by_exact_worker,145.999236,0.003106,0.003986,0.779308,true,false,Tiny branch-bound rows are exact over the project simulator. Other rows are CP-SAT transport-capacity relaxation; empty AGV repositioning/path conflicts are relaxed.
exact|static|J5|M3|A2|O2|47,2026-06-03T14:43:45,static_J5_M3_A2_O2_seed47,J5_M3_A2_O2,static,47,47,47,300.0,,solved,,0.010557,cpsat_transport_capacity_relaxation_empty_repositioning_relaxed,OR-Tools CP-SAT,optimal,5,3,2,2,17.000000,17.000000,not_available,17.000000,23.793492,23.793492,not_logged_by_exact_worker,39.961716,0.004194,0.004469,0.938510,true,false,Tiny branch-bound rows are exact over the project simulator. Other rows are CP-SAT transport-capacity relaxation; empty AGV repositioning/path conflicts are relaxed.
exact|static|J5|M3|A2|O2|46,2026-06-03T14:43:45,static_J5_M3_A2_O2_seed46,J5_M3_A2_O2,static,46,46,46,300.0,,solved,,0.014893,cpsat_transport_capacity_relaxation_empty_repositioning_relaxed,OR-Tools CP-SAT,optimal,5,3,2,2,11.800000,11.800000,not_available,11.800000,20.802776,20.802776,not_logged_by_exact_worker,76.294709,0.008263,0.004376,1.888104,true,false,Tiny branch-bound rows are exact over the project simulator. Other rows are CP-SAT transport-capacity relaxation; empty AGV repositioning/path conflicts are relaxed.
exact|static|J5|M3|A2|O2|48,2026-06-03T14:43:45,static_J5_M3_A2_O2_seed48,J5_M3_A2_O2,static,48,48,48,300.0,,solved,,0.011977,cpsat_transport_capacity_relaxation_empty_repositioning_relaxed,OR-Tools CP-SAT,optimal,5,3,2,2,12.000000,12.000000,not_available,12.000000,19.000000,19.000000,not_logged_by_exact_worker,58.333333,0.005522,0.004299,1.284475,true,false,Tiny branch-bound rows are exact over the project simulator. Other rows are CP-SAT transport-capacity relaxation; empty AGV repositioning/path conflicts are relaxed.
exact|static|J5|M3|A2|O2|49,2026-06-03T14:43:45,static_J5_M3_A2_O2_seed49,J5_M3_A2_O2,static,49,49,49,300.0,,solved,,0.017129,cpsat_transport_capacity_relaxation_empty_repositioning_relaxed,OR-Tools CP-SAT,optimal,5,3,2,2,12.000000,12.000000,not_available,12.000000,26.385165,26.385165,not_logged_by_exact_worker,119.876373,0.010483,0.004604,2.277202,true,false,Tiny branch-bound rows are exact over the project simulator. Other rows are CP-SAT transport-capacity relaxation; empty AGV repositioning/path conflicts are relaxed.
exact|static|J5|M3|A2|O2|51,2026-06-03T14:43:45,static_J5_M3_A2_O2_seed51,J5_M3_A2_O2,static,51,51,51,300.0,,solved,,0.010952,cpsat_transport_capacity_relaxation_empty_repositioning_relaxed,OR-Tools CP-SAT,optimal,5,3,2,2,13.000000,13.000000,not_available,13.000000,25.880523,25.880523,not_logged_by_exact_worker,99.080945,0.004844,0.004181,1.158722,true,false,Tiny branch-bound rows are exact over the project simulator. Other rows are CP-SAT transport-capacity relaxation; empty AGV repositioning/path conflicts are relaxed.
exact|static|J5|M3|A2|O2|50,2026-06-03T14:43:45,static_J5_M3_A2_O2_seed50,J5_M3_A2_O2,static,50,50,50,300.0,,solved,,0.013674,cpsat_transport_capacity_relaxation_empty_repositioning_relaxed,OR-Tools CP-SAT,optimal,5,3,2,2,9.000000,9.000000,not_available,9.000000,18.385165,18.385165,not_logged_by_exact_worker,104.279609,0.007516,0.004069,1.847105,true,false,Tiny branch-bound rows are exact over the project simulator. Other rows are CP-SAT transport-capacity relaxation; empty AGV repositioning/path conflicts are relaxed.
exact|breakdown|J5|M3|A2|O3|42,2026-06-03T14:43:45,breakdown_J5_M3_A2_O3_seed42,J5_M3_A2_O3,breakdown,42,30042,42,300.0,,solved,,0.013631,cpsat_transport_capacity_relaxation_empty_repositioning_relaxed,OR-Tools CP-SAT,optimal,5,3,2,3,24.800000,24.800000,not_available,24.800000,30.802776,30.802776,not_logged_by_exact_worker,24.204740,0.005478,0.005886,0.930702,true,false,Tiny branch-bound rows are exact over the project simulator. Other rows are CP-SAT transport-capacity relaxation; empty AGV repositioning/path conflicts are relaxed.
exact|breakdown|J5|M3|A2|O3|43,2026-06-03T14:43:45,breakdown_J5_M3_A2_O3_seed43,J5_M3_A2_O3,breakdown,43,30043,43,300.0,,solved,,0.014401,cpsat_transport_capacity_relaxation_empty_repositioning_relaxed,OR-Tools CP-SAT,optimal,5,3,2,3,21.000000,21.000000,not_available,21.000000,32.793492,32.793492,not_logged_by_exact_worker,56.159484,0.005647,0.006407,0.881497,true,false,Tiny branch-bound rows are exact over the project simulator. Other rows are CP-SAT transport-capacity relaxation; empty AGV repositioning/path conflicts are relaxed.
exact|breakdown|J5|M3|A2|O3|45,2026-06-03T14:43:45,breakdown_J5_M3_A2_O3_seed45,J5_M3_A2_O3,breakdown,45,30045,45,300.0,,solved,,0.012914,cpsat_transport_capacity_relaxation_empty_repositioning_relaxed,OR-Tools CP-SAT,optimal,5,3,2,3,16.000000,16.000000,not_available,16.000000,30.187940,30.187940,not_logged_by_exact_worker,88.674628,0.004149,0.006639,0.624994,true,false,Tiny branch-bound rows are exact over the project simulator. Other rows are CP-SAT transport-capacity relaxation; empty AGV repositioning/path conflicts are relaxed.
exact|breakdown|J5|M3|A2|O3|44,2026-06-03T14:43:45,breakdown_J5_M3_A2_O3_seed44,J5_M3_A2_O3,breakdown,44,30044,44,300.0,,solved,,0.017328,cpsat_transport_capacity_relaxation_empty_repositioning_relaxed,OR-Tools CP-SAT,optimal,5,3,2,3,20.000000,20.000000,not_available,20.000000,30.802776,30.802776,not_logged_by_exact_worker,54.013878,0.008917,0.005983,1.490423,true,false,Tiny branch-bound rows are exact over the project simulator. Other rows are CP-SAT transport-capacity relaxation; empty AGV repositioning/path conflicts are relaxed.
exact|breakdown|J5|M3|A2|O3|46,2026-06-03T14:43:45,breakdown_J5_M3_A2_O3_seed46,J5_M3_A2_O3,breakdown,46,30046,46,300.0,,solved,,0.017733,cpsat_transport_capacity_relaxation_empty_repositioning_relaxed,OR-Tools CP-SAT,optimal,5,3,2,3,24.800000,24.800000,not_available,24.800000,36.000000,36.000000,not_logged_by_exact_worker,45.161290,0.008979,0.006499,1.381588,true,false,Tiny branch-bound rows are exact over the project simulator. Other rows are CP-SAT transport-capacity relaxation; empty AGV repositioning/path conflicts are relaxed.
exact|breakdown|J5|M3|A2|O3|47,2026-06-03T14:43:45,breakdown_J5_M3_A2_O3_seed47,J5_M3_A2_O3,breakdown,47,30047,47,300.0,,solved,,0.013017,cpsat_transport_capacity_relaxation_empty_repositioning_relaxed,OR-Tools CP-SAT,optimal,5,3,2,3,24.800000,24.800000,not_available,24.800000,34.298134,34.298134,not_logged_by_exact_worker,38.298926,0.004511,0.006392,0.705671,true,false,Tiny branch-bound rows are exact over the project simulator. Other rows are CP-SAT transport-capacity relaxation; empty AGV repositioning/path conflicts are relaxed.
exact|breakdown|J5|M3|A2|O3|49,2026-06-03T14:43:45,breakdown_J5_M3_A2_O3_seed49,J5_M3_A2_O3,breakdown,49,30049,49,300.0,,solved,,0.010775,cpsat_transport_capacity_relaxation_empty_repositioning_relaxed,OR-Tools CP-SAT,optimal,5,3,2,3,25.000000,25.000000,not_available,25.000000,31.000000,31.000000,not_logged_by_exact_worker,24.000000,0.003042,0.005672,0.536265,true,false,Tiny branch-bound rows are exact over the project simulator. Other rows are CP-SAT transport-capacity relaxation; empty AGV repositioning/path conflicts are relaxed.
exact|breakdown|J5|M3|A2|O3|48,2026-06-03T14:43:45,breakdown_J5_M3_A2_O3_seed48,J5_M3_A2_O3,breakdown,48,30048,48,300.0,,solved,,0.016433,cpsat_transport_capacity_relaxation_empty_repositioning_relaxed,OR-Tools CP-SAT,optimal,5,3,2,3,22.000000,22.000000,not_available,22.000000,27.495358,27.495358,not_logged_by_exact_worker,24.978900,0.008089,0.006164,1.312190,true,false,Tiny branch-bound rows are exact over the project simulator. Other rows are CP-SAT transport-capacity relaxation; empty AGV repositioning/path conflicts are relaxed.
exact|breakdown|J5|M3|A2|O3|51,2026-06-03T14:43:45,breakdown_J5_M3_A2_O3_seed51,J5_M3_A2_O3,breakdown,51,30051,51,300.0,,solved,,0.019545,cpsat_transport_capacity_relaxation_empty_repositioning_relaxed,OR-Tools CP-SAT,optimal,5,3,2,3,22.000000,22.000000,not_available,22.000000,32.802776,32.802776,not_logged_by_exact_worker,49.103526,0.011446,0.005863,1.952411,true,false,Tiny branch-bound rows are exact over the project simulator. Other rows are CP-SAT transport-capacity relaxation; empty AGV repositioning/path conflicts are relaxed.
exact|breakdown|J5|M3|A2|O3|50,2026-06-03T14:43:45,breakdown_J5_M3_A2_O3_seed50,J5_M3_A2_O3,breakdown,50,30050,50,300.0,,solved,,0.033367,cpsat_transport_capacity_relaxation_empty_repositioning_relaxed,OR-Tools CP-SAT,optimal,5,3,2,3,18.000000,18.000000,not_available,18.000000,22.000000,22.000000,not_logged_by_exact_worker,22.222222,0.025096,0.005969,4.204513,true,false,Tiny branch-bound rows are exact over the project simulator. Other rows are CP-SAT transport-capacity relaxation; empty AGV repositioning/path conflicts are relaxed.
exact|rush_job|J5|M3|A2|O3|42,2026-06-03T14:43:45,rush_job_J5_M3_A2_O3_seed42,J5_M3_A2_O3,rush_job,42,40042,42,300.0,,solved,,0.029534,cpsat_transport_capacity_relaxation_empty_repositioning_relaxed,OR-Tools CP-SAT,optimal,5,3,2,3,16.000000,16.000000,not_available,16.000000,29.793492,29.793492,not_logged_by_exact_worker,86.209323,0.018460,0.008212,2.247997,true,false,Tiny branch-bound rows are exact over the project simulator. Other rows are CP-SAT transport-capacity relaxation; empty AGV repositioning/path conflicts are relaxed.
exact|rush_job|J5|M3|A2|O3|43,2026-06-03T14:43:45,rush_job_J5_M3_A2_O3_seed43,J5_M3_A2_O3,rush_job,43,40043,43,300.0,,solved,,0.034918,cpsat_transport_capacity_relaxation_empty_repositioning_relaxed,OR-Tools CP-SAT,optimal,5,3,2,3,15.800000,15.800000,not_available,15.800000,37.201819,37.201819,not_logged_by_exact_worker,135.454548,0.022976,0.008832,2.601483,true,false,Tiny branch-bound rows are exact over the project simulator. Other rows are CP-SAT transport-capacity relaxation; empty AGV repositioning/path conflicts are relaxed.
exact|rush_job|J5|M3|A2|O3|44,2026-06-03T14:43:46,rush_job_J5_M3_A2_O3_seed44,J5_M3_A2_O3,rush_job,44,40044,44,300.0,,solved,,0.030117,cpsat_transport_capacity_relaxation_empty_repositioning_relaxed,OR-Tools CP-SAT,optimal,5,3,2,3,13.800000,13.800000,not_available,13.800000,29.605551,29.605551,not_logged_by_exact_worker,114.532980,0.019456,0.007786,2.498902,true,false,Tiny branch-bound rows are exact over the project simulator. Other rows are CP-SAT transport-capacity relaxation; empty AGV repositioning/path conflicts are relaxed.
exact|rush_job|J5|M3|A2|O3|45,2026-06-03T14:43:46,rush_job_J5_M3_A2_O3_seed45,J5_M3_A2_O3,rush_job,45,40045,45,300.0,,solved,,0.024208,cpsat_transport_capacity_relaxation_empty_repositioning_relaxed,OR-Tools CP-SAT,optimal,5,3,2,3,14.800000,14.800000,not_available,14.800000,28.298134,28.298134,not_logged_by_exact_worker,91.203606,0.013717,0.007773,1.764556,true,false,Tiny branch-bound rows are exact over the project simulator. Other rows are CP-SAT transport-capacity relaxation; empty AGV repositioning/path conflicts are relaxed.
exact|rush_job|J5|M3|A2|O3|47,2026-06-03T14:43:46,rush_job_J5_M3_A2_O3_seed47,J5_M3_A2_O3,rush_job,47,40047,47,300.0,,solved,,0.031387,cpsat_transport_capacity_relaxation_empty_repositioning_relaxed,OR-Tools CP-SAT,optimal,5,3,2,3,23.000000,23.000000,not_available,23.000000,36.298134,36.298134,not_logged_by_exact_worker,57.817973,0.020395,0.008212,2.483397,true,false,Tiny branch-bound rows are exact over the project simulator. Other rows are CP-SAT transport-capacity relaxation; empty AGV repositioning/path conflicts are relaxed.
exact|rush_job|J5|M3|A2|O3|46,2026-06-03T14:43:46,rush_job_J5_M3_A2_O3_seed46,J5_M3_A2_O3,rush_job,46,40046,46,300.0,,solved,,0.042748,cpsat_transport_capacity_relaxation_empty_repositioning_relaxed,OR-Tools CP-SAT,optimal,5,3,2,3,17.600000,17.600000,not_available,17.600000,25.385165,25.385165,not_logged_by_exact_worker,44.233891,0.031437,0.008141,3.861709,true,false,Tiny branch-bound rows are exact over the project simulator. Other rows are CP-SAT transport-capacity relaxation; empty AGV repositioning/path conflicts are relaxed.
exact|rush_job|J5|M3|A2|O3|48,2026-06-03T14:43:46,rush_job_J5_M3_A2_O3_seed48,J5_M3_A2_O3,rush_job,48,40048,48,300.0,,solved,,0.030727,cpsat_transport_capacity_relaxation_empty_repositioning_relaxed,OR-Tools CP-SAT,optimal,5,3,2,3,17.000000,17.000000,not_available,17.000000,29.880523,29.880523,not_logged_by_exact_worker,75.767781,0.019667,0.008209,2.395693,true,false,Tiny branch-bound rows are exact over the project simulator. Other rows are CP-SAT transport-capacity relaxation; empty AGV repositioning/path conflicts are relaxed.
exact|rush_job|J5|M3|A2|O3|49,2026-06-03T14:43:46,rush_job_J5_M3_A2_O3_seed49,J5_M3_A2_O3,rush_job,49,40049,49,300.0,,solved,,0.033163,cpsat_transport_capacity_relaxation_empty_repositioning_relaxed,OR-Tools CP-SAT,optimal,5,3,2,3,19.000000,19.000000,not_available,19.000000,38.770330,38.770330,not_logged_by_exact_worker,104.054366,0.021830,0.008303,2.629249,true,false,Tiny branch-bound rows are exact over the project simulator. Other rows are CP-SAT transport-capacity relaxation; empty AGV repositioning/path conflicts are relaxed.
exact|mixed|J5|M3|A2|O3|42,2026-06-03T14:43:46,mixed_J5_M3_A2_O3_seed42,J5_M3_A2_O3,mixed,42,50042,42,300.0,,solved,,0.017122,cpsat_transport_capacity_relaxation_empty_repositioning_relaxed,OR-Tools CP-SAT,optimal,5,3,2,3,24.800000,24.800000,not_available,24.800000,30.802776,30.802776,not_logged_by_exact_worker,24.204740,0.007054,0.007394,0.954029,true,false,Tiny branch-bound rows are exact over the project simulator. Other rows are CP-SAT transport-capacity relaxation; empty AGV repositioning/path conflicts are relaxed.
exact|rush_job|J5|M3|A2|O3|51,2026-06-03T14:43:46,rush_job_J5_M3_A2_O3_seed51,J5_M3_A2_O3,rush_job,51,40051,51,300.0,,solved,,0.021615,cpsat_transport_capacity_relaxation_empty_repositioning_relaxed,OR-Tools CP-SAT,optimal,5,3,2,3,19.800000,19.800000,not_available,19.800000,34.187940,34.187940,not_logged_by_exact_worker,72.666366,0.011022,0.007569,1.456184,true,false,Tiny branch-bound rows are exact over the project simulator. Other rows are CP-SAT transport-capacity relaxation; empty AGV repositioning/path conflicts are relaxed.
exact|rush_job|J5|M3|A2|O3|50,2026-06-03T14:43:46,rush_job_J5_M3_A2_O3_seed50,J5_M3_A2_O3,rush_job,50,40050,50,300.0,,solved,,0.026975,cpsat_transport_capacity_relaxation_empty_repositioning_relaxed,OR-Tools CP-SAT,optimal,5,3,2,3,15.000000,15.000000,not_available,15.000000,23.692582,23.692582,not_logged_by_exact_worker,57.950549,0.016091,0.007806,2.061457,true,false,Tiny branch-bound rows are exact over the project simulator. Other rows are CP-SAT transport-capacity relaxation; empty AGV repositioning/path conflicts are relaxed.
exact|mixed|J5|M3|A2|O3|43,2026-06-03T14:43:46,mixed_J5_M3_A2_O3_seed43,J5_M3_A2_O3,mixed,43,50043,43,300.0,,solved,,0.017049,cpsat_transport_capacity_relaxation_empty_repositioning_relaxed,OR-Tools CP-SAT,optimal,5,3,2,3,21.000000,21.000000,not_available,21.000000,32.375881,32.375881,not_logged_by_exact_worker,54.170861,0.006851,0.007772,0.881436,true,false,Tiny branch-bound rows are exact over the project simulator. Other rows are CP-SAT transport-capacity relaxation; empty AGV repositioning/path conflicts are relaxed.
exact|mixed|J5|M3|A2|O3|45,2026-06-03T14:43:46,mixed_J5_M3_A2_O3_seed45,J5_M3_A2_O3,mixed,45,50045,45,300.0,,solved,,0.016459,cpsat_transport_capacity_relaxation_empty_repositioning_relaxed,OR-Tools CP-SAT,optimal,5,3,2,3,16.000000,16.000000,not_available,16.000000,28.298134,28.298134,not_logged_by_exact_worker,76.863335,0.006335,0.007610,0.832409,true,false,Tiny branch-bound rows are exact over the project simulator. Other rows are CP-SAT transport-capacity relaxation; empty AGV repositioning/path conflicts are relaxed.
exact|mixed|J5|M3|A2|O3|44,2026-06-03T14:43:46,mixed_J5_M3_A2_O3_seed44,J5_M3_A2_O3,mixed,44,50044,44,300.0,,solved,,0.020543,cpsat_transport_capacity_relaxation_empty_repositioning_relaxed,OR-Tools CP-SAT,optimal,5,3,2,3,20.000000,20.000000,not_available,20.000000,32.802776,32.802776,not_logged_by_exact_worker,64.013878,0.010159,0.007723,1.315481,true,false,Tiny branch-bound rows are exact over the project simulator. Other rows are CP-SAT transport-capacity relaxation; empty AGV repositioning/path conflicts are relaxed.
exact|mixed|J5|M3|A2|O3|47,2026-06-03T14:43:46,mixed_J5_M3_A2_O3_seed47,J5_M3_A2_O3,mixed,47,50047,47,300.0,,solved,,0.017241,cpsat_transport_capacity_relaxation_empty_repositioning_relaxed,OR-Tools CP-SAT,optimal,5,3,2,3,24.800000,24.800000,not_available,24.800000,38.596267,38.596267,not_logged_by_exact_worker,55.630110,0.006633,0.008020,0.827029,true,false,Tiny branch-bound rows are exact over the project simulator. Other rows are CP-SAT transport-capacity relaxation; empty AGV repositioning/path conflicts are relaxed.
exact|mixed|J5|M3|A2|O3|46,2026-06-03T14:43:46,mixed_J5_M3_A2_O3_seed46,J5_M3_A2_O3,mixed,46,50046,46,300.0,,solved,,0.024555,cpsat_transport_capacity_relaxation_empty_repositioning_relaxed,OR-Tools CP-SAT,optimal,5,3,2,3,26.000000,26.000000,not_available,26.000000,36.000000,36.000000,not_logged_by_exact_worker,38.461538,0.013970,0.007974,1.752000,true,false,Tiny branch-bound rows are exact over the project simulator. Other rows are CP-SAT transport-capacity relaxation; empty AGV repositioning/path conflicts are relaxed.
exact|mixed|J5|M3|A2|O3|49,2026-06-03T14:43:46,mixed_J5_M3_A2_O3_seed49,J5_M3_A2_O3,mixed,49,50049,49,300.0,,solved,,0.016433,cpsat_transport_capacity_relaxation_empty_repositioning_relaxed,OR-Tools CP-SAT,optimal,5,3,2,3,25.000000,25.000000,not_available,25.000000,34.990716,34.990716,not_logged_by_exact_worker,39.962864,0.006229,0.007742,0.804542,true,false,Tiny branch-bound rows are exact over the project simulator. Other rows are CP-SAT transport-capacity relaxation; empty AGV repositioning/path conflicts are relaxed.
exact|mixed|J5|M3|A2|O3|50,2026-06-03T14:43:46,mixed_J5_M3_A2_O3_seed50,J5_M3_A2_O3,mixed,50,50050,50,300.0,,solved,,0.020179,cpsat_transport_capacity_relaxation_empty_repositioning_relaxed,OR-Tools CP-SAT,optimal,5,3,2,3,20.000000,20.000000,not_available,20.000000,22.000000,22.000000,not_logged_by_exact_worker,10.000000,0.010105,0.007524,1.343014,true,false,Tiny branch-bound rows are exact over the project simulator. Other rows are CP-SAT transport-capacity relaxation; empty AGV repositioning/path conflicts are relaxed.
exact|mixed|J5|M3|A2|O3|51,2026-06-03T14:43:46,mixed_J5_M3_A2_O3_seed51,J5_M3_A2_O3,mixed,51,50051,51,300.0,,solved,,0.023477,cpsat_transport_capacity_relaxation_empty_repositioning_relaxed,OR-Tools CP-SAT,optimal,5,3,2,3,22.000000,22.000000,not_available,22.000000,32.605551,32.605551,not_logged_by_exact_worker,48.207051,0.013540,0.007392,1.831600,true,false,Tiny branch-bound rows are exact over the project simulator. Other rows are CP-SAT transport-capacity relaxation; empty AGV repositioning/path conflicts are relaxed.
exact|static|J5|M3|A2|O3|42,2026-06-03T14:43:46,static_J5_M3_A2_O3_seed42,J5_M3_A2_O3,static,42,42,42,300.0,,solved,,0.024143,cpsat_transport_capacity_relaxation_empty_repositioning_relaxed,OR-Tools CP-SAT,optimal,5,3,2,3,14.800000,14.800000,not_available,14.800000,26.385165,26.385165,not_logged_by_exact_worker,78.278141,0.014883,0.006533,2.278065,true,false,Tiny branch-bound rows are exact over the project simulator. Other rows are CP-SAT transport-capacity relaxation; empty AGV repositioning/path conflicts are relaxed.
exact|static|J5|M3|A2|O3|43,2026-06-03T14:43:46,static_J5_M3_A2_O3_seed43,J5_M3_A2_O3,static,43,43,43,300.0,,solved,,0.021752,cpsat_transport_capacity_relaxation_empty_repositioning_relaxed,OR-Tools CP-SAT,optimal,5,3,2,3,15.800000,15.800000,not_available,15.800000,30.399043,30.399043,not_logged_by_exact_worker,92.399006,0.011850,0.007034,1.684579,true,false,Tiny branch-bound rows are exact over the project simulator. Other rows are CP-SAT transport-capacity relaxation; empty AGV repositioning/path conflicts are relaxed.
exact|mixed|J5|M3|A2|O3|48,2026-06-03T14:43:46,mixed_J5_M3_A2_O3_seed48,J5_M3_A2_O3,mixed,48,50048,48,300.0,,solved,,0.050975,cpsat_transport_capacity_relaxation_empty_repositioning_relaxed,OR-Tools CP-SAT,optimal,5,3,2,3,23.000000,23.000000,not_available,23.000000,32.683298,32.683298,not_logged_by_exact_worker,42.101298,0.040486,0.007892,5.129743,true,false,Tiny branch-bound rows are exact over the project simulator. Other rows are CP-SAT transport-capacity relaxation; empty AGV repositioning/path conflicts are relaxed.
exact|static|J5|M3|A2|O3|44,2026-06-03T14:43:46,static_J5_M3_A2_O3_seed44,J5_M3_A2_O3,static,44,44,44,300.0,,solved,,0.025144,cpsat_transport_capacity_relaxation_empty_repositioning_relaxed,OR-Tools CP-SAT,optimal,5,3,2,3,13.800000,13.800000,not_available,13.800000,21.000000,21.000000,not_logged_by_exact_worker,52.173913,0.016003,0.006394,2.502886,true,false,Tiny branch-bound rows are exact over the project simulator. Other rows are CP-SAT transport-capacity relaxation; empty AGV repositioning/path conflicts are relaxed.
exact|static|J5|M3|A2|O3|45,2026-06-03T14:43:46,static_J5_M3_A2_O3_seed45,J5_M3_A2_O3,static,45,45,45,300.0,,solved,,0.015983,cpsat_transport_capacity_relaxation_empty_repositioning_relaxed,OR-Tools CP-SAT,optimal,5,3,2,3,14.800000,14.800000,not_available,14.800000,25.100909,25.100909,not_logged_by_exact_worker,69.600739,0.007340,0.006167,1.190222,true,false,Tiny branch-bound rows are exact over the project simulator. Other rows are CP-SAT transport-capacity relaxation; empty AGV repositioning/path conflicts are relaxed.
exact|static|J5|M3|A2|O3|47,2026-06-03T14:43:46,static_J5_M3_A2_O3_seed47,J5_M3_A2_O3,static,47,47,47,300.0,,solved,,0.020765,cpsat_transport_capacity_relaxation_empty_repositioning_relaxed,OR-Tools CP-SAT,optimal,5,3,2,3,23.000000,23.000000,not_available,23.000000,31.692582,31.692582,not_logged_by_exact_worker,37.793837,0.011564,0.006621,1.746470,true,false,Tiny branch-bound rows are exact over the project simulator. Other rows are CP-SAT transport-capacity relaxation; empty AGV repositioning/path conflicts are relaxed.
exact|static|J5|M3|A2|O3|46,2026-06-03T14:43:46,static_J5_M3_A2_O3_seed46,J5_M3_A2_O3,static,46,46,46,300.0,,solved,,0.024102,cpsat_transport_capacity_relaxation_empty_repositioning_relaxed,OR-Tools CP-SAT,optimal,5,3,2,3,17.000000,17.000000,not_available,17.000000,27.211103,27.211103,not_logged_by_exact_worker,60.065309,0.013930,0.007211,1.931609,true,false,Tiny branch-bound rows are exact over the project simulator. Other rows are CP-SAT transport-capacity relaxation; empty AGV repositioning/path conflicts are relaxed.
exact|static|J5|M3|A2|O3|48,2026-06-03T14:43:46,static_J5_M3_A2_O3_seed48,J5_M3_A2_O3,static,48,48,48,300.0,,solved,,0.018660,cpsat_transport_capacity_relaxation_empty_repositioning_relaxed,OR-Tools CP-SAT,optimal,5,3,2,3,16.800000,16.800000,not_available,16.800000,24.495358,24.495358,not_logged_by_exact_worker,45.805703,0.009613,0.006384,1.505654,true,false,Tiny branch-bound rows are exact over the project simulator. Other rows are CP-SAT transport-capacity relaxation; empty AGV repositioning/path conflicts are relaxed.
exact|static|J5|M3|A2|O3|49,2026-06-03T14:43:46,static_J5_M3_A2_O3_seed49,J5_M3_A2_O3,static,49,49,49,300.0,,solved,,0.018992,cpsat_transport_capacity_relaxation_empty_repositioning_relaxed,OR-Tools CP-SAT,optimal,5,3,2,3,17.000000,17.000000,not_available,17.000000,31.770330,31.770330,not_logged_by_exact_worker,86.884292,0.009438,0.006917,1.364464,true,false,Tiny branch-bound rows are exact over the project simulator. Other rows are CP-SAT transport-capacity relaxation; empty AGV repositioning/path conflicts are relaxed.
exact|static|J5|M3|A2|O3|51,2026-06-03T14:43:46,static_J5_M3_A2_O3_seed51,J5_M3_A2_O3,static,51,51,51,300.0,,solved,,0.018620,cpsat_transport_capacity_relaxation_empty_repositioning_relaxed,OR-Tools CP-SAT,optimal,5,3,2,3,19.800000,19.800000,not_available,19.800000,32.187940,32.187940,not_logged_by_exact_worker,62.565356,0.009322,0.006469,1.441153,true,false,Tiny branch-bound rows are exact over the project simulator. Other rows are CP-SAT transport-capacity relaxation; empty AGV repositioning/path conflicts are relaxed.
exact|static|J5|M3|A2|O3|50,2026-06-03T14:43:46,static_J5_M3_A2_O3_seed50,J5_M3_A2_O3,static,50,50,50,300.0,,solved,,0.026122,cpsat_transport_capacity_relaxation_empty_repositioning_relaxed,OR-Tools CP-SAT,optimal,5,3,2,3,15.000000,15.000000,not_available,15.000000,23.408327,23.408327,not_logged_by_exact_worker,56.055513,0.016611,0.006595,2.518650,true,false,Tiny branch-bound rows are exact over the project simulator. Other rows are CP-SAT transport-capacity relaxation; empty AGV repositioning/path conflicts are relaxed.
