experiment_id,timestamp,instance_id,scale,event_type,instance_seed,dynamic_seed,algorithm_seed,budget_sec,algorithm,status,error_message,runtime_sec,makespan,objective,total_agv_travel,loaded_travel,empty_travel,empty_travel_ratio,machine_waiting_for_agv,queue_wait,total_runtime_sec,mean_event_latency,p50_event_latency,p95_event_latency,p99_event_latency,max_event_latency,budget_violation_rate,timeout_count,feasible,gap_to_best_pct,rank_in_setting,notes
fair|S|breakdown|42|0.1|B-CORE-no-graph,2026-06-03T14:41:58,S_breakdown_seed42,S,breakdown,42,30042,30042,0.1,B-CORE-no-graph,solved,,0.011977,48.026998,48.026998,230.896724,146.934072,83.962651,0.363637,6.477476,6.477476,0.011987,0.000155,0.000155,0.000158,0.000158,0.000158,0.000000,0,true,0.000000,1,objective equals makespan; due-date/tardiness fields are not available in this instance format
fair|S|breakdown|42|0.1|B-CORE,2026-06-03T14:41:58,S_breakdown_seed42,S,breakdown,42,30042,30042,0.1,B-CORE,solved,,0.012692,48.026998,48.026998,230.896724,146.934072,83.962651,0.363637,6.477476,6.477476,0.012702,0.000161,0.000161,0.000164,0.000165,0.000165,0.000000,0,true,0.000000,2,objective equals makespan; due-date/tardiness fields are not available in this instance format
fair|S|breakdown|42|0.1|MOEA-NSGA2,2026-06-03T14:41:58,S_breakdown_seed42,S,breakdown,42,30042,30042,0.1,MOEA-NSGA2,solved,,0.312846,48.047524,48.047524,239.887741,151.901209,87.986533,0.366782,7.376447,7.376447,0.312854,0.103198,0.103198,0.104555,0.104676,0.104706,1.000000,3,true,0.042738,3,objective equals makespan; due-date/tardiness fields are not available in this instance format
fair|S|breakdown|42|0.1|LNS,2026-06-03T14:41:58,S_breakdown_seed42,S,breakdown,42,30042,30042,0.1,LNS,solved,,0.314012,48.047524,48.047524,239.887741,151.901209,87.986533,0.366782,7.376447,7.376447,0.314020,0.102899,0.102899,0.102932,0.102935,0.102936,1.000000,3,true,0.042738,4,objective equals makespan; due-date/tardiness fields are not available in this instance format
fair|S|breakdown|42|0.1|B-CORE-no-bottleneck,2026-06-03T14:41:58,S_breakdown_seed42,S,breakdown,42,30042,30042,0.1,B-CORE-no-bottleneck,solved,,0.013158,49.047524,49.047524,228.902563,144.830141,84.072422,0.367285,8.002066,8.002066,0.013201,0.000157,0.000157,0.000163,0.000163,0.000163,0.000000,0,true,2.124901,5,objective equals makespan; due-date/tardiness fields are not available in this instance format
fair|S|breakdown|42|0.1|GA,2026-06-03T14:41:58,S_breakdown_seed42,S,breakdown,42,30042,30042,0.1,GA,solved,,0.312809,51.159449,51.159449,255.745606,154.863005,100.882601,0.394465,7.821856,7.821856,0.312819,0.102313,0.102313,0.103670,0.103791,0.103821,1.000000,3,true,6.522271,6,objective equals makespan; due-date/tardiness fields are not available in this instance format
fair|S|breakdown|42|0.1|DCGA,2026-06-03T14:41:58,S_breakdown_seed42,S,breakdown,42,30042,30042,0.1,DCGA,solved,,0.314394,51.561316,51.561316,247.783810,149.863005,97.920805,0.395186,7.447523,7.447523,0.314403,0.102388,0.102388,0.103386,0.103475,0.103497,1.000000,3,true,7.359023,7,objective equals makespan; due-date/tardiness fields are not available in this instance format
fair|S|breakdown|42|0.1|SA,2026-06-03T14:41:58,S_breakdown_seed42,S,breakdown,42,30042,30042,0.1,SA,solved,,0.309929,52.680970,52.680970,260.210217,153.114412,107.095805,0.411574,7.566609,7.566609,0.309937,0.100612,0.100612,0.100835,0.100855,0.100860,1.000000,3,true,9.690325,8,objective equals makespan; due-date/tardiness fields are not available in this instance format
fair|S|breakdown|42|0.1|MachineRank,2026-06-03T14:41:58,S_breakdown_seed42,S,breakdown,42,30042,30042,0.1,MachineRank,solved,,0.009397,56.730517,56.730517,266.958809,151.901209,115.057600,0.430994,8.071948,8.071948,0.009405,0.000035,0.000035,0.000052,0.000054,0.000054,0.000000,0,true,18.122138,9,objective equals makespan; due-date/tardiness fields are not available in this instance format
fair|S|breakdown|42|0.1|MOR,2026-06-03T14:41:58,S_breakdown_seed42,S,breakdown,42,30042,30042,0.1,MOR,solved,,0.006356,64.205767,64.205767,282.443582,166.332957,116.110626,0.411093,8.413726,8.413726,0.006364,0.000006,0.000006,0.000006,0.000006,0.000006,0.000000,0,true,33.686821,10,objective equals makespan; due-date/tardiness fields are not available in this instance format
fair|S|breakdown|42|0.5|GA,2026-06-03T14:44:05,S_breakdown_seed42,S,breakdown,42,30042,30042,0.5,GA,solved,,1.512691,47.430517,47.430517,227.494198,142.791937,84.702261,0.372327,7.166170,7.166170,1.512701,0.501702,0.501702,0.503005,0.503121,0.503150,1.000000,3,true,0.000000,1,objective equals makespan; due-date/tardiness fields are not available in this instance format
fair|S|breakdown|42|0.5|B-CORE,2026-06-03T14:44:04,S_breakdown_seed42,S,breakdown,42,30042,30042,0.5,B-CORE,solved,,0.013798,48.026998,48.026998,230.896724,146.934072,83.962651,0.363637,6.477476,6.477476,0.013807,0.000157,0.000157,0.000162,0.000162,0.000162,0.000000,0,true,1.257589,2,objective equals makespan; due-date/tardiness fields are not available in this instance format
fair|S|breakdown|42|0.5|B-CORE-no-graph,2026-06-03T14:44:04,S_breakdown_seed42,S,breakdown,42,30042,30042,0.5,B-CORE-no-graph,solved,,0.013607,48.026998,48.026998,230.896724,146.934072,83.962651,0.363637,6.477476,6.477476,0.013616,0.000158,0.000158,0.000165,0.000165,0.000165,0.000000,0,true,1.257589,3,objective equals makespan; due-date/tardiness fields are not available in this instance format
fair|S|breakdown|42|0.5|LNS,2026-06-03T14:44:05,S_breakdown_seed42,S,breakdown,42,30042,30042,0.5,LNS,solved,,1.514341,48.047524,48.047524,239.887741,151.901209,87.986533,0.366782,7.376447,7.376447,1.514354,0.502989,0.502989,0.503669,0.503729,0.503744,1.000000,3,true,1.300865,4,objective equals makespan; due-date/tardiness fields are not available in this instance format
fair|S|breakdown|42|0.5|DCGA,2026-06-03T14:44:05,S_breakdown_seed42,S,breakdown,42,30042,30042,0.5,DCGA,solved,,1.510940,48.466051,48.466051,239.565266,149.863005,89.702261,0.374438,7.440512,7.440512,1.510952,0.501174,0.501174,0.501293,0.501303,0.501306,1.000000,3,true,2.183265,5,objective equals makespan; due-date/tardiness fields are not available in this instance format
fair|S|breakdown|42|0.5|MOEA-NSGA2,2026-06-03T14:44:05,S_breakdown_seed42,S,breakdown,42,30042,30042,0.5,MOEA-NSGA2,solved,,1.511773,48.600078,48.600078,242.494198,149.863005,92.631193,0.381993,7.343656,7.343656,1.511782,0.501998,0.501998,0.502671,0.502731,0.502746,1.000000,3,true,2.465841,6,objective equals makespan; due-date/tardiness fields are not available in this instance format
fair|S|breakdown|42|0.5|B-CORE-no-bottleneck,2026-06-03T14:44:04,S_breakdown_seed42,S,breakdown,42,30042,30042,0.5,B-CORE-no-bottleneck,solved,,0.011942,49.047524,49.047524,228.902563,144.830141,84.072422,0.367285,8.002066,8.002066,0.011951,0.000150,0.000150,0.000154,0.000155,0.000155,0.000000,0,true,3.409212,7,objective equals makespan; due-date/tardiness fields are not available in this instance format
fair|S|breakdown|42|0.5|SA,2026-06-03T14:44:05,S_breakdown_seed42,S,breakdown,42,30042,30042,0.5,SA,solved,,1.511322,51.394983,51.394983,244.887741,155.185480,89.702261,0.366300,7.285383,7.285383,1.511338,0.502278,0.502278,0.503382,0.503481,0.503505,1.000000,3,true,8.358471,8,objective equals makespan; due-date/tardiness fields are not available in this instance format
fair|S|breakdown|42|0.5|MachineRank,2026-06-03T14:44:04,S_breakdown_seed42,S,breakdown,42,30042,30042,0.5,MachineRank,solved,,0.008525,56.730517,56.730517,266.958809,151.901209,115.057600,0.430994,8.071948,8.071948,0.008536,0.000033,0.000033,0.000054,0.000056,0.000057,0.000000,0,true,19.607629,9,objective equals makespan; due-date/tardiness fields are not available in this instance format
fair|S|breakdown|42|0.5|MOR,2026-06-03T14:44:04,S_breakdown_seed42,S,breakdown,42,30042,30042,0.5,MOR,solved,,0.006189,64.205767,64.205767,282.443582,166.332957,116.110626,0.411093,8.413726,8.413726,0.006198,0.000006,0.000006,0.000006,0.000006,0.000006,0.000000,0,true,35.368052,10,objective equals makespan; due-date/tardiness fields are not available in this instance format
fair|S|breakdown|42|1.0|DCGA,2026-06-03T14:44:07,S_breakdown_seed42,S,breakdown,42,30042,30042,1.0,DCGA,solved,,3.010298,45.966051,45.966051,229.565266,144.863005,84.702261,0.368968,7.213240,7.213240,3.010310,1.001397,1.001397,1.001660,1.001683,1.001689,1.000000,3,true,0.000000,1,objective equals makespan; due-date/tardiness fields are not available in this instance format
fair|S|breakdown|42|1.0|MOEA-NSGA2,2026-06-03T14:44:07,S_breakdown_seed42,S,breakdown,42,30042,30042,1.0,MOEA-NSGA2,solved,,3.016855,46.400078,46.400078,240.745606,151.934072,88.811533,0.368902,6.790168,6.790168,3.016864,1.003983,1.003983,1.004689,1.004751,1.004767,1.000000,3,true,0.944234,2,objective equals makespan; due-date/tardiness fields are not available in this instance format
fair|S|breakdown|42|1.0|GA,2026-06-03T14:44:07,S_breakdown_seed42,S,breakdown,42,30042,30042,1.0,GA,solved,,3.012768,47.430517,47.430517,227.494198,142.791937,84.702261,0.372327,7.166170,7.166170,3.012779,1.001870,1.001870,1.001939,1.001946,1.001947,1.000000,3,true,3.185973,3,objective equals makespan; due-date/tardiness fields are not available in this instance format
fair|S|breakdown|42|1.0|B-CORE-no-graph,2026-06-03T14:44:04,S_breakdown_seed42,S,breakdown,42,30042,30042,1.0,B-CORE-no-graph,solved,,0.012643,48.026998,48.026998,230.896724,146.934072,83.962651,0.363637,6.477476,6.477476,0.012655,0.000155,0.000155,0.000159,0.000159,0.000160,0.000000,0,true,4.483629,4,objective equals makespan; due-date/tardiness fields are not available in this instance format
fair|S|breakdown|42|1.0|B-CORE,2026-06-03T14:44:04,S_breakdown_seed42,S,breakdown,42,30042,30042,1.0,B-CORE,solved,,0.012076,48.026998,48.026998,230.896724,146.934072,83.962651,0.363637,6.477476,6.477476,0.012085,0.000154,0.000154,0.000159,0.000159,0.000159,0.000000,0,true,4.483629,5,objective equals makespan; due-date/tardiness fields are not available in this instance format
fair|S|breakdown|42|1.0|LNS,2026-06-03T14:44:07,S_breakdown_seed42,S,breakdown,42,30042,30042,1.0,LNS,solved,,3.010612,48.047524,48.047524,239.887741,151.901209,87.986533,0.366782,7.376447,7.376447,3.010622,1.002042,1.002042,1.002318,1.002343,1.002349,1.000000,3,true,4.528283,6,objective equals makespan; due-date/tardiness fields are not available in this instance format
fair|S|breakdown|42|1.0|B-CORE-no-bottleneck,2026-06-03T14:44:04,S_breakdown_seed42,S,breakdown,42,30042,30042,1.0,B-CORE-no-bottleneck,solved,,0.013049,49.047524,49.047524,228.902563,144.830141,84.072422,0.367285,8.002066,8.002066,0.013058,0.000156,0.000156,0.000159,0.000159,0.000159,0.000000,0,true,6.703802,7,objective equals makespan; due-date/tardiness fields are not available in this instance format
fair|S|breakdown|42|1.0|SA,2026-06-03T14:44:07,S_breakdown_seed42,S,breakdown,42,30042,30042,1.0,SA,solved,,3.024578,51.394983,51.394983,244.887741,155.185480,89.702261,0.366300,7.285383,7.285383,3.024591,1.005728,1.005728,1.006362,1.006418,1.006432,1.000000,3,true,11.810743,8,objective equals makespan; due-date/tardiness fields are not available in this instance format
fair|S|breakdown|42|1.0|MachineRank,2026-06-03T14:44:04,S_breakdown_seed42,S,breakdown,42,30042,30042,1.0,MachineRank,solved,,0.008559,56.730517,56.730517,266.958809,151.901209,115.057600,0.430994,8.071948,8.071948,0.008569,0.000039,0.000039,0.000063,0.000065,0.000066,0.000000,0,true,23.418296,9,objective equals makespan; due-date/tardiness fields are not available in this instance format
fair|S|breakdown|42|1.0|MOR,2026-06-03T14:44:04,S_breakdown_seed42,S,breakdown,42,30042,30042,1.0,MOR,solved,,0.006266,64.205767,64.205767,282.443582,166.332957,116.110626,0.411093,8.413726,8.413726,0.006276,0.000006,0.000006,0.000006,0.000006,0.000006,0.000000,0,true,39.680842,10,objective equals makespan; due-date/tardiness fields are not available in this instance format
fair|S|breakdown|42|5.0|LNS,2026-06-03T14:44:11,S_breakdown_seed42,S,breakdown,42,30042,30042,5.0,LNS,solved,,7.811945,43.066051,43.066051,217.494198,144.863005,72.631193,0.333945,6.491528,6.491528,7.811959,2.822035,2.822035,3.073819,3.096200,3.101795,0.000000,0,true,0.000000,1,objective equals makespan; due-date/tardiness fields are not available in this instance format
fair|S|breakdown|42|5.0|MOEA-NSGA2,2026-06-03T14:44:20,S_breakdown_seed42,S,breakdown,42,30042,30042,5.0,MOEA-NSGA2,solved,,15.017514,44.259449,44.259449,226.006494,139.863005,86.143489,0.381155,6.988107,6.988107,15.017526,5.003210,5.003210,5.005175,5.005350,5.005394,1.000000,3,true,2.771088,2,objective equals makespan; due-date/tardiness fields are not available in this instance format
fair|S|breakdown|42|5.0|GA,2026-06-03T14:44:19,S_breakdown_seed42,S,breakdown,42,30042,30042,5.0,GA,solved,,15.018256,45.966051,45.966051,234.565266,149.863005,84.702261,0.361103,7.008316,7.008316,15.018270,5.004744,5.004744,5.005407,5.005466,5.005481,1.000000,3,true,6.733842,3,objective equals makespan; due-date/tardiness fields are not available in this instance format
fair|S|breakdown|42|5.0|DCGA,2026-06-03T14:44:20,S_breakdown_seed42,S,breakdown,42,30042,30042,5.0,DCGA,solved,,15.016650,46.280372,46.280372,244.532402,158.972277,85.560126,0.349893,7.230366,7.230366,15.016664,5.003570,5.003570,5.004597,5.004689,5.004711,1.000000,3,true,7.463700,4,objective equals makespan; due-date/tardiness fields are not available in this instance format
fair|S|breakdown|42|5.0|SA,2026-06-03T14:44:13,S_breakdown_seed42,S,breakdown,42,30042,30042,5.0,SA,solved,,7.918746,47.558308,47.558308,225.745606,135.720869,90.024737,0.398788,6.962771,6.962771,7.918760,2.854664,2.854664,2.915044,2.920411,2.921753,0.000000,0,true,10.431086,5,objective equals makespan; due-date/tardiness fields are not available in this instance format
fair|S|breakdown|42|5.0|B-CORE,2026-06-03T14:44:04,S_breakdown_seed42,S,breakdown,42,30042,30042,5.0,B-CORE,solved,,0.011532,48.026998,48.026998,230.896724,146.934072,83.962651,0.363637,6.477476,6.477476,0.011539,0.000151,0.000151,0.000156,0.000156,0.000157,0.000000,0,true,11.519391,6,objective equals makespan; due-date/tardiness fields are not available in this instance format
fair|S|breakdown|42|5.0|B-CORE-no-graph,2026-06-03T14:44:04,S_breakdown_seed42,S,breakdown,42,30042,30042,5.0,B-CORE-no-graph,solved,,0.012760,48.026998,48.026998,230.896724,146.934072,83.962651,0.363637,6.477476,6.477476,0.012769,0.000153,0.000153,0.000158,0.000158,0.000158,0.000000,0,true,11.519391,7,objective equals makespan; due-date/tardiness fields are not available in this instance format
fair|S|breakdown|42|5.0|B-CORE-no-bottleneck,2026-06-03T14:44:04,S_breakdown_seed42,S,breakdown,42,30042,30042,5.0,B-CORE-no-bottleneck,solved,,0.013557,49.047524,49.047524,228.902563,144.830141,84.072422,0.367285,8.002066,8.002066,0.013566,0.000151,0.000151,0.000155,0.000155,0.000155,0.000000,0,true,13.889068,8,objective equals makespan; due-date/tardiness fields are not available in this instance format
fair|S|breakdown|42|5.0|MachineRank,2026-06-03T14:44:04,S_breakdown_seed42,S,breakdown,42,30042,30042,5.0,MachineRank,solved,,0.009642,56.730517,56.730517,266.958809,151.901209,115.057600,0.430994,8.071948,8.071948,0.009652,0.000046,0.000046,0.000074,0.000077,0.000078,0.000000,0,true,31.729090,9,objective equals makespan; due-date/tardiness fields are not available in this instance format
fair|S|breakdown|42|5.0|MOR,2026-06-03T14:44:04,S_breakdown_seed42,S,breakdown,42,30042,30042,5.0,MOR,solved,,0.008303,64.205767,64.205767,282.443582,166.332957,116.110626,0.411093,8.413726,8.413726,0.008311,0.000008,0.000008,0.000009,0.000009,0.000009,0.000000,0,true,49.086730,10,objective equals makespan; due-date/tardiness fields are not available in this instance format
fair|S|breakdown|42|10.0|LNS,2026-06-03T14:44:13,S_breakdown_seed42,S,breakdown,42,30042,30042,10.0,LNS,solved,,7.993571,43.066051,43.066051,217.494198,144.863005,72.631193,0.333945,6.491528,6.491528,7.993584,2.851990,2.851990,2.938822,2.946540,2.948469,0.000000,0,true,0.000000,1,objective equals makespan; due-date/tardiness fields are not available in this instance format
fair|S|breakdown|42|10.0|MOEA-NSGA2,2026-06-03T14:44:37,S_breakdown_seed42,S,breakdown,42,30042,30042,10.0,MOEA-NSGA2,solved,,30.016873,43.971146,43.971146,211.864358,132.791937,79.072422,0.373222,6.983959,6.983959,30.016884,10.002914,10.002914,10.003197,10.003222,10.003228,1.000000,3,true,2.101644,2,objective equals makespan; due-date/tardiness fields are not available in this instance format
fair|S|breakdown|42|10.0|GA,2026-06-03T14:44:35,S_breakdown_seed42,S,breakdown,42,30042,30042,10.0,GA,solved,,30.016761,45.966051,45.966051,234.565266,149.863005,84.702261,0.361103,7.008316,7.008316,30.016772,10.003599,10.003599,10.003633,10.003636,10.003636,1.000000,3,true,6.733842,3,objective equals makespan; due-date/tardiness fields are not available in this instance format
fair|S|breakdown|42|10.0|DCGA,2026-06-03T14:44:37,S_breakdown_seed42,S,breakdown,42,30042,30042,10.0,DCGA,solved,,30.014990,46.280372,46.280372,244.532402,158.972277,85.560126,0.349893,7.230366,7.230366,30.014999,10.003085,10.003085,10.005000,10.005171,10.005213,1.000000,3,true,7.463700,4,objective equals makespan; due-date/tardiness fields are not available in this instance format
fair|S|breakdown|42|10.0|SA,2026-06-03T14:44:15,S_breakdown_seed42,S,breakdown,42,30042,30042,10.0,SA,solved,,7.973173,47.558308,47.558308,225.745606,135.720869,90.024737,0.398788,6.962771,6.962771,7.973186,2.830720,2.830720,3.034862,3.053008,3.057544,0.000000,0,true,10.431086,5,objective equals makespan; due-date/tardiness fields are not available in this instance format
fair|S|breakdown|42|10.0|B-CORE,2026-06-03T14:44:05,S_breakdown_seed42,S,breakdown,42,30042,30042,10.0,B-CORE,solved,,0.017317,48.026998,48.026998,230.896724,146.934072,83.962651,0.363637,6.477476,6.477476,0.017329,0.000234,0.000234,0.000245,0.000245,0.000246,0.000000,0,true,11.519391,6,objective equals makespan; due-date/tardiness fields are not available in this instance format
fair|S|breakdown|42|10.0|B-CORE-no-graph,2026-06-03T14:44:05,S_breakdown_seed42,S,breakdown,42,30042,30042,10.0,B-CORE-no-graph,solved,,0.014180,48.026998,48.026998,230.896724,146.934072,83.962651,0.363637,6.477476,6.477476,0.014187,0.000236,0.000236,0.000246,0.000247,0.000247,0.000000,0,true,11.519391,7,objective equals makespan; due-date/tardiness fields are not available in this instance format
fair|S|breakdown|42|10.0|B-CORE-no-bottleneck,2026-06-03T14:44:05,S_breakdown_seed42,S,breakdown,42,30042,30042,10.0,B-CORE-no-bottleneck,solved,,0.016678,49.047524,49.047524,228.902563,144.830141,84.072422,0.367285,8.002066,8.002066,0.016690,0.000227,0.000227,0.000239,0.000240,0.000240,0.000000,0,true,13.889068,8,objective equals makespan; due-date/tardiness fields are not available in this instance format
fair|S|breakdown|42|10.0|MachineRank,2026-06-03T14:44:05,S_breakdown_seed42,S,breakdown,42,30042,30042,10.0,MachineRank,solved,,0.007051,56.730517,56.730517,266.958809,151.901209,115.057600,0.430994,8.071948,8.071948,0.007058,0.000033,0.000033,0.000053,0.000054,0.000055,0.000000,0,true,31.729090,9,objective equals makespan; due-date/tardiness fields are not available in this instance format
fair|S|breakdown|42|10.0|MOR,2026-06-03T14:44:05,S_breakdown_seed42,S,breakdown,42,30042,30042,10.0,MOR,solved,,0.006228,64.205767,64.205767,282.443582,166.332957,116.110626,0.411093,8.413726,8.413726,0.006237,0.000007,0.000007,0.000007,0.000007,0.000007,0.000000,0,true,49.086730,10,objective equals makespan; due-date/tardiness fields are not available in this instance format
fair|S|breakdown|43|0.1|MOEA-NSGA2,2026-06-03T14:44:08,S_breakdown_seed43,S,breakdown,43,30043,30043,0.1,MOEA-NSGA2,solved,,0.318961,45.903301,45.903301,203.352063,127.563912,75.788150,0.372694,5.917944,5.917944,0.318974,0.103602,0.103602,0.105326,0.105479,0.105518,1.000000,3,true,0.000000,1,objective equals makespan; due-date/tardiness fields are not available in this instance format
fair|S|breakdown|43|0.1|GA,2026-06-03T14:44:07,S_breakdown_seed43,S,breakdown,43,30043,30043,0.1,GA,solved,,0.310182,46.480372,46.480372,225.023748,134.463622,90.560126,0.402447,7.512869,7.512869,0.310198,0.100463,0.100463,0.100632,0.100647,0.100651,1.000000,3,true,1.257145,2,objective equals makespan; due-date/tardiness fields are not available in this instance format
fair|S|breakdown|43|0.1|LNS,2026-06-03T14:44:07,S_breakdown_seed43,S,breakdown,43,30043,30043,0.1,LNS,solved,,0.319516,49.235012,49.235012,260.485982,154.774739,105.711244,0.405823,8.958986,8.958986,0.319529,0.103969,0.103969,0.104045,0.104052,0.104054,1.000000,3,true,7.258108,3,objective equals makespan; due-date/tardiness fields are not available in this instance format
fair|S|breakdown|43|0.1|B-CORE,2026-06-03T14:44:07,S_breakdown_seed43,S,breakdown,43,30043,30043,0.1,B-CORE,solved,,0.010892,49.701893,49.701893,235.749303,147.234409,88.514894,0.375462,9.154772,9.154772,0.010900,0.000155,0.000155,0.000163,0.000163,0.000164,0.000000,0,true,8.275204,4,objective equals makespan; due-date/tardiness fields are not available in this instance format
fair|S|breakdown|43|0.1|B-CORE-no-graph,2026-06-03T14:44:07,S_breakdown_seed43,S,breakdown,43,30043,30043,0.1,B-CORE-no-graph,solved,,0.013291,49.701893,49.701893,235.749303,147.234409,88.514894,0.375462,9.154772,9.154772,0.013300,0.000241,0.000241,0.000254,0.000255,0.000255,0.000000,0,true,8.275204,5,objective equals makespan; due-date/tardiness fields are not available in this instance format
fair|S|breakdown|43|0.1|SA,2026-06-03T14:44:07,S_breakdown_seed43,S,breakdown,43,30043,30043,0.1,SA,solved,,0.311946,52.123106,52.123106,281.113569,166.227326,114.886243,0.408683,10.265591,10.265591,0.311959,0.100652,0.100652,0.100715,0.100720,0.100722,1.000000,3,true,13.549799,6,objective equals makespan; due-date/tardiness fields are not available in this instance format
fair|S|breakdown|43|0.1|DCGA,2026-06-03T14:44:07,S_breakdown_seed43,S,breakdown,43,30043,30043,0.1,DCGA,solved,,0.312174,53.086070,53.086070,246.082558,148.916874,97.165684,0.394850,10.280304,10.280304,0.312188,0.100979,0.100979,0.101508,0.101555,0.101566,1.000000,3,true,15.647609,7,objective equals makespan; due-date/tardiness fields are not available in this instance format
fair|S|breakdown|43|0.1|B-CORE-no-bottleneck,2026-06-03T14:44:07,S_breakdown_seed43,S,breakdown,43,30043,30043,0.1,B-CORE-no-bottleneck,solved,,0.010968,53.964053,53.964053,286.394254,159.305477,127.088777,0.443755,11.940425,11.940425,0.010976,0.000157,0.000157,0.000163,0.000164,0.000164,0.000000,0,true,17.560288,8,objective equals makespan; due-date/tardiness fields are not available in this instance format
fair|S|breakdown|43|0.1|MachineRank,2026-06-03T14:44:07,S_breakdown_seed43,S,breakdown,43,30043,30043,0.1,MachineRank,solved,,0.006280,60.809491,60.809491,334.969402,187.810746,147.158656,0.439320,14.003356,14.003356,0.006288,0.000030,0.000030,0.000049,0.000051,0.000051,0.000000,0,true,32.473024,9,objective equals makespan; due-date/tardiness fields are not available in this instance format
fair|S|breakdown|43|0.1|MOR,2026-06-03T14:44:07,S_breakdown_seed43,S,breakdown,43,30043,30043,0.1,MOR,solved,,0.005106,62.111165,62.111165,267.625665,151.743064,115.882601,0.433003,8.675787,8.675787,0.005113,0.000006,0.000006,0.000006,0.000006,0.000006,0.000000,0,true,35.308711,10,objective equals makespan; due-date/tardiness fields are not available in this instance format
fair|S|breakdown|43|0.5|MOEA-NSGA2,2026-06-03T14:44:12,S_breakdown_seed43,S,breakdown,43,30043,30043,0.5,MOEA-NSGA2,solved,,1.515724,43.403301,43.403301,184.209927,123.421777,60.788150,0.329994,5.439390,5.439390,1.515733,0.503282,0.503282,0.503925,0.503982,0.503997,1.000000,3,true,0.000000,1,objective equals makespan; due-date/tardiness fields are not available in this instance format
fair|S|breakdown|43|0.5|GA,2026-06-03T14:44:09,S_breakdown_seed43,S,breakdown,43,30043,30043,0.5,GA,solved,,1.511947,44.944529,44.944529,227.555785,128.421777,99.134009,0.435647,6.963627,6.963627,1.511956,0.501020,0.501020,0.501407,0.501442,0.501450,1.000000,3,true,3.550947,2,objective equals makespan; due-date/tardiness fields are not available in this instance format
fair|S|breakdown|43|0.5|SA,2026-06-03T14:44:11,S_breakdown_seed43,S,breakdown,43,30043,30043,0.5,SA,solved,,1.519476,47.940706,47.940706,274.742220,168.998113,105.744107,0.384885,9.665937,9.665937,1.519486,0.504636,0.504636,0.504852,0.504872,0.504877,1.000000,3,true,10.454055,3,objective equals makespan; due-date/tardiness fields are not available in this instance format
fair|S|breakdown|43|0.5|LNS,2026-06-03T14:44:09,S_breakdown_seed43,S,breakdown,43,30043,30043,0.5,LNS,solved,,1.514744,48.986375,48.986375,260.485982,154.774739,105.711244,0.405823,8.958986,8.958986,1.514759,0.502920,0.502920,0.503058,0.503070,0.503073,1.000000,3,true,12.863247,4,objective equals makespan; due-date/tardiness fields are not available in this instance format
fair|S|breakdown|43|0.5|DCGA,2026-06-03T14:44:10,S_breakdown_seed43,S,breakdown,43,30043,30043,0.5,DCGA,solved,,1.517152,49.136520,49.136520,246.940422,151.845806,95.094616,0.385091,8.418813,8.418813,1.517168,0.503707,0.503707,0.504038,0.504067,0.504074,1.000000,3,true,13.209177,5,objective equals makespan; due-date/tardiness fields are not available in this instance format
fair|S|breakdown|43|0.5|B-CORE,2026-06-03T14:44:07,S_breakdown_seed43,S,breakdown,43,30043,30043,0.5,B-CORE,solved,,0.015814,49.701893,49.701893,235.749303,147.234409,88.514894,0.375462,9.154772,9.154772,0.015825,0.000233,0.000233,0.000245,0.000246,0.000246,0.000000,0,true,14.511781,6,objective equals makespan; due-date/tardiness fields are not available in this instance format
fair|S|breakdown|43|0.5|B-CORE-no-graph,2026-06-03T14:44:07,S_breakdown_seed43,S,breakdown,43,30043,30043,0.5,B-CORE-no-graph,solved,,0.015547,49.701893,49.701893,235.749303,147.234409,88.514894,0.375462,9.154772,9.154772,0.015558,0.000235,0.000235,0.000254,0.000256,0.000256,0.000000,0,true,14.511781,7,objective equals makespan; due-date/tardiness fields are not available in this instance format
fair|S|breakdown|43|0.5|B-CORE-no-bottleneck,2026-06-03T14:44:07,S_breakdown_seed43,S,breakdown,43,30043,30043,0.5,B-CORE-no-bottleneck,solved,,0.015947,53.964053,53.964053,286.394254,159.305477,127.088777,0.443755,11.940425,11.940425,0.015959,0.000229,0.000229,0.000244,0.000245,0.000246,0.000000,0,true,24.331679,8,objective equals makespan; due-date/tardiness fields are not available in this instance format
fair|S|breakdown|43|0.5|MachineRank,2026-06-03T14:44:07,S_breakdown_seed43,S,breakdown,43,30043,30043,0.5,MachineRank,solved,,0.008894,60.809491,60.809491,334.969402,187.810746,147.158656,0.439320,14.003356,14.003356,0.008906,0.000042,0.000042,0.000070,0.000072,0.000073,0.000000,0,true,40.103378,9,objective equals makespan; due-date/tardiness fields are not available in this instance format
fair|S|breakdown|43|0.5|MOR,2026-06-03T14:44:07,S_breakdown_seed43,S,breakdown,43,30043,30043,0.5,MOR,solved,,0.007555,62.111165,62.111165,267.625665,151.743064,115.882601,0.433003,8.675787,8.675787,0.007566,0.000009,0.000009,0.000009,0.000009,0.000009,0.000000,0,true,43.102399,10,objective equals makespan; due-date/tardiness fields are not available in this instance format
fair|S|breakdown|43|1.0|MOEA-NSGA2,2026-06-03T14:44:16,S_breakdown_seed43,S,breakdown,43,30043,30043,1.0,MOEA-NSGA2,solved,,3.016964,43.403301,43.403301,184.209927,123.421777,60.788150,0.329994,5.439390,5.439390,3.016976,1.003240,1.003240,1.004471,1.004580,1.004608,1.000000,3,true,0.000000,1,objective equals makespan; due-date/tardiness fields are not available in this instance format
fair|S|breakdown|43|1.0|SA,2026-06-03T14:44:16,S_breakdown_seed43,S,breakdown,43,30043,30043,1.0,SA,solved,,3.014656,44.545436,44.545436,228.193917,137.633792,90.560126,0.396856,7.036137,7.036137,3.014671,1.001934,1.001934,1.003140,1.003247,1.003274,1.000000,3,true,2.631447,2,objective equals makespan; due-date/tardiness fields are not available in this instance format
fair|S|breakdown|43|1.0|GA,2026-06-03T14:44:14,S_breakdown_seed43,S,breakdown,43,30043,30043,1.0,GA,solved,,3.011357,44.630517,44.630517,215.574248,139.463622,76.110626,0.353060,7.929029,7.929029,3.011371,1.000913,1.000913,1.001154,1.001175,1.001180,1.000000,3,true,2.827472,3,objective equals makespan; due-date/tardiness fields are not available in this instance format
fair|S|breakdown|43|1.0|DCGA,2026-06-03T14:44:15,S_breakdown_seed43,S,breakdown,43,30043,30043,1.0,DCGA,solved,,3.017495,46.436520,46.436520,260.909936,157.956267,102.953669,0.394595,9.280359,9.280359,3.017510,1.004517,1.004517,1.005679,1.005783,1.005809,1.000000,3,true,6.988452,4,objective equals makespan; due-date/tardiness fields are not available in this instance format
fair|S|breakdown|43|1.0|LNS,2026-06-03T14:44:14,S_breakdown_seed43,S,breakdown,43,30043,30043,1.0,LNS,solved,,3.012309,47.992985,47.992985,248.120762,151.845806,96.274956,0.388017,8.816083,8.816083,3.012323,1.002253,1.002253,1.003098,1.003173,1.003191,1.000000,3,true,10.574504,5,objective equals makespan; due-date/tardiness fields are not available in this instance format
fair|S|breakdown|43|1.0|B-CORE,2026-06-03T14:44:11,S_breakdown_seed43,S,breakdown,43,30043,30043,1.0,B-CORE,solved,,0.012063,49.701893,49.701893,235.749303,147.234409,88.514894,0.375462,9.154772,9.154772,0.012073,0.000185,0.000185,0.000199,0.000201,0.000201,0.000000,0,true,14.511781,6,objective equals makespan; due-date/tardiness fields are not available in this instance format
fair|S|breakdown|43|1.0|B-CORE-no-graph,2026-06-03T14:44:11,S_breakdown_seed43,S,breakdown,43,30043,30043,1.0,B-CORE-no-graph,solved,,0.010453,49.701893,49.701893,235.749303,147.234409,88.514894,0.375462,9.154772,9.154772,0.010461,0.000152,0.000152,0.000159,0.000160,0.000160,0.000000,0,true,14.511781,7,objective equals makespan; due-date/tardiness fields are not available in this instance format
fair|S|breakdown|43|1.0|B-CORE-no-bottleneck,2026-06-03T14:44:11,S_breakdown_seed43,S,breakdown,43,30043,30043,1.0,B-CORE-no-bottleneck,solved,,0.010721,53.964053,53.964053,286.394254,159.305477,127.088777,0.443755,11.940425,11.940425,0.010728,0.000155,0.000155,0.000164,0.000165,0.000165,0.000000,0,true,24.331679,8,objective equals makespan; due-date/tardiness fields are not available in this instance format
fair|S|breakdown|43|1.0|MachineRank,2026-06-03T14:44:11,S_breakdown_seed43,S,breakdown,43,30043,30043,1.0,MachineRank,solved,,0.006050,60.809491,60.809491,334.969402,187.810746,147.158656,0.439320,14.003356,14.003356,0.006057,0.000030,0.000030,0.000050,0.000051,0.000052,0.000000,0,true,40.103378,9,objective equals makespan; due-date/tardiness fields are not available in this instance format
fair|S|breakdown|43|1.0|MOR,2026-06-03T14:44:11,S_breakdown_seed43,S,breakdown,43,30043,30043,1.0,MOR,solved,,0.005096,62.111165,62.111165,267.625665,151.743064,115.882601,0.433003,8.675787,8.675787,0.005102,0.000006,0.000006,0.000006,0.000006,0.000006,0.000000,0,true,43.102399,10,objective equals makespan; due-date/tardiness fields are not available in this instance format
fair|S|breakdown|43|5.0|SA,2026-06-03T14:44:22,S_breakdown_seed43,S,breakdown,43,30043,30043,5.0,SA,solved,,7.003988,43.280970,43.280970,222.816674,139.005140,83.811533,0.376146,6.720529,6.720529,7.003997,2.371168,2.371168,2.554018,2.570271,2.574335,0.000000,0,true,0.000000,1,objective equals makespan; due-date/tardiness fields are not available in this instance format
fair|S|breakdown|43|5.0|MOEA-NSGA2,2026-06-03T14:44:31,S_breakdown_seed43,S,breakdown,43,30043,30043,5.0,MOEA-NSGA2,solved,,15.016060,43.403301,43.403301,184.209927,123.421777,60.788150,0.329994,5.439390,5.439390,15.016074,5.002968,5.002968,5.004914,5.005087,5.005130,1.000000,3,true,0.282644,2,objective equals makespan; due-date/tardiness fields are not available in this instance format
fair|S|breakdown|43|5.0|LNS,2026-06-03T14:44:21,S_breakdown_seed43,S,breakdown,43,30043,30043,5.0,LNS,solved,,7.052797,44.038835,44.038835,224.317002,136.534690,87.782311,0.391332,7.003674,7.003674,7.052811,2.400922,2.400922,2.575318,2.590820,2.594696,0.000000,0,true,1.751035,3,objective equals makespan; due-date/tardiness fields are not available in this instance format
fair|S|breakdown|43|5.0|GA,2026-06-03T14:44:29,S_breakdown_seed43,S,breakdown,43,30043,30043,5.0,GA,solved,,15.015027,44.630517,44.630517,215.574248,139.463622,76.110626,0.353060,7.929029,7.929029,15.015042,5.003265,5.003265,5.003807,5.003856,5.003868,1.000000,3,true,3.118107,4,objective equals makespan; due-date/tardiness fields are not available in this instance format
fair|S|breakdown|43|5.0|DCGA,2026-06-03T14:44:30,S_breakdown_seed43,S,breakdown,43,30043,30043,5.0,DCGA,solved,,15.014875,45.300677,45.300677,243.928399,152.956267,90.972132,0.372946,8.358169,8.358169,15.014891,5.003244,5.003244,5.003624,5.003657,5.003666,1.000000,3,true,4.666501,5,objective equals makespan; due-date/tardiness fields are not available in this instance format
fair|S|breakdown|43|5.0|B-CORE,2026-06-03T14:44:14,S_breakdown_seed43,S,breakdown,43,30043,30043,5.0,B-CORE,solved,,0.015502,49.701893,49.701893,235.749303,147.234409,88.514894,0.375462,9.154772,9.154772,0.015513,0.000232,0.000232,0.000245,0.000246,0.000247,0.000000,0,true,14.835442,6,objective equals makespan; due-date/tardiness fields are not available in this instance format
fair|S|breakdown|43|5.0|B-CORE-no-graph,2026-06-03T14:44:14,S_breakdown_seed43,S,breakdown,43,30043,30043,5.0,B-CORE-no-graph,solved,,0.015336,49.701893,49.701893,235.749303,147.234409,88.514894,0.375462,9.154772,9.154772,0.015346,0.000233,0.000233,0.000251,0.000252,0.000253,0.000000,0,true,14.835442,7,objective equals makespan; due-date/tardiness fields are not available in this instance format
fair|S|breakdown|43|5.0|B-CORE-no-bottleneck,2026-06-03T14:44:14,S_breakdown_seed43,S,breakdown,43,30043,30043,5.0,B-CORE-no-bottleneck,solved,,0.015795,53.964053,53.964053,286.394254,159.305477,127.088777,0.443755,11.940425,11.940425,0.015806,0.000236,0.000236,0.000251,0.000252,0.000253,0.000000,0,true,24.683095,8,objective equals makespan; due-date/tardiness fields are not available in this instance format
fair|S|breakdown|43|5.0|MachineRank,2026-06-03T14:44:14,S_breakdown_seed43,S,breakdown,43,30043,30043,5.0,MachineRank,solved,,0.008707,60.809491,60.809491,334.969402,187.810746,147.158656,0.439320,14.003356,14.003356,0.008717,0.000042,0.000042,0.000070,0.000073,0.000073,0.000000,0,true,40.499372,9,objective equals makespan; due-date/tardiness fields are not available in this instance format
fair|S|breakdown|43|5.0|MOR,2026-06-03T14:44:14,S_breakdown_seed43,S,breakdown,43,30043,30043,5.0,MOR,solved,,0.007412,62.111165,62.111165,267.625665,151.743064,115.882601,0.433003,8.675787,8.675787,0.007421,0.000009,0.000009,0.000009,0.000009,0.000009,0.000000,0,true,43.506869,10,objective equals makespan; due-date/tardiness fields are not available in this instance format
fair|S|breakdown|43|10.0|SA,2026-06-03T14:44:27,S_breakdown_seed43,S,breakdown,43,30043,30043,10.0,SA,solved,,6.999970,43.280970,43.280970,222.816674,139.005140,83.811533,0.376146,6.720529,6.720529,6.999984,2.403381,2.403381,2.683487,2.708385,2.714610,0.000000,0,true,0.000000,1,objective equals makespan; due-date/tardiness fields are not available in this instance format
fair|S|breakdown|43|10.0|GA,2026-06-03T14:44:49,S_breakdown_seed43,S,breakdown,43,30043,30043,10.0,GA,solved,,30.013872,43.471764,43.471764,208.994526,139.463622,69.530904,0.332692,6.725628,6.725628,30.013887,10.002502,10.002502,10.004224,10.004377,10.004415,1.000000,3,true,0.440827,2,objective equals makespan; due-date/tardiness fields are not available in this instance format
fair|S|breakdown|43|10.0|LNS,2026-06-03T14:44:23,S_breakdown_seed43,S,breakdown,43,30043,30043,10.0,LNS,solved,,6.708302,44.038835,44.038835,224.317002,136.534690,87.782311,0.391332,7.003674,7.003674,6.708311,2.312024,2.312024,2.451068,2.463428,2.466518,0.000000,0,true,1.751035,3,objective equals makespan; due-date/tardiness fields are not available in this instance format
fair|S|breakdown|43|10.0|MOEA-NSGA2,2026-06-03T14:44:51,S_breakdown_seed43,S,breakdown,43,30043,30043,10.0,MOEA-NSGA2,solved,,30.011709,44.038835,44.038835,224.317002,136.534690,87.782311,0.391332,7.003674,7.003674,30.011724,10.001673,10.001673,10.002595,10.002677,10.002697,1.000000,3,true,1.751035,4,objective equals makespan; due-date/tardiness fields are not available in this instance format
fair|S|breakdown|43|10.0|DCGA,2026-06-03T14:44:50,S_breakdown_seed43,S,breakdown,43,30043,30043,10.0,DCGA,solved,,30.017139,45.300677,45.300677,243.928399,152.956267,90.972132,0.372946,8.358169,8.358169,30.017152,10.003448,10.003448,10.003835,10.003870,10.003878,1.000000,3,true,4.666501,5,objective equals makespan; due-date/tardiness fields are not available in this instance format
fair|S|breakdown|43|10.0|B-CORE,2026-06-03T14:44:16,S_breakdown_seed43,S,breakdown,43,30043,30043,10.0,B-CORE,solved,,0.015343,49.701893,49.701893,235.749303,147.234409,88.514894,0.375462,9.154772,9.154772,0.015354,0.000227,0.000227,0.000243,0.000244,0.000244,0.000000,0,true,14.835442,6,objective equals makespan; due-date/tardiness fields are not available in this instance format
fair|S|breakdown|43|10.0|B-CORE-no-graph,2026-06-03T14:44:16,S_breakdown_seed43,S,breakdown,43,30043,30043,10.0,B-CORE-no-graph,solved,,0.015265,49.701893,49.701893,235.749303,147.234409,88.514894,0.375462,9.154772,9.154772,0.015275,0.000232,0.000232,0.000245,0.000246,0.000246,0.000000,0,true,14.835442,7,objective equals makespan; due-date/tardiness fields are not available in this instance format
fair|S|breakdown|43|10.0|B-CORE-no-bottleneck,2026-06-03T14:44:16,S_breakdown_seed43,S,breakdown,43,30043,30043,10.0,B-CORE-no-bottleneck,solved,,0.015717,53.964053,53.964053,286.394254,159.305477,127.088777,0.443755,11.940425,11.940425,0.015727,0.000224,0.000224,0.000239,0.000240,0.000240,0.000000,0,true,24.683095,8,objective equals makespan; due-date/tardiness fields are not available in this instance format
fair|S|breakdown|43|10.0|MachineRank,2026-06-03T14:44:16,S_breakdown_seed43,S,breakdown,43,30043,30043,10.0,MachineRank,solved,,0.008569,60.809491,60.809491,334.969402,187.810746,147.158656,0.439320,14.003356,14.003356,0.008579,0.000040,0.000040,0.000066,0.000068,0.000069,0.000000,0,true,40.499372,9,objective equals makespan; due-date/tardiness fields are not available in this instance format
fair|S|breakdown|43|10.0|MOR,2026-06-03T14:44:16,S_breakdown_seed43,S,breakdown,43,30043,30043,10.0,MOR,solved,,0.007364,62.111165,62.111165,267.625665,151.743064,115.882601,0.433003,8.675787,8.675787,0.007372,0.000008,0.000008,0.000009,0.000009,0.000009,0.000000,0,true,43.506869,10,objective equals makespan; due-date/tardiness fields are not available in this instance format
fair|S|breakdown|44|0.1|B-CORE,2026-06-03T14:44:22,S_breakdown_seed44,S,breakdown,44,30044,30044,0.1,B-CORE,solved,,0.013074,59.130517,59.130517,268.562468,164.088232,104.474237,0.389013,8.947998,8.947998,0.013083,0.000162,0.000162,0.000176,0.000177,0.000177,0.000000,0,true,0.000000,1,objective equals makespan; due-date/tardiness fields are not available in this instance format
fair|S|breakdown|44|0.1|B-CORE-no-graph,2026-06-03T14:44:22,S_breakdown_seed44,S,breakdown,44,30044,30044,0.1,B-CORE-no-graph,solved,,0.012937,59.130517,59.130517,268.562468,164.088232,104.474237,0.389013,8.947998,8.947998,0.012945,0.000163,0.000163,0.000176,0.000177,0.000177,0.000000,0,true,0.000000,2,objective equals makespan; due-date/tardiness fields are not available in this instance format
fair|S|breakdown|44|0.1|MachineRank,2026-06-03T14:44:22,S_breakdown_seed44,S,breakdown,44,30044,30044,0.1,MachineRank,solved,,0.007842,59.701036,59.701036,307.539298,183.576646,123.962651,0.403079,10.355841,10.355841,0.007848,0.000040,0.000054,0.000057,0.000057,0.000057,0.000000,0,true,0.964847,3,objective equals makespan; due-date/tardiness fields are not available in this instance format
fair|S|breakdown|44|0.1|LNS,2026-06-03T14:44:22,S_breakdown_seed44,S,breakdown,44,30044,30044,0.1,LNS,solved,,0.319219,61.321005,61.321005,297.332777,177.238161,120.094616,0.403906,10.448467,10.448467,0.319232,0.104744,0.104744,0.106105,0.106226,0.106257,1.000000,3,true,3.704497,4,objective equals makespan; due-date/tardiness fields are not available in this instance format
fair|S|breakdown|44|0.1|MOEA-NSGA2,2026-06-03T14:44:23,S_breakdown_seed44,S,breakdown,44,30044,30044,0.1,MOEA-NSGA2,solved,,0.313280,63.106998,63.106998,296.850892,190.235708,106.615184,0.359154,8.144761,8.144761,0.313292,0.100811,0.100811,0.101124,0.101151,0.101158,1.000000,3,true,6.724922,5,objective equals makespan; due-date/tardiness fields are not available in this instance format
fair|S|breakdown|44|0.1|B-CORE-no-bottleneck,2026-06-03T14:44:22,S_breakdown_seed44,S,breakdown,44,30044,30044,0.1,B-CORE-no-bottleneck,solved,,0.012946,65.101295,65.101295,322.265331,179.869189,142.396141,0.441860,11.711044,11.711044,0.012955,0.000140,0.000139,0.000150,0.000151,0.000151,0.000000,0,true,10.097625,6,objective equals makespan; due-date/tardiness fields are not available in this instance format
fair|S|breakdown|44|0.1|GA,2026-06-03T14:44:22,S_breakdown_seed44,S,breakdown,44,30044,30044,0.1,GA,solved,,0.219273,66.297476,66.297476,309.641330,187.409519,122.231811,0.394753,9.641508,9.641508,0.219287,0.106310,0.106310,0.106310,0.106310,0.106310,1.000000,2,true,12.120576,7,objective equals makespan; due-date/tardiness fields are not available in this instance format
fair|S|breakdown|44|0.1|DCGA,2026-06-03T14:44:23,S_breakdown_seed44,S,breakdown,44,30044,30044,0.1,DCGA,solved,,0.321444,68.798066,68.798066,334.879871,207.161254,127.718617,0.381386,11.320985,11.320985,0.321456,0.105107,0.105107,0.106484,0.106607,0.106637,1.000000,3,true,16.349509,8,objective equals makespan; due-date/tardiness fields are not available in this instance format
fair|S|breakdown|44|0.1|MOR,2026-06-03T14:44:22,S_breakdown_seed44,S,breakdown,44,30044,30044,0.1,MOR,solved,,0.006610,68.862901,68.862901,306.319655,179.414859,126.904796,0.414289,7.583282,7.583282,0.006616,0.000006,0.000006,0.000006,0.000006,0.000006,0.000000,0,true,16.459156,9,objective equals makespan; due-date/tardiness fields are not available in this instance format
fair|S|breakdown|44|0.1|SA,2026-06-03T14:44:23,S_breakdown_seed44,S,breakdown,44,30044,30044,0.1,SA,solved,,0.419743,70.452721,70.452721,332.635013,199.460347,133.174666,0.400363,12.022063,12.022063,0.419756,0.103093,0.102149,0.104960,0.105210,0.105272,1.000000,4,true,19.147818,10,objective equals makespan; due-date/tardiness fields are not available in this instance format
fair|S|breakdown|44|0.5|B-CORE,2026-06-03T14:44:23,S_breakdown_seed44,S,breakdown,44,30044,30044,0.5,B-CORE,solved,,0.019479,59.130517,59.130517,268.562468,164.088232,104.474237,0.389013,8.947998,8.947998,0.019493,0.000254,0.000254,0.000279,0.000281,0.000282,0.000000,0,true,0.000000,1,objective equals makespan; due-date/tardiness fields are not available in this instance format
fair|S|breakdown|44|0.5|B-CORE-no-graph,2026-06-03T14:44:23,S_breakdown_seed44,S,breakdown,44,30044,30044,0.5,B-CORE-no-graph,solved,,0.018663,59.130517,59.130517,268.562468,164.088232,104.474237,0.389013,8.947998,8.947998,0.018673,0.000234,0.000234,0.000256,0.000258,0.000258,0.000000,0,true,0.000000,2,objective equals makespan; due-date/tardiness fields are not available in this instance format
fair|S|breakdown|44|0.5|MachineRank,2026-06-03T14:44:23,S_breakdown_seed44,S,breakdown,44,30044,30044,0.5,MachineRank,solved,,0.011249,59.701036,59.701036,307.539298,183.576646,123.962651,0.403079,10.355841,10.355841,0.011258,0.000056,0.000073,0.000082,0.000083,0.000083,0.000000,0,true,0.964847,3,objective equals makespan; due-date/tardiness fields are not available in this instance format
fair|S|breakdown|44|0.5|GA,2026-06-03T14:44:25,S_breakdown_seed44,S,breakdown,44,30044,30044,0.5,GA,solved,,1.521415,60.497168,60.497168,302.388180,189.206486,113.181694,0.374293,8.700362,8.700362,1.521431,0.503685,0.503685,0.506263,0.506493,0.506550,1.000000,3,true,2.311245,4,objective equals makespan; due-date/tardiness fields are not available in this instance format
fair|S|breakdown|44|0.5|MOEA-NSGA2,2026-06-03T14:44:27,S_breakdown_seed44,S,breakdown,44,30044,30044,0.5,MOEA-NSGA2,solved,,1.013976,63.846390,63.846390,283.724766,159.913233,123.811533,0.436379,7.989692,7.989692,1.013985,0.501483,0.501483,0.501483,0.501483,0.501483,1.000000,2,true,7.975362,5,objective equals makespan; due-date/tardiness fields are not available in this instance format
fair|S|breakdown|44|0.5|DCGA,2026-06-03T14:44:26,S_breakdown_seed44,S,breakdown,44,30044,30044,0.5,DCGA,solved,,1.021045,64.589648,64.589648,298.080871,194.565977,103.514894,0.347271,10.123043,10.123043,1.021056,0.507756,0.507756,0.507756,0.507756,0.507756,1.000000,2,true,9.232341,6,objective equals makespan; due-date/tardiness fields are not available in this instance format
fair|S|breakdown|44|0.5|B-CORE-no-bottleneck,2026-06-03T14:44:23,S_breakdown_seed44,S,breakdown,44,30044,30044,0.5,B-CORE-no-bottleneck,solved,,0.019180,65.101295,65.101295,322.265331,179.869189,142.396141,0.441860,11.711044,11.711044,0.019192,0.000214,0.000210,0.000236,0.000238,0.000239,0.000000,0,true,10.097625,7,objective equals makespan; due-date/tardiness fields are not available in this instance format
fair|S|breakdown|44|0.5|SA,2026-06-03T14:44:26,S_breakdown_seed44,S,breakdown,44,30044,30044,0.5,SA,solved,,1.012523,65.473774,65.473774,291.347598,186.347433,105.000165,0.360395,9.350142,9.350142,1.012540,0.500963,0.500963,0.500963,0.500963,0.500963,1.000000,2,true,10.727552,8,objective equals makespan; due-date/tardiness fields are not available in this instance format
fair|S|breakdown|44|0.5|LNS,2026-06-03T14:44:25,S_breakdown_seed44,S,breakdown,44,30044,30044,0.5,LNS,solved,,1.524843,67.062532,67.062532,322.667877,199.460347,123.207530,0.381840,11.696539,11.696539,1.524860,0.505293,0.505293,0.506313,0.506403,0.506426,1.000000,3,true,13.414418,9,objective equals makespan; due-date/tardiness fields are not available in this instance format
fair|S|breakdown|44|0.5|MOR,2026-06-03T14:44:23,S_breakdown_seed44,S,breakdown,44,30044,30044,0.5,MOR,solved,,0.009718,68.862901,68.862901,306.319655,179.414859,126.904796,0.414289,7.583282,7.583282,0.009728,0.000008,0.000008,0.000008,0.000008,0.000008,0.000000,0,true,16.459156,10,objective equals makespan; due-date/tardiness fields are not available in this instance format
fair|S|breakdown|44|1.0|MOEA-NSGA2,2026-06-03T14:44:32,S_breakdown_seed44,S,breakdown,44,30044,30044,1.0,MOEA-NSGA2,solved,,3.015271,57.544529,57.544529,276.221052,175.235708,100.985344,0.365596,8.820760,8.820760,3.015282,1.002085,1.002085,1.003258,1.003362,1.003388,1.000000,3,true,0.000000,1,objective equals makespan; due-date/tardiness fields are not available in this instance format
fair|S|breakdown|44|1.0|DCGA,2026-06-03T14:44:29,S_breakdown_seed44,S,breakdown,44,30044,30044,1.0,DCGA,solved,,2.015937,57.842531,57.842531,273.157778,175.167093,97.990685,0.358733,8.832264,8.832264,2.015952,1.005845,1.005845,1.005845,1.005845,1.005845,1.000000,2,true,0.517863,2,objective equals makespan; due-date/tardiness fields are not available in this instance format
fair|S|breakdown|44|1.0|B-CORE,2026-06-03T14:44:26,S_breakdown_seed44,S,breakdown,44,30044,30044,1.0,B-CORE,solved,,0.019172,59.130517,59.130517,268.562468,164.088232,104.474237,0.389013,8.947998,8.947998,0.019184,0.000239,0.000239,0.000258,0.000260,0.000260,0.000000,0,true,2.756106,3,objective equals makespan; due-date/tardiness fields are not available in this instance format
fair|S|breakdown|44|1.0|B-CORE-no-graph,2026-06-03T14:44:26,S_breakdown_seed44,S,breakdown,44,30044,30044,1.0,B-CORE-no-graph,solved,,0.019795,59.130517,59.130517,268.562468,164.088232,104.474237,0.389013,8.947998,8.947998,0.019809,0.000250,0.000250,0.000264,0.000266,0.000266,0.000000,0,true,2.756106,4,objective equals makespan; due-date/tardiness fields are not available in this instance format
fair|S|breakdown|44|1.0|MachineRank,2026-06-03T14:44:26,S_breakdown_seed44,S,breakdown,44,30044,30044,1.0,MachineRank,solved,,0.011662,59.701036,59.701036,307.539298,183.576646,123.962651,0.403079,10.355841,10.355841,0.011675,0.000059,0.000082,0.000086,0.000086,0.000086,0.000000,0,true,3.747545,5,objective equals makespan; due-date/tardiness fields are not available in this instance format
fair|S|breakdown|44|1.0|GA,2026-06-03T14:44:30,S_breakdown_seed44,S,breakdown,44,30044,30044,1.0,GA,solved,,3.015001,60.231471,60.231471,308.568520,187.135418,121.433101,0.393537,8.649510,8.649510,3.015010,1.002896,1.002896,1.003682,1.003751,1.003769,1.000000,3,true,4.669327,6,objective equals makespan; due-date/tardiness fields are not available in this instance format
fair|S|breakdown|44|1.0|LNS,2026-06-03T14:44:29,S_breakdown_seed44,S,breakdown,44,30044,30044,1.0,LNS,solved,,3.017027,64.107896,64.107896,316.889352,190.980915,125.908437,0.397326,11.441563,11.441563,3.017039,1.002778,1.002778,1.003360,1.003411,1.003424,1.000000,3,true,11.405719,7,objective equals makespan; due-date/tardiness fields are not available in this instance format
fair|S|breakdown|44|1.0|B-CORE-no-bottleneck,2026-06-03T14:44:26,S_breakdown_seed44,S,breakdown,44,30044,30044,1.0,B-CORE-no-bottleneck,solved,,0.019181,65.101295,65.101295,322.265331,179.869189,142.396141,0.441860,11.711044,11.711044,0.019194,0.000214,0.000209,0.000244,0.000247,0.000248,0.000000,0,true,13.132032,8,objective equals makespan; due-date/tardiness fields are not available in this instance format
fair|S|breakdown|44|1.0|SA,2026-06-03T14:44:31,S_breakdown_seed44,S,breakdown,44,30044,30044,1.0,SA,solved,,2.014401,66.436829,66.436829,307.223007,185.456705,121.766302,0.396345,9.848750,9.848750,2.014417,1.002995,1.002995,1.002995,1.002995,1.002995,1.000000,2,true,15.452903,9,objective equals makespan; due-date/tardiness fields are not available in this instance format
fair|S|breakdown|44|1.0|MOR,2026-06-03T14:44:26,S_breakdown_seed44,S,breakdown,44,30044,30044,1.0,MOR,solved,,0.010007,68.862901,68.862901,306.319655,179.414859,126.904796,0.414289,7.583282,7.583282,0.010021,0.000009,0.000009,0.000009,0.000009,0.000010,0.000000,0,true,19.668893,10,objective equals makespan; due-date/tardiness fields are not available in this instance format
fair|S|breakdown|44|5.0|DCGA,2026-06-03T14:44:40,S_breakdown_seed44,S,breakdown,44,30044,30044,5.0,DCGA,solved,,10.008312,54.306998,54.306998,262.868166,170.167093,92.701073,0.352652,8.751315,8.751315,10.008321,5.000686,5.000686,5.000686,5.000686,5.000686,1.000000,2,true,0.000000,1,objective equals makespan; due-date/tardiness fields are not available in this instance format
fair|S|breakdown|44|5.0|GA,2026-06-03T14:44:45,S_breakdown_seed44,S,breakdown,44,30044,30044,5.0,GA,solved,,15.023194,54.780063,54.780063,270.529625,171.387324,99.142301,0.366475,8.770826,8.770826,15.023208,5.006588,5.006588,5.006597,5.006598,5.006598,1.000000,3,true,0.871094,2,objective equals makespan; due-date/tardiness fields are not available in this instance format
fair|S|breakdown|44|5.0|LNS,2026-06-03T14:44:39,S_breakdown_seed44,S,breakdown,44,30044,30044,5.0,LNS,solved,,9.635708,56.080063,56.080063,287.890305,172.567664,115.322641,0.400578,9.563404,9.563404,9.635722,3.403046,3.403046,3.690621,3.716184,3.722574,0.000000,0,true,3.264892,3,objective equals makespan; due-date/tardiness fields are not available in this instance format
fair|S|breakdown|44|5.0|MOEA-NSGA2,2026-06-03T14:44:41,S_breakdown_seed44,S,breakdown,44,30044,30044,5.0,MOEA-NSGA2,solved,,10.013665,56.235930,56.235930,242.577290,159.946096,82.631193,0.340639,7.727835,7.727835,10.013675,5.000481,5.000481,5.000481,5.000481,5.000481,1.000000,2,true,3.551903,4,objective equals makespan; due-date/tardiness fields are not available in this instance format
fair|S|breakdown|44|5.0|SA,2026-06-03T14:44:40,S_breakdown_seed44,S,breakdown,44,30044,30044,5.0,SA,solved,,9.508630,57.752038,57.752038,278.127790,176.126436,102.001354,0.366743,8.638835,8.638835,9.508644,3.395372,3.395372,3.634364,3.655608,3.660919,0.000000,0,true,6.343639,5,objective equals makespan; due-date/tardiness fields are not available in this instance format
fair|S|breakdown|44|5.0|B-CORE,2026-06-03T14:44:30,S_breakdown_seed44,S,breakdown,44,30044,30044,5.0,B-CORE,solved,,0.019144,59.130517,59.130517,268.562468,164.088232,104.474237,0.389013,8.947998,8.947998,0.019155,0.000251,0.000251,0.000283,0.000286,0.000287,0.000000,0,true,8.881947,6,objective equals makespan; due-date/tardiness fields are not available in this instance format
fair|S|breakdown|44|5.0|B-CORE-no-graph,2026-06-03T14:44:30,S_breakdown_seed44,S,breakdown,44,30044,30044,5.0,B-CORE-no-graph,solved,,0.020093,59.130517,59.130517,268.562468,164.088232,104.474237,0.389013,8.947998,8.947998,0.020107,0.000296,0.000296,0.000357,0.000362,0.000364,0.000000,0,true,8.881947,7,objective equals makespan; due-date/tardiness fields are not available in this instance format
fair|S|breakdown|44|5.0|MachineRank,2026-06-03T14:44:30,S_breakdown_seed44,S,breakdown,44,30044,30044,5.0,MachineRank,solved,,0.011530,59.701036,59.701036,307.539298,183.576646,123.962651,0.403079,10.355841,10.355841,0.011544,0.000059,0.000082,0.000083,0.000083,0.000083,0.000000,0,true,9.932492,8,objective equals makespan; due-date/tardiness fields are not available in this instance format
fair|S|breakdown|44|5.0|B-CORE-no-bottleneck,2026-06-03T14:44:30,S_breakdown_seed44,S,breakdown,44,30044,30044,5.0,B-CORE-no-bottleneck,solved,,0.020727,65.101295,65.101295,322.265331,179.869189,142.396141,0.441860,11.711044,11.711044,0.020741,0.000230,0.000229,0.000255,0.000255,0.000255,0.000000,0,true,19.876438,9,objective equals makespan; due-date/tardiness fields are not available in this instance format
fair|S|breakdown|44|5.0|MOR,2026-06-03T14:44:30,S_breakdown_seed44,S,breakdown,44,30044,30044,5.0,MOR,solved,,0.009736,68.862901,68.862901,306.319655,179.414859,126.904796,0.414289,7.583282,7.583282,0.009750,0.000008,0.000008,0.000008,0.000008,0.000008,0.000000,0,true,26.802997,10,objective equals makespan; due-date/tardiness fields are not available in this instance format
fair|S|breakdown|44|10.0|DCGA,2026-06-03T14:44:57,S_breakdown_seed44,S,breakdown,44,30044,30044,10.0,DCGA,solved,,20.017840,54.306998,54.306998,262.868166,170.167093,92.701073,0.352652,8.751315,8.751315,20.017855,10.006121,10.006121,10.006121,10.006121,10.006121,1.000000,2,true,0.000000,1,objective equals makespan; due-date/tardiness fields are not available in this instance format
fair|S|breakdown|44|10.0|GA,2026-06-03T14:44:55,S_breakdown_seed44,S,breakdown,44,30044,30044,10.0,GA,solved,,20.012917,55.006998,55.006998,252.577290,159.946096,92.631193,0.366744,8.069940,8.069940,20.012932,10.001160,10.001160,10.001160,10.001160,10.001160,1.000000,2,true,1.288968,2,objective equals makespan; due-date/tardiness fields are not available in this instance format
fair|S|breakdown|44|10.0|MOEA-NSGA2,2026-06-03T14:44:59,S_breakdown_seed44,S,breakdown,44,30044,30044,10.0,MOEA-NSGA2,solved,,20.020592,55.765143,55.765143,261.686562,164.055368,97.631193,0.373084,8.374605,8.374605,20.020604,10.006106,10.006106,10.006106,10.006106,10.006106,1.000000,2,true,2.685004,3,objective equals makespan; due-date/tardiness fields are not available in this instance format
fair|S|breakdown|44|10.0|LNS,2026-06-03T14:44:42,S_breakdown_seed44,S,breakdown,44,30044,30044,10.0,LNS,solved,,9.500368,56.080063,56.080063,287.890305,172.567664,115.322641,0.400578,9.563404,9.563404,9.500382,3.388903,3.388903,3.688139,3.714737,3.721387,0.000000,0,true,3.264892,4,objective equals makespan; due-date/tardiness fields are not available in this instance format
fair|S|breakdown|44|10.0|SA,2026-06-03T14:44:46,S_breakdown_seed44,S,breakdown,44,30044,30044,10.0,SA,solved,,9.714653,57.752038,57.752038,278.127790,176.126436,102.001354,0.366743,8.638835,8.638835,9.714667,3.441006,3.441006,3.830321,3.864927,3.873579,0.000000,0,true,6.343639,5,objective equals makespan; due-date/tardiness fields are not available in this instance format
fair|S|breakdown|44|10.0|B-CORE,2026-06-03T14:44:32,S_breakdown_seed44,S,breakdown,44,30044,30044,10.0,B-CORE,solved,,0.020478,59.130517,59.130517,268.562468,164.088232,104.474237,0.389013,8.947998,8.947998,0.020488,0.000315,0.000315,0.000432,0.000443,0.000445,0.000000,0,true,8.881947,6,objective equals makespan; due-date/tardiness fields are not available in this instance format
fair|S|breakdown|44|10.0|B-CORE-no-graph,2026-06-03T14:44:32,S_breakdown_seed44,S,breakdown,44,30044,30044,10.0,B-CORE-no-graph,solved,,0.013360,59.130517,59.130517,268.562468,164.088232,104.474237,0.389013,8.947998,8.947998,0.013369,0.000168,0.000168,0.000175,0.000175,0.000175,0.000000,0,true,8.881947,7,objective equals makespan; due-date/tardiness fields are not available in this instance format
fair|S|breakdown|44|10.0|MachineRank,2026-06-03T14:44:32,S_breakdown_seed44,S,breakdown,44,30044,30044,10.0,MachineRank,solved,,0.009395,59.701036,59.701036,307.539298,183.576646,123.962651,0.403079,10.355841,10.355841,0.009408,0.000059,0.000063,0.000100,0.000103,0.000104,0.000000,0,true,9.932492,8,objective equals makespan; due-date/tardiness fields are not available in this instance format
fair|S|breakdown|44|10.0|B-CORE-no-bottleneck,2026-06-03T14:44:32,S_breakdown_seed44,S,breakdown,44,30044,30044,10.0,B-CORE-no-bottleneck,solved,,0.016760,65.101295,65.101295,322.265331,179.869189,142.396141,0.441860,11.711044,11.711044,0.016776,0.000142,0.000143,0.000151,0.000152,0.000152,0.000000,0,true,19.876438,9,objective equals makespan; due-date/tardiness fields are not available in this instance format
fair|S|breakdown|44|10.0|MOR,2026-06-03T14:44:32,S_breakdown_seed44,S,breakdown,44,30044,30044,10.0,MOR,solved,,0.006790,68.862901,68.862901,306.319655,179.414859,126.904796,0.414289,7.583282,7.583282,0.006799,0.000006,0.000006,0.000007,0.000007,0.000007,0.000000,0,true,26.802997,10,objective equals makespan; due-date/tardiness fields are not available in this instance format
fair|S|breakdown|45|0.1|GA,2026-06-03T14:44:41,S_breakdown_seed45,S,breakdown,45,30045,30045,0.1,GA,solved,,0.315025,46.480063,46.480063,228.605923,142.003952,86.601971,0.378826,9.564470,9.564470,0.315039,0.102899,0.102899,0.104326,0.104453,0.104485,1.000000,3,true,0.000000,1,objective equals makespan; due-date/tardiness fields are not available in this instance format
fair|S|breakdown|45|0.1|MOEA-NSGA2,2026-06-03T14:44:41,S_breakdown_seed45,S,breakdown,45,30045,30045,0.1,MOEA-NSGA2,solved,,0.316115,47.021291,47.021291,241.227491,148.184292,93.043200,0.385707,10.701491,10.701491,0.316125,0.103998,0.103998,0.104833,0.104907,0.104926,1.000000,3,true,1.164430,2,objective equals makespan; due-date/tardiness fields are not available in this instance format
fair|S|breakdown|45|0.1|B-CORE,2026-06-03T14:44:40,S_breakdown_seed45,S,breakdown,45,30045,30045,0.1,B-CORE,solved,,0.014508,47.207357,47.207357,238.348787,156.505579,81.843208,0.343376,11.232099,11.232099,0.014518,0.000237,0.000237,0.000256,0.000258,0.000258,0.000000,0,true,1.564744,3,objective equals makespan; due-date/tardiness fields are not available in this instance format
fair|S|breakdown|45|0.1|B-CORE-no-graph,2026-06-03T14:44:40,S_breakdown_seed45,S,breakdown,45,30045,30045,0.1,B-CORE-no-graph,solved,,0.016355,47.207357,47.207357,238.348787,156.505579,81.843208,0.343376,11.232099,11.232099,0.016367,0.000248,0.000248,0.000257,0.000258,0.000258,0.000000,0,true,1.564744,4,objective equals makespan; due-date/tardiness fields are not available in this instance format
fair|S|breakdown|45|0.1|LNS,2026-06-03T14:44:40,S_breakdown_seed45,S,breakdown,45,30045,30045,0.1,LNS,solved,,0.312707,55.796854,55.796854,291.889807,170.614851,121.274956,0.415482,12.672938,12.672938,0.312720,0.102770,0.102770,0.103529,0.103596,0.103613,1.000000,3,true,20.044704,5,objective equals makespan; due-date/tardiness fields are not available in this instance format
fair|S|breakdown|45|0.1|B-CORE-no-bottleneck,2026-06-03T14:44:40,S_breakdown_seed45,S,breakdown,45,30045,30045,0.1,B-CORE-no-bottleneck,solved,,0.013682,57.293290,57.293290,286.714297,184.756986,101.957311,0.355606,13.982372,13.982372,0.013692,0.000147,0.000147,0.000158,0.000159,0.000160,0.000000,0,true,23.264226,6,objective equals makespan; due-date/tardiness fields are not available in this instance format
fair|S|breakdown|45|0.1|MachineRank,2026-06-03T14:44:40,S_breakdown_seed45,S,breakdown,45,30045,30045,0.1,MachineRank,solved,,0.007046,58.898988,58.898988,319.603338,173.405289,146.198049,0.457436,15.873626,15.873626,0.007054,0.000049,0.000049,0.000087,0.000090,0.000091,0.000000,0,true,26.718821,7,objective equals makespan; due-date/tardiness fields are not available in this instance format
fair|S|breakdown|45|0.1|DCGA,2026-06-03T14:44:41,S_breakdown_seed45,S,breakdown,45,30045,30045,0.1,DCGA,solved,,0.315575,59.618090,59.618090,298.973498,191.979172,106.994326,0.357872,13.959078,13.959078,0.315590,0.103492,0.103492,0.105622,0.105811,0.105859,1.000000,3,true,28.265941,8,objective equals makespan; due-date/tardiness fields are not available in this instance format
fair|S|breakdown|45|0.1|SA,2026-06-03T14:44:41,S_breakdown_seed45,S,breakdown,45,30045,30045,0.1,SA,solved,,0.315537,63.481924,63.481924,273.182350,175.386826,97.795524,0.357986,11.489831,11.489831,0.315550,0.103930,0.103930,0.105420,0.105553,0.105586,1.000000,3,true,36.578825,9,objective equals makespan; due-date/tardiness fields are not available in this instance format
fair|S|breakdown|45|0.1|MOR,2026-06-03T14:44:40,S_breakdown_seed45,S,breakdown,45,30045,30045,0.1,MOR,solved,,0.004913,66.180109,66.180109,293.539408,173.052437,120.486971,0.410463,12.484063,12.484063,0.004920,0.000006,0.000006,0.000007,0.000007,0.000007,0.000000,0,true,42.383863,10,objective equals makespan; due-date/tardiness fields are not available in this instance format
fair|S|breakdown|45|0.5|DCGA,2026-06-03T14:44:43,S_breakdown_seed45,S,breakdown,45,30045,30045,0.5,DCGA,solved,,1.512998,43.634699,43.634699,238.263263,152.782477,85.480786,0.358766,9.976024,9.976024,1.513009,0.501651,0.501651,0.501848,0.501866,0.501870,1.000000,3,true,0.000000,1,objective equals makespan; due-date/tardiness fields are not available in this instance format
fair|S|breakdown|45|0.5|GA,2026-06-03T14:44:43,S_breakdown_seed45,S,breakdown,45,30045,30045,0.5,GA,solved,,1.513812,47.021291,47.021291,243.469917,145.255359,98.214557,0.403395,11.296719,11.296719,1.513825,0.502751,0.502751,0.504502,0.504658,0.504697,1.000000,3,true,7.761236,2,objective equals makespan; due-date/tardiness fields are not available in this instance format
fair|S|breakdown|45|0.5|B-CORE,2026-06-03T14:44:41,S_breakdown_seed45,S,breakdown,45,30045,30045,0.5,B-CORE,solved,,0.015353,47.207357,47.207357,238.348787,156.505579,81.843208,0.343376,11.232099,11.232099,0.015366,0.000230,0.000230,0.000247,0.000248,0.000248,0.000000,0,true,8.187654,3,objective equals makespan; due-date/tardiness fields are not available in this instance format
fair|S|breakdown|45|0.5|B-CORE-no-graph,2026-06-03T14:44:41,S_breakdown_seed45,S,breakdown,45,30045,30045,0.5,B-CORE-no-graph,solved,,0.015300,47.207357,47.207357,238.348787,156.505579,81.843208,0.343376,11.232099,11.232099,0.015313,0.000222,0.000222,0.000233,0.000234,0.000234,0.000000,0,true,8.187654,4,objective equals makespan; due-date/tardiness fields are not available in this instance format
fair|S|breakdown|45|0.5|MOEA-NSGA2,2026-06-03T14:44:44,S_breakdown_seed45,S,breakdown,45,30045,30045,0.5,MOEA-NSGA2,solved,,1.519606,47.792672,47.792672,242.028689,155.255359,86.773329,0.358525,9.405659,9.405659,1.519619,0.505469,0.505469,0.505833,0.505865,0.505873,1.000000,3,true,9.529052,5,objective equals makespan; due-date/tardiness fields are not available in this instance format
fair|S|breakdown|45|0.5|LNS,2026-06-03T14:44:42,S_breakdown_seed45,S,breakdown,45,30045,30045,0.5,LNS,solved,,1.516031,49.007896,49.007896,254.819127,154.075020,100.744107,0.395355,10.411327,10.411327,1.516040,0.503960,0.503960,0.504396,0.504435,0.504445,1.000000,3,true,12.314046,6,objective equals makespan; due-date/tardiness fields are not available in this instance format
fair|S|breakdown|45|0.5|SA,2026-06-03T14:44:43,S_breakdown_seed45,S,breakdown,45,30045,30045,0.5,SA,solved,,1.520421,55.574724,55.574724,284.505190,179.915132,104.590058,0.367621,10.917483,10.917483,1.520436,0.504523,0.504523,0.504587,0.504592,0.504594,1.000000,3,true,27.363601,7,objective equals makespan; due-date/tardiness fields are not available in this instance format
fair|S|breakdown|45|0.5|B-CORE-no-bottleneck,2026-06-03T14:44:41,S_breakdown_seed45,S,breakdown,45,30045,30045,0.5,B-CORE-no-bottleneck,solved,,0.015464,57.293290,57.293290,286.714297,184.756986,101.957311,0.355606,13.982372,13.982372,0.015474,0.000217,0.000217,0.000228,0.000229,0.000229,0.000000,0,true,31.302132,8,objective equals makespan; due-date/tardiness fields are not available in this instance format
fair|S|breakdown|45|0.5|MachineRank,2026-06-03T14:44:41,S_breakdown_seed45,S,breakdown,45,30045,30045,0.5,MachineRank,solved,,0.008589,58.898988,58.898988,319.603338,173.405289,146.198049,0.457436,15.873626,15.873626,0.008598,0.000040,0.000040,0.000069,0.000071,0.000072,0.000000,0,true,34.981997,9,objective equals makespan; due-date/tardiness fields are not available in this instance format
fair|S|breakdown|45|0.5|MOR,2026-06-03T14:44:41,S_breakdown_seed45,S,breakdown,45,30045,30045,0.5,MOR,solved,,0.007195,66.180109,66.180109,293.539408,173.052437,120.486971,0.410463,12.484063,12.484063,0.007205,0.000008,0.000008,0.000008,0.000008,0.000009,0.000000,0,true,51.668536,10,objective equals makespan; due-date/tardiness fields are not available in this instance format
fair|S|breakdown|45|1.0|DCGA,2026-06-03T14:44:46,S_breakdown_seed45,S,breakdown,45,30045,30045,1.0,DCGA,solved,,3.015719,42.566051,42.566051,234.189287,143.445180,90.744107,0.387482,9.811724,9.811724,3.015733,1.002660,1.002660,1.003002,1.003032,1.003039,1.000000,3,true,0.000000,1,objective equals makespan; due-date/tardiness fields are not available in this instance format
fair|S|breakdown|45|1.0|GA,2026-06-03T14:44:46,S_breakdown_seed45,S,breakdown,45,30045,30045,1.0,GA,solved,,3.010424,44.193290,44.193290,239.819127,142.003952,97.815175,0.407871,10.708605,10.708605,3.010438,1.000861,1.000861,1.001058,1.001076,1.001080,1.000000,3,true,3.822856,2,objective equals makespan; due-date/tardiness fields are not available in this instance format
fair|S|breakdown|45|1.0|MOEA-NSGA2,2026-06-03T14:44:48,S_breakdown_seed45,S,breakdown,45,30045,30045,1.0,MOEA-NSGA2,solved,,3.016087,45.037118,45.037118,232.028689,145.255359,86.773329,0.373977,9.962453,9.962453,3.016097,1.002835,1.002835,1.004824,1.005001,1.005045,1.000000,3,true,5.805253,3,objective equals makespan; due-date/tardiness fields are not available in this instance format
fair|S|breakdown|45|1.0|SA,2026-06-03T14:44:47,S_breakdown_seed45,S,breakdown,45,30045,30045,1.0,SA,solved,,3.014812,46.784245,46.784245,244.955188,167.953834,77.001354,0.314349,8.003151,8.003151,3.014824,1.001423,1.001423,1.001873,1.001913,1.001923,1.000000,3,true,9.909761,4,objective equals makespan; due-date/tardiness fields are not available in this instance format
fair|S|breakdown|45|1.0|B-CORE,2026-06-03T14:44:43,S_breakdown_seed45,S,breakdown,45,30045,30045,1.0,B-CORE,solved,,0.015665,47.207357,47.207357,238.348787,156.505579,81.843208,0.343376,11.232099,11.232099,0.015676,0.000221,0.000221,0.000235,0.000236,0.000236,0.000000,0,true,10.903774,5,objective equals makespan; due-date/tardiness fields are not available in this instance format
fair|S|breakdown|45|1.0|B-CORE-no-graph,2026-06-03T14:44:43,S_breakdown_seed45,S,breakdown,45,30045,30045,1.0,B-CORE-no-graph,solved,,0.015218,47.207357,47.207357,238.348787,156.505579,81.843208,0.343376,11.232099,11.232099,0.015228,0.000225,0.000225,0.000237,0.000238,0.000238,0.000000,0,true,10.903774,6,objective equals makespan; due-date/tardiness fields are not available in this instance format
fair|S|breakdown|45|1.0|LNS,2026-06-03T14:44:46,S_breakdown_seed45,S,breakdown,45,30045,30045,1.0,LNS,solved,,3.014570,49.045436,49.045436,250.369627,146.146087,104.223539,0.416279,10.647990,10.647990,3.014582,1.001610,1.001610,1.001709,1.001717,1.001720,1.000000,3,true,15.221955,7,objective equals makespan; due-date/tardiness fields are not available in this instance format
fair|S|breakdown|45|1.0|B-CORE-no-bottleneck,2026-06-03T14:44:43,S_breakdown_seed45,S,breakdown,45,30045,30045,1.0,B-CORE-no-bottleneck,solved,,0.015489,57.293290,57.293290,286.714297,184.756986,101.957311,0.355606,13.982372,13.982372,0.015499,0.000228,0.000228,0.000242,0.000243,0.000243,0.000000,0,true,34.598556,8,objective equals makespan; due-date/tardiness fields are not available in this instance format
fair|S|breakdown|45|1.0|MachineRank,2026-06-03T14:44:43,S_breakdown_seed45,S,breakdown,45,30045,30045,1.0,MachineRank,solved,,0.008835,58.898988,58.898988,319.603338,173.405289,146.198049,0.457436,15.873626,15.873626,0.008845,0.000040,0.000040,0.000069,0.000071,0.000072,0.000000,0,true,38.370806,9,objective equals makespan; due-date/tardiness fields are not available in this instance format
fair|S|breakdown|45|1.0|MOR,2026-06-03T14:44:43,S_breakdown_seed45,S,breakdown,45,30045,30045,1.0,MOR,solved,,0.007301,66.180109,66.180109,293.539408,173.052437,120.486971,0.410463,12.484063,12.484063,0.007310,0.000008,0.000008,0.000008,0.000008,0.000009,0.000000,0,true,55.476271,10,objective equals makespan; due-date/tardiness fields are not available in this instance format
fair|S|breakdown|45|5.0|MOEA-NSGA2,2026-06-03T14:45:02,S_breakdown_seed45,S,breakdown,45,30045,30045,5.0,MOEA-NSGA2,solved,,15.016457,41.301893,41.301893,213.375466,143.445180,69.930286,0.327733,9.294496,9.294496,15.016474,5.002968,5.002968,5.004073,5.004171,5.004196,1.000000,3,true,0.000000,1,objective equals makespan; due-date/tardiness fields are not available in this instance format
fair|S|breakdown|45|5.0|SA,2026-06-03T14:44:53,S_breakdown_seed45,S,breakdown,45,30045,30045,5.0,SA,solved,,7.009148,41.907634,41.907634,210.034527,130.332266,79.702261,0.379472,8.508790,8.508790,7.009161,2.397588,2.397588,2.553274,2.567113,2.570572,0.000000,0,true,1.466618,2,objective equals makespan; due-date/tardiness fields are not available in this instance format
fair|S|breakdown|45|5.0|DCGA,2026-06-03T14:45:01,S_breakdown_seed45,S,breakdown,45,30045,30045,5.0,DCGA,solved,,15.016778,42.366051,42.366051,232.118219,141.374112,90.744107,0.390939,9.757222,9.757222,15.016792,5.002658,5.002658,5.003407,5.003473,5.003490,1.000000,3,true,2.576536,3,objective equals makespan; due-date/tardiness fields are not available in this instance format
fair|S|breakdown|45|5.0|LNS,2026-06-03T14:44:53,S_breakdown_seed45,S,breakdown,45,30045,30045,5.0,LNS,solved,,7.402199,42.930517,42.930517,230.047151,146.374112,83.673039,0.363721,9.667353,9.667353,7.402211,2.534662,2.534662,2.716125,2.732256,2.736288,0.000000,0,true,3.943219,4,objective equals makespan; due-date/tardiness fields are not available in this instance format
fair|S|breakdown|45|5.0|GA,2026-06-03T14:45:01,S_breakdown_seed45,S,breakdown,45,30045,30045,5.0,GA,solved,,15.017855,43.957756,43.957756,234.156423,148.184292,85.972132,0.367157,10.340380,10.340380,15.017871,5.002831,5.002831,5.003685,5.003760,5.003779,1.000000,3,true,6.430366,5,objective equals makespan; due-date/tardiness fields are not available in this instance format
fair|S|breakdown|45|5.0|B-CORE,2026-06-03T14:44:46,S_breakdown_seed45,S,breakdown,45,30045,30045,5.0,B-CORE,solved,,0.015103,47.207357,47.207357,238.348787,156.505579,81.843208,0.343376,11.232099,11.232099,0.015113,0.000221,0.000221,0.000233,0.000234,0.000234,0.000000,0,true,14.298289,6,objective equals makespan; due-date/tardiness fields are not available in this instance format
fair|S|breakdown|45|5.0|B-CORE-no-graph,2026-06-03T14:44:46,S_breakdown_seed45,S,breakdown,45,30045,30045,5.0,B-CORE-no-graph,solved,,0.015447,47.207357,47.207357,238.348787,156.505579,81.843208,0.343376,11.232099,11.232099,0.015460,0.000218,0.000218,0.000230,0.000232,0.000232,0.000000,0,true,14.298289,7,objective equals makespan; due-date/tardiness fields are not available in this instance format
fair|S|breakdown|45|5.0|B-CORE-no-bottleneck,2026-06-03T14:44:46,S_breakdown_seed45,S,breakdown,45,30045,30045,5.0,B-CORE-no-bottleneck,solved,,0.015336,57.293290,57.293290,286.714297,184.756986,101.957311,0.355606,13.982372,13.982372,0.015346,0.000217,0.000217,0.000239,0.000241,0.000242,0.000000,0,true,38.718315,8,objective equals makespan; due-date/tardiness fields are not available in this instance format
fair|S|breakdown|45|5.0|MachineRank,2026-06-03T14:44:46,S_breakdown_seed45,S,breakdown,45,30045,30045,5.0,MachineRank,solved,,0.008952,58.898988,58.898988,319.603338,173.405289,146.198049,0.457436,15.873626,15.873626,0.008964,0.000042,0.000042,0.000072,0.000075,0.000075,0.000000,0,true,42.606025,9,objective equals makespan; due-date/tardiness fields are not available in this instance format
fair|S|breakdown|45|5.0|MOR,2026-06-03T14:44:46,S_breakdown_seed45,S,breakdown,45,30045,30045,5.0,MOR,solved,,0.007177,66.180109,66.180109,293.539408,173.052437,120.486971,0.410463,12.484063,12.484063,0.007186,0.000008,0.000008,0.000008,0.000008,0.000009,0.000000,0,true,60.235050,10,objective equals makespan; due-date/tardiness fields are not available in this instance format
fair|S|breakdown|45|10.0|MOEA-NSGA2,2026-06-03T14:45:23,S_breakdown_seed45,S,breakdown,45,30045,30045,10.0,MOEA-NSGA2,solved,,30.019556,41.301893,41.301893,213.375466,143.445180,69.930286,0.327733,9.294496,9.294496,30.019570,10.004482,10.004482,10.005190,10.005253,10.005269,1.000000,3,true,0.000000,1,objective equals makespan; due-date/tardiness fields are not available in this instance format
fair|S|breakdown|45|10.0|SA,2026-06-03T14:44:58,S_breakdown_seed45,S,breakdown,45,30045,30045,10.0,SA,solved,,7.396963,41.907634,41.907634,210.034527,130.332266,79.702261,0.379472,8.508790,8.508790,7.396975,2.542938,2.542938,2.752672,2.771315,2.775976,0.000000,0,true,1.466618,2,objective equals makespan; due-date/tardiness fields are not available in this instance format
fair|S|breakdown|45|10.0|GA,2026-06-03T14:45:19,S_breakdown_seed45,S,breakdown,45,30045,30045,10.0,GA,solved,,30.014221,42.300677,42.300677,221.260355,145.516248,75.744107,0.342330,9.090314,9.090314,30.014235,10.002130,10.002130,10.003522,10.003645,10.003676,1.000000,3,true,2.418252,3,objective equals makespan; due-date/tardiness fields are not available in this instance format
fair|S|breakdown|45|10.0|DCGA,2026-06-03T14:45:20,S_breakdown_seed45,S,breakdown,45,30045,30045,10.0,DCGA,solved,,30.015084,42.366051,42.366051,232.118219,141.374112,90.744107,0.390939,9.757222,9.757222,30.015098,10.003049,10.003049,10.003631,10.003682,10.003695,1.000000,3,true,2.576536,4,objective equals makespan; due-date/tardiness fields are not available in this instance format
fair|S|breakdown|45|10.0|LNS,2026-06-03T14:44:55,S_breakdown_seed45,S,breakdown,45,30045,30045,10.0,LNS,solved,,7.227555,42.930517,42.930517,230.047151,146.374112,83.673039,0.363721,9.667353,9.667353,7.227569,2.452659,2.452659,2.640226,2.656899,2.661067,0.000000,0,true,3.943219,5,objective equals makespan; due-date/tardiness fields are not available in this instance format
fair|S|breakdown|45|10.0|B-CORE,2026-06-03T14:44:48,S_breakdown_seed45,S,breakdown,45,30045,30045,10.0,B-CORE,solved,,0.010444,47.207357,47.207357,238.348787,156.505579,81.843208,0.343376,11.232099,11.232099,0.010451,0.000148,0.000148,0.000150,0.000150,0.000150,0.000000,0,true,14.298289,6,objective equals makespan; due-date/tardiness fields are not available in this instance format
fair|S|breakdown|45|10.0|B-CORE-no-graph,2026-06-03T14:44:48,S_breakdown_seed45,S,breakdown,45,30045,30045,10.0,B-CORE-no-graph,solved,,0.010200,47.207357,47.207357,238.348787,156.505579,81.843208,0.343376,11.232099,11.232099,0.010208,0.000144,0.000144,0.000151,0.000151,0.000152,0.000000,0,true,14.298289,7,objective equals makespan; due-date/tardiness fields are not available in this instance format
fair|S|breakdown|45|10.0|B-CORE-no-bottleneck,2026-06-03T14:44:48,S_breakdown_seed45,S,breakdown,45,30045,30045,10.0,B-CORE-no-bottleneck,solved,,0.010379,57.293290,57.293290,286.714297,184.756986,101.957311,0.355606,13.982372,13.982372,0.010388,0.000143,0.000143,0.000154,0.000155,0.000155,0.000000,0,true,38.718315,8,objective equals makespan; due-date/tardiness fields are not available in this instance format
fair|S|breakdown|45|10.0|MachineRank,2026-06-03T14:44:48,S_breakdown_seed45,S,breakdown,45,30045,30045,10.0,MachineRank,solved,,0.008352,58.898988,58.898988,319.603338,173.405289,146.198049,0.457436,15.873626,15.873626,0.008363,0.000043,0.000043,0.000075,0.000077,0.000078,0.000000,0,true,42.606025,9,objective equals makespan; due-date/tardiness fields are not available in this instance format
fair|S|breakdown|45|10.0|MOR,2026-06-03T14:44:48,S_breakdown_seed45,S,breakdown,45,30045,30045,10.0,MOR,solved,,0.005232,66.180109,66.180109,293.539408,173.052437,120.486971,0.410463,12.484063,12.484063,0.005240,0.000006,0.000006,0.000006,0.000006,0.000006,0.000000,0,true,60.235050,10,objective equals makespan; due-date/tardiness fields are not available in this instance format
fair|S|breakdown|46|0.1|LNS,2026-06-03T14:44:54,S_breakdown_seed46,S,breakdown,46,30046,30046,0.1,LNS,solved,,0.412087,40.845436,40.845436,168.523420,115.892227,52.631193,0.312308,6.337370,6.337370,0.412104,0.101645,0.101781,0.101935,0.101949,0.101952,1.000000,4,true,0.000000,1,objective equals makespan; due-date/tardiness fields are not available in this instance format
fair|S|breakdown|46|0.1|DCGA,2026-06-03T14:44:55,S_breakdown_seed46,S,breakdown,46,30046,30046,0.1,DCGA,solved,,0.413520,40.877758,40.877758,172.310217,111.750091,60.560126,0.351460,6.390987,6.390987,0.413535,0.102261,0.102598,0.103469,0.103547,0.103566,1.000000,4,true,0.079132,2,objective equals makespan; due-date/tardiness fields are not available in this instance format
fair|S|breakdown|46|0.1|B-CORE-no-bottleneck,2026-06-03T14:44:53,S_breakdown_seed46,S,breakdown,46,30046,30046,0.1,B-CORE-no-bottleneck,solved,,0.011818,41.044529,41.044529,163.490557,106.750091,56.740466,0.347057,6.297392,6.297392,0.011830,0.000189,0.000195,0.000250,0.000255,0.000256,0.000000,0,true,0.487430,3,objective equals makespan; due-date/tardiness fields are not available in this instance format
fair|S|breakdown|46|0.1|GA,2026-06-03T14:44:54,S_breakdown_seed46,S,breakdown,46,30046,30046,0.1,GA,solved,,0.308414,42.009903,42.009903,203.825656,123.972277,79.853379,0.391773,8.005698,8.005698,0.308427,0.100771,0.100771,0.101074,0.101101,0.101107,1.000000,3,true,2.850911,4,objective equals makespan; due-date/tardiness fields are not available in this instance format
fair|S|breakdown|46|0.1|B-CORE,2026-06-03T14:44:53,S_breakdown_seed46,S,breakdown,46,30046,30046,0.1,B-CORE,solved,,0.012172,43.196860,43.196860,163.490557,106.750091,56.740466,0.347057,6.297392,6.297392,0.012184,0.000198,0.000211,0.000255,0.000259,0.000260,0.000000,0,true,5.756883,5,objective equals makespan; due-date/tardiness fields are not available in this instance format
fair|S|breakdown|46|0.1|B-CORE-no-graph,2026-06-03T14:44:53,S_breakdown_seed46,S,breakdown,46,30046,30046,0.1,B-CORE-no-graph,solved,,0.012140,43.196860,43.196860,163.490557,106.750091,56.740466,0.347057,6.297392,6.297392,0.012153,0.000195,0.000194,0.000268,0.000275,0.000276,0.000000,0,true,5.756883,6,objective equals makespan; due-date/tardiness fields are not available in this instance format
fair|S|breakdown|46|0.1|MOEA-NSGA2,2026-06-03T14:44:55,S_breakdown_seed46,S,breakdown,46,30046,30046,0.1,MOEA-NSGA2,solved,,0.311746,43.384554,43.384554,191.570607,115.720869,75.849738,0.395936,7.260972,7.260972,0.311760,0.102725,0.102725,0.103428,0.103491,0.103506,1.000000,3,true,6.216406,7,objective equals makespan; due-date/tardiness fields are not available in this instance format
fair|S|breakdown|46|0.1|MOR,2026-06-03T14:44:53,S_breakdown_seed46,S,breakdown,46,30046,30046,0.1,MOR,solved,,0.005701,45.315597,45.315597,185.594488,115.892227,69.702261,0.375562,6.617888,6.617888,0.005710,0.000007,0.000007,0.000008,0.000008,0.000009,0.000000,0,true,10.944089,8,objective equals makespan; due-date/tardiness fields are not available in this instance format
fair|S|breakdown|46|0.1|MachineRank,2026-06-03T14:44:53,S_breakdown_seed46,S,breakdown,46,30046,30046,0.1,MachineRank,solved,,0.006887,45.666051,45.666051,188.295395,115.892227,72.403169,0.384519,7.764184,7.764184,0.006898,0.000063,0.000063,0.000063,0.000063,0.000063,0.000000,0,true,11.802090,9,objective equals makespan; due-date/tardiness fields are not available in this instance format
fair|S|breakdown|46|0.1|SA,2026-06-03T14:44:55,S_breakdown_seed46,S,breakdown,46,30046,30046,0.1,SA,solved,,0.314301,50.544529,50.544529,228.766501,139.463622,89.302879,0.390367,8.895208,8.895208,0.314315,0.102369,0.102369,0.102410,0.102413,0.102414,1.000000,3,true,23.745843,10,objective equals makespan; due-date/tardiness fields are not available in this instance format
fair|S|breakdown|46|0.5|LNS,2026-06-03T14:44:57,S_breakdown_seed46,S,breakdown,46,30046,30046,0.5,LNS,solved,,2.010706,38.474369,38.474369,161.452352,108.821159,52.631193,0.325986,6.455124,6.455124,2.010722,0.501376,0.501256,0.502337,0.502434,0.502458,1.000000,4,true,0.000000,1,objective equals makespan; due-date/tardiness fields are not available in this instance format
fair|S|breakdown|46|0.5|GA,2026-06-03T14:44:57,S_breakdown_seed46,S,breakdown,46,30046,30046,0.5,GA,solved,,1.512607,40.596860,40.596860,183.319199,113.649801,69.669398,0.380044,6.855595,6.855595,1.512622,0.503247,0.503247,0.503599,0.503630,0.503638,1.000000,3,true,5.516636,2,objective equals makespan; due-date/tardiness fields are not available in this instance format
fair|S|breakdown|46|0.5|DCGA,2026-06-03T14:44:57,S_breakdown_seed46,S,breakdown,46,30046,30046,0.5,DCGA,solved,,1.510950,40.794983,40.794983,176.280995,117.791937,58.489058,0.331794,6.625909,6.625909,1.510965,0.501743,0.501743,0.502635,0.502714,0.502734,1.000000,3,true,6.031584,3,objective equals makespan; due-date/tardiness fields are not available in this instance format
fair|S|breakdown|46|0.5|B-CORE-no-bottleneck,2026-06-03T14:44:55,S_breakdown_seed46,S,breakdown,46,30046,30046,0.5,B-CORE-no-bottleneck,solved,,0.012130,41.044529,41.044529,163.490557,106.750091,56.740466,0.347057,6.297392,6.297392,0.012141,0.000194,0.000199,0.000256,0.000261,0.000262,0.000000,0,true,6.680188,4,objective equals makespan; due-date/tardiness fields are not available in this instance format
fair|S|breakdown|46|0.5|MOEA-NSGA2,2026-06-03T14:44:58,S_breakdown_seed46,S,breakdown,46,30046,30046,0.5,MOEA-NSGA2,solved,,1.511637,42.408995,42.408995,159.381284,108.821159,50.560126,0.317227,6.450765,6.450765,1.511649,0.502706,0.502706,0.503976,0.504088,0.504117,1.000000,3,true,10.226616,5,objective equals makespan; due-date/tardiness fields are not available in this instance format
fair|S|breakdown|46|0.5|B-CORE,2026-06-03T14:44:55,S_breakdown_seed46,S,breakdown,46,30046,30046,0.5,B-CORE,solved,,0.012285,43.196860,43.196860,163.490557,106.750091,56.740466,0.347057,6.297392,6.297392,0.012299,0.000209,0.000204,0.000262,0.000268,0.000269,0.000000,0,true,12.274382,6,objective equals makespan; due-date/tardiness fields are not available in this instance format
fair|S|breakdown|46|0.5|B-CORE-no-graph,2026-06-03T14:44:55,S_breakdown_seed46,S,breakdown,46,30046,30046,0.5,B-CORE-no-graph,solved,,0.012378,43.196860,43.196860,163.490557,106.750091,56.740466,0.347057,6.297392,6.297392,0.012391,0.000198,0.000190,0.000278,0.000286,0.000288,0.000000,0,true,12.274382,7,objective equals makespan; due-date/tardiness fields are not available in this instance format
fair|S|breakdown|46|0.5|MOR,2026-06-03T14:44:55,S_breakdown_seed46,S,breakdown,46,30046,30046,0.5,MOR,solved,,0.005622,45.315597,45.315597,185.594488,115.892227,69.702261,0.375562,6.617888,6.617888,0.005631,0.000008,0.000008,0.000009,0.000009,0.000009,0.000000,0,true,17.781261,8,objective equals makespan; due-date/tardiness fields are not available in this instance format
fair|S|breakdown|46|0.5|MachineRank,2026-06-03T14:44:55,S_breakdown_seed46,S,breakdown,46,30046,30046,0.5,MachineRank,solved,,0.006800,45.666051,45.666051,188.295395,115.892227,72.403169,0.384519,7.764184,7.764184,0.006810,0.000065,0.000065,0.000065,0.000065,0.000065,0.000000,0,true,18.692138,9,objective equals makespan; due-date/tardiness fields are not available in this instance format
fair|S|breakdown|46|0.5|SA,2026-06-03T14:44:58,S_breakdown_seed46,S,breakdown,46,30046,30046,0.5,SA,solved,,1.509704,45.752038,45.752038,198.523420,118.821159,79.702261,0.401475,7.956476,7.956476,1.509717,0.501459,0.501459,0.502447,0.502535,0.502557,1.000000,3,true,18.915629,10,objective equals makespan; due-date/tardiness fields are not available in this instance format
fair|S|breakdown|46|1.0|LNS,2026-06-03T14:45:01,S_breakdown_seed46,S,breakdown,46,30046,30046,1.0,LNS,solved,,4.010342,38.474369,38.474369,161.452352,108.821159,52.631193,0.325986,6.455124,6.455124,4.010355,1.001474,1.001444,1.001841,1.001877,1.001885,1.000000,4,true,0.000000,1,objective equals makespan; due-date/tardiness fields are not available in this instance format
fair|S|breakdown|46|1.0|MOEA-NSGA2,2026-06-03T14:45:01,S_breakdown_seed46,S,breakdown,46,30046,30046,1.0,MOEA-NSGA2,solved,,3.010630,40.065143,40.065143,172.138859,108.649801,63.489058,0.368825,6.924674,6.924674,3.010642,1.002053,1.002053,1.003444,1.003567,1.003598,1.000000,3,true,4.134633,2,objective equals makespan; due-date/tardiness fields are not available in this instance format
fair|S|breakdown|46|1.0|SA,2026-06-03T14:45:02,S_breakdown_seed46,S,breakdown,46,30046,30046,1.0,SA,solved,,4.011078,40.094384,40.094384,168.421942,115.720869,52.701073,0.312911,6.545930,6.545930,4.011093,1.001331,1.001515,1.001706,1.001723,1.001727,1.000000,4,true,4.210634,3,objective equals makespan; due-date/tardiness fields are not available in this instance format
fair|S|breakdown|46|1.0|DCGA,2026-06-03T14:45:01,S_breakdown_seed46,S,breakdown,46,30046,30046,1.0,DCGA,solved,,3.013758,40.794983,40.794983,176.280995,117.791937,58.489058,0.331794,6.625909,6.625909,3.013772,1.002690,1.002690,1.003759,1.003854,1.003877,1.000000,3,true,6.031584,4,objective equals makespan; due-date/tardiness fields are not available in this instance format
fair|S|breakdown|46|1.0|B-CORE-no-bottleneck,2026-06-03T14:44:57,S_breakdown_seed46,S,breakdown,46,30046,30046,1.0,B-CORE-no-bottleneck,solved,,0.011952,41.044529,41.044529,163.490557,106.750091,56.740466,0.347057,6.297392,6.297392,0.011965,0.000187,0.000189,0.000247,0.000252,0.000253,0.000000,0,true,6.680188,5,objective equals makespan; due-date/tardiness fields are not available in this instance format
fair|S|breakdown|46|1.0|GA,2026-06-03T14:45:00,S_breakdown_seed46,S,breakdown,46,30046,30046,1.0,GA,solved,,3.014942,41.280063,41.280063,190.423130,120.720869,69.702261,0.366039,8.207879,8.207879,3.014957,1.002714,1.002714,1.003445,1.003510,1.003527,1.000000,3,true,7.292372,6,objective equals makespan; due-date/tardiness fields are not available in this instance format
fair|S|breakdown|46|1.0|B-CORE,2026-06-03T14:44:57,S_breakdown_seed46,S,breakdown,46,30046,30046,1.0,B-CORE,solved,,0.011815,43.196860,43.196860,163.490557,106.750091,56.740466,0.347057,6.297392,6.297392,0.011828,0.000190,0.000190,0.000255,0.000261,0.000262,0.000000,0,true,12.274382,7,objective equals makespan; due-date/tardiness fields are not available in this instance format
fair|S|breakdown|46|1.0|B-CORE-no-graph,2026-06-03T14:44:57,S_breakdown_seed46,S,breakdown,46,30046,30046,1.0,B-CORE-no-graph,solved,,0.012510,43.196860,43.196860,163.490557,106.750091,56.740466,0.347057,6.297392,6.297392,0.012523,0.000200,0.000200,0.000277,0.000283,0.000285,0.000000,0,true,12.274382,8,objective equals makespan; due-date/tardiness fields are not available in this instance format
fair|S|breakdown|46|1.0|MOR,2026-06-03T14:44:57,S_breakdown_seed46,S,breakdown,46,30046,30046,1.0,MOR,solved,,0.005705,45.315597,45.315597,185.594488,115.892227,69.702261,0.375562,6.617888,6.617888,0.005716,0.000008,0.000008,0.000009,0.000009,0.000009,0.000000,0,true,17.781261,9,objective equals makespan; due-date/tardiness fields are not available in this instance format
fair|S|breakdown|46|1.0|MachineRank,2026-06-03T14:44:57,S_breakdown_seed46,S,breakdown,46,30046,30046,1.0,MachineRank,solved,,0.006992,45.666051,45.666051,188.295395,115.892227,72.403169,0.384519,7.764184,7.764184,0.007003,0.000067,0.000067,0.000067,0.000067,0.000068,0.000000,0,true,18.692138,10,objective equals makespan; due-date/tardiness fields are not available in this instance format
fair|S|breakdown|46|5.0|SA,2026-06-03T14:45:08,S_breakdown_seed46,S,breakdown,46,30046,30046,5.0,SA,solved,,7.045371,39.515597,39.515597,175.493010,117.791937,57.701073,0.328794,6.766901,6.766901,7.045384,1.786269,1.787531,1.898239,1.908080,1.910540,0.000000,0,true,0.000000,1,objective equals makespan; due-date/tardiness fields are not available in this instance format
fair|S|breakdown|46|5.0|B-CORE-no-bottleneck,2026-06-03T14:44:59,S_breakdown_seed46,S,breakdown,46,30046,30046,5.0,B-CORE-no-bottleneck,solved,,0.011735,41.044529,41.044529,163.490557,106.750091,56.740466,0.347057,6.297392,6.297392,0.011745,0.000191,0.000194,0.000257,0.000263,0.000264,0.000000,0,true,3.869186,2,objective equals makespan; due-date/tardiness fields are not available in this instance format
fair|S|breakdown|46|5.0|GA,2026-06-03T14:45:15,S_breakdown_seed46,S,breakdown,46,30046,30046,5.0,GA,solved,,15.011592,41.280063,41.280063,190.423130,120.720869,69.702261,0.366039,8.207879,8.207879,15.011605,5.001540,5.001540,5.001572,5.001574,5.001575,1.000000,3,true,4.465239,3,objective equals makespan; due-date/tardiness fields are not available in this instance format
fair|S|breakdown|46|5.0|MOEA-NSGA2,2026-06-03T14:45:16,S_breakdown_seed46,S,breakdown,46,30046,30046,5.0,MOEA-NSGA2,solved,,15.015031,41.603301,41.603301,176.280995,115.720869,60.560126,0.343543,7.733689,7.733689,15.015044,5.003214,5.003214,5.003474,5.003497,5.003503,1.000000,3,true,5.283240,4,objective equals makespan; due-date/tardiness fields are not available in this instance format
fair|S|breakdown|46|5.0|B-CORE,2026-06-03T14:44:59,S_breakdown_seed46,S,breakdown,46,30046,30046,5.0,B-CORE,solved,,0.011544,43.196860,43.196860,163.490557,106.750091,56.740466,0.347057,6.297392,6.297392,0.011553,0.000182,0.000182,0.000246,0.000252,0.000253,0.000000,0,true,9.315975,5,objective equals makespan; due-date/tardiness fields are not available in this instance format
fair|S|breakdown|46|5.0|B-CORE-no-graph,2026-06-03T14:44:59,S_breakdown_seed46,S,breakdown,46,30046,30046,5.0,B-CORE-no-graph,solved,,0.012227,43.196860,43.196860,163.490557,106.750091,56.740466,0.347057,6.297392,6.297392,0.012238,0.000195,0.000190,0.000272,0.000279,0.000281,0.000000,0,true,9.315975,6,objective equals makespan; due-date/tardiness fields are not available in this instance format
fair|S|breakdown|46|5.0|LNS,2026-06-03T14:45:05,S_breakdown_seed46,S,breakdown,46,30046,30046,5.0,LNS,solved,,5.482989,43.600677,43.600677,206.603470,126.901209,79.702261,0.385774,8.681669,8.681669,5.483003,1.940743,1.940743,2.022735,2.030023,2.031845,0.000000,0,true,10.337893,7,objective equals makespan; due-date/tardiness fields are not available in this instance format
fair|S|breakdown|46|5.0|DCGA,2026-06-03T14:45:16,S_breakdown_seed46,S,breakdown,46,30046,30046,5.0,DCGA,solved,,15.013811,44.236829,44.236829,203.536044,129.863005,73.673039,0.361966,8.164989,8.164989,15.013821,5.002961,5.002961,5.003577,5.003632,5.003646,1.000000,3,true,11.947768,8,objective equals makespan; due-date/tardiness fields are not available in this instance format
fair|S|breakdown|46|5.0|MOR,2026-06-03T14:44:59,S_breakdown_seed46,S,breakdown,46,30046,30046,5.0,MOR,solved,,0.005479,45.315597,45.315597,185.594488,115.892227,69.702261,0.375562,6.617888,6.617888,0.005489,0.000008,0.000007,0.000009,0.000010,0.000010,0.000000,0,true,14.677749,9,objective equals makespan; due-date/tardiness fields are not available in this instance format
fair|S|breakdown|46|5.0|MachineRank,2026-06-03T14:44:59,S_breakdown_seed46,S,breakdown,46,30046,30046,5.0,MachineRank,solved,,0.006779,45.666051,45.666051,188.295395,115.892227,72.403169,0.384519,7.764184,7.764184,0.006789,0.000066,0.000066,0.000066,0.000067,0.000067,0.000000,0,true,15.564624,10,objective equals makespan; due-date/tardiness fields are not available in this instance format
fair|S|breakdown|46|10.0|SA,2026-06-03T14:45:09,S_breakdown_seed46,S,breakdown,46,30046,30046,10.0,SA,solved,,6.732611,39.515597,39.515597,175.493010,117.791937,57.701073,0.328794,6.766901,6.766901,6.732625,1.731157,1.818769,1.843448,1.845641,1.846190,0.000000,0,true,0.000000,1,objective equals makespan; due-date/tardiness fields are not available in this instance format
fair|S|breakdown|46|10.0|B-CORE-no-bottleneck,2026-06-03T14:45:01,S_breakdown_seed46,S,breakdown,46,30046,30046,10.0,B-CORE-no-bottleneck,solved,,0.011520,41.044529,41.044529,163.490557,106.750091,56.740466,0.347057,6.297392,6.297392,0.011529,0.000188,0.000187,0.000253,0.000259,0.000261,0.000000,0,true,3.869186,2,objective equals makespan; due-date/tardiness fields are not available in this instance format
fair|S|breakdown|46|10.0|GA,2026-06-03T14:45:31,S_breakdown_seed46,S,breakdown,46,30046,30046,10.0,GA,solved,,29.956041,41.280063,41.280063,190.423130,120.720869,69.702261,0.366039,8.207879,8.207879,29.956055,10.002384,10.002384,10.003505,10.003604,10.003629,0.666667,2,true,4.465239,3,objective equals makespan; due-date/tardiness fields are not available in this instance format
fair|S|breakdown|46|10.0|MOEA-NSGA2,2026-06-03T14:45:35,S_breakdown_seed46,S,breakdown,46,30046,30046,10.0,MOEA-NSGA2,solved,,30.013605,41.603301,41.603301,176.280995,115.720869,60.560126,0.343543,7.733689,7.733689,30.013617,10.002350,10.002350,10.003086,10.003151,10.003168,1.000000,3,true,5.283240,4,objective equals makespan; due-date/tardiness fields are not available in this instance format
fair|S|breakdown|46|10.0|B-CORE,2026-06-03T14:45:01,S_breakdown_seed46,S,breakdown,46,30046,30046,10.0,B-CORE,solved,,0.011656,43.196860,43.196860,163.490557,106.750091,56.740466,0.347057,6.297392,6.297392,0.011667,0.000188,0.000185,0.000252,0.000258,0.000259,0.000000,0,true,9.315975,5,objective equals makespan; due-date/tardiness fields are not available in this instance format
fair|S|breakdown|46|10.0|B-CORE-no-graph,2026-06-03T14:45:01,S_breakdown_seed46,S,breakdown,46,30046,30046,10.0,B-CORE-no-graph,solved,,0.011573,43.196860,43.196860,163.490557,106.750091,56.740466,0.347057,6.297392,6.297392,0.011583,0.000187,0.000194,0.000246,0.000250,0.000252,0.000000,0,true,9.315975,6,objective equals makespan; due-date/tardiness fields are not available in this instance format
fair|S|breakdown|46|10.0|LNS,2026-06-03T14:45:07,S_breakdown_seed46,S,breakdown,46,30046,30046,10.0,LNS,solved,,5.460079,43.600677,43.600677,206.603470,126.901209,79.702261,0.385774,8.681669,8.681669,5.460093,1.910846,1.910846,2.005639,2.014065,2.016172,0.000000,0,true,10.337893,7,objective equals makespan; due-date/tardiness fields are not available in this instance format
fair|S|breakdown|46|10.0|DCGA,2026-06-03T14:45:29,S_breakdown_seed46,S,breakdown,46,30046,30046,10.0,DCGA,solved,,27.282702,44.236829,44.236829,203.536044,129.863005,73.673039,0.361966,8.164989,8.164989,27.282715,9.552338,9.552338,9.956649,9.992588,10.001572,0.333333,1,true,11.947768,8,objective equals makespan; due-date/tardiness fields are not available in this instance format
fair|S|breakdown|46|10.0|MOR,2026-06-03T14:45:01,S_breakdown_seed46,S,breakdown,46,30046,30046,10.0,MOR,solved,,0.005673,45.315597,45.315597,185.594488,115.892227,69.702261,0.375562,6.617888,6.617888,0.005684,0.000007,0.000008,0.000008,0.000008,0.000008,0.000000,0,true,14.677749,9,objective equals makespan; due-date/tardiness fields are not available in this instance format
fair|S|breakdown|46|10.0|MachineRank,2026-06-03T14:45:01,S_breakdown_seed46,S,breakdown,46,30046,30046,10.0,MachineRank,solved,,0.006690,45.666051,45.666051,188.295395,115.892227,72.403169,0.384519,7.764184,7.764184,0.006699,0.000065,0.000065,0.000067,0.000067,0.000067,0.000000,0,true,15.564624,10,objective equals makespan; due-date/tardiness fields are not available in this instance format
fair|S|rush_job|42|0.1|MOEA-NSGA2,2026-06-03T14:45:08,S_rush_job_seed42,S,rush_job,42,40042,40042,0.1,MOEA-NSGA2,solved,,0.417517,44.562228,44.562228,230.096115,140.621878,89.474237,0.388856,7.597821,7.597821,0.417529,0.103334,0.103488,0.104733,0.104844,0.104871,1.000000,4,true,0.000000,1,objective equals makespan; due-date/tardiness fields are not available in this instance format
fair|S|rush_job|42|0.1|DCGA,2026-06-03T14:45:08,S_rush_job_seed42,S,rush_job,42,40042,40042,0.1,DCGA,solved,,0.315276,44.746400,44.746400,218.253072,131.479743,86.773329,0.397581,8.791528,8.791528,0.315290,0.102115,0.102115,0.102361,0.102383,0.102388,1.000000,3,true,0.413292,2,objective equals makespan; due-date/tardiness fields are not available in this instance format
fair|S|rush_job|42|0.1|B-CORE-no-bottleneck,2026-06-03T14:45:07,S_rush_job_seed42,S,rush_job,42,40042,40042,0.1,B-CORE-no-bottleneck,solved,,0.014503,45.884245,45.884245,227.853689,138.550810,89.302879,0.391931,8.932636,8.932636,0.014513,0.000249,0.000249,0.000251,0.000251,0.000251,0.000000,0,true,2.966676,3,objective equals makespan; due-date/tardiness fields are not available in this instance format
fair|S|rush_job|42|0.1|GA,2026-06-03T14:45:08,S_rush_job_seed42,S,rush_job,42,40042,40042,0.1,GA,solved,,0.414625,46.994075,46.994075,234.716384,148.342437,86.373947,0.367993,7.650092,7.650092,0.414638,0.101716,0.101511,0.102976,0.103106,0.103139,1.000000,4,true,5.457193,4,objective equals makespan; due-date/tardiness fields are not available in this instance format
fair|S|rush_job|42|0.1|B-CORE,2026-06-03T14:45:07,S_rush_job_seed42,S,rush_job,42,40042,40042,0.1,B-CORE,solved,,0.014815,48.065452,48.065452,218.081714,132.370470,85.711244,0.393024,8.058899,8.058899,0.014830,0.000221,0.000262,0.000266,0.000267,0.000267,0.000000,0,true,7.861420,5,objective equals makespan; due-date/tardiness fields are not available in this instance format
fair|S|rush_job|42|0.1|B-CORE-no-graph,2026-06-03T14:45:07,S_rush_job_seed42,S,rush_job,42,40042,40042,0.1,B-CORE-no-graph,solved,,0.014793,48.065452,48.065452,218.081714,132.370470,85.711244,0.393024,8.058899,8.058899,0.014803,0.000215,0.000251,0.000261,0.000262,0.000262,0.000000,0,true,7.861420,6,objective equals makespan; due-date/tardiness fields are not available in this instance format
fair|S|rush_job|42|0.1|LNS,2026-06-03T14:45:07,S_rush_job_seed42,S,rush_job,42,40042,40042,0.1,LNS,solved,,0.417306,48.563131,48.563131,243.406622,165.145589,78.261033,0.321524,8.783767,8.783767,0.417319,0.102230,0.102158,0.102998,0.103073,0.103092,1.000000,4,true,8.978238,7,objective equals makespan; due-date/tardiness fields are not available in this instance format
fair|S|rush_job|42|0.1|SA,2026-06-03T14:45:08,S_rush_job_seed42,S,rush_job,42,40042,40042,0.1,SA,solved,,0.419116,50.855313,50.855313,217.362344,138.550810,78.811533,0.362581,8.072932,8.072932,0.419129,0.103603,0.103459,0.105259,0.105419,0.105459,1.000000,4,true,14.122016,8,objective equals makespan; due-date/tardiness fields are not available in this instance format
fair|S|rush_job|42|0.1|MOR,2026-06-03T14:45:07,S_rush_job_seed42,S,rush_job,42,40042,40042,0.1,MOR,solved,,0.007069,53.081017,53.081017,238.103853,142.851091,95.252761,0.400047,7.401553,7.401553,0.007078,0.000009,0.000009,0.000010,0.000010,0.000010,0.000000,0,true,19.116614,9,objective equals makespan; due-date/tardiness fields are not available in this instance format
fair|S|rush_job|42|0.1|MachineRank,2026-06-03T14:45:07,S_rush_job_seed42,S,rush_job,42,40042,40042,0.1,MachineRank,solved,,0.008435,59.266097,59.266097,258.496207,138.550810,119.945397,0.464012,10.218374,10.218374,0.008445,0.000050,0.000050,0.000078,0.000081,0.000082,0.000000,0,true,32.996261,10,objective equals makespan; due-date/tardiness fields are not available in this instance format
fair|S|rush_job|42|0.5|LNS,2026-06-03T14:45:10,S_rush_job_seed42,S,rush_job,42,40042,40042,0.5,LNS,solved,,2.019462,42.894075,42.894075,223.062063,143.550810,79.511252,0.356453,8.560283,8.560283,2.019475,0.502737,0.502719,0.503195,0.503237,0.503248,1.000000,4,true,0.000000,1,objective equals makespan; due-date/tardiness fields are not available in this instance format
fair|S|rush_job|42|0.5|GA,2026-06-03T14:45:10,S_rush_job_seed42,S,rush_job,42,40042,40042,0.5,GA,solved,,2.016056,44.065456,44.065456,231.914586,149.283393,82.631193,0.356300,8.263690,8.263690,2.016071,0.502613,0.502376,0.503404,0.503495,0.503518,1.000000,4,true,2.730869,2,objective equals makespan; due-date/tardiness fields are not available in this instance format
fair|S|rush_job|42|0.5|DCGA,2026-06-03T14:45:11,S_rush_job_seed42,S,rush_job,42,40042,40042,0.5,DCGA,solved,,2.013857,44.935606,44.935606,226.732504,138.550810,88.181694,0.388924,8.692931,8.692931,2.013871,0.501867,0.501345,0.503195,0.503360,0.503401,1.000000,4,true,4.759471,3,objective equals makespan; due-date/tardiness fields are not available in this instance format
fair|S|rush_job|42|0.5|SA,2026-06-03T14:45:12,S_rush_job_seed42,S,rush_job,42,40042,40042,0.5,SA,solved,,2.017173,45.241015,45.241015,228.945763,156.244690,72.701073,0.317547,8.289636,8.289636,2.017186,0.502075,0.501635,0.503946,0.504151,0.504203,1.000000,4,true,5.471478,4,objective equals makespan; due-date/tardiness fields are not available in this instance format
fair|S|rush_job|42|0.5|MOEA-NSGA2,2026-06-03T14:45:12,S_rush_job_seed42,S,rush_job,42,40042,40042,0.5,MOEA-NSGA2,solved,,2.020845,45.355313,45.355313,227.553353,128.419344,99.134009,0.435652,7.279615,7.279615,2.020858,0.502969,0.502742,0.504745,0.504923,0.504968,1.000000,4,true,5.737944,5,objective equals makespan; due-date/tardiness fields are not available in this instance format
fair|S|rush_job|42|0.5|B-CORE-no-bottleneck,2026-06-03T14:45:08,S_rush_job_seed42,S,rush_job,42,40042,40042,0.5,B-CORE-no-bottleneck,solved,,0.011167,45.884245,45.884245,227.853689,138.550810,89.302879,0.391931,8.932636,8.932636,0.011176,0.000171,0.000171,0.000172,0.000172,0.000172,0.000000,0,true,6.971056,6,objective equals makespan; due-date/tardiness fields are not available in this instance format
fair|S|rush_job|42|0.5|B-CORE,2026-06-03T14:45:08,S_rush_job_seed42,S,rush_job,42,40042,40042,0.5,B-CORE,solved,,0.014798,48.065452,48.065452,218.081714,132.370470,85.711244,0.393024,8.058899,8.058899,0.014810,0.000215,0.000249,0.000263,0.000264,0.000264,0.000000,0,true,12.056157,7,objective equals makespan; due-date/tardiness fields are not available in this instance format
fair|S|rush_job|42|0.5|B-CORE-no-graph,2026-06-03T14:45:08,S_rush_job_seed42,S,rush_job,42,40042,40042,0.5,B-CORE-no-graph,solved,,0.014837,48.065452,48.065452,218.081714,132.370470,85.711244,0.393024,8.058899,8.058899,0.014846,0.000219,0.000253,0.000270,0.000271,0.000271,0.000000,0,true,12.056157,8,objective equals makespan; due-date/tardiness fields are not available in this instance format
fair|S|rush_job|42|0.5|MOR,2026-06-03T14:45:08,S_rush_job_seed42,S,rush_job,42,40042,40042,0.5,MOR,solved,,0.005137,53.081017,53.081017,238.103853,142.851091,95.252761,0.400047,7.401553,7.401553,0.005143,0.000007,0.000007,0.000007,0.000007,0.000007,0.000000,0,true,23.749066,9,objective equals makespan; due-date/tardiness fields are not available in this instance format
fair|S|rush_job|42|0.5|MachineRank,2026-06-03T14:45:08,S_rush_job_seed42,S,rush_job,42,40042,40042,0.5,MachineRank,solved,,0.005987,59.266097,59.266097,258.496207,138.550810,119.945397,0.464012,10.218374,10.218374,0.005994,0.000032,0.000032,0.000051,0.000052,0.000053,0.000000,0,true,38.168493,10,objective equals makespan; due-date/tardiness fields are not available in this instance format
fair|S|rush_job|42|1.0|DCGA,2026-06-03T14:45:16,S_rush_job_seed42,S,rush_job,42,40042,40042,1.0,DCGA,solved,,4.016919,40.594983,40.594983,202.072732,127.370470,74.702261,0.369680,7.639032,7.639032,4.016934,1.002975,1.002556,1.004348,1.004507,1.004547,1.000000,4,true,0.000000,1,objective equals makespan; due-date/tardiness fields are not available in this instance format
fair|S|rush_job|42|1.0|GA,2026-06-03T14:45:16,S_rush_job_seed42,S,rush_job,42,40042,40042,1.0,GA,solved,,4.012218,43.100990,43.100990,220.734246,138.103053,82.631193,0.374347,8.254126,8.254126,4.012232,1.001354,1.000838,1.002386,1.002524,1.002558,1.000000,4,true,6.173194,2,objective equals makespan; due-date/tardiness fields are not available in this instance format
fair|S|rush_job|42|1.0|MOEA-NSGA2,2026-06-03T14:45:19,S_rush_job_seed42,S,rush_job,42,40042,40042,1.0,MOEA-NSGA2,solved,,4.021513,43.135303,43.135303,212.781377,129.599684,83.181694,0.390926,8.126645,8.126645,4.021525,1.003228,1.003491,1.004353,1.004430,1.004449,1.000000,4,true,6.257719,3,objective equals makespan; due-date/tardiness fields are not available in this instance format
fair|S|rush_job|42|1.0|LNS,2026-06-03T14:45:15,S_rush_job_seed42,S,rush_job,42,40042,40042,1.0,LNS,solved,,4.015172,43.765143,43.765143,226.914586,134.441538,92.473048,0.407524,8.890953,8.890953,4.015186,1.002579,1.003160,1.003564,1.003600,1.003609,1.000000,4,true,7.809241,4,objective equals makespan; due-date/tardiness fields are not available in this instance format
fair|S|rush_job|42|1.0|SA,2026-06-03T14:45:19,S_rush_job_seed42,S,rush_job,42,40042,40042,1.0,SA,solved,,4.015395,44.550536,44.550536,223.164805,136.321597,86.843208,0.389144,8.705357,8.705357,4.015409,1.001649,1.001398,1.002995,1.003137,1.003172,1.000000,4,true,9.743945,5,objective equals makespan; due-date/tardiness fields are not available in this instance format
fair|S|rush_job|42|1.0|B-CORE-no-bottleneck,2026-06-03T14:45:11,S_rush_job_seed42,S,rush_job,42,40042,40042,1.0,B-CORE-no-bottleneck,solved,,0.014883,45.884245,45.884245,227.853689,138.550810,89.302879,0.391931,8.932636,8.932636,0.014895,0.000263,0.000263,0.000264,0.000264,0.000264,0.000000,0,true,13.029349,6,objective equals makespan; due-date/tardiness fields are not available in this instance format
fair|S|rush_job|42|1.0|B-CORE,2026-06-03T14:45:11,S_rush_job_seed42,S,rush_job,42,40042,40042,1.0,B-CORE,solved,,0.014974,48.065452,48.065452,218.081714,132.370470,85.711244,0.393024,8.058899,8.058899,0.014985,0.000214,0.000248,0.000263,0.000264,0.000264,0.000000,0,true,18.402444,7,objective equals makespan; due-date/tardiness fields are not available in this instance format
fair|S|rush_job|42|1.0|B-CORE-no-graph,2026-06-03T14:45:11,S_rush_job_seed42,S,rush_job,42,40042,40042,1.0,B-CORE-no-graph,solved,,0.014988,48.065452,48.065452,218.081714,132.370470,85.711244,0.393024,8.058899,8.058899,0.014999,0.000219,0.000247,0.000275,0.000277,0.000278,0.000000,0,true,18.402444,8,objective equals makespan; due-date/tardiness fields are not available in this instance format
fair|S|rush_job|42|1.0|MOR,2026-06-03T14:45:11,S_rush_job_seed42,S,rush_job,42,40042,40042,1.0,MOR,solved,,0.006970,53.081017,53.081017,238.103853,142.851091,95.252761,0.400047,7.401553,7.401553,0.006979,0.000009,0.000009,0.000009,0.000009,0.000010,0.000000,0,true,30.757579,9,objective equals makespan; due-date/tardiness fields are not available in this instance format
fair|S|rush_job|42|1.0|MachineRank,2026-06-03T14:45:11,S_rush_job_seed42,S,rush_job,42,40042,40042,1.0,MachineRank,solved,,0.008313,59.266097,59.266097,258.496207,138.550810,119.945397,0.464012,10.218374,10.218374,0.008322,0.000049,0.000049,0.000077,0.000080,0.000080,0.000000,0,true,45.993649,10,objective equals makespan; due-date/tardiness fields are not available in this instance format
fair|S|rush_job|42|5.0|DCGA,2026-06-03T14:45:36,S_rush_job_seed42,S,rush_job,42,40042,40042,5.0,DCGA,solved,,20.019951,40.594983,40.594983,202.072732,127.370470,74.702261,0.369680,7.639032,7.639032,20.019961,5.003794,5.003926,5.004024,5.004033,5.004035,1.000000,4,true,0.000000,1,objective equals makespan; due-date/tardiness fields are not available in this instance format
fair|S|rush_job|42|5.0|MOEA-NSGA2,2026-06-03T14:45:39,S_rush_job_seed42,S,rush_job,42,40042,40042,5.0,MOEA-NSGA2,solved,,20.016371,40.594983,40.594983,202.072732,127.370470,74.702261,0.369680,7.639032,7.639032,20.016384,5.002764,5.003356,5.003386,5.003389,5.003389,1.000000,4,true,0.000000,2,objective equals makespan; due-date/tardiness fields are not available in this instance format
fair|S|rush_job|42|5.0|GA,2026-06-03T14:45:36,S_rush_job_seed42,S,rush_job,42,40042,40042,5.0,GA,solved,,20.013221,41.500990,41.500990,214.843519,137.212325,77.631193,0.361338,8.099106,8.099106,20.013233,5.001548,5.001768,5.002269,5.002314,5.002325,1.000000,4,true,2.231820,3,objective equals makespan; due-date/tardiness fields are not available in this instance format
fair|S|rush_job|42|5.0|LNS,2026-06-03T14:45:26,S_rush_job_seed42,S,rush_job,42,40042,40042,5.0,LNS,solved,,9.779060,43.765143,43.765143,214.143800,128.261198,85.882601,0.401051,8.301147,8.301147,9.779074,2.431792,2.430548,2.551152,2.561872,2.564552,0.000000,0,true,7.809241,4,objective equals makespan; due-date/tardiness fields are not available in this instance format
fair|S|rush_job|42|5.0|SA,2026-06-03T14:45:26,S_rush_job_seed42,S,rush_job,42,40042,40042,5.0,SA,solved,,9.627472,43.765143,43.765143,228.094926,139.441538,88.653388,0.388669,8.655423,8.655423,9.627486,2.352832,2.428934,2.571315,2.583971,2.587135,0.000000,0,true,7.809241,5,objective equals makespan; due-date/tardiness fields are not available in this instance format
fair|S|rush_job|42|5.0|B-CORE-no-bottleneck,2026-06-03T14:45:16,S_rush_job_seed42,S,rush_job,42,40042,40042,5.0,B-CORE-no-bottleneck,solved,,0.014921,45.884245,45.884245,227.853689,138.550810,89.302879,0.391931,8.932636,8.932636,0.014934,0.000250,0.000250,0.000252,0.000252,0.000252,0.000000,0,true,13.029349,6,objective equals makespan; due-date/tardiness fields are not available in this instance format
fair|S|rush_job|42|5.0|B-CORE,2026-06-03T14:45:16,S_rush_job_seed42,S,rush_job,42,40042,40042,5.0,B-CORE,solved,,0.010109,48.065452,48.065452,218.081714,132.370470,85.711244,0.393024,8.058899,8.058899,0.010117,0.000141,0.000166,0.000168,0.000168,0.000168,0.000000,0,true,18.402444,7,objective equals makespan; due-date/tardiness fields are not available in this instance format
fair|S|rush_job|42|5.0|B-CORE-no-graph,2026-06-03T14:45:16,S_rush_job_seed42,S,rush_job,42,40042,40042,5.0,B-CORE-no-graph,solved,,0.013027,48.065452,48.065452,218.081714,132.370470,85.711244,0.393024,8.058899,8.058899,0.013040,0.000144,0.000169,0.000173,0.000174,0.000174,0.000000,0,true,18.402444,8,objective equals makespan; due-date/tardiness fields are not available in this instance format
fair|S|rush_job|42|5.0|MOR,2026-06-03T14:45:16,S_rush_job_seed42,S,rush_job,42,40042,40042,5.0,MOR,solved,,0.007325,53.081017,53.081017,238.103853,142.851091,95.252761,0.400047,7.401553,7.401553,0.007336,0.000011,0.000011,0.000014,0.000014,0.000014,0.000000,0,true,30.757579,9,objective equals makespan; due-date/tardiness fields are not available in this instance format
fair|S|rush_job|42|5.0|MachineRank,2026-06-03T14:45:16,S_rush_job_seed42,S,rush_job,42,40042,40042,5.0,MachineRank,solved,,0.008500,59.266097,59.266097,258.496207,138.550810,119.945397,0.464012,10.218374,10.218374,0.008512,0.000047,0.000047,0.000073,0.000075,0.000075,0.000000,0,true,45.993649,10,objective equals makespan; due-date/tardiness fields are not available in this instance format
fair|S|rush_job|42|10.0|MOEA-NSGA2,2026-06-03T14:46:06,S_rush_job_seed42,S,rush_job,42,40042,40042,10.0,MOEA-NSGA2,solved,,40.016390,39.823915,39.823915,205.701383,132.370470,73.330912,0.356492,7.451255,7.451255,40.016400,10.002712,10.002723,10.004712,10.004889,10.004933,1.000000,4,true,0.000000,1,objective equals makespan; due-date/tardiness fields are not available in this instance format
fair|S|rush_job|42|10.0|DCGA,2026-06-03T14:46:00,S_rush_job_seed42,S,rush_job,42,40042,40042,10.0,DCGA,solved,,40.011073,40.594983,40.594983,202.072732,127.370470,74.702261,0.369680,7.639032,7.639032,40.011089,10.001316,10.000644,10.002624,10.002800,10.002844,1.000000,4,true,1.936193,2,objective equals makespan; due-date/tardiness fields are not available in this instance format
fair|S|rush_job|42|10.0|GA,2026-06-03T14:45:59,S_rush_job_seed42,S,rush_job,42,40042,40042,10.0,GA,solved,,40.016662,41.500990,41.500990,214.843519,137.212325,77.631193,0.361338,8.099106,8.099106,40.016675,10.003136,10.003217,10.003756,10.003804,10.003816,1.000000,4,true,4.211226,3,objective equals makespan; due-date/tardiness fields are not available in this instance format
fair|S|rush_job|42|10.0|LNS,2026-06-03T14:45:28,S_rush_job_seed42,S,rush_job,42,40042,40042,10.0,LNS,solved,,9.429125,43.765143,43.765143,214.143800,128.261198,85.882601,0.401051,8.301147,8.301147,9.429139,2.298592,2.194989,2.508838,2.536736,2.543710,0.000000,0,true,9.896636,4,objective equals makespan; due-date/tardiness fields are not available in this instance format
fair|S|rush_job|42|10.0|SA,2026-06-03T14:45:33,S_rush_job_seed42,S,rush_job,42,40042,40042,10.0,SA,solved,,9.703818,43.765143,43.765143,228.094926,139.441538,88.653388,0.388669,8.655423,8.655423,9.703830,2.388904,2.400630,2.551784,2.565220,2.568579,0.000000,0,true,9.896636,5,objective equals makespan; due-date/tardiness fields are not available in this instance format
fair|S|rush_job|42|10.0|B-CORE-no-bottleneck,2026-06-03T14:45:19,S_rush_job_seed42,S,rush_job,42,40042,40042,10.0,B-CORE-no-bottleneck,solved,,0.014690,45.884245,45.884245,227.853689,138.550810,89.302879,0.391931,8.932636,8.932636,0.014701,0.000252,0.000252,0.000252,0.000252,0.000252,0.000000,0,true,15.217816,6,objective equals makespan; due-date/tardiness fields are not available in this instance format
fair|S|rush_job|42|10.0|B-CORE,2026-06-03T14:45:19,S_rush_job_seed42,S,rush_job,42,40042,40042,10.0,B-CORE,solved,,0.014878,48.065452,48.065452,218.081714,132.370470,85.711244,0.393024,8.058899,8.058899,0.014890,0.000219,0.000254,0.000268,0.000269,0.000269,0.000000,0,true,20.694944,7,objective equals makespan; due-date/tardiness fields are not available in this instance format
fair|S|rush_job|42|10.0|B-CORE-no-graph,2026-06-03T14:45:19,S_rush_job_seed42,S,rush_job,42,40042,40042,10.0,B-CORE-no-graph,solved,,0.014752,48.065452,48.065452,218.081714,132.370470,85.711244,0.393024,8.058899,8.058899,0.014762,0.000223,0.000258,0.000269,0.000270,0.000270,0.000000,0,true,20.694944,8,objective equals makespan; due-date/tardiness fields are not available in this instance format
fair|S|rush_job|42|10.0|MOR,2026-06-03T14:45:19,S_rush_job_seed42,S,rush_job,42,40042,40042,10.0,MOR,solved,,0.007173,53.081017,53.081017,238.103853,142.851091,95.252761,0.400047,7.401553,7.401553,0.007183,0.000009,0.000009,0.000010,0.000010,0.000010,0.000000,0,true,33.289299,9,objective equals makespan; due-date/tardiness fields are not available in this instance format
fair|S|rush_job|42|10.0|MachineRank,2026-06-03T14:45:19,S_rush_job_seed42,S,rush_job,42,40042,40042,10.0,MachineRank,solved,,0.008348,59.266097,59.266097,258.496207,138.550810,119.945397,0.464012,10.218374,10.218374,0.008357,0.000049,0.000049,0.000077,0.000080,0.000081,0.000000,0,true,48.820368,10,objective equals makespan; due-date/tardiness fields are not available in this instance format
fair|S|rush_job|43|0.1|MOEA-NSGA2,2026-06-03T14:45:28,S_rush_job_seed43,S,rush_job,43,40043,40043,0.1,MOEA-NSGA2,solved,,0.319045,52.256231,52.256231,254.057432,161.766467,92.290966,0.363268,10.872731,10.872731,0.319059,0.103973,0.103973,0.104503,0.104550,0.104562,1.000000,3,true,0.000000,1,objective equals makespan; due-date/tardiness fields are not available in this instance format
fair|S|rush_job|43|0.1|GA,2026-06-03T14:45:27,S_rush_job_seed43,S,rush_job,43,40043,40043,0.1,GA,solved,,0.316212,53.799769,53.799769,247.006016,156.924612,90.081404,0.364693,10.568089,10.568089,0.316226,0.103335,0.103335,0.103406,0.103412,0.103413,1.000000,3,true,2.953787,2,objective equals makespan; due-date/tardiness fields are not available in this instance format
fair|S|rush_job|43|0.1|B-CORE-no-bottleneck,2026-06-03T14:45:26,S_rush_job_seed43,S,rush_job,43,40043,40043,0.1,B-CORE-no-bottleneck,solved,,0.015181,54.335921,54.335921,288.063507,171.297205,116.766302,0.405349,12.337954,12.337954,0.015192,0.000274,0.000274,0.000274,0.000274,0.000274,0.000000,0,true,3.979793,3,objective equals makespan; due-date/tardiness fields are not available in this instance format
fair|S|rush_job|43|0.1|B-CORE,2026-06-03T14:45:26,S_rush_job_seed43,S,rush_job,43,40043,40043,0.1,B-CORE,solved,,0.015730,54.532693,54.532693,280.992439,172.187933,108.804506,0.387215,11.230936,11.230936,0.015741,0.000279,0.000279,0.000279,0.000279,0.000279,0.000000,0,true,4.356346,4,objective equals makespan; due-date/tardiness fields are not available in this instance format
fair|S|rush_job|43|0.1|B-CORE-no-graph,2026-06-03T14:45:26,S_rush_job_seed43,S,rush_job,43,40043,40043,0.1,B-CORE-no-graph,solved,,0.015756,54.532693,54.532693,280.992439,172.187933,108.804506,0.387215,11.230936,11.230936,0.015767,0.000269,0.000269,0.000269,0.000269,0.000269,0.000000,0,true,4.356346,5,objective equals makespan; due-date/tardiness fields are not available in this instance format
fair|S|rush_job|43|0.1|DCGA,2026-06-03T14:45:27,S_rush_job_seed43,S,rush_job,43,40043,40043,0.1,DCGA,solved,,0.314913,55.361320,55.361320,257.899177,160.116865,97.782311,0.379149,10.102063,10.102063,0.314927,0.102769,0.102769,0.103432,0.103491,0.103506,1.000000,3,true,5.942045,6,objective equals makespan; due-date/tardiness fields are not available in this instance format
fair|S|rush_job|43|0.1|MachineRank,2026-06-03T14:45:26,S_rush_job_seed43,S,rush_job,43,40043,40043,0.1,MachineRank,solved,,0.008675,58.607607,58.607607,317.137028,177.257812,139.879215,0.441069,12.998042,12.998042,0.008686,0.000012,0.000012,0.000012,0.000012,0.000012,0.000000,0,true,12.154294,7,objective equals makespan; due-date/tardiness fields are not available in this instance format
fair|S|rush_job|43|0.1|SA,2026-06-03T14:45:27,S_rush_job_seed43,S,rush_job,43,40043,40043,0.1,SA,solved,,0.316992,61.265761,61.265761,277.819837,177.738433,100.081404,0.360239,11.719199,11.719199,0.317006,0.104315,0.104315,0.104599,0.104624,0.104630,1.000000,3,true,17.241064,8,objective equals makespan; due-date/tardiness fields are not available in this instance format
fair|S|rush_job|43|0.1|LNS,2026-06-03T14:45:26,S_rush_job_seed43,S,rush_job,43,40043,40043,0.1,LNS,solved,,0.321081,62.000073,62.000073,279.320753,180.406477,98.914276,0.354124,11.061786,11.061786,0.321095,0.104831,0.104831,0.105699,0.105776,0.105795,1.000000,3,true,18.646278,9,objective equals makespan; due-date/tardiness fields are not available in this instance format
fair|S|rush_job|43|0.1|MOR,2026-06-03T14:45:26,S_rush_job_seed43,S,rush_job,43,40043,40043,0.1,MOR,solved,,0.007106,65.291548,65.291548,245.475257,150.483384,94.991873,0.386971,7.534422,7.534422,0.007117,0.000008,0.000008,0.000008,0.000008,0.000008,0.000000,0,true,24.945000,10,objective equals makespan; due-date/tardiness fields are not available in this instance format
fair|S|rush_job|43|0.5|MOEA-NSGA2,2026-06-03T14:45:32,S_rush_job_seed43,S,rush_job,43,40043,40043,0.5,MOEA-NSGA2,solved,,1.516545,44.744529,44.744529,206.831495,138.342437,68.489058,0.331135,8.383532,8.383532,1.516557,0.502957,0.502957,0.504599,0.504745,0.504781,1.000000,3,true,0.000000,1,objective equals makespan; due-date/tardiness fields are not available in this instance format
fair|S|rush_job|43|0.5|GA,2026-06-03T14:45:30,S_rush_job_seed43,S,rush_job,43,40043,40043,0.5,GA,solved,,1.517603,49.040098,49.040098,237.965359,158.925801,79.039558,0.332147,8.431583,8.431583,1.517615,0.504821,0.504821,0.505988,0.506092,0.506117,1.000000,3,true,9.600211,2,objective equals makespan; due-date/tardiness fields are not available in this instance format
fair|S|rush_job|43|0.5|DCGA,2026-06-03T14:45:31,S_rush_job_seed43,S,rush_job,43,40043,40043,0.5,DCGA,solved,,1.515403,53.420995,53.420995,245.530205,159.156258,86.373947,0.351785,9.834974,9.834974,1.515417,0.503769,0.503769,0.505276,0.505410,0.505444,1.000000,3,true,19.391122,3,objective equals makespan; due-date/tardiness fields are not available in this instance format
fair|S|rush_job|43|0.5|SA,2026-06-03T14:45:31,S_rush_job_seed43,S,rush_job,43,40043,40043,0.5,SA,solved,,1.511449,53.530517,53.530517,224.545026,147.313215,77.231811,0.343948,10.949998,10.949998,1.511460,0.501932,0.501932,0.502398,0.502440,0.502450,1.000000,3,true,19.635893,4,objective equals makespan; due-date/tardiness fields are not available in this instance format
fair|S|rush_job|43|0.5|B-CORE-no-bottleneck,2026-06-03T14:45:28,S_rush_job_seed43,S,rush_job,43,40043,40043,0.5,B-CORE-no-bottleneck,solved,,0.015327,54.335921,54.335921,288.063507,171.297205,116.766302,0.405349,12.337954,12.337954,0.015338,0.000279,0.000279,0.000279,0.000279,0.000279,0.000000,0,true,21.435899,5,objective equals makespan; due-date/tardiness fields are not available in this instance format
fair|S|rush_job|43|0.5|B-CORE,2026-06-03T14:45:28,S_rush_job_seed43,S,rush_job,43,40043,40043,0.5,B-CORE,solved,,0.015907,54.532693,54.532693,280.992439,172.187933,108.804506,0.387215,11.230936,11.230936,0.015918,0.000277,0.000277,0.000277,0.000277,0.000277,0.000000,0,true,21.875667,6,objective equals makespan; due-date/tardiness fields are not available in this instance format
fair|S|rush_job|43|0.5|B-CORE-no-graph,2026-06-03T14:45:28,S_rush_job_seed43,S,rush_job,43,40043,40043,0.5,B-CORE-no-graph,solved,,0.015858,54.532693,54.532693,280.992439,172.187933,108.804506,0.387215,11.230936,11.230936,0.015868,0.000279,0.000279,0.000279,0.000279,0.000279,0.000000,0,true,21.875667,7,objective equals makespan; due-date/tardiness fields are not available in this instance format
fair|S|rush_job|43|0.5|LNS,2026-06-03T14:45:29,S_rush_job_seed43,S,rush_job,43,40043,40043,0.5,LNS,solved,,1.511149,56.628819,56.628819,273.954235,168.368273,105.585962,0.385415,10.408551,10.408551,1.511162,0.501132,0.501132,0.501709,0.501760,0.501773,1.000000,3,true,26.560320,8,objective equals makespan; due-date/tardiness fields are not available in this instance format
fair|S|rush_job|43|0.5|MachineRank,2026-06-03T14:45:28,S_rush_job_seed43,S,rush_job,43,40043,40043,0.5,MachineRank,solved,,0.008553,58.607607,58.607607,317.137028,177.257812,139.879215,0.441069,12.998042,12.998042,0.008562,0.000011,0.000011,0.000011,0.000011,0.000011,0.000000,0,true,30.982733,9,objective equals makespan; due-date/tardiness fields are not available in this instance format
fair|S|rush_job|43|0.5|MOR,2026-06-03T14:45:28,S_rush_job_seed43,S,rush_job,43,40043,40043,0.5,MOR,solved,,0.006824,65.291548,65.291548,245.475257,150.483384,94.991873,0.386971,7.534422,7.534422,0.006833,0.000007,0.000007,0.000007,0.000007,0.000007,0.000000,0,true,45.920740,10,objective equals makespan; due-date/tardiness fields are not available in this instance format
fair|S|rush_job|43|1.0|LNS,2026-06-03T14:45:34,S_rush_job_seed43,S,rush_job,43,40043,40043,1.0,LNS,solved,,3.015733,43.994983,43.994983,200.973630,137.484573,63.489058,0.315907,8.079172,8.079172,3.015746,1.004043,1.004043,1.004402,1.004434,1.004442,1.000000,3,true,0.000000,1,objective equals makespan; due-date/tardiness fields are not available in this instance format
fair|S|rush_job|43|1.0|SA,2026-06-03T14:45:35,S_rush_job_seed43,S,rush_job,43,40043,40043,1.0,SA,solved,,3.012856,44.229918,44.229918,203.272723,138.342437,64.930286,0.319424,7.925540,7.925540,3.012869,1.002248,1.002248,1.003768,1.003903,1.003937,1.000000,3,true,0.534004,2,objective equals makespan; due-date/tardiness fields are not available in this instance format
fair|S|rush_job|43|1.0|GA,2026-06-03T14:45:34,S_rush_job_seed43,S,rush_job,43,40043,40043,1.0,GA,solved,,3.015176,45.099769,45.099769,230.604679,143.603325,87.001354,0.377275,8.726741,8.726741,3.015187,1.003297,1.003297,1.004503,1.004611,1.004637,1.000000,3,true,2.511164,3,objective equals makespan; due-date/tardiness fields are not available in this instance format
fair|S|rush_job|43|1.0|MOEA-NSGA2,2026-06-03T14:45:36,S_rush_job_seed43,S,rush_job,43,40043,40043,1.0,MOEA-NSGA2,solved,,3.018126,48.035921,48.035921,206.982613,131.271369,75.711244,0.365786,9.013152,9.013152,3.018139,1.004133,1.004133,1.004429,1.004455,1.004462,1.000000,3,true,9.184997,4,objective equals makespan; due-date/tardiness fields are not available in this instance format
fair|S|rush_job|43|1.0|DCGA,2026-06-03T14:45:34,S_rush_job_seed43,S,rush_job,43,40043,40043,1.0,DCGA,solved,,3.012498,51.766359,51.766359,234.317002,157.085190,77.231811,0.329604,9.201958,9.201958,3.012509,1.002795,1.002795,1.003573,1.003642,1.003659,1.000000,3,true,17.664232,5,objective equals makespan; due-date/tardiness fields are not available in this instance format
fair|S|rush_job|43|1.0|B-CORE-no-bottleneck,2026-06-03T14:45:31,S_rush_job_seed43,S,rush_job,43,40043,40043,1.0,B-CORE-no-bottleneck,solved,,0.015376,54.335921,54.335921,288.063507,171.297205,116.766302,0.405349,12.337954,12.337954,0.015384,0.000281,0.000281,0.000281,0.000281,0.000281,0.000000,0,true,23.504812,6,objective equals makespan; due-date/tardiness fields are not available in this instance format
fair|S|rush_job|43|1.0|B-CORE,2026-06-03T14:45:31,S_rush_job_seed43,S,rush_job,43,40043,40043,1.0,B-CORE,solved,,0.016121,54.532693,54.532693,280.992439,172.187933,108.804506,0.387215,11.230936,11.230936,0.016133,0.000336,0.000336,0.000336,0.000336,0.000336,0.000000,0,true,23.952072,7,objective equals makespan; due-date/tardiness fields are not available in this instance format
fair|S|rush_job|43|1.0|B-CORE-no-graph,2026-06-03T14:45:31,S_rush_job_seed43,S,rush_job,43,40043,40043,1.0,B-CORE-no-graph,solved,,0.015847,54.532693,54.532693,280.992439,172.187933,108.804506,0.387215,11.230936,11.230936,0.015856,0.000285,0.000285,0.000285,0.000285,0.000285,0.000000,0,true,23.952072,8,objective equals makespan; due-date/tardiness fields are not available in this instance format
fair|S|rush_job|43|1.0|MachineRank,2026-06-03T14:45:31,S_rush_job_seed43,S,rush_job,43,40043,40043,1.0,MachineRank,solved,,0.008621,58.607607,58.607607,317.137028,177.257812,139.879215,0.441069,12.998042,12.998042,0.008630,0.000011,0.000011,0.000012,0.000012,0.000012,0.000000,0,true,33.214296,9,objective equals makespan; due-date/tardiness fields are not available in this instance format
fair|S|rush_job|43|1.0|MOR,2026-06-03T14:45:31,S_rush_job_seed43,S,rush_job,43,40043,40043,1.0,MOR,solved,,0.006893,65.291548,65.291548,245.475257,150.483384,94.991873,0.386971,7.534422,7.534422,0.006903,0.000007,0.000007,0.000008,0.000008,0.000008,0.000000,0,true,48.406804,10,objective equals makespan; due-date/tardiness fields are not available in this instance format
fair|S|rush_job|43|5.0|MOEA-NSGA2,2026-06-03T14:45:50,S_rush_job_seed43,S,rush_job,43,40043,40043,5.0,MOEA-NSGA2,solved,,15.017207,43.236520,43.236520,198.305586,138.375301,59.930286,0.302212,7.476170,7.476170,15.017220,5.003638,5.003638,5.004359,5.004423,5.004439,1.000000,3,true,0.000000,1,objective equals makespan; due-date/tardiness fields are not available in this instance format
fair|S|rush_job|43|5.0|SA,2026-06-03T14:45:41,S_rush_job_seed43,S,rush_job,43,40043,40043,5.0,SA,solved,,6.973503,43.400677,43.400677,200.343791,140.413505,59.930286,0.299137,7.901711,7.901711,6.973516,2.344968,2.344968,2.540961,2.558382,2.562738,0.000000,0,true,0.379672,2,objective equals makespan; due-date/tardiness fields are not available in this instance format
fair|S|rush_job|43|5.0|DCGA,2026-06-03T14:45:49,S_rush_job_seed43,S,rush_job,43,40043,40043,5.0,DCGA,solved,,15.012814,44.841609,44.841609,225.635836,147.085190,78.550645,0.348130,9.047932,9.047932,15.012822,5.002417,5.002417,5.003046,5.003102,5.003116,1.000000,3,true,3.712345,3,objective equals makespan; due-date/tardiness fields are not available in this instance format
fair|S|rush_job|43|5.0|GA,2026-06-03T14:45:49,S_rush_job_seed43,S,rush_job,43,40043,40043,5.0,GA,solved,,15.015497,44.955917,44.955917,210.604679,140.674393,69.930286,0.332045,8.786369,8.786369,15.015511,5.002249,5.002249,5.002384,5.002396,5.002399,1.000000,3,true,3.976724,4,objective equals makespan; due-date/tardiness fields are not available in this instance format
fair|S|rush_job|43|5.0|LNS,2026-06-03T14:45:41,S_rush_job_seed43,S,rush_job,43,40043,40043,5.0,LNS,solved,,6.823533,45.385462,45.385462,225.494909,149.384283,76.110626,0.337527,9.218097,9.218097,6.823547,2.347704,2.347704,2.606389,2.629384,2.635132,0.000000,0,true,4.970201,5,objective equals makespan; due-date/tardiness fields are not available in this instance format
fair|S|rush_job|43|5.0|B-CORE-no-bottleneck,2026-06-03T14:45:34,S_rush_job_seed43,S,rush_job,43,40043,40043,5.0,B-CORE-no-bottleneck,solved,,0.013789,54.335921,54.335921,288.063507,171.297205,116.766302,0.405349,12.337954,12.337954,0.013797,0.000265,0.000265,0.000265,0.000265,0.000265,0.000000,0,true,25.671356,6,objective equals makespan; due-date/tardiness fields are not available in this instance format
fair|S|rush_job|43|5.0|B-CORE,2026-06-03T14:45:34,S_rush_job_seed43,S,rush_job,43,40043,40043,5.0,B-CORE,solved,,0.016174,54.532693,54.532693,280.992439,172.187933,108.804506,0.387215,11.230936,11.230936,0.016185,0.000275,0.000275,0.000275,0.000275,0.000275,0.000000,0,true,26.126462,7,objective equals makespan; due-date/tardiness fields are not available in this instance format
fair|S|rush_job|43|5.0|B-CORE-no-graph,2026-06-03T14:45:34,S_rush_job_seed43,S,rush_job,43,40043,40043,5.0,B-CORE-no-graph,solved,,0.015822,54.532693,54.532693,280.992439,172.187933,108.804506,0.387215,11.230936,11.230936,0.015832,0.000280,0.000280,0.000280,0.000280,0.000280,0.000000,0,true,26.126462,8,objective equals makespan; due-date/tardiness fields are not available in this instance format
fair|S|rush_job|43|5.0|MachineRank,2026-06-03T14:45:34,S_rush_job_seed43,S,rush_job,43,40043,40043,5.0,MachineRank,solved,,0.008744,58.607607,58.607607,317.137028,177.257812,139.879215,0.441069,12.998042,12.998042,0.008762,0.000012,0.000012,0.000012,0.000012,0.000012,0.000000,0,true,35.551166,9,objective equals makespan; due-date/tardiness fields are not available in this instance format
fair|S|rush_job|43|5.0|MOR,2026-06-03T14:45:34,S_rush_job_seed43,S,rush_job,43,40043,40043,5.0,MOR,solved,,0.006927,65.291548,65.291548,245.475257,150.483384,94.991873,0.386971,7.534422,7.534422,0.006936,0.000007,0.000007,0.000007,0.000007,0.000007,0.000000,0,true,51.010183,10,objective equals makespan; due-date/tardiness fields are not available in this instance format
fair|S|rush_job|43|10.0|MOEA-NSGA2,2026-06-03T14:46:11,S_rush_job_seed43,S,rush_job,43,40043,40043,10.0,MOEA-NSGA2,solved,,30.018658,42.394983,42.394983,191.864358,129.233165,62.631193,0.326435,7.768607,7.768607,30.018672,10.003560,10.003560,10.004298,10.004363,10.004380,1.000000,3,true,0.000000,1,objective equals makespan; due-date/tardiness fields are not available in this instance format
fair|S|rush_job|43|10.0|SA,2026-06-03T14:45:46,S_rush_job_seed43,S,rush_job,43,40043,40043,10.0,SA,solved,,6.936943,43.400677,43.400677,200.343791,140.413505,59.930286,0.299137,7.901711,7.901711,6.936957,2.369305,2.369305,2.561655,2.578753,2.583028,0.000000,0,true,2.372201,2,objective equals makespan; due-date/tardiness fields are not available in this instance format
fair|S|rush_job|43|10.0|GA,2026-06-03T14:46:06,S_rush_job_seed43,S,rush_job,43,40043,40043,10.0,GA,solved,,30.013243,43.499769,43.499769,205.832703,140.674393,65.158311,0.316560,8.743933,8.743933,30.013257,10.001835,10.001835,10.001915,10.001923,10.001924,1.000000,3,true,2.605936,3,objective equals makespan; due-date/tardiness fields are not available in this instance format
fair|S|rush_job|43|10.0|DCGA,2026-06-03T14:46:06,S_rush_job_seed43,S,rush_job,43,40043,40043,10.0,DCGA,solved,,30.015241,44.841609,44.841609,225.635836,147.085190,78.550645,0.348130,9.047932,9.047932,30.015254,10.003649,10.003649,10.003904,10.003927,10.003932,1.000000,3,true,5.771027,4,objective equals makespan; due-date/tardiness fields are not available in this instance format
fair|S|rush_job|43|10.0|LNS,2026-06-03T14:45:43,S_rush_job_seed43,S,rush_job,43,40043,40043,10.0,LNS,solved,,7.033637,45.385462,45.385462,225.494909,149.384283,76.110626,0.337527,9.218097,9.218097,7.033650,2.408494,2.408494,2.667264,2.690265,2.696016,0.000000,0,true,7.053851,5,objective equals makespan; due-date/tardiness fields are not available in this instance format
fair|S|rush_job|43|10.0|B-CORE-no-bottleneck,2026-06-03T14:45:36,S_rush_job_seed43,S,rush_job,43,40043,40043,10.0,B-CORE-no-bottleneck,solved,,0.015151,54.335921,54.335921,288.063507,171.297205,116.766302,0.405349,12.337954,12.337954,0.015161,0.000267,0.000267,0.000267,0.000267,0.000267,0.000000,0,true,28.165922,6,objective equals makespan; due-date/tardiness fields are not available in this instance format
fair|S|rush_job|43|10.0|B-CORE,2026-06-03T14:45:36,S_rush_job_seed43,S,rush_job,43,40043,40043,10.0,B-CORE,solved,,0.015675,54.532693,54.532693,280.992439,172.187933,108.804506,0.387215,11.230936,11.230936,0.015687,0.000275,0.000275,0.000275,0.000275,0.000275,0.000000,0,true,28.630062,7,objective equals makespan; due-date/tardiness fields are not available in this instance format
fair|S|rush_job|43|10.0|B-CORE-no-graph,2026-06-03T14:45:36,S_rush_job_seed43,S,rush_job,43,40043,40043,10.0,B-CORE-no-graph,solved,,0.015779,54.532693,54.532693,280.992439,172.187933,108.804506,0.387215,11.230936,11.230936,0.015790,0.000282,0.000282,0.000282,0.000282,0.000282,0.000000,0,true,28.630062,8,objective equals makespan; due-date/tardiness fields are not available in this instance format
fair|S|rush_job|43|10.0|MachineRank,2026-06-03T14:45:36,S_rush_job_seed43,S,rush_job,43,40043,40043,10.0,MachineRank,solved,,0.008609,58.607607,58.607607,317.137028,177.257812,139.879215,0.441069,12.998042,12.998042,0.008618,0.000012,0.000012,0.000012,0.000012,0.000012,0.000000,0,true,38.241846,9,objective equals makespan; due-date/tardiness fields are not available in this instance format
fair|S|rush_job|43|10.0|MOR,2026-06-03T14:45:36,S_rush_job_seed43,S,rush_job,43,40043,40043,10.0,MOR,solved,,0.006814,65.291548,65.291548,245.475257,150.483384,94.991873,0.386971,7.534422,7.534422,0.006822,0.000007,0.000007,0.000007,0.000007,0.000007,0.000000,0,true,54.007723,10,objective equals makespan; due-date/tardiness fields are not available in this instance format
fair|S|rush_job|44|0.1|B-CORE,2026-06-03T14:45:42,S_rush_job_seed44,S,rush_job,44,40044,40044,0.1,B-CORE,solved,,0.018573,57.035616,57.035616,276.151173,168.197504,107.953669,0.390922,9.189726,9.189726,0.018585,0.000254,0.000254,0.000255,0.000255,0.000255,0.000000,0,true,0.000000,1,objective equals makespan; due-date/tardiness fields are not available in this instance format
fair|S|rush_job|44|0.1|B-CORE-no-graph,2026-06-03T14:45:42,S_rush_job_seed44,S,rush_job,44,40044,40044,0.1,B-CORE-no-graph,solved,,0.018547,57.035616,57.035616,276.151173,168.197504,107.953669,0.390922,9.189726,9.189726,0.018560,0.000252,0.000252,0.000262,0.000263,0.000264,0.000000,0,true,0.000000,2,objective equals makespan; due-date/tardiness fields are not available in this instance format
fair|S|rush_job|44|0.1|MachineRank,2026-06-03T14:45:42,S_rush_job_seed44,S,rush_job,44,40044,40044,0.1,MachineRank,solved,,0.010875,58.941324,58.941324,289.768511,170.805860,118.962651,0.410544,10.103022,10.103022,0.010886,0.000079,0.000079,0.000079,0.000079,0.000079,0.000000,0,true,3.341260,3,objective equals makespan; due-date/tardiness fields are not available in this instance format
fair|S|rush_job|44|0.1|LNS,2026-06-03T14:45:42,S_rush_job_seed44,S,rush_job,44,40044,40044,0.1,LNS,solved,,0.321393,60.156857,60.156857,301.152437,177.238161,123.914276,0.411467,10.261997,10.261997,0.321407,0.103005,0.103005,0.105252,0.105452,0.105502,1.000000,3,true,5.472442,4,objective equals makespan; due-date/tardiness fields are not available in this instance format
fair|S|rush_job|44|0.1|GA,2026-06-03T14:45:42,S_rush_job_seed44,S,rush_job,44,40044,40044,0.1,GA,solved,,0.321562,62.855064,62.855064,312.137483,184.915132,127.222351,0.407584,9.772213,9.772213,0.321575,0.103605,0.103605,0.105246,0.105392,0.105428,1.000000,3,true,10.203183,5,objective equals makespan; due-date/tardiness fields are not available in this instance format
fair|S|rush_job|44|0.1|MOR,2026-06-03T14:45:42,S_rush_job_seed44,S,rush_job,44,40044,40044,0.1,MOR,solved,,0.009186,63.299478,63.299478,256.756441,136.031985,120.724456,0.470191,6.829406,6.829406,0.009197,0.000007,0.000007,0.000008,0.000008,0.000008,0.000000,0,true,10.982369,6,objective equals makespan; due-date/tardiness fields are not available in this instance format
fair|S|rush_job|44|0.1|DCGA,2026-06-03T14:45:43,S_rush_job_seed44,S,rush_job,44,40044,40044,0.1,DCGA,solved,,0.322916,64.787646,64.787646,312.797444,190.090187,122.707257,0.392290,10.698121,10.698121,0.322932,0.104179,0.104179,0.105685,0.105819,0.105853,1.000000,3,true,13.591560,7,objective equals makespan; due-date/tardiness fields are not available in this instance format
fair|S|rush_job|44|0.1|MOEA-NSGA2,2026-06-03T14:45:43,S_rush_job_seed44,S,rush_job,44,40044,40044,0.1,MOEA-NSGA2,solved,,0.318097,67.649493,67.649493,357.168239,214.712943,142.455296,0.398846,11.532119,11.532119,0.318106,0.103027,0.103027,0.103087,0.103092,0.103093,1.000000,3,true,18.609209,8,objective equals makespan; due-date/tardiness fields are not available in this instance format
fair|S|rush_job|44|0.1|B-CORE-no-bottleneck,2026-06-03T14:45:42,S_rush_job_seed44,S,rush_job,44,40044,40044,0.1,B-CORE-no-bottleneck,solved,,0.019352,68.057451,68.057451,338.445671,189.869189,148.576481,0.438997,11.436950,11.436950,0.019364,0.000243,0.000243,0.000248,0.000248,0.000248,0.000000,0,true,19.324478,9,objective equals makespan; due-date/tardiness fields are not available in this instance format
fair|S|rush_job|44|0.1|SA,2026-06-03T14:45:43,S_rush_job_seed44,S,rush_job,44,40044,40044,0.1,SA,solved,,0.315585,70.488849,70.488849,328.297716,184.309229,143.988487,0.438591,11.820236,11.820236,0.315598,0.101236,0.101236,0.101390,0.101404,0.101407,1.000000,3,true,23.587425,10,objective equals makespan; due-date/tardiness fields are not available in this instance format
fair|S|rush_job|44|0.5|LNS,2026-06-03T14:45:44,S_rush_job_seed44,S,rush_job,44,40044,40044,0.5,LNS,solved,,1.016266,53.761316,53.761316,270.399615,168.405289,101.994326,0.377198,10.099553,10.099553,1.016280,0.506013,0.506013,0.506013,0.506013,0.506013,1.000000,2,true,0.000000,1,objective equals makespan; due-date/tardiness fields are not available in this instance format
fair|S|rush_job|44|0.5|B-CORE,2026-06-03T14:45:43,S_rush_job_seed44,S,rush_job,44,40044,40044,0.5,B-CORE,solved,,0.018488,57.035616,57.035616,276.151173,168.197504,107.953669,0.390922,9.189726,9.189726,0.018500,0.000246,0.000246,0.000255,0.000256,0.000257,0.000000,0,true,6.090439,2,objective equals makespan; due-date/tardiness fields are not available in this instance format
fair|S|rush_job|44|0.5|B-CORE-no-graph,2026-06-03T14:45:43,S_rush_job_seed44,S,rush_job,44,40044,40044,0.5,B-CORE-no-graph,solved,,0.018312,57.035616,57.035616,276.151173,168.197504,107.953669,0.390922,9.189726,9.189726,0.018321,0.000252,0.000252,0.000261,0.000261,0.000262,0.000000,0,true,6.090439,3,objective equals makespan; due-date/tardiness fields are not available in this instance format
fair|S|rush_job|44|0.5|DCGA,2026-06-03T14:45:46,S_rush_job_seed44,S,rush_job,44,40044,40044,0.5,DCGA,solved,,1.512723,57.906998,57.906998,290.750622,182.499049,108.251573,0.372318,9.996843,9.996843,1.512738,0.501521,0.501521,0.501611,0.501619,0.501620,1.000000,3,true,7.711273,4,objective equals makespan; due-date/tardiness fields are not available in this instance format
fair|S|rush_job|44|0.5|GA,2026-06-03T14:45:45,S_rush_job_seed44,S,rush_job,44,40044,40044,0.5,GA,solved,,1.522138,57.991156,57.991156,296.861083,174.467374,122.393708,0.412293,9.574677,9.574677,1.522152,0.505230,0.505230,0.507203,0.507379,0.507423,1.000000,3,true,7.867813,5,objective equals makespan; due-date/tardiness fields are not available in this instance format
fair|S|rush_job|44|0.5|MOEA-NSGA2,2026-06-03T14:45:47,S_rush_job_seed44,S,rush_job,44,40044,40044,0.5,MOEA-NSGA2,solved,,1.517123,58.041624,58.041624,265.268737,163.425528,101.843208,0.383925,9.317541,9.317541,1.517136,0.503595,0.503595,0.505419,0.505581,0.505621,1.000000,3,true,7.961688,6,objective equals makespan; due-date/tardiness fields are not available in this instance format
fair|S|rush_job|44|0.5|MachineRank,2026-06-03T14:45:43,S_rush_job_seed44,S,rush_job,44,40044,40044,0.5,MachineRank,solved,,0.011185,58.941324,58.941324,289.768511,170.805860,118.962651,0.410544,10.103022,10.103022,0.011197,0.000081,0.000081,0.000083,0.000083,0.000083,0.000000,0,true,9.635196,7,objective equals makespan; due-date/tardiness fields are not available in this instance format
fair|S|rush_job|44|0.5|SA,2026-06-03T14:45:46,S_rush_job_seed44,S,rush_job,44,40044,40044,0.5,SA,solved,,1.520788,59.672961,59.672961,305.364452,170.167093,135.197359,0.442741,11.679543,11.679543,1.520797,0.503971,0.503971,0.504590,0.504645,0.504658,1.000000,3,true,10.996094,8,objective equals makespan; due-date/tardiness fields are not available in this instance format
fair|S|rush_job|44|0.5|MOR,2026-06-03T14:45:43,S_rush_job_seed44,S,rush_job,44,40044,40044,0.5,MOR,solved,,0.007028,63.299478,63.299478,256.756441,136.031985,120.724456,0.470191,6.829406,6.829406,0.007036,0.000009,0.000009,0.000011,0.000011,0.000011,0.000000,0,true,17.741683,9,objective equals makespan; due-date/tardiness fields are not available in this instance format
fair|S|rush_job|44|0.5|B-CORE-no-bottleneck,2026-06-03T14:45:43,S_rush_job_seed44,S,rush_job,44,40044,40044,0.5,B-CORE-no-bottleneck,solved,,0.019291,68.057451,68.057451,338.445671,189.869189,148.576481,0.438997,11.436950,11.436950,0.019302,0.000237,0.000237,0.000242,0.000242,0.000242,0.000000,0,true,26.591862,10,objective equals makespan; due-date/tardiness fields are not available in this instance format
fair|S|rush_job|44|1.0|LNS,2026-06-03T14:45:48,S_rush_job_seed44,S,rush_job,44,40044,40044,1.0,LNS,solved,,2.013306,53.700677,53.700677,257.936781,160.463733,97.473048,0.377895,8.270799,8.270799,2.013319,1.001389,1.001389,1.001389,1.001389,1.001389,1.000000,2,true,0.000000,1,objective equals makespan; due-date/tardiness fields are not available in this instance format
fair|S|rush_job|44|1.0|GA,2026-06-03T14:45:49,S_rush_job_seed44,S,rush_job,44,40044,40044,1.0,GA,solved,,3.026200,56.256539,56.256539,270.908768,160.325239,110.583529,0.408195,9.647611,9.647611,3.026213,1.005986,1.005986,1.005988,1.005988,1.005988,1.000000,3,true,4.759460,2,objective equals makespan; due-date/tardiness fields are not available in this instance format
fair|S|rush_job|44|1.0|DCGA,2026-06-03T14:45:50,S_rush_job_seed44,S,rush_job,44,40044,40044,1.0,DCGA,solved,,3.023531,56.300986,56.300986,293.123926,174.846517,118.277409,0.403506,12.171785,12.171785,3.023544,1.004410,1.004410,1.004597,1.004613,1.004617,1.000000,3,true,4.842228,3,objective equals makespan; due-date/tardiness fields are not available in this instance format
fair|S|rush_job|44|1.0|B-CORE,2026-06-03T14:45:46,S_rush_job_seed44,S,rush_job,44,40044,40044,1.0,B-CORE,solved,,0.018952,57.035616,57.035616,276.151173,168.197504,107.953669,0.390922,9.189726,9.189726,0.018965,0.000260,0.000260,0.000262,0.000262,0.000262,0.000000,0,true,6.210236,4,objective equals makespan; due-date/tardiness fields are not available in this instance format
fair|S|rush_job|44|1.0|B-CORE-no-graph,2026-06-03T14:45:46,S_rush_job_seed44,S,rush_job,44,40044,40044,1.0,B-CORE-no-graph,solved,,0.018452,57.035616,57.035616,276.151173,168.197504,107.953669,0.390922,9.189726,9.189726,0.018465,0.000252,0.000252,0.000261,0.000261,0.000262,0.000000,0,true,6.210236,5,objective equals makespan; due-date/tardiness fields are not available in this instance format
fair|S|rush_job|44|1.0|MOEA-NSGA2,2026-06-03T14:45:51,S_rush_job_seed44,S,rush_job,44,40044,40044,1.0,MOEA-NSGA2,solved,,2.016845,57.363944,57.363944,271.515204,161.113224,110.401980,0.406614,9.523246,9.523246,2.016858,1.002306,1.002306,1.002306,1.002306,1.002306,1.000000,2,true,6.821640,6,objective equals makespan; due-date/tardiness fields are not available in this instance format
fair|S|rush_job|44|1.0|MachineRank,2026-06-03T14:45:46,S_rush_job_seed44,S,rush_job,44,40044,40044,1.0,MachineRank,solved,,0.010678,58.941324,58.941324,289.768511,170.805860,118.962651,0.410544,10.103022,10.103022,0.010688,0.000078,0.000078,0.000078,0.000078,0.000078,0.000000,0,true,9.758996,7,objective equals makespan; due-date/tardiness fields are not available in this instance format
fair|S|rush_job|44|1.0|SA,2026-06-03T14:45:51,S_rush_job_seed44,S,rush_job,44,40044,40044,1.0,SA,solved,,3.020968,59.672961,59.672961,305.364452,170.167093,135.197359,0.442741,11.679543,11.679543,3.020980,1.004196,1.004196,1.005803,1.005945,1.005981,1.000000,3,true,11.121431,8,objective equals makespan; due-date/tardiness fields are not available in this instance format
fair|S|rush_job|44|1.0|MOR,2026-06-03T14:45:46,S_rush_job_seed44,S,rush_job,44,40044,40044,1.0,MOR,solved,,0.008935,63.299478,63.299478,256.756441,136.031985,120.724456,0.470191,6.829406,6.829406,0.008945,0.000008,0.000008,0.000009,0.000009,0.000009,0.000000,0,true,17.874637,9,objective equals makespan; due-date/tardiness fields are not available in this instance format
fair|S|rush_job|44|1.0|B-CORE-no-bottleneck,2026-06-03T14:45:46,S_rush_job_seed44,S,rush_job,44,40044,40044,1.0,B-CORE-no-bottleneck,solved,,0.019326,68.057451,68.057451,338.445671,189.869189,148.576481,0.438997,11.436950,11.436950,0.019339,0.000237,0.000237,0.000247,0.000248,0.000248,0.000000,0,true,26.734810,10,objective equals makespan; due-date/tardiness fields are not available in this instance format
fair|S|rush_job|44|5.0|LNS,2026-06-03T14:45:56,S_rush_job_seed44,S,rush_job,44,40044,40044,5.0,LNS,solved,,6.632409,50.666051,50.666051,248.207129,145.803961,102.403169,0.412571,7.789070,7.789070,6.632423,3.705002,3.705002,3.705002,3.705002,3.705002,0.000000,0,true,0.000000,1,objective equals makespan; due-date/tardiness fields are not available in this instance format
fair|S|rush_job|44|5.0|MOEA-NSGA2,2026-06-03T14:46:01,S_rush_job_seed44,S,rush_job,44,40044,40044,5.0,MOEA-NSGA2,solved,,10.016880,50.900677,50.900677,246.425674,158.164640,88.261033,0.358165,7.969302,7.969302,10.016892,5.006776,5.006776,5.006776,5.006776,5.006776,1.000000,2,true,0.463083,2,objective equals makespan; due-date/tardiness fields are not available in this instance format
fair|S|rush_job|44|5.0|GA,2026-06-03T14:46:04,S_rush_job_seed44,S,rush_job,44,40044,40044,5.0,GA,solved,,15.019219,53.221917,53.221917,259.946261,157.245189,102.701073,0.395086,9.549183,9.549183,15.019230,5.002389,5.002389,5.003908,5.004044,5.004077,1.000000,3,true,5.044534,3,objective equals makespan; due-date/tardiness fields are not available in this instance format
fair|S|rush_job|44|5.0|DCGA,2026-06-03T14:46:00,S_rush_job_seed44,S,rush_job,44,40044,40044,5.0,DCGA,solved,,10.014085,54.005172,54.005172,275.228846,175.456705,99.772141,0.362506,9.504611,9.504611,10.014098,5.001068,5.001068,5.001068,5.001068,5.001068,1.000000,2,true,6.590450,4,objective equals makespan; due-date/tardiness fields are not available in this instance format
fair|S|rush_job|44|5.0|SA,2026-06-03T14:46:00,S_rush_job_seed44,S,rush_job,44,40044,40044,5.0,SA,solved,,9.482331,56.450536,56.450536,293.374623,170.167093,123.207530,0.419967,11.181579,11.181579,9.482344,3.233362,3.233362,3.511551,3.536278,3.542460,0.000000,0,true,11.416885,5,objective equals makespan; due-date/tardiness fields are not available in this instance format
fair|S|rush_job|44|5.0|B-CORE,2026-06-03T14:45:49,S_rush_job_seed44,S,rush_job,44,40044,40044,5.0,B-CORE,solved,,0.018710,57.035616,57.035616,276.151173,168.197504,107.953669,0.390922,9.189726,9.189726,0.018721,0.000267,0.000267,0.000270,0.000270,0.000270,0.000000,0,true,12.571663,6,objective equals makespan; due-date/tardiness fields are not available in this instance format
fair|S|rush_job|44|5.0|B-CORE-no-graph,2026-06-03T14:45:49,S_rush_job_seed44,S,rush_job,44,40044,40044,5.0,B-CORE-no-graph,solved,,0.018401,57.035616,57.035616,276.151173,168.197504,107.953669,0.390922,9.189726,9.189726,0.018411,0.000253,0.000253,0.000261,0.000262,0.000262,0.000000,0,true,12.571663,7,objective equals makespan; due-date/tardiness fields are not available in this instance format
fair|S|rush_job|44|5.0|MachineRank,2026-06-03T14:45:49,S_rush_job_seed44,S,rush_job,44,40044,40044,5.0,MachineRank,solved,,0.007903,58.941324,58.941324,289.768511,170.805860,118.962651,0.410544,10.103022,10.103022,0.007912,0.000056,0.000056,0.000057,0.000057,0.000057,0.000000,0,true,16.332974,8,objective equals makespan; due-date/tardiness fields are not available in this instance format
fair|S|rush_job|44|5.0|MOR,2026-06-03T14:45:49,S_rush_job_seed44,S,rush_job,44,40044,40044,5.0,MOR,solved,,0.008819,63.299478,63.299478,256.756441,136.031985,120.724456,0.470191,6.829406,6.829406,0.008828,0.000007,0.000007,0.000008,0.000008,0.000008,0.000000,0,true,24.934698,9,objective equals makespan; due-date/tardiness fields are not available in this instance format
fair|S|rush_job|44|5.0|B-CORE-no-bottleneck,2026-06-03T14:45:49,S_rush_job_seed44,S,rush_job,44,40044,40044,5.0,B-CORE-no-bottleneck,solved,,0.013071,68.057451,68.057451,338.445671,189.869189,148.576481,0.438997,11.436950,11.436950,0.013080,0.000160,0.000160,0.000164,0.000164,0.000165,0.000000,0,true,34.325549,10,objective equals makespan; due-date/tardiness fields are not available in this instance format
fair|S|rush_job|44|10.0|DCGA,2026-06-03T14:46:17,S_rush_job_seed44,S,rush_job,44,40044,40044,10.0,DCGA,solved,,20.014374,49.306090,49.306090,244.015642,156.024958,87.990685,0.360594,9.059123,9.059123,20.014384,10.003392,10.003392,10.003392,10.003392,10.003392,1.000000,2,true,0.000000,1,objective equals makespan; due-date/tardiness fields are not available in this instance format
fair|S|rush_job|44|10.0|GA,2026-06-03T14:46:16,S_rush_job_seed44,S,rush_job,44,40044,40044,10.0,GA,solved,,20.016589,50.421604,50.421604,251.425674,163.164640,88.261033,0.351042,7.887580,7.887580,20.016602,10.003138,10.003138,10.003138,10.003138,10.003138,1.000000,2,true,2.262426,2,objective equals makespan; due-date/tardiness fields are not available in this instance format
fair|S|rush_job|44|10.0|MOEA-NSGA2,2026-06-03T14:46:20,S_rush_job_seed44,S,rush_job,44,40044,40044,10.0,MOEA-NSGA2,solved,,20.016511,50.621604,50.621604,255.245334,156.984300,98.261033,0.384967,7.773750,7.773750,20.016525,10.003857,10.003857,10.003857,10.003857,10.003857,1.000000,2,true,2.668056,3,objective equals makespan; due-date/tardiness fields are not available in this instance format
fair|S|rush_job|44|10.0|LNS,2026-06-03T14:45:57,S_rush_job_seed44,S,rush_job,44,40044,40044,10.0,LNS,solved,,6.508897,50.666051,50.666051,248.207129,145.803961,102.403169,0.412571,7.789070,7.789070,6.508910,3.528430,3.528430,3.528430,3.528430,3.528430,0.000000,0,true,2.758201,4,objective equals makespan; due-date/tardiness fields are not available in this instance format
fair|S|rush_job|44|10.0|SA,2026-06-03T14:46:08,S_rush_job_seed44,S,rush_job,44,40044,40044,10.0,SA,solved,,9.192253,56.450536,56.450536,293.374623,170.167093,123.207530,0.419967,11.181579,11.181579,9.192270,3.179773,3.179773,3.567744,3.602230,3.610852,0.000000,0,true,14.489987,5,objective equals makespan; due-date/tardiness fields are not available in this instance format
fair|S|rush_job|44|10.0|B-CORE,2026-06-03T14:45:51,S_rush_job_seed44,S,rush_job,44,40044,40044,10.0,B-CORE,solved,,0.018881,57.035616,57.035616,276.151173,168.197504,107.953669,0.390922,9.189726,9.189726,0.018894,0.000244,0.000244,0.000252,0.000253,0.000253,0.000000,0,true,15.676615,6,objective equals makespan; due-date/tardiness fields are not available in this instance format
fair|S|rush_job|44|10.0|B-CORE-no-graph,2026-06-03T14:45:51,S_rush_job_seed44,S,rush_job,44,40044,40044,10.0,B-CORE-no-graph,solved,,0.018873,57.035616,57.035616,276.151173,168.197504,107.953669,0.390922,9.189726,9.189726,0.018886,0.000253,0.000253,0.000259,0.000259,0.000259,0.000000,0,true,15.676615,7,objective equals makespan; due-date/tardiness fields are not available in this instance format
fair|S|rush_job|44|10.0|MachineRank,2026-06-03T14:45:51,S_rush_job_seed44,S,rush_job,44,40044,40044,10.0,MachineRank,solved,,0.010792,58.941324,58.941324,289.768511,170.805860,118.962651,0.410544,10.103022,10.103022,0.010801,0.000077,0.000077,0.000078,0.000078,0.000078,0.000000,0,true,19.541671,8,objective equals makespan; due-date/tardiness fields are not available in this instance format
fair|S|rush_job|44|10.0|MOR,2026-06-03T14:45:51,S_rush_job_seed44,S,rush_job,44,40044,40044,10.0,MOR,solved,,0.008893,63.299478,63.299478,256.756441,136.031985,120.724456,0.470191,6.829406,6.829406,0.008901,0.000008,0.000008,0.000008,0.000008,0.000008,0.000000,0,true,28.380648,9,objective equals makespan; due-date/tardiness fields are not available in this instance format
fair|S|rush_job|44|10.0|B-CORE-no-bottleneck,2026-06-03T14:45:51,S_rush_job_seed44,S,rush_job,44,40044,40044,10.0,B-CORE-no-bottleneck,solved,,0.019151,68.057451,68.057451,338.445671,189.869189,148.576481,0.438997,11.436950,11.436950,0.019163,0.000232,0.000232,0.000236,0.000237,0.000237,0.000000,0,true,38.030517,10,objective equals makespan; due-date/tardiness fields are not available in this instance format
fair|S|rush_job|45|0.1|B-CORE,2026-06-03T14:46:00,S_rush_job_seed45,S,rush_job,45,40045,40045,0.1,B-CORE,solved,,0.016386,47.195292,47.195292,219.856142,155.084002,64.772141,0.294611,10.467274,10.467274,0.016400,0.000274,0.000274,0.000283,0.000284,0.000285,0.000000,0,true,0.000000,1,objective equals makespan; due-date/tardiness fields are not available in this instance format
fair|S|rush_job|45|0.1|B-CORE-no-graph,2026-06-03T14:46:00,S_rush_job_seed45,S,rush_job,45,40045,40045,0.1,B-CORE-no-graph,solved,,0.016132,47.195292,47.195292,219.856142,155.084002,64.772141,0.294611,10.467274,10.467274,0.016143,0.000278,0.000278,0.000293,0.000295,0.000295,0.000000,0,true,0.000000,2,objective equals makespan; due-date/tardiness fields are not available in this instance format
fair|S|rush_job|45|0.1|LNS,2026-06-03T14:46:00,S_rush_job_seed45,S,rush_job,45,40045,40045,0.1,LNS,solved,,0.316156,54.033928,54.033928,285.860585,173.625022,112.235563,0.392623,11.982051,11.982051,0.316171,0.101879,0.101879,0.101968,0.101976,0.101978,1.000000,3,true,14.490081,3,objective equals makespan; due-date/tardiness fields are not available in this instance format
fair|S|rush_job|45|0.1|MOEA-NSGA2,2026-06-03T14:46:01,S_rush_job_seed45,S,rush_job,45,40045,40045,0.1,MOEA-NSGA2,solved,,0.315196,54.581326,54.581326,279.219910,169.307376,109.912534,0.393641,11.516304,11.516304,0.315207,0.103696,0.103696,0.104725,0.104817,0.104840,1.000000,3,true,15.649938,4,objective equals makespan; due-date/tardiness fields are not available in this instance format
fair|S|rush_job|45|0.1|DCGA,2026-06-03T14:46:00,S_rush_job_seed45,S,rush_job,45,40045,40045,0.1,DCGA,solved,,0.316598,57.347613,57.347613,268.921371,166.036317,102.885054,0.382584,11.012217,11.012217,0.316608,0.104167,0.104167,0.104775,0.104829,0.104843,1.000000,3,true,21.511300,5,objective equals makespan; due-date/tardiness fields are not available in this instance format
fair|S|rush_job|45|0.1|GA,2026-06-03T14:46:00,S_rush_job_seed45,S,rush_job,45,40045,40045,0.1,GA,solved,,0.312601,57.424869,57.424869,291.929109,179.226137,112.702972,0.386063,11.010696,11.010696,0.312614,0.102196,0.102196,0.103587,0.103711,0.103742,1.000000,3,true,21.674995,6,objective equals makespan; due-date/tardiness fields are not available in this instance format
fair|S|rush_job|45|0.1|B-CORE-no-bottleneck,2026-06-03T14:46:00,S_rush_job_seed45,S,rush_job,45,40045,40045,0.1,B-CORE-no-bottleneck,solved,,0.017157,58.398375,58.398375,316.282051,193.177264,123.104787,0.389225,14.261216,14.261216,0.017171,0.000270,0.000270,0.000283,0.000284,0.000284,0.000000,0,true,23.737713,7,objective equals makespan; due-date/tardiness fields are not available in this instance format
fair|S|rush_job|45|0.1|SA,2026-06-03T14:46:01,S_rush_job_seed45,S,rush_job,45,40045,40045,0.1,SA,solved,,0.318775,65.127916,65.127916,308.815353,204.508722,104.306631,0.337764,13.586967,13.586967,0.318787,0.103740,0.103740,0.105790,0.105972,0.106017,1.000000,3,true,37.996637,8,objective equals makespan; due-date/tardiness fields are not available in this instance format
fair|S|rush_job|45|0.1|MachineRank,2026-06-03T14:46:00,S_rush_job_seed45,S,rush_job,45,40045,40045,0.1,MachineRank,solved,,0.009164,66.679043,66.679043,329.065462,187.148042,141.917420,0.431274,15.793206,15.793206,0.009176,0.000038,0.000038,0.000065,0.000067,0.000067,0.000000,0,true,41.283251,9,objective equals makespan; due-date/tardiness fields are not available in this instance format
fair|S|rush_job|45|0.1|MOR,2026-06-03T14:46:00,S_rush_job_seed45,S,rush_job,45,40045,40045,0.1,MOR,solved,,0.007561,71.637233,71.637233,312.047564,178.342049,133.705515,0.428478,12.035378,12.035378,0.007573,0.000009,0.000009,0.000010,0.000010,0.000010,0.000000,0,true,51.788939,10,objective equals makespan; due-date/tardiness fields are not available in this instance format
fair|S|rush_job|45|0.5|B-CORE,2026-06-03T14:46:01,S_rush_job_seed45,S,rush_job,45,40045,40045,0.5,B-CORE,solved,,0.016392,47.195292,47.195292,219.856142,155.084002,64.772141,0.294611,10.467274,10.467274,0.016402,0.000272,0.000272,0.000279,0.000279,0.000279,0.000000,0,true,0.000000,1,objective equals makespan; due-date/tardiness fields are not available in this instance format
fair|S|rush_job|45|0.5|B-CORE-no-graph,2026-06-03T14:46:01,S_rush_job_seed45,S,rush_job,45,40045,40045,0.5,B-CORE-no-graph,solved,,0.016071,47.195292,47.195292,219.856142,155.084002,64.772141,0.294611,10.467274,10.467274,0.016082,0.000287,0.000287,0.000295,0.000296,0.000296,0.000000,0,true,0.000000,2,objective equals makespan; due-date/tardiness fields are not available in this instance format
fair|S|rush_job|45|0.5|DCGA,2026-06-03T14:46:02,S_rush_job_seed45,S,rush_job,45,40045,40045,0.5,DCGA,solved,,1.517801,49.472054,49.472054,244.775538,157.774185,87.001354,0.355433,10.717044,10.717044,1.517814,0.504351,0.504351,0.505168,0.505241,0.505259,1.000000,3,true,4.824129,3,objective equals makespan; due-date/tardiness fields are not available in this instance format
fair|S|rush_job|45|0.5|LNS,2026-06-03T14:46:02,S_rush_job_seed45,S,rush_job,45,40045,40045,0.5,LNS,solved,,1.517909,52.426690,52.426690,260.351875,158.816030,101.535844,0.389995,11.357002,11.357002,1.517919,0.503901,0.503901,0.503957,0.503962,0.503963,1.000000,3,true,11.084576,4,objective equals makespan; due-date/tardiness fields are not available in this instance format
fair|S|rush_job|45|0.5|GA,2026-06-03T14:46:02,S_rush_job_seed45,S,rush_job,45,40045,40045,0.5,GA,solved,,1.518838,53.581326,53.581326,252.717094,166.744963,85.972132,0.340191,10.452258,10.452258,1.518849,0.503528,0.503528,0.504099,0.504150,0.504162,1.000000,3,true,13.531083,5,objective equals makespan; due-date/tardiness fields are not available in this instance format
fair|S|rush_job|45|0.5|MOEA-NSGA2,2026-06-03T14:46:04,S_rush_job_seed45,S,rush_job,45,40045,40045,0.5,MOEA-NSGA2,solved,,1.515589,54.927597,54.927597,260.817384,166.744963,94.072422,0.360683,12.140006,12.140006,1.515597,0.503866,0.503866,0.504468,0.504522,0.504535,1.000000,3,true,16.383636,6,objective equals makespan; due-date/tardiness fields are not available in this instance format
fair|S|rush_job|45|0.5|SA,2026-06-03T14:46:04,S_rush_job_seed45,S,rush_job,45,40045,40045,0.5,SA,solved,,1.515041,55.045792,55.045792,276.859230,172.635691,104.223539,0.376450,10.759205,10.759205,1.515054,0.503025,0.503025,0.504399,0.504521,0.504552,1.000000,3,true,16.634074,7,objective equals makespan; due-date/tardiness fields are not available in this instance format
fair|S|rush_job|45|0.5|B-CORE-no-bottleneck,2026-06-03T14:46:01,S_rush_job_seed45,S,rush_job,45,40045,40045,0.5,B-CORE-no-bottleneck,solved,,0.017099,58.398375,58.398375,316.282051,193.177264,123.104787,0.389225,14.261216,14.261216,0.017108,0.000264,0.000264,0.000276,0.000277,0.000277,0.000000,0,true,23.737713,8,objective equals makespan; due-date/tardiness fields are not available in this instance format
fair|S|rush_job|45|0.5|MachineRank,2026-06-03T14:46:01,S_rush_job_seed45,S,rush_job,45,40045,40045,0.5,MachineRank,solved,,0.009465,66.679043,66.679043,329.065462,187.148042,141.917420,0.431274,15.793206,15.793206,0.009476,0.000043,0.000043,0.000074,0.000077,0.000078,0.000000,0,true,41.283251,9,objective equals makespan; due-date/tardiness fields are not available in this instance format
fair|S|rush_job|45|0.5|MOR,2026-06-03T14:46:01,S_rush_job_seed45,S,rush_job,45,40045,40045,0.5,MOR,solved,,0.007773,71.637233,71.637233,312.047564,178.342049,133.705515,0.428478,12.035378,12.035378,0.007782,0.000021,0.000021,0.000030,0.000031,0.000031,0.000000,0,true,51.788939,10,objective equals makespan; due-date/tardiness fields are not available in this instance format
fair|S|rush_job|45|1.0|MOEA-NSGA2,2026-06-03T14:46:08,S_rush_job_seed45,S,rush_job,45,40045,40045,1.0,MOEA-NSGA2,solved,,3.017451,45.636520,45.636520,215.343791,133.342437,82.001354,0.380793,9.235121,9.235121,3.017466,1.004054,1.004054,1.004854,1.004925,1.004943,1.000000,3,true,0.000000,1,objective equals makespan; due-date/tardiness fields are not available in this instance format
fair|S|rush_job|45|1.0|DCGA,2026-06-03T14:46:07,S_rush_job_seed45,S,rush_job,45,40045,40045,1.0,DCGA,solved,,3.011793,46.700986,46.700986,228.195816,157.085190,71.110626,0.311621,8.478279,8.478279,3.011802,1.002943,1.002943,1.004098,1.004201,1.004226,1.000000,3,true,2.332487,2,objective equals makespan; due-date/tardiness fields are not available in this instance format
fair|S|rush_job|45|1.0|B-CORE,2026-06-03T14:46:02,S_rush_job_seed45,S,rush_job,45,40045,40045,1.0,B-CORE,solved,,0.017203,47.195292,47.195292,219.856142,155.084002,64.772141,0.294611,10.467274,10.467274,0.017215,0.000306,0.000306,0.000317,0.000318,0.000319,0.000000,0,true,3.415624,3,objective equals makespan; due-date/tardiness fields are not available in this instance format
fair|S|rush_job|45|1.0|B-CORE-no-graph,2026-06-03T14:46:02,S_rush_job_seed45,S,rush_job,45,40045,40045,1.0,B-CORE-no-graph,solved,,0.011511,47.195292,47.195292,219.856142,155.084002,64.772141,0.294611,10.467274,10.467274,0.011520,0.000179,0.000179,0.000180,0.000180,0.000180,0.000000,0,true,3.415624,4,objective equals makespan; due-date/tardiness fields are not available in this instance format
fair|S|rush_job|45|1.0|SA,2026-06-03T14:46:07,S_rush_job_seed45,S,rush_job,45,40045,40045,1.0,SA,solved,,3.017570,47.316504,47.316504,222.337952,145.336598,77.001354,0.346326,11.596034,11.596034,3.017584,1.003406,1.003406,1.004612,1.004719,1.004746,1.000000,3,true,3.681227,5,objective equals makespan; due-date/tardiness fields are not available in this instance format
fair|S|rush_job|45|1.0|LNS,2026-06-03T14:46:05,S_rush_job_seed45,S,rush_job,45,40045,40045,1.0,LNS,solved,,3.011701,47.405767,47.405767,225.418002,148.816030,76.601971,0.339822,11.327347,11.327347,3.011711,1.002843,1.002843,1.003717,1.003795,1.003814,1.000000,3,true,3.876823,6,objective equals makespan; due-date/tardiness fields are not available in this instance format
fair|S|rush_job|45|1.0|GA,2026-06-03T14:46:07,S_rush_job_seed45,S,rush_job,45,40045,40045,1.0,GA,solved,,3.011156,47.771764,47.771764,236.214279,150.242147,85.972132,0.363958,11.405596,11.405596,3.011167,1.001794,1.001794,1.001935,1.001948,1.001951,1.000000,3,true,4.678805,7,objective equals makespan; due-date/tardiness fields are not available in this instance format
fair|S|rush_job|45|1.0|B-CORE-no-bottleneck,2026-06-03T14:46:02,S_rush_job_seed45,S,rush_job,45,40045,40045,1.0,B-CORE-no-bottleneck,solved,,0.017803,58.398375,58.398375,316.282051,193.177264,123.104787,0.389225,14.261216,14.261216,0.017816,0.000277,0.000277,0.000285,0.000286,0.000286,0.000000,0,true,27.964128,8,objective equals makespan; due-date/tardiness fields are not available in this instance format
fair|S|rush_job|45|1.0|MachineRank,2026-06-03T14:46:02,S_rush_job_seed45,S,rush_job,45,40045,40045,1.0,MachineRank,solved,,0.008008,66.679043,66.679043,329.065462,187.148042,141.917420,0.431274,15.793206,15.793206,0.008017,0.000042,0.000042,0.000071,0.000074,0.000075,0.000000,0,true,46.108956,9,objective equals makespan; due-date/tardiness fields are not available in this instance format
fair|S|rush_job|45|1.0|MOR,2026-06-03T14:46:02,S_rush_job_seed45,S,rush_job,45,40045,40045,1.0,MOR,solved,,0.007486,71.637233,71.637233,312.047564,178.342049,133.705515,0.428478,12.035378,12.035378,0.007498,0.000008,0.000008,0.000009,0.000009,0.000009,0.000000,0,true,56.973479,10,objective equals makespan; due-date/tardiness fields are not available in this instance format
fair|S|rush_job|45|5.0|MOEA-NSGA2,2026-06-03T14:46:22,S_rush_job_seed45,S,rush_job,45,40045,40045,5.0,MOEA-NSGA2,solved,,15.012660,43.510856,43.510856,229.637044,141.422487,88.214557,0.384148,12.022424,12.022424,15.012669,5.001087,5.001087,5.001114,5.001116,5.001117,1.000000,3,true,0.000000,1,objective equals makespan; due-date/tardiness fields are not available in this instance format
fair|S|rush_job|45|5.0|GA,2026-06-03T14:46:21,S_rush_job_seed45,S,rush_job,45,40045,40045,5.0,GA,solved,,15.013876,44.591156,44.591156,218.423841,141.422487,77.001354,0.352532,11.660406,11.660406,15.013889,5.002162,5.002162,5.002937,5.003006,5.003023,1.000000,3,true,2.482829,2,objective equals makespan; due-date/tardiness fields are not available in this instance format
fair|S|rush_job|45|5.0|DCGA,2026-06-03T14:46:21,S_rush_job_seed45,S,rush_job,45,40045,40045,5.0,DCGA,solved,,15.013274,45.236520,45.236520,224.376156,153.265530,71.110626,0.316926,8.823987,8.823987,15.013288,5.002115,5.002115,5.002463,5.002494,5.002502,1.000000,3,true,3.966054,3,objective equals makespan; due-date/tardiness fields are not available in this instance format
fair|S|rush_job|45|5.0|SA,2026-06-03T14:46:14,S_rush_job_seed45,S,rush_job,45,40045,40045,5.0,SA,solved,,7.140788,45.642208,45.642208,231.769699,160.659074,71.110626,0.306816,11.481309,11.481309,7.140799,2.372023,2.372023,2.581252,2.599850,2.604499,0.000000,0,true,4.898437,4,objective equals makespan; due-date/tardiness fields are not available in this instance format
fair|S|rush_job|45|5.0|B-CORE,2026-06-03T14:46:06,S_rush_job_seed45,S,rush_job,45,40045,40045,5.0,B-CORE,solved,,0.010699,47.195292,47.195292,219.856142,155.084002,64.772141,0.294611,10.467274,10.467274,0.010706,0.000173,0.000173,0.000178,0.000178,0.000178,0.000000,0,true,8.467855,5,objective equals makespan; due-date/tardiness fields are not available in this instance format
fair|S|rush_job|45|5.0|B-CORE-no-graph,2026-06-03T14:46:06,S_rush_job_seed45,S,rush_job,45,40045,40045,5.0,B-CORE-no-graph,solved,,0.011720,47.195292,47.195292,219.856142,155.084002,64.772141,0.294611,10.467274,10.467274,0.011729,0.000175,0.000175,0.000175,0.000175,0.000175,0.000000,0,true,8.467855,6,objective equals makespan; due-date/tardiness fields are not available in this instance format
fair|S|rush_job|45|5.0|LNS,2026-06-03T14:46:13,S_rush_job_seed45,S,rush_job,45,40045,40045,5.0,LNS,solved,,6.913651,47.405767,47.405767,225.418002,148.816030,76.601971,0.339822,11.327347,11.327347,6.913666,2.322330,2.322330,2.404590,2.411902,2.413730,0.000000,0,true,8.951584,7,objective equals makespan; due-date/tardiness fields are not available in this instance format
fair|S|rush_job|45|5.0|B-CORE-no-bottleneck,2026-06-03T14:46:06,S_rush_job_seed45,S,rush_job,45,40045,40045,5.0,B-CORE-no-bottleneck,solved,,0.017456,58.398375,58.398375,316.282051,193.177264,123.104787,0.389225,14.261216,14.261216,0.017466,0.000265,0.000265,0.000278,0.000280,0.000280,0.000000,0,true,34.215643,8,objective equals makespan; due-date/tardiness fields are not available in this instance format
fair|S|rush_job|45|5.0|MachineRank,2026-06-03T14:46:06,S_rush_job_seed45,S,rush_job,45,40045,40045,5.0,MachineRank,solved,,0.009285,66.679043,66.679043,329.065462,187.148042,141.917420,0.431274,15.793206,15.793206,0.009294,0.000040,0.000040,0.000069,0.000072,0.000072,0.000000,0,true,53.246912,9,objective equals makespan; due-date/tardiness fields are not available in this instance format
fair|S|rush_job|45|5.0|MOR,2026-06-03T14:46:06,S_rush_job_seed45,S,rush_job,45,40045,40045,5.0,MOR,solved,,0.007858,71.637233,71.637233,312.047564,178.342049,133.705515,0.428478,12.035378,12.035378,0.007865,0.000009,0.000009,0.000011,0.000011,0.000011,0.000000,0,true,64.642206,10,objective equals makespan; due-date/tardiness fields are not available in this instance format
fair|S|rush_job|45|10.0|DCGA,2026-06-03T14:46:38,S_rush_job_seed45,S,rush_job,45,40045,40045,10.0,DCGA,solved,,30.015713,43.510856,43.510856,213.334310,132.451709,80.882601,0.379135,9.439033,9.439033,30.015723,10.004095,10.004095,10.004262,10.004277,10.004281,1.000000,3,true,0.000000,1,objective equals makespan; due-date/tardiness fields are not available in this instance format
fair|S|rush_job|45|10.0|MOEA-NSGA2,2026-06-03T14:46:43,S_rush_job_seed45,S,rush_job,45,40045,40045,10.0,MOEA-NSGA2,solved,,30.011490,43.510856,43.510856,229.637044,141.422487,88.214557,0.384148,12.022424,12.022424,30.011501,10.001790,10.001790,10.002438,10.002495,10.002510,1.000000,3,true,0.000000,2,objective equals makespan; due-date/tardiness fields are not available in this instance format
fair|S|rush_job|45|10.0|GA,2026-06-03T14:46:38,S_rush_job_seed45,S,rush_job,45,40045,40045,10.0,GA,solved,,30.016369,44.591156,44.591156,218.423841,141.422487,77.001354,0.352532,11.660406,11.660406,30.016381,10.003345,10.003345,10.003871,10.003918,10.003930,1.000000,3,true,2.482829,3,objective equals makespan; due-date/tardiness fields are not available in this instance format
fair|S|rush_job|45|10.0|SA,2026-06-03T14:46:18,S_rush_job_seed45,S,rush_job,45,40045,40045,10.0,SA,solved,,6.893927,45.642208,45.642208,231.769699,160.659074,71.110626,0.306816,11.481309,11.481309,6.893940,2.328518,2.328518,2.456806,2.468210,2.471061,0.000000,0,true,4.898437,4,objective equals makespan; due-date/tardiness fields are not available in this instance format
fair|S|rush_job|45|10.0|B-CORE,2026-06-03T14:46:07,S_rush_job_seed45,S,rush_job,45,40045,40045,10.0,B-CORE,solved,,0.016180,47.195292,47.195292,219.856142,155.084002,64.772141,0.294611,10.467274,10.467274,0.016193,0.000278,0.000278,0.000287,0.000287,0.000288,0.000000,0,true,8.467855,5,objective equals makespan; due-date/tardiness fields are not available in this instance format
fair|S|rush_job|45|10.0|B-CORE-no-graph,2026-06-03T14:46:07,S_rush_job_seed45,S,rush_job,45,40045,40045,10.0,B-CORE-no-graph,solved,,0.016078,47.195292,47.195292,219.856142,155.084002,64.772141,0.294611,10.467274,10.467274,0.016090,0.000274,0.000274,0.000281,0.000282,0.000282,0.000000,0,true,8.467855,6,objective equals makespan; due-date/tardiness fields are not available in this instance format
fair|S|rush_job|45|10.0|LNS,2026-06-03T14:46:14,S_rush_job_seed45,S,rush_job,45,40045,40045,10.0,LNS,solved,,6.971870,47.405767,47.405767,225.418002,148.816030,76.601971,0.339822,11.327347,11.327347,6.971879,2.277464,2.277464,2.485484,2.503975,2.508598,0.000000,0,true,8.951584,7,objective equals makespan; due-date/tardiness fields are not available in this instance format
fair|S|rush_job|45|10.0|B-CORE-no-bottleneck,2026-06-03T14:46:07,S_rush_job_seed45,S,rush_job,45,40045,40045,10.0,B-CORE-no-bottleneck,solved,,0.017447,58.398375,58.398375,316.282051,193.177264,123.104787,0.389225,14.261216,14.261216,0.017461,0.000283,0.000283,0.000292,0.000293,0.000293,0.000000,0,true,34.215643,8,objective equals makespan; due-date/tardiness fields are not available in this instance format
fair|S|rush_job|45|10.0|MachineRank,2026-06-03T14:46:07,S_rush_job_seed45,S,rush_job,45,40045,40045,10.0,MachineRank,solved,,0.009475,66.679043,66.679043,329.065462,187.148042,141.917420,0.431274,15.793206,15.793206,0.009487,0.000040,0.000040,0.000069,0.000071,0.000072,0.000000,0,true,53.246912,9,objective equals makespan; due-date/tardiness fields are not available in this instance format
fair|S|rush_job|45|10.0|MOR,2026-06-03T14:46:07,S_rush_job_seed45,S,rush_job,45,40045,40045,10.0,MOR,solved,,0.007648,71.637233,71.637233,312.047564,178.342049,133.705515,0.428478,12.035378,12.035378,0.007659,0.000009,0.000009,0.000010,0.000010,0.000010,0.000000,0,true,64.642206,10,objective equals makespan; due-date/tardiness fields are not available in this instance format
fair|S|rush_job|46|0.1|DCGA,2026-06-03T14:46:15,S_rush_job_seed46,S,rush_job,46,40046,40046,0.1,DCGA,solved,,0.412037,47.234699,47.234699,186.831495,121.043345,65.788150,0.352126,7.382093,7.382093,0.412051,0.102058,0.102563,0.102803,0.102825,0.102830,1.000000,4,true,0.000000,1,objective equals makespan; due-date/tardiness fields are not available in this instance format
fair|S|rush_job|46|0.1|B-CORE-no-bottleneck,2026-06-03T14:46:14,S_rush_job_seed46,S,rush_job,46,40046,40046,0.1,B-CORE-no-bottleneck,solved,,0.009573,47.993471,47.993471,168.490557,107.930431,60.560126,0.359427,6.293414,6.293414,0.009583,0.000123,0.000136,0.000144,0.000145,0.000145,0.000000,0,true,1.606387,2,objective equals makespan; due-date/tardiness fields are not available in this instance format
fair|S|rush_job|46|0.1|MOEA-NSGA2,2026-06-03T14:46:15,S_rush_job_seed46,S,rush_job,46,40046,40046,0.1,MOEA-NSGA2,solved,,0.414903,49.299165,49.299165,195.482285,115.229523,80.252761,0.410537,7.479258,7.479258,0.414915,0.102220,0.102467,0.102899,0.102937,0.102947,1.000000,4,true,4.370656,3,objective equals makespan; due-date/tardiness fields are not available in this instance format
fair|S|rush_job|46|0.1|B-CORE,2026-06-03T14:46:14,S_rush_job_seed46,S,rush_job,46,40046,40046,0.1,B-CORE,solved,,0.007772,50.393471,50.393471,168.490557,107.930431,60.560126,0.359427,6.293414,6.293414,0.007780,0.000125,0.000137,0.000149,0.000150,0.000151,0.000000,0,true,6.687397,4,objective equals makespan; due-date/tardiness fields are not available in this instance format
fair|S|rush_job|46|0.1|B-CORE-no-graph,2026-06-03T14:46:14,S_rush_job_seed46,S,rush_job,46,40046,40046,0.1,B-CORE-no-graph,solved,,0.007622,50.393471,50.393471,168.490557,107.930431,60.560126,0.359427,6.293414,6.293414,0.007629,0.000121,0.000133,0.000143,0.000144,0.000144,0.000000,0,true,6.687397,5,objective equals makespan; due-date/tardiness fields are not available in this instance format
fair|S|rush_job|46|0.1|GA,2026-06-03T14:46:15,S_rush_job_seed46,S,rush_job,46,40046,40046,0.1,GA,solved,,0.416751,50.691160,50.691160,215.554597,134.602117,80.952480,0.375554,8.567059,8.567059,0.416764,0.103225,0.103621,0.103794,0.103809,0.103813,1.000000,4,true,7.317631,6,objective equals makespan; due-date/tardiness fields are not available in this instance format
fair|S|rush_job|46|0.1|SA,2026-06-03T14:46:15,S_rush_job_seed46,S,rush_job,46,40046,40046,0.1,SA,solved,,0.417508,52.824869,52.824869,202.978971,121.010481,81.968490,0.403827,7.821981,7.821981,0.417520,0.103858,0.103612,0.104418,0.104490,0.104508,1.000000,4,true,11.834880,7,objective equals makespan; due-date/tardiness fields are not available in this instance format
fair|S|rush_job|46|0.1|MachineRank,2026-06-03T14:46:14,S_rush_job_seed46,S,rush_job,46,40046,40046,0.1,MachineRank,solved,,0.005653,53.434699,53.434699,182.632692,107.930431,74.702261,0.409030,7.649875,7.649875,0.005660,0.000053,0.000053,0.000057,0.000057,0.000057,0.000000,0,true,13.125944,8,objective equals makespan; due-date/tardiness fields are not available in this instance format
fair|S|rush_job|46|0.1|MOR,2026-06-03T14:46:14,S_rush_job_seed46,S,rush_job,46,40046,40046,0.1,MOR,solved,,0.003804,55.542208,55.542208,193.845896,117.072567,76.773329,0.396053,6.887390,6.887390,0.003810,0.000006,0.000006,0.000007,0.000007,0.000007,0.000000,0,true,17.587725,9,objective equals makespan; due-date/tardiness fields are not available in this instance format
fair|S|rush_job|46|0.1|LNS,2026-06-03T14:46:14,S_rush_job_seed46,S,rush_job,46,40046,40046,0.1,LNS,solved,,0.411247,58.664986,58.664986,233.597631,142.853524,90.744107,0.388463,8.670378,8.670378,0.411256,0.102021,0.102424,0.103240,0.103313,0.103331,1.000000,4,true,24.198920,10,objective equals makespan; due-date/tardiness fields are not available in this instance format
fair|S|rush_job|46|0.5|DCGA,2026-06-03T14:46:18,S_rush_job_seed46,S,rush_job,46,40046,40046,0.5,DCGA,solved,,2.012526,46.400073,46.400073,207.075165,129.602117,77.473048,0.374130,8.011771,8.011771,2.012539,0.501773,0.500984,0.503141,0.503332,0.503380,1.000000,4,true,0.000000,1,objective equals makespan; due-date/tardiness fields are not available in this instance format
fair|S|rush_job|46|0.5|SA,2026-06-03T14:46:19,S_rush_job_seed46,S,rush_job,46,40046,40046,0.5,SA,solved,,2.012651,46.904564,46.904564,207.842910,136.501827,71.341083,0.343245,8.422616,8.422616,2.012664,0.500993,0.500734,0.501591,0.501667,0.501686,1.000000,4,true,1.087263,2,objective equals makespan; due-date/tardiness fields are not available in this instance format
fair|S|rush_job|46|0.5|B-CORE-no-bottleneck,2026-06-03T14:46:15,S_rush_job_seed46,S,rush_job,46,40046,40046,0.5,B-CORE-no-bottleneck,solved,,0.011231,47.993471,47.993471,168.490557,107.930431,60.560126,0.359427,6.293414,6.293414,0.011240,0.000183,0.000203,0.000219,0.000220,0.000220,0.000000,0,true,3.434042,3,objective equals makespan; due-date/tardiness fields are not available in this instance format
fair|S|rush_job|46|0.5|GA,2026-06-03T14:46:17,S_rush_job_seed46,S,rush_job,46,40046,40046,0.5,GA,solved,,2.014838,48.305767,48.305767,200.782622,116.901209,83.881413,0.417772,7.681536,7.681536,2.014852,0.502216,0.502682,0.502908,0.502928,0.502933,1.000000,4,true,4.107093,4,objective equals makespan; due-date/tardiness fields are not available in this instance format
fair|S|rush_job|46|0.5|MOEA-NSGA2,2026-06-03T14:46:19,S_rush_job_seed46,S,rush_job,46,40046,40046,0.5,MOEA-NSGA2,solved,,2.016940,48.385462,48.385462,216.045943,133.572895,82.473048,0.381738,8.484015,8.484015,2.016953,0.503268,0.503075,0.503675,0.503729,0.503742,1.000000,4,true,4.278849,5,objective equals makespan; due-date/tardiness fields are not available in this instance format
fair|S|rush_job|46|0.5|LNS,2026-06-03T14:46:17,S_rush_job_seed46,S,rush_job,46,40046,40046,0.5,LNS,solved,,2.015387,49.115440,49.115440,209.670896,129.110771,80.560126,0.384222,7.914847,7.914847,2.015400,0.502578,0.502989,0.503370,0.503404,0.503413,1.000000,4,true,5.852075,6,objective equals makespan; due-date/tardiness fields are not available in this instance format
fair|S|rush_job|46|0.5|B-CORE,2026-06-03T14:46:15,S_rush_job_seed46,S,rush_job,46,40046,40046,0.5,B-CORE,solved,,0.011241,50.393471,50.393471,168.490557,107.930431,60.560126,0.359427,6.293414,6.293414,0.011252,0.000182,0.000205,0.000212,0.000213,0.000213,0.000000,0,true,8.606448,7,objective equals makespan; due-date/tardiness fields are not available in this instance format
fair|S|rush_job|46|0.5|B-CORE-no-graph,2026-06-03T14:46:15,S_rush_job_seed46,S,rush_job,46,40046,40046,0.5,B-CORE-no-graph,solved,,0.011147,50.393471,50.393471,168.490557,107.930431,60.560126,0.359427,6.293414,6.293414,0.011157,0.000187,0.000205,0.000231,0.000234,0.000234,0.000000,0,true,8.606448,8,objective equals makespan; due-date/tardiness fields are not available in this instance format
fair|S|rush_job|46|0.5|MachineRank,2026-06-03T14:46:15,S_rush_job_seed46,S,rush_job,46,40046,40046,0.5,MachineRank,solved,,0.006576,53.434699,53.434699,182.632692,107.930431,74.702261,0.409030,7.649875,7.649875,0.006585,0.000063,0.000063,0.000064,0.000064,0.000064,0.000000,0,true,15.160808,9,objective equals makespan; due-date/tardiness fields are not available in this instance format
fair|S|rush_job|46|0.5|MOR,2026-06-03T14:46:15,S_rush_job_seed46,S,rush_job,46,40046,40046,0.5,MOR,solved,,0.005494,55.542208,55.542208,193.845896,117.072567,76.773329,0.396053,6.887390,6.887390,0.005503,0.000007,0.000007,0.000008,0.000008,0.000008,0.000000,0,true,19.702846,10,objective equals makespan; due-date/tardiness fields are not available in this instance format
fair|S|rush_job|46|1.0|DCGA,2026-06-03T14:46:22,S_rush_job_seed46,S,rush_job,46,40046,40046,1.0,DCGA,solved,,4.015212,46.400073,46.400073,207.075165,129.602117,77.473048,0.374130,8.011771,8.011771,4.015226,1.002359,1.002461,1.002477,1.002478,1.002478,1.000000,4,true,0.000000,1,objective equals makespan; due-date/tardiness fields are not available in this instance format
fair|S|rush_job|46|1.0|LNS,2026-06-03T14:46:22,S_rush_job_seed46,S,rush_job,46,40046,40046,1.0,LNS,solved,,4.017243,46.520088,46.520088,199.762860,127.531049,72.231811,0.361588,8.044150,8.044150,4.017257,1.003080,1.004002,1.004348,1.004379,1.004387,1.000000,4,true,0.258653,2,objective equals makespan; due-date/tardiness fields are not available in this instance format
fair|S|rush_job|46|1.0|SA,2026-06-03T14:46:23,S_rush_job_seed46,S,rush_job,46,40046,40046,1.0,SA,solved,,4.018194,47.234699,47.234699,185.940767,118.972277,66.968490,0.360160,7.354258,7.354258,4.018207,1.003254,1.003075,1.003727,1.003785,1.003800,1.000000,4,true,1.798760,3,objective equals makespan; due-date/tardiness fields are not available in this instance format
fair|S|rush_job|46|1.0|B-CORE-no-bottleneck,2026-06-03T14:46:18,S_rush_job_seed46,S,rush_job,46,40046,40046,1.0,B-CORE-no-bottleneck,solved,,0.007487,47.993471,47.993471,168.490557,107.930431,60.560126,0.359427,6.293414,6.293414,0.007493,0.000119,0.000128,0.000143,0.000144,0.000145,0.000000,0,true,3.434042,4,objective equals makespan; due-date/tardiness fields are not available in this instance format
fair|S|rush_job|46|1.0|GA,2026-06-03T14:46:22,S_rush_job_seed46,S,rush_job,46,40046,40046,1.0,GA,solved,,4.014586,48.305767,48.305767,200.782622,116.901209,83.881413,0.417772,7.681536,7.681536,4.014600,1.002127,1.002335,1.003549,1.003657,1.003684,1.000000,4,true,4.107093,5,objective equals makespan; due-date/tardiness fields are not available in this instance format
fair|S|rush_job|46|1.0|MOEA-NSGA2,2026-06-03T14:46:23,S_rush_job_seed46,S,rush_job,46,40046,40046,1.0,MOEA-NSGA2,solved,,4.016494,48.385462,48.385462,216.045943,133.572895,82.473048,0.381738,8.484015,8.484015,4.016508,1.002275,1.002866,1.003303,1.003342,1.003351,1.000000,4,true,4.278849,6,objective equals makespan; due-date/tardiness fields are not available in this instance format
fair|S|rush_job|46|1.0|B-CORE,2026-06-03T14:46:17,S_rush_job_seed46,S,rush_job,46,40046,40046,1.0,B-CORE,solved,,0.007993,50.393471,50.393471,168.490557,107.930431,60.560126,0.359427,6.293414,6.293414,0.008001,0.000119,0.000129,0.000140,0.000141,0.000141,0.000000,0,true,8.606448,7,objective equals makespan; due-date/tardiness fields are not available in this instance format
fair|S|rush_job|46|1.0|B-CORE-no-graph,2026-06-03T14:46:18,S_rush_job_seed46,S,rush_job,46,40046,40046,1.0,B-CORE-no-graph,solved,,0.007537,50.393471,50.393471,168.490557,107.930431,60.560126,0.359427,6.293414,6.293414,0.007543,0.000117,0.000127,0.000139,0.000140,0.000140,0.000000,0,true,8.606448,8,objective equals makespan; due-date/tardiness fields are not available in this instance format
fair|S|rush_job|46|1.0|MachineRank,2026-06-03T14:46:18,S_rush_job_seed46,S,rush_job,46,40046,40046,1.0,MachineRank,solved,,0.004615,53.434699,53.434699,182.632692,107.930431,74.702261,0.409030,7.649875,7.649875,0.004621,0.000043,0.000043,0.000044,0.000044,0.000044,0.000000,0,true,15.160808,9,objective equals makespan; due-date/tardiness fields are not available in this instance format
fair|S|rush_job|46|1.0|MOR,2026-06-03T14:46:18,S_rush_job_seed46,S,rush_job,46,40046,40046,1.0,MOR,solved,,0.003756,55.542208,55.542208,193.845896,117.072567,76.773329,0.396053,6.887390,6.887390,0.003762,0.000005,0.000005,0.000005,0.000005,0.000005,0.000000,0,true,19.702846,10,objective equals makespan; due-date/tardiness fields are not available in this instance format
fair|S|rush_job|46|5.0|GA,2026-06-03T14:46:41,S_rush_job_seed46,S,rush_job,46,40046,40046,5.0,GA,solved,,20.010633,45.805767,45.805767,193.813032,119.110771,74.702261,0.385435,7.141787,7.141787,20.010644,5.001775,5.001958,5.002219,5.002242,5.002248,1.000000,4,true,0.000000,1,objective equals makespan; due-date/tardiness fields are not available in this instance format
fair|S|rush_job|46|5.0|LNS,2026-06-03T14:46:27,S_rush_job_seed46,S,rush_job,46,40046,40046,5.0,LNS,solved,,7.525892,46.400073,46.400073,210.326572,135.782456,74.544116,0.354421,8.107401,8.107401,7.525902,1.936105,1.932961,2.162378,2.182771,2.187869,0.000000,0,true,1.297448,2,objective equals makespan; due-date/tardiness fields are not available in this instance format
fair|S|rush_job|46|5.0|DCGA,2026-06-03T14:46:41,S_rush_job_seed46,S,rush_job,46,40046,40046,5.0,DCGA,solved,,20.012356,46.400073,46.400073,207.075165,129.602117,77.473048,0.374130,8.011771,8.011771,20.012366,5.002142,5.002064,5.003622,5.003760,5.003795,1.000000,4,true,1.297448,3,objective equals makespan; due-date/tardiness fields are not available in this instance format
fair|S|rush_job|46|5.0|MOEA-NSGA2,2026-06-03T14:46:42,S_rush_job_seed46,S,rush_job,46,40046,40046,5.0,MOEA-NSGA2,solved,,20.019094,46.400073,46.400073,215.293709,134.602117,80.691592,0.374798,8.418137,8.418137,20.019106,5.003245,5.004057,5.004548,5.004591,5.004602,1.000000,4,true,1.297448,4,objective equals makespan; due-date/tardiness fields are not available in this instance format
fair|S|rush_job|46|5.0|SA,2026-06-03T14:46:28,S_rush_job_seed46,S,rush_job,46,40046,40046,5.0,SA,solved,,6.862801,47.234699,47.234699,185.940767,118.972277,66.968490,0.360160,7.354258,7.354258,6.862813,1.726489,1.724046,1.915885,1.932937,1.937200,0.000000,0,true,3.119546,5,objective equals makespan; due-date/tardiness fields are not available in this instance format
fair|S|rush_job|46|5.0|B-CORE-no-bottleneck,2026-06-03T14:46:20,S_rush_job_seed46,S,rush_job,46,40046,40046,5.0,B-CORE-no-bottleneck,solved,,0.009324,47.993471,47.993471,168.490557,107.930431,60.560126,0.359427,6.293414,6.293414,0.009336,0.000134,0.000149,0.000160,0.000161,0.000161,0.000000,0,true,4.776045,6,objective equals makespan; due-date/tardiness fields are not available in this instance format
fair|S|rush_job|46|5.0|B-CORE,2026-06-03T14:46:20,S_rush_job_seed46,S,rush_job,46,40046,40046,5.0,B-CORE,solved,,0.011558,50.393471,50.393471,168.490557,107.930431,60.560126,0.359427,6.293414,6.293414,0.011572,0.000184,0.000207,0.000217,0.000218,0.000218,0.000000,0,true,10.015560,7,objective equals makespan; due-date/tardiness fields are not available in this instance format
fair|S|rush_job|46|5.0|B-CORE-no-graph,2026-06-03T14:46:20,S_rush_job_seed46,S,rush_job,46,40046,40046,5.0,B-CORE-no-graph,solved,,0.008120,50.393471,50.393471,168.490557,107.930431,60.560126,0.359427,6.293414,6.293414,0.008128,0.000128,0.000137,0.000155,0.000157,0.000157,0.000000,0,true,10.015560,8,objective equals makespan; due-date/tardiness fields are not available in this instance format
fair|S|rush_job|46|5.0|MachineRank,2026-06-03T14:46:20,S_rush_job_seed46,S,rush_job,46,40046,40046,5.0,MachineRank,solved,,0.006781,53.434699,53.434699,182.632692,107.930431,74.702261,0.409030,7.649875,7.649875,0.006791,0.000061,0.000061,0.000062,0.000063,0.000063,0.000000,0,true,16.654960,9,objective equals makespan; due-date/tardiness fields are not available in this instance format
fair|S|rush_job|46|5.0|MOR,2026-06-03T14:46:20,S_rush_job_seed46,S,rush_job,46,40046,40046,5.0,MOR,solved,,0.005653,55.542208,55.542208,193.845896,117.072567,76.773329,0.396053,6.887390,6.887390,0.005662,0.000007,0.000008,0.000009,0.000009,0.000009,0.000000,0,true,21.255928,10,objective equals makespan; due-date/tardiness fields are not available in this instance format
fair|S|rush_job|46|10.0|GA,2026-06-03T14:47:01,S_rush_job_seed46,S,rush_job,46,40046,40046,10.0,GA,solved,,39.217276,45.805767,45.805767,193.813032,119.110771,74.702261,0.385435,7.141787,7.141787,39.217289,10.002930,10.002826,10.003770,10.003854,10.003875,0.750000,3,true,0.000000,1,objective equals makespan; due-date/tardiness fields are not available in this instance format
fair|S|rush_job|46|10.0|LNS,2026-06-03T14:46:29,S_rush_job_seed46,S,rush_job,46,40046,40046,10.0,LNS,solved,,7.192660,46.400073,46.400073,210.326572,135.782456,74.544116,0.354421,8.107401,8.107401,7.192674,1.814382,1.744062,1.960123,1.979328,1.984129,0.000000,0,true,1.297448,2,objective equals makespan; due-date/tardiness fields are not available in this instance format
fair|S|rush_job|46|10.0|DCGA,2026-06-03T14:46:59,S_rush_job_seed46,S,rush_job,46,40046,40046,10.0,DCGA,solved,,36.013567,46.400073,46.400073,207.075165,129.602117,77.473048,0.374130,8.011771,8.011771,36.013580,9.443017,9.774063,9.978972,9.997186,10.001740,0.250000,1,true,1.297448,3,objective equals makespan; due-date/tardiness fields are not available in this instance format
fair|S|rush_job|46|10.0|MOEA-NSGA2,2026-06-03T14:47:07,S_rush_job_seed46,S,rush_job,46,40046,40046,10.0,MOEA-NSGA2,solved,,40.014674,46.400073,46.400073,215.293709,134.602117,80.691592,0.374798,8.418137,8.418137,40.014687,10.002175,10.002395,10.002571,10.002586,10.002590,1.000000,4,true,1.297448,4,objective equals makespan; due-date/tardiness fields are not available in this instance format
fair|S|rush_job|46|10.0|SA,2026-06-03T14:46:30,S_rush_job_seed46,S,rush_job,46,40046,40046,10.0,SA,solved,,6.744490,47.234699,47.234699,185.940767,118.972277,66.968490,0.360160,7.354258,7.354258,6.744503,1.680479,1.625085,1.840866,1.860046,1.864842,0.000000,0,true,3.119546,5,objective equals makespan; due-date/tardiness fields are not available in this instance format
fair|S|rush_job|46|10.0|B-CORE-no-bottleneck,2026-06-03T14:46:22,S_rush_job_seed46,S,rush_job,46,40046,40046,10.0,B-CORE-no-bottleneck,solved,,0.011236,47.993471,47.993471,168.490557,107.930431,60.560126,0.359427,6.293414,6.293414,0.011245,0.000185,0.000203,0.000220,0.000221,0.000221,0.000000,0,true,4.776045,6,objective equals makespan; due-date/tardiness fields are not available in this instance format
fair|S|rush_job|46|10.0|B-CORE,2026-06-03T14:46:22,S_rush_job_seed46,S,rush_job,46,40046,40046,10.0,B-CORE,solved,,0.008727,50.393471,50.393471,168.490557,107.930431,60.560126,0.359427,6.293414,6.293414,0.008737,0.000124,0.000136,0.000147,0.000148,0.000148,0.000000,0,true,10.015560,7,objective equals makespan; due-date/tardiness fields are not available in this instance format
fair|S|rush_job|46|10.0|B-CORE-no-graph,2026-06-03T14:46:22,S_rush_job_seed46,S,rush_job,46,40046,40046,10.0,B-CORE-no-graph,solved,,0.011737,50.393471,50.393471,168.490557,107.930431,60.560126,0.359427,6.293414,6.293414,0.011748,0.000192,0.000220,0.000224,0.000224,0.000224,0.000000,0,true,10.015560,8,objective equals makespan; due-date/tardiness fields are not available in this instance format
fair|S|rush_job|46|10.0|MachineRank,2026-06-03T14:46:22,S_rush_job_seed46,S,rush_job,46,40046,40046,10.0,MachineRank,solved,,0.006553,53.434699,53.434699,182.632692,107.930431,74.702261,0.409030,7.649875,7.649875,0.006562,0.000064,0.000064,0.000065,0.000065,0.000065,0.000000,0,true,16.654960,9,objective equals makespan; due-date/tardiness fields are not available in this instance format
fair|S|rush_job|46|10.0|MOR,2026-06-03T14:46:22,S_rush_job_seed46,S,rush_job,46,40046,40046,10.0,MOR,solved,,0.005500,55.542208,55.542208,193.845896,117.072567,76.773329,0.396053,6.887390,6.887390,0.005512,0.000007,0.000008,0.000008,0.000008,0.000008,0.000000,0,true,21.255928,10,objective equals makespan; due-date/tardiness fields are not available in this instance format
fair|S|mixed|42|0.1|DCGA,2026-06-03T14:46:29,S_mixed_seed42,S,mixed,42,50042,50042,0.1,DCGA,solved,,0.317238,44.746400,44.746400,211.811844,135.071378,76.740466,0.362305,7.896366,7.896366,0.317250,0.104076,0.104076,0.105121,0.105214,0.105237,1.000000,3,true,0.000000,1,objective equals makespan; due-date/tardiness fields are not available in this instance format
fair|S|mixed|42|0.1|B-CORE-no-bottleneck,2026-06-03T14:46:28,S_mixed_seed42,S,mixed,42,50042,50042,0.1,B-CORE-no-bottleneck,solved,,0.010425,47.435606,47.435606,248.209028,142.142446,106.066583,0.427328,9.577454,9.577454,0.010433,0.000157,0.000157,0.000161,0.000162,0.000162,0.000000,0,true,6.009882,2,objective equals makespan; due-date/tardiness fields are not available in this instance format
fair|S|mixed|42|0.1|SA,2026-06-03T14:46:30,S_mixed_seed42,S,mixed,42,50042,50042,0.1,SA,solved,,0.422355,48.191160,48.191160,240.403479,147.142446,93.261033,0.387935,8.127909,8.127909,0.422368,0.103510,0.103550,0.103764,0.103783,0.103787,1.000000,4,true,7.698407,3,objective equals makespan; due-date/tardiness fields are not available in this instance format
fair|S|mixed|42|0.1|B-CORE,2026-06-03T14:46:28,S_mixed_seed42,S,mixed,42,50042,50042,0.1,B-CORE,solved,,0.015414,48.676549,48.676549,234.066893,144.213514,89.853379,0.383879,7.783973,7.783973,0.015425,0.000239,0.000239,0.000254,0.000255,0.000255,0.000000,0,true,8.783162,4,objective equals makespan; due-date/tardiness fields are not available in this instance format
fair|S|mixed|42|0.1|B-CORE-no-graph,2026-06-03T14:46:28,S_mixed_seed42,S,mixed,42,50042,50042,0.1,B-CORE-no-graph,solved,,0.011466,48.676549,48.676549,234.066893,144.213514,89.853379,0.383879,7.783973,7.783973,0.011475,0.000155,0.000155,0.000162,0.000163,0.000163,0.000000,0,true,8.783162,5,objective equals makespan; due-date/tardiness fields are not available in this instance format
fair|S|mixed|42|0.1|LNS,2026-06-03T14:46:29,S_mixed_seed42,S,mixed,42,50042,50042,0.1,LNS,solved,,0.314257,49.165143,49.165143,217.336053,135.962106,81.373947,0.374415,7.437051,7.437051,0.314268,0.101919,0.101919,0.103365,0.103493,0.103525,1.000000,3,true,9.875080,6,objective equals makespan; due-date/tardiness fields are not available in this instance format
fair|S|mixed|42|0.1|MOEA-NSGA2,2026-06-03T14:46:30,S_mixed_seed42,S,mixed,42,50042,50042,0.1,MOEA-NSGA2,solved,,0.317899,49.462822,49.462822,259.029877,160.185480,98.844397,0.381595,8.871144,8.871144,0.317908,0.103434,0.103434,0.105620,0.105815,0.105863,1.000000,3,true,10.540338,7,objective equals makespan; due-date/tardiness fields are not available in this instance format
fair|S|mixed|42|0.1|GA,2026-06-03T14:46:29,S_mixed_seed42,S,mixed,42,50042,50042,0.1,GA,solved,,0.418641,51.078551,51.078551,245.738578,151.775927,93.962651,0.382368,8.401906,8.401906,0.418655,0.102512,0.102851,0.103460,0.103515,0.103528,1.000000,4,true,14.151197,8,objective equals makespan; due-date/tardiness fields are not available in this instance format
fair|S|mixed|42|0.1|MachineRank,2026-06-03T14:46:28,S_mixed_seed42,S,mixed,42,50042,50042,0.1,MachineRank,solved,,0.007239,51.691754,51.691754,247.586216,135.229523,112.356693,0.453808,9.759341,9.759341,0.007249,0.000024,0.000011,0.000049,0.000052,0.000053,0.000000,0,true,15.521593,9,objective equals makespan; due-date/tardiness fields are not available in this instance format
fair|S|mixed|42|0.1|MOR,2026-06-03T14:46:28,S_mixed_seed42,S,mixed,42,50042,50042,0.1,MOR,solved,,0.007630,58.801386,58.801386,281.486727,160.944354,120.542373,0.428235,9.234371,9.234371,0.007639,0.000010,0.000010,0.000012,0.000012,0.000012,0.000000,0,true,31.410317,10,objective equals makespan; due-date/tardiness fields are not available in this instance format
fair|S|mixed|42|0.5|MOEA-NSGA2,2026-06-03T14:46:34,S_mixed_seed42,S,mixed,42,50042,50042,0.5,MOEA-NSGA2,solved,,2.016270,42.221604,42.221604,207.072732,137.403334,69.669398,0.336449,6.764630,6.764630,2.016281,0.502905,0.503347,0.504397,0.504491,0.504514,1.000000,4,true,0.000000,1,objective equals makespan; due-date/tardiness fields are not available in this instance format
fair|S|mixed|42|0.5|DCGA,2026-06-03T14:46:32,S_mixed_seed42,S,mixed,42,50042,50042,0.5,DCGA,solved,,2.010841,44.130517,44.130517,205.789649,129.049183,76.740466,0.372907,6.725445,6.725445,2.010851,0.501009,0.500783,0.501481,0.501543,0.501559,1.000000,4,true,4.521176,2,objective equals makespan; due-date/tardiness fields are not available in this instance format
fair|S|mixed|42|0.5|SA,2026-06-03T14:46:33,S_mixed_seed42,S,mixed,42,50042,50042,0.5,SA,solved,,2.013318,45.049619,45.049619,223.915775,146.284581,77.631193,0.346698,7.913258,7.913258,2.013328,0.502143,0.502064,0.503450,0.503573,0.503604,1.000000,4,true,6.698028,3,objective equals makespan; due-date/tardiness fields are not available in this instance format
fair|S|mixed|42|0.5|LNS,2026-06-03T14:46:31,S_mixed_seed42,S,mixed,42,50042,50042,0.5,LNS,solved,,1.513196,47.021913,47.021913,217.658528,142.142446,75.516082,0.346948,7.429013,7.429013,1.513206,0.502921,0.502921,0.503988,0.504083,0.504107,1.000000,3,true,11.369319,4,objective equals makespan; due-date/tardiness fields are not available in this instance format
fair|S|mixed|42|0.5|GA,2026-06-03T14:46:32,S_mixed_seed42,S,mixed,42,50042,50042,0.5,GA,solved,,2.019601,47.084245,47.084245,227.702571,142.370470,85.332101,0.374752,6.845159,6.845159,2.019613,0.503670,0.503674,0.504059,0.504094,0.504102,1.000000,4,true,11.516950,5,objective equals makespan; due-date/tardiness fields are not available in this instance format
fair|S|mixed|42|0.5|B-CORE-no-bottleneck,2026-06-03T14:46:30,S_mixed_seed42,S,mixed,42,50042,50042,0.5,B-CORE-no-bottleneck,solved,,0.013710,47.435606,47.435606,248.209028,142.142446,106.066583,0.427328,9.577454,9.577454,0.013722,0.000166,0.000166,0.000169,0.000169,0.000169,0.000000,0,true,12.349133,6,objective equals makespan; due-date/tardiness fields are not available in this instance format
fair|S|mixed|42|0.5|B-CORE,2026-06-03T14:46:30,S_mixed_seed42,S,mixed,42,50042,50042,0.5,B-CORE,solved,,0.015694,48.676549,48.676549,234.066893,144.213514,89.853379,0.383879,7.783973,7.783973,0.015706,0.000234,0.000234,0.000243,0.000244,0.000244,0.000000,0,true,15.288251,7,objective equals makespan; due-date/tardiness fields are not available in this instance format
fair|S|mixed|42|0.5|B-CORE-no-graph,2026-06-03T14:46:30,S_mixed_seed42,S,mixed,42,50042,50042,0.5,B-CORE-no-graph,solved,,0.015506,48.676549,48.676549,234.066893,144.213514,89.853379,0.383879,7.783973,7.783973,0.015516,0.000226,0.000226,0.000229,0.000230,0.000230,0.000000,0,true,15.288251,8,objective equals makespan; due-date/tardiness fields are not available in this instance format
fair|S|mixed|42|0.5|MachineRank,2026-06-03T14:46:30,S_mixed_seed42,S,mixed,42,50042,50042,0.5,MachineRank,solved,,0.009229,51.691754,51.691754,247.586216,135.229523,112.356693,0.453808,9.759341,9.759341,0.009242,0.000037,0.000018,0.000074,0.000078,0.000080,0.000000,0,true,22.429631,9,objective equals makespan; due-date/tardiness fields are not available in this instance format
fair|S|mixed|42|0.5|MOR,2026-06-03T14:46:30,S_mixed_seed42,S,mixed,42,50042,50042,0.5,MOR,solved,,0.007885,58.801386,58.801386,281.486727,160.944354,120.542373,0.428235,9.234371,9.234371,0.007897,0.000009,0.000009,0.000010,0.000010,0.000010,0.000000,0,true,39.268480,10,objective equals makespan; due-date/tardiness fields are not available in this instance format
fair|S|mixed|42|1.0|LNS,2026-06-03T14:46:35,S_mixed_seed42,S,mixed,42,50042,50042,1.0,LNS,solved,,3.012085,42.959449,42.959449,222.963460,135.332266,87.631193,0.393029,7.133369,7.133369,3.012098,1.000564,1.000564,1.000745,1.000761,1.000765,1.000000,3,true,0.000000,1,objective equals makespan; due-date/tardiness fields are not available in this instance format
fair|S|mixed|42|1.0|GA,2026-06-03T14:46:37,S_mixed_seed42,S,mixed,42,50042,50042,1.0,GA,solved,,4.023797,44.111774,44.111774,225.001664,151.512606,73.489058,0.326616,7.004299,7.004299,4.023811,1.004190,1.004079,1.005529,1.005658,1.005690,1.000000,4,true,2.682355,2,objective equals makespan; due-date/tardiness fields are not available in this instance format
fair|S|mixed|42|1.0|DCGA,2026-06-03T14:46:38,S_mixed_seed42,S,mixed,42,50042,50042,1.0,DCGA,solved,,4.017776,44.130517,44.130517,205.789649,129.049183,76.740466,0.372907,6.725445,6.725445,4.017788,1.002527,1.002544,1.002568,1.002570,1.002571,1.000000,4,true,2.725985,3,objective equals makespan; due-date/tardiness fields are not available in this instance format
fair|S|mixed|42|1.0|SA,2026-06-03T14:46:39,S_mixed_seed42,S,mixed,42,50042,50042,1.0,SA,solved,,4.013903,45.049619,45.049619,223.915775,146.284581,77.631193,0.346698,7.913258,7.913258,4.013913,1.002216,1.002317,1.003193,1.003271,1.003290,1.000000,4,true,4.865449,4,objective equals makespan; due-date/tardiness fields are not available in this instance format
fair|S|mixed|42|1.0|MOEA-NSGA2,2026-06-03T14:46:41,S_mixed_seed42,S,mixed,42,50042,50042,1.0,MOEA-NSGA2,solved,,4.017062,45.751444,45.751444,221.182004,135.299403,85.882601,0.388289,7.180917,7.180917,4.017072,1.001779,1.001690,1.002249,1.002298,1.002311,1.000000,4,true,6.499141,5,objective equals makespan; due-date/tardiness fields are not available in this instance format
fair|S|mixed|42|1.0|B-CORE-no-bottleneck,2026-06-03T14:46:32,S_mixed_seed42,S,mixed,42,50042,50042,1.0,B-CORE-no-bottleneck,solved,,0.011750,47.435606,47.435606,248.209028,142.142446,106.066583,0.427328,9.577454,9.577454,0.011760,0.000164,0.000164,0.000166,0.000166,0.000166,0.000000,0,true,10.419494,6,objective equals makespan; due-date/tardiness fields are not available in this instance format
fair|S|mixed|42|1.0|B-CORE,2026-06-03T14:46:32,S_mixed_seed42,S,mixed,42,50042,50042,1.0,B-CORE,solved,,0.010404,48.676549,48.676549,234.066893,144.213514,89.853379,0.383879,7.783973,7.783973,0.010412,0.000156,0.000156,0.000161,0.000162,0.000162,0.000000,0,true,13.308132,7,objective equals makespan; due-date/tardiness fields are not available in this instance format
fair|S|mixed|42|1.0|B-CORE-no-graph,2026-06-03T14:46:32,S_mixed_seed42,S,mixed,42,50042,50042,1.0,B-CORE-no-graph,solved,,0.010361,48.676549,48.676549,234.066893,144.213514,89.853379,0.383879,7.783973,7.783973,0.010368,0.000155,0.000155,0.000161,0.000161,0.000161,0.000000,0,true,13.308132,8,objective equals makespan; due-date/tardiness fields are not available in this instance format
fair|S|mixed|42|1.0|MachineRank,2026-06-03T14:46:32,S_mixed_seed42,S,mixed,42,50042,50042,1.0,MachineRank,solved,,0.008983,51.691754,51.691754,247.586216,135.229523,112.356693,0.453808,9.759341,9.759341,0.008993,0.000034,0.000018,0.000071,0.000076,0.000077,0.000000,0,true,20.326855,9,objective equals makespan; due-date/tardiness fields are not available in this instance format
fair|S|mixed|42|1.0|MOR,2026-06-03T14:46:32,S_mixed_seed42,S,mixed,42,50042,50042,1.0,MOR,solved,,0.007618,58.801386,58.801386,281.486727,160.944354,120.542373,0.428235,9.234371,9.234371,0.007627,0.000009,0.000009,0.000010,0.000010,0.000010,0.000000,0,true,36.876490,10,objective equals makespan; due-date/tardiness fields are not available in this instance format
fair|S|mixed|42|5.0|MOEA-NSGA2,2026-06-03T14:47:01,S_mixed_seed42,S,mixed,42,50042,50042,5.0,MOEA-NSGA2,solved,,20.015483,39.429609,39.429609,176.908402,123.419344,53.489058,0.302355,6.199448,6.199448,20.015493,5.001985,5.001506,5.003391,5.003559,5.003601,1.000000,4,true,0.000000,1,objective equals makespan; due-date/tardiness fields are not available in this instance format
fair|S|mixed|42|5.0|GA,2026-06-03T14:46:53,S_mixed_seed42,S,mixed,42,50042,50042,5.0,GA,solved,,15.018498,40.994983,40.994983,190.859528,125.457548,65.401980,0.342671,7.060383,7.060383,15.018513,5.003159,5.003159,5.003604,5.003643,5.003653,1.000000,3,true,3.970047,2,objective equals makespan; due-date/tardiness fields are not available in this instance format
fair|S|mixed|42|5.0|DCGA,2026-06-03T14:46:58,S_mixed_seed42,S,mixed,42,50042,50042,5.0,DCGA,solved,,20.014001,42.536524,42.536524,211.616682,130.962106,80.654577,0.381135,7.554208,7.554208,20.014015,5.002143,5.002035,5.003455,5.003581,5.003613,1.000000,4,true,7.879650,3,objective equals makespan; due-date/tardiness fields are not available in this instance format
fair|S|mixed|42|5.0|LNS,2026-06-03T14:46:45,S_mixed_seed42,S,mixed,42,50042,50042,5.0,LNS,solved,,6.811287,42.959449,42.959449,222.963460,135.332266,87.631193,0.393029,7.133369,7.133369,6.811297,2.176314,2.176314,2.372755,2.390216,2.394582,0.000000,0,true,8.952257,4,objective equals makespan; due-date/tardiness fields are not available in this instance format
fair|S|mixed|42|5.0|SA,2026-06-03T14:46:46,S_mixed_seed42,S,mixed,42,50042,50042,5.0,SA,solved,,6.914039,45.316504,45.316504,205.631504,135.962106,69.669398,0.338807,7.038646,7.038646,6.914052,2.280929,2.280929,2.427990,2.441062,2.444330,0.000000,0,true,14.930138,5,objective equals makespan; due-date/tardiness fields are not available in this instance format
fair|S|mixed|42|5.0|B-CORE-no-bottleneck,2026-06-03T14:46:38,S_mixed_seed42,S,mixed,42,50042,50042,5.0,B-CORE-no-bottleneck,solved,,0.016757,47.435606,47.435606,248.209028,142.142446,106.066583,0.427328,9.577454,9.577454,0.016769,0.000255,0.000255,0.000255,0.000255,0.000255,0.000000,0,true,20.304531,6,objective equals makespan; due-date/tardiness fields are not available in this instance format
fair|S|mixed|42|5.0|B-CORE,2026-06-03T14:46:38,S_mixed_seed42,S,mixed,42,50042,50042,5.0,B-CORE,solved,,0.016194,48.676549,48.676549,234.066893,144.213514,89.853379,0.383879,7.783973,7.783973,0.016207,0.000240,0.000240,0.000254,0.000255,0.000255,0.000000,0,true,23.451767,7,objective equals makespan; due-date/tardiness fields are not available in this instance format
fair|S|mixed|42|5.0|B-CORE-no-graph,2026-06-03T14:46:38,S_mixed_seed42,S,mixed,42,50042,50042,5.0,B-CORE-no-graph,solved,,0.016052,48.676549,48.676549,234.066893,144.213514,89.853379,0.383879,7.783973,7.783973,0.016064,0.000240,0.000240,0.000251,0.000252,0.000252,0.000000,0,true,23.451767,8,objective equals makespan; due-date/tardiness fields are not available in this instance format
fair|S|mixed|42|5.0|MachineRank,2026-06-03T14:46:38,S_mixed_seed42,S,mixed,42,50042,50042,5.0,MachineRank,solved,,0.009305,51.691754,51.691754,247.586216,135.229523,112.356693,0.453808,9.759341,9.759341,0.009316,0.000041,0.000018,0.000089,0.000095,0.000097,0.000000,0,true,31.098825,9,objective equals makespan; due-date/tardiness fields are not available in this instance format
fair|S|mixed|42|5.0|MOR,2026-06-03T14:46:38,S_mixed_seed42,S,mixed,42,50042,50042,5.0,MOR,solved,,0.005974,58.801386,58.801386,281.486727,160.944354,120.542373,0.428235,9.234371,9.234371,0.005984,0.000007,0.000007,0.000007,0.000007,0.000007,0.000000,0,true,49.130026,10,objective equals makespan; due-date/tardiness fields are not available in this instance format
fair|S|mixed|42|10.0|MOEA-NSGA2,2026-06-03T14:47:25,S_mixed_seed42,S,mixed,42,50042,50042,10.0,MOEA-NSGA2,solved,,40.018252,39.429609,39.429609,176.908402,123.419344,53.489058,0.302355,6.199448,6.199448,40.018265,10.002097,10.001994,10.002812,10.002885,10.002903,1.000000,4,true,0.000000,1,objective equals makespan; due-date/tardiness fields are not available in this instance format
fair|S|mixed|42|10.0|GA,2026-06-03T14:47:11,S_mixed_seed42,S,mixed,42,50042,50042,10.0,GA,solved,,30.009140,40.994983,40.994983,190.859528,125.457548,65.401980,0.342671,7.060383,7.060383,30.009150,10.001137,10.001137,10.001464,10.001494,10.001501,1.000000,3,true,3.970047,2,objective equals makespan; due-date/tardiness fields are not available in this instance format
fair|S|mixed|42|10.0|DCGA,2026-06-03T14:47:22,S_mixed_seed42,S,mixed,42,50042,50042,10.0,DCGA,solved,,40.021564,42.536524,42.536524,211.616682,130.962106,80.654577,0.381135,7.554208,7.554208,40.021579,10.003398,10.003699,10.005298,10.005440,10.005476,1.000000,4,true,7.879650,3,objective equals makespan; due-date/tardiness fields are not available in this instance format
fair|S|mixed|42|10.0|LNS,2026-06-03T14:46:48,S_mixed_seed42,S,mixed,42,50042,50042,10.0,LNS,solved,,7.167353,42.959449,42.959449,222.963460,135.332266,87.631193,0.393029,7.133369,7.133369,7.167366,2.453116,2.453116,2.867935,2.904808,2.914026,0.000000,0,true,8.952257,4,objective equals makespan; due-date/tardiness fields are not available in this instance format
fair|S|mixed|42|10.0|SA,2026-06-03T14:46:50,S_mixed_seed42,S,mixed,42,50042,50042,10.0,SA,solved,,7.328352,45.316504,45.316504,205.631504,135.962106,69.669398,0.338807,7.038646,7.038646,7.328365,2.534059,2.534059,2.635605,2.644631,2.646887,0.000000,0,true,14.930138,5,objective equals makespan; due-date/tardiness fields are not available in this instance format
fair|S|mixed|42|10.0|B-CORE-no-bottleneck,2026-06-03T14:46:41,S_mixed_seed42,S,mixed,42,50042,50042,10.0,B-CORE-no-bottleneck,solved,,0.011427,47.435606,47.435606,248.209028,142.142446,106.066583,0.427328,9.577454,9.577454,0.011437,0.000175,0.000175,0.000190,0.000192,0.000192,0.000000,0,true,20.304531,6,objective equals makespan; due-date/tardiness fields are not available in this instance format
fair|S|mixed|42|10.0|B-CORE,2026-06-03T14:46:41,S_mixed_seed42,S,mixed,42,50042,50042,10.0,B-CORE,solved,,0.012677,48.676549,48.676549,234.066893,144.213514,89.853379,0.383879,7.783973,7.783973,0.012686,0.000217,0.000217,0.000251,0.000254,0.000255,0.000000,0,true,23.451767,7,objective equals makespan; due-date/tardiness fields are not available in this instance format
fair|S|mixed|42|10.0|B-CORE-no-graph,2026-06-03T14:46:41,S_mixed_seed42,S,mixed,42,50042,50042,10.0,B-CORE-no-graph,solved,,0.010557,48.676549,48.676549,234.066893,144.213514,89.853379,0.383879,7.783973,7.783973,0.010565,0.000156,0.000156,0.000159,0.000159,0.000159,0.000000,0,true,23.451767,8,objective equals makespan; due-date/tardiness fields are not available in this instance format
fair|S|mixed|42|10.0|MachineRank,2026-06-03T14:46:41,S_mixed_seed42,S,mixed,42,50042,50042,10.0,MachineRank,solved,,0.006862,51.691754,51.691754,247.586216,135.229523,112.356693,0.453808,9.759341,9.759341,0.006870,0.000023,0.000011,0.000048,0.000052,0.000052,0.000000,0,true,31.098825,9,objective equals makespan; due-date/tardiness fields are not available in this instance format
fair|S|mixed|42|10.0|MOR,2026-06-03T14:46:41,S_mixed_seed42,S,mixed,42,50042,50042,10.0,MOR,solved,,0.005775,58.801386,58.801386,281.486727,160.944354,120.542373,0.428235,9.234371,9.234371,0.005783,0.000007,0.000007,0.000007,0.000007,0.000007,0.000000,0,true,49.130026,10,objective equals makespan; due-date/tardiness fields are not available in this instance format
fair|S|mixed|43|0.1|MOEA-NSGA2,2026-06-03T14:46:48,S_mixed_seed43,S,mixed,43,50043,50043,0.1,MOEA-NSGA2,solved,,0.420181,55.847018,55.847018,270.342948,162.238161,108.104787,0.399880,9.313816,9.313816,0.420196,0.103758,0.102918,0.106013,0.106289,0.106357,1.000000,4,true,0.000000,1,objective equals makespan; due-date/tardiness fields are not available in this instance format
fair|S|mixed|43|0.1|GA,2026-06-03T14:46:47,S_mixed_seed43,S,mixed,43,50043,50043,0.1,GA,solved,,0.418434,56.406080,56.406080,257.332777,152.238161,105.094616,0.408400,9.274226,9.274226,0.418449,0.102935,0.102546,0.103912,0.104033,0.104063,1.000000,4,true,1.001060,2,objective equals makespan; due-date/tardiness fields are not available in this instance format
fair|S|mixed|43|0.1|DCGA,2026-06-03T14:46:47,S_mixed_seed43,S,mixed,43,50043,50043,0.1,DCGA,solved,,0.412959,60.526409,60.526409,309.133496,180.559448,128.574048,0.415918,11.109155,11.109155,0.412973,0.101283,0.101354,0.101577,0.101597,0.101602,1.000000,4,true,8.378945,3,objective equals makespan; due-date/tardiness fields are not available in this instance format
fair|S|mixed|43|0.1|LNS,2026-06-03T14:46:46,S_mixed_seed43,S,mixed,43,50043,50043,0.1,LNS,solved,,0.311571,61.215956,61.215956,299.680245,174.537254,125.142991,0.417588,11.383836,11.383836,0.311585,0.101073,0.101073,0.101408,0.101437,0.101445,1.000000,3,true,9.613652,4,objective equals makespan; due-date/tardiness fields are not available in this instance format
fair|S|mixed|43|0.1|B-CORE,2026-06-03T14:46:46,S_mixed_seed43,S,mixed,43,50043,50043,0.1,B-CORE,solved,,0.015099,61.747027,61.747027,271.534013,171.838779,99.695234,0.367156,11.565095,11.565095,0.015110,0.000181,0.000176,0.000225,0.000229,0.000230,0.000000,0,true,10.564591,5,objective equals makespan; due-date/tardiness fields are not available in this instance format
fair|S|mixed|43|0.1|B-CORE-no-graph,2026-06-03T14:46:46,S_mixed_seed43,S,mixed,43,50043,50043,0.1,B-CORE-no-graph,solved,,0.015010,61.747027,61.747027,271.534013,171.838779,99.695234,0.367156,11.565095,11.565095,0.015021,0.000185,0.000177,0.000230,0.000235,0.000236,0.000000,0,true,10.564591,6,objective equals makespan; due-date/tardiness fields are not available in this instance format
fair|S|mixed|43|0.1|B-CORE-no-bottleneck,2026-06-03T14:46:46,S_mixed_seed43,S,mixed,43,50043,50043,0.1,B-CORE-no-bottleneck,solved,,0.015495,63.392382,63.392382,310.107896,185.090187,125.017709,0.403143,13.452477,13.452477,0.015506,0.000178,0.000179,0.000215,0.000218,0.000219,0.000000,0,true,13.510773,7,objective equals makespan; due-date/tardiness fields are not available in this instance format
fair|S|mixed|43|0.1|MOR,2026-06-03T14:46:46,S_mixed_seed43,S,mixed,43,50043,50043,0.1,MOR,solved,,0.006917,63.475333,63.475333,241.769065,155.167093,86.601971,0.358201,7.192916,7.192916,0.006927,0.000008,0.000008,0.000010,0.000010,0.000010,0.000000,0,true,13.659306,8,objective equals makespan; due-date/tardiness fields are not available in this instance format
fair|S|mixed|43|0.1|MachineRank,2026-06-03T14:46:46,S_mixed_seed43,S,mixed,43,50043,50043,0.1,MachineRank,solved,,0.008623,68.519298,68.519298,335.651369,186.270527,149.380842,0.445048,13.606130,13.606130,0.008634,0.000010,0.000010,0.000011,0.000011,0.000011,0.000000,0,true,22.691059,9,objective equals makespan; due-date/tardiness fields are not available in this instance format
fair|S|mixed|43|0.1|SA,2026-06-03T14:46:48,S_mixed_seed43,S,mixed,43,50043,50043,0.1,SA,solved,,0.418900,70.660245,70.660245,332.007606,185.090187,146.917420,0.442512,13.745561,13.745561,0.418914,0.102661,0.101390,0.104958,0.105275,0.105355,1.000000,4,true,26.524652,10,objective equals makespan; due-date/tardiness fields are not available in this instance format
fair|S|mixed|43|0.5|DCGA,2026-06-03T14:46:52,S_mixed_seed43,S,mixed,43,50043,50043,0.5,DCGA,solved,,2.019210,51.147018,51.147018,228.634647,147.923403,80.711244,0.353014,7.101214,7.101214,2.019225,0.503138,0.502374,0.504492,0.504681,0.504728,1.000000,4,true,0.000000,1,objective equals makespan; due-date/tardiness fields are not available in this instance format
fair|S|mixed|43|0.5|MOEA-NSGA2,2026-06-03T14:46:52,S_mixed_seed43,S,mixed,43,50043,50043,0.5,MOEA-NSGA2,solved,,2.017365,52.286070,52.286070,239.059865,159.206486,79.853379,0.334031,7.902113,7.902113,2.017378,0.502509,0.502469,0.502837,0.502869,0.502877,1.000000,4,true,2.227015,2,objective equals makespan; due-date/tardiness fields are not available in this instance format
fair|S|mixed|43|0.5|SA,2026-06-03T14:46:51,S_mixed_seed43,S,mixed,43,50043,50043,0.5,SA,solved,,1.514334,54.255622,54.255622,270.079627,164.537254,105.542373,0.390782,10.045969,10.045969,1.514347,0.502284,0.502284,0.503048,0.503116,0.503133,1.000000,3,true,6.077782,3,objective equals makespan; due-date/tardiness fields are not available in this instance format
fair|S|mixed|43|0.5|GA,2026-06-03T14:46:50,S_mixed_seed43,S,mixed,43,50043,50043,0.5,GA,solved,,1.516438,54.785462,54.785462,261.049694,162.238161,98.811533,0.378516,8.728374,8.728374,1.516447,0.502947,0.502947,0.503763,0.503836,0.503854,1.000000,3,true,7.113697,4,objective equals makespan; due-date/tardiness fields are not available in this instance format
fair|S|mixed|43|0.5|LNS,2026-06-03T14:46:50,S_mixed_seed43,S,mixed,43,50043,50043,0.5,LNS,solved,,1.511158,60.152712,60.152712,282.547590,167.466186,115.081404,0.407299,10.224844,10.224844,1.511168,0.501260,0.501260,0.501593,0.501623,0.501630,1.000000,3,true,17.607466,5,objective equals makespan; due-date/tardiness fields are not available in this instance format
fair|S|mixed|43|0.5|B-CORE,2026-06-03T14:46:48,S_mixed_seed43,S,mixed,43,50043,50043,0.5,B-CORE,solved,,0.015734,61.747027,61.747027,271.534013,171.838779,99.695234,0.367156,11.565095,11.565095,0.015746,0.000207,0.000229,0.000243,0.000244,0.000244,0.000000,0,true,20.724588,6,objective equals makespan; due-date/tardiness fields are not available in this instance format
fair|S|mixed|43|0.5|B-CORE-no-graph,2026-06-03T14:46:48,S_mixed_seed43,S,mixed,43,50043,50043,0.5,B-CORE-no-graph,solved,,0.015426,61.747027,61.747027,271.534013,171.838779,99.695234,0.367156,11.565095,11.565095,0.015438,0.000187,0.000177,0.000233,0.000237,0.000239,0.000000,0,true,20.724588,7,objective equals makespan; due-date/tardiness fields are not available in this instance format
fair|S|mixed|43|0.5|B-CORE-no-bottleneck,2026-06-03T14:46:48,S_mixed_seed43,S,mixed,43,50043,50043,0.5,B-CORE-no-bottleneck,solved,,0.015447,63.392382,63.392382,310.107896,185.090187,125.017709,0.403143,13.452477,13.452477,0.015459,0.000173,0.000173,0.000210,0.000213,0.000214,0.000000,0,true,23.941501,8,objective equals makespan; due-date/tardiness fields are not available in this instance format
fair|S|mixed|43|0.5|MOR,2026-06-03T14:46:48,S_mixed_seed43,S,mixed,43,50043,50043,0.5,MOR,solved,,0.006933,63.475333,63.475333,241.769065,155.167093,86.601971,0.358201,7.192916,7.192916,0.006942,0.000007,0.000007,0.000009,0.000009,0.000009,0.000000,0,true,24.103683,9,objective equals makespan; due-date/tardiness fields are not available in this instance format
fair|S|mixed|43|0.5|MachineRank,2026-06-03T14:46:48,S_mixed_seed43,S,mixed,43,50043,50043,0.5,MachineRank,solved,,0.008681,68.519298,68.519298,335.651369,186.270527,149.380842,0.445048,13.606130,13.606130,0.008690,0.000011,0.000010,0.000012,0.000012,0.000012,0.000000,0,true,33.965382,10,objective equals makespan; due-date/tardiness fields are not available in this instance format
fair|S|mixed|43|1.0|LNS,2026-06-03T14:46:55,S_mixed_seed43,S,mixed,43,50043,50043,1.0,LNS,solved,,4.019236,51.147018,51.147018,227.776783,147.065539,80.711244,0.354344,7.813396,7.813396,4.019250,1.003325,1.003550,1.003883,1.003913,1.003920,1.000000,4,true,0.000000,1,objective equals makespan; due-date/tardiness fields are not available in this instance format
fair|S|mixed|43|1.0|DCGA,2026-06-03T14:46:56,S_mixed_seed43,S,mixed,43,50043,50043,1.0,DCGA,solved,,4.018877,51.147018,51.147018,227.776783,147.065539,80.711244,0.354344,7.813396,7.813396,4.018886,1.003216,1.002744,1.004681,1.004853,1.004896,1.000000,4,true,0.000000,2,objective equals makespan; due-date/tardiness fields are not available in this instance format
fair|S|mixed|43|1.0|MOEA-NSGA2,2026-06-03T14:46:59,S_mixed_seed43,S,mixed,43,50043,50043,1.0,MOEA-NSGA2,solved,,4.018105,53.346409,53.346409,249.187580,162.846497,86.341083,0.346490,8.491957,8.491957,4.018118,1.002820,1.002165,1.003987,1.004149,1.004190,1.000000,4,true,4.300135,3,objective equals makespan; due-date/tardiness fields are not available in this instance format
fair|S|mixed|43|1.0|GA,2026-06-03T14:46:55,S_mixed_seed43,S,mixed,43,50043,50043,1.0,GA,solved,,3.016204,54.311774,54.311774,251.049694,157.238161,93.811533,0.373677,8.914792,8.914792,3.016217,1.003117,1.003117,1.004733,1.004877,1.004913,1.000000,3,true,6.187567,4,objective equals makespan; due-date/tardiness fields are not available in this instance format
fair|S|mixed|43|1.0|SA,2026-06-03T14:46:57,S_mixed_seed43,S,mixed,43,50043,50043,1.0,SA,solved,,4.020454,57.182552,57.182552,264.220444,159.595089,104.625355,0.395978,9.731475,9.731475,4.020468,1.003902,1.003783,1.004461,1.004521,1.004536,1.000000,4,true,11.800363,5,objective equals makespan; due-date/tardiness fields are not available in this instance format
fair|S|mixed|43|1.0|B-CORE,2026-06-03T14:46:51,S_mixed_seed43,S,mixed,43,50043,50043,1.0,B-CORE,solved,,0.014877,61.747027,61.747027,271.534013,171.838779,99.695234,0.367156,11.565095,11.565095,0.014888,0.000181,0.000170,0.000225,0.000230,0.000231,0.000000,0,true,20.724588,6,objective equals makespan; due-date/tardiness fields are not available in this instance format
fair|S|mixed|43|1.0|B-CORE-no-graph,2026-06-03T14:46:51,S_mixed_seed43,S,mixed,43,50043,50043,1.0,B-CORE-no-graph,solved,,0.015016,61.747027,61.747027,271.534013,171.838779,99.695234,0.367156,11.565095,11.565095,0.015027,0.000178,0.000169,0.000217,0.000222,0.000223,0.000000,0,true,20.724588,7,objective equals makespan; due-date/tardiness fields are not available in this instance format
fair|S|mixed|43|1.0|B-CORE-no-bottleneck,2026-06-03T14:46:51,S_mixed_seed43,S,mixed,43,50043,50043,1.0,B-CORE-no-bottleneck,solved,,0.015330,63.392382,63.392382,310.107896,185.090187,125.017709,0.403143,13.452477,13.452477,0.015340,0.000183,0.000182,0.000226,0.000230,0.000231,0.000000,0,true,23.941501,8,objective equals makespan; due-date/tardiness fields are not available in this instance format
fair|S|mixed|43|1.0|MOR,2026-06-03T14:46:51,S_mixed_seed43,S,mixed,43,50043,50043,1.0,MOR,solved,,0.006938,63.475333,63.475333,241.769065,155.167093,86.601971,0.358201,7.192916,7.192916,0.006947,0.000008,0.000008,0.000009,0.000009,0.000009,0.000000,0,true,24.103683,9,objective equals makespan; due-date/tardiness fields are not available in this instance format
fair|S|mixed|43|1.0|MachineRank,2026-06-03T14:46:51,S_mixed_seed43,S,mixed,43,50043,50043,1.0,MachineRank,solved,,0.008652,68.519298,68.519298,335.651369,186.270527,149.380842,0.445048,13.606130,13.606130,0.008662,0.000011,0.000010,0.000012,0.000013,0.000013,0.000000,0,true,33.965382,10,objective equals makespan; due-date/tardiness fields are not available in this instance format
fair|S|mixed|43|5.0|MOEA-NSGA2,2026-06-03T14:47:19,S_mixed_seed43,S,mixed,43,50043,50043,5.0,MOEA-NSGA2,solved,,20.017620,46.341614,46.341614,209.927190,149.595089,60.332101,0.287395,7.976615,7.976615,20.017634,5.001908,5.001314,5.003307,5.003484,5.003528,1.000000,4,true,0.000000,1,objective equals makespan; due-date/tardiness fields are not available in this instance format
fair|S|mixed|43|5.0|GA,2026-06-03T14:47:16,S_mixed_seed43,S,mixed,43,50043,50043,5.0,GA,solved,,20.017475,47.176240,47.176240,233.667511,152.065539,81.601971,0.349223,7.706846,7.706846,20.017488,5.002991,5.002891,5.004683,5.004843,5.004883,1.000000,4,true,1.801029,2,objective equals makespan; due-date/tardiness fields are not available in this instance format
fair|S|mixed|43|5.0|DCGA,2026-06-03T14:47:17,S_mixed_seed43,S,mixed,43,50043,50043,5.0,DCGA,solved,,20.019919,47.396250,47.396250,246.361391,169.129579,77.231811,0.313490,8.340851,8.340851,20.019933,5.003569,5.003907,5.004499,5.004552,5.004565,1.000000,4,true,2.275786,3,objective equals makespan; due-date/tardiness fields are not available in this instance format
fair|S|mixed|43|5.0|LNS,2026-06-03T14:47:04,S_mixed_seed43,S,mixed,43,50043,50043,5.0,LNS,solved,,8.501150,51.147018,51.147018,227.776783,147.065539,80.711244,0.354344,7.813396,7.813396,8.501163,2.170190,2.180376,2.655042,2.697235,2.707783,0.000000,0,true,10.369522,4,objective equals makespan; due-date/tardiness fields are not available in this instance format
fair|S|mixed|43|5.0|SA,2026-06-03T14:47:07,S_mixed_seed43,S,mixed,43,50043,50043,5.0,SA,solved,,8.894944,54.983749,54.983749,262.471851,156.666157,105.805694,0.403113,10.333988,10.333988,8.894958,2.244827,2.220057,2.669076,2.708988,2.718967,0.000000,0,true,18.648757,5,objective equals makespan; due-date/tardiness fields are not available in this instance format
fair|S|mixed|43|5.0|B-CORE,2026-06-03T14:46:55,S_mixed_seed43,S,mixed,43,50043,50043,5.0,B-CORE,solved,,0.015062,61.747027,61.747027,271.534013,171.838779,99.695234,0.367156,11.565095,11.565095,0.015073,0.000177,0.000165,0.000220,0.000225,0.000226,0.000000,0,true,33.243152,6,objective equals makespan; due-date/tardiness fields are not available in this instance format
fair|S|mixed|43|5.0|B-CORE-no-graph,2026-06-03T14:46:55,S_mixed_seed43,S,mixed,43,50043,50043,5.0,B-CORE-no-graph,solved,,0.015064,61.747027,61.747027,271.534013,171.838779,99.695234,0.367156,11.565095,11.565095,0.015076,0.000187,0.000180,0.000227,0.000231,0.000232,0.000000,0,true,33.243152,7,objective equals makespan; due-date/tardiness fields are not available in this instance format
fair|S|mixed|43|5.0|B-CORE-no-bottleneck,2026-06-03T14:46:56,S_mixed_seed43,S,mixed,43,50043,50043,5.0,B-CORE-no-bottleneck,solved,,0.015218,63.392382,63.392382,310.107896,185.090187,125.017709,0.403143,13.452477,13.452477,0.015230,0.000173,0.000169,0.000211,0.000214,0.000215,0.000000,0,true,36.793643,8,objective equals makespan; due-date/tardiness fields are not available in this instance format
fair|S|mixed|43|5.0|MOR,2026-06-03T14:46:56,S_mixed_seed43,S,mixed,43,50043,50043,5.0,MOR,solved,,0.007008,63.475333,63.475333,241.769065,155.167093,86.601971,0.358201,7.192916,7.192916,0.007017,0.000008,0.000008,0.000009,0.000009,0.000010,0.000000,0,true,36.972642,9,objective equals makespan; due-date/tardiness fields are not available in this instance format
fair|S|mixed|43|5.0|MachineRank,2026-06-03T14:46:56,S_mixed_seed43,S,mixed,43,50043,50043,5.0,MachineRank,solved,,0.008827,68.519298,68.519298,335.651369,186.270527,149.380842,0.445048,13.606130,13.606130,0.008837,0.000011,0.000010,0.000013,0.000013,0.000013,0.000000,0,true,47.856952,10,objective equals makespan; due-date/tardiness fields are not available in this instance format
fair|S|mixed|43|10.0|GA,2026-06-03T14:47:41,S_mixed_seed43,S,mixed,43,50043,50043,10.0,GA,solved,,40.015240,47.176240,47.176240,233.667511,152.065539,81.601971,0.349223,7.706846,7.706846,40.015253,10.001842,10.002057,10.002639,10.002691,10.002704,1.000000,4,true,0.000000,1,objective equals makespan; due-date/tardiness fields are not available in this instance format
fair|S|mixed|43|10.0|MOEA-NSGA2,2026-06-03T14:47:47,S_mixed_seed43,S,mixed,43,50043,50043,10.0,MOEA-NSGA2,solved,,40.019553,47.176240,47.176240,233.667511,152.065539,81.601971,0.349223,7.841299,7.841299,40.019566,10.003198,10.001684,10.005808,10.006174,10.006266,1.000000,4,true,0.000000,2,objective equals makespan; due-date/tardiness fields are not available in this instance format
fair|S|mixed|43|10.0|DCGA,2026-06-03T14:47:40,S_mixed_seed43,S,mixed,43,50043,50043,10.0,DCGA,solved,,38.680245,47.396250,47.396250,246.361391,169.129579,77.231811,0.313490,8.340851,8.340851,38.680257,9.558051,10.001761,10.001808,10.001812,10.001813,0.750000,3,true,0.466358,3,objective equals makespan; due-date/tardiness fields are not available in this instance format
fair|S|mixed|43|10.0|LNS,2026-06-03T14:47:08,S_mixed_seed43,S,mixed,43,50043,50043,10.0,LNS,solved,,8.514010,51.147018,51.147018,227.776783,147.065539,80.711244,0.354344,7.813396,7.813396,8.514022,2.120557,2.068383,2.503788,2.542491,2.552166,0.000000,0,true,8.416902,4,objective equals makespan; due-date/tardiness fields are not available in this instance format
fair|S|mixed|43|10.0|SA,2026-06-03T14:47:13,S_mixed_seed43,S,mixed,43,50043,50043,10.0,SA,solved,,8.624645,54.983749,54.983749,262.471851,156.666157,105.805694,0.403113,10.333988,10.333988,8.624655,2.169834,2.053944,2.698466,2.755757,2.770080,0.000000,0,true,16.549664,5,objective equals makespan; due-date/tardiness fields are not available in this instance format
fair|S|mixed|43|10.0|B-CORE,2026-06-03T14:46:59,S_mixed_seed43,S,mixed,43,50043,50043,10.0,B-CORE,solved,,0.014968,61.747027,61.747027,271.534013,171.838779,99.695234,0.367156,11.565095,11.565095,0.014980,0.000188,0.000181,0.000231,0.000235,0.000237,0.000000,0,true,30.885859,6,objective equals makespan; due-date/tardiness fields are not available in this instance format
fair|S|mixed|43|10.0|B-CORE-no-graph,2026-06-03T14:46:59,S_mixed_seed43,S,mixed,43,50043,50043,10.0,B-CORE-no-graph,solved,,0.014966,61.747027,61.747027,271.534013,171.838779,99.695234,0.367156,11.565095,11.565095,0.014976,0.000180,0.000173,0.000220,0.000225,0.000226,0.000000,0,true,30.885859,7,objective equals makespan; due-date/tardiness fields are not available in this instance format
fair|S|mixed|43|10.0|B-CORE-no-bottleneck,2026-06-03T14:46:59,S_mixed_seed43,S,mixed,43,50043,50043,10.0,B-CORE-no-bottleneck,solved,,0.015343,63.392382,63.392382,310.107896,185.090187,125.017709,0.403143,13.452477,13.452477,0.015353,0.000183,0.000182,0.000223,0.000227,0.000228,0.000000,0,true,34.373536,8,objective equals makespan; due-date/tardiness fields are not available in this instance format
fair|S|mixed|43|10.0|MOR,2026-06-03T14:46:59,S_mixed_seed43,S,mixed,43,50043,50043,10.0,MOR,solved,,0.006867,63.475333,63.475333,241.769065,155.167093,86.601971,0.358201,7.192916,7.192916,0.006875,0.000008,0.000008,0.000010,0.000010,0.000010,0.000000,0,true,34.549368,9,objective equals makespan; due-date/tardiness fields are not available in this instance format
fair|S|mixed|43|10.0|MachineRank,2026-06-03T14:46:59,S_mixed_seed43,S,mixed,43,50043,50043,10.0,MachineRank,solved,,0.008654,68.519298,68.519298,335.651369,186.270527,149.380842,0.445048,13.606130,13.606130,0.008663,0.000010,0.000010,0.000011,0.000011,0.000011,0.000000,0,true,45.241117,10,objective equals makespan; due-date/tardiness fields are not available in this instance format
fair|S|mixed|44|0.1|MOR,2026-06-03T14:47:07,S_mixed_seed44,S,mixed,44,50044,50044,0.1,MOR,solved,,0.006400,59.140706,59.140706,259.974985,153.392665,106.582320,0.409971,6.404683,6.404683,0.006408,0.000006,0.000006,0.000006,0.000006,0.000006,0.000000,0,true,0.000000,1,objective equals makespan; due-date/tardiness fields are not available in this instance format
fair|S|mixed|44|0.1|DCGA,2026-06-03T14:47:08,S_mixed_seed44,S,mixed,44,50044,50044,0.1,DCGA,solved,,0.427223,66.002852,66.002852,323.555053,196.808403,126.746650,0.391731,10.094662,10.094662,0.427236,0.104225,0.104511,0.107278,0.107524,0.107585,1.000000,4,true,11.603084,2,objective equals makespan; due-date/tardiness fields are not available in this instance format
fair|S|mixed|44|0.1|MachineRank,2026-06-03T14:47:07,S_mixed_seed44,S,mixed,44,50044,50044,0.1,MachineRank,solved,,0.012122,67.076858,67.076858,328.588171,186.663724,141.924447,0.431922,10.554807,10.554807,0.012132,0.000060,0.000060,0.000102,0.000105,0.000106,0.000000,0,true,13.419103,3,objective equals makespan; due-date/tardiness fields are not available in this instance format
fair|S|mixed|44|0.1|B-CORE,2026-06-03T14:47:07,S_mixed_seed44,S,mixed,44,50044,50044,0.1,B-CORE,solved,,0.020495,68.736211,68.736211,323.441973,190.749193,132.692781,0.410252,9.737473,9.737473,0.020508,0.000268,0.000268,0.000272,0.000273,0.000273,0.000000,0,true,16.224874,4,objective equals makespan; due-date/tardiness fields are not available in this instance format
fair|S|mixed|44|0.1|B-CORE-no-graph,2026-06-03T14:47:07,S_mixed_seed44,S,mixed,44,50044,50044,0.1,B-CORE-no-graph,solved,,0.025378,68.736211,68.736211,323.441973,190.749193,132.692781,0.410252,9.737473,9.737473,0.025390,0.000284,0.000284,0.000299,0.000300,0.000301,0.000000,0,true,16.224874,5,objective equals makespan; due-date/tardiness fields are not available in this instance format
fair|S|mixed|44|0.1|B-CORE-no-bottleneck,2026-06-03T14:47:07,S_mixed_seed44,S,mixed,44,50044,50044,0.1,B-CORE-no-bottleneck,solved,,0.020954,70.573919,70.573919,373.002700,205.027335,167.975365,0.450333,12.887223,12.887223,0.020967,0.000287,0.000287,0.000315,0.000317,0.000318,0.000000,0,true,19.332223,6,objective equals makespan; due-date/tardiness fields are not available in this instance format
fair|S|mixed|44|0.1|SA,2026-06-03T14:47:09,S_mixed_seed44,S,mixed,44,50044,50044,0.1,SA,solved,,0.419512,71.270546,71.270546,341.123906,203.499740,137.624166,0.403443,11.598410,11.598410,0.419525,0.102783,0.102751,0.104308,0.104446,0.104481,1.000000,4,true,20.510137,7,objective equals makespan; due-date/tardiness fields are not available in this instance format
fair|S|mixed|44|0.1|MOEA-NSGA2,2026-06-03T14:47:09,S_mixed_seed44,S,mixed,44,50044,50044,0.1,MOEA-NSGA2,solved,,0.420421,71.978964,71.978964,344.408177,214.390468,130.017709,0.377511,11.597556,11.597556,0.420432,0.101988,0.101596,0.103160,0.103299,0.103333,1.000000,4,true,21.707989,8,objective equals makespan; due-date/tardiness fields are not available in this instance format
fair|S|mixed|44|0.1|GA,2026-06-03T14:47:08,S_mixed_seed44,S,mixed,44,50044,50044,0.1,GA,solved,,0.423531,72.022871,72.022871,340.639587,207.457894,133.181694,0.390975,9.698745,9.698745,0.423545,0.102423,0.102812,0.103057,0.103079,0.103084,1.000000,4,true,21.782231,9,objective equals makespan; due-date/tardiness fields are not available in this instance format
fair|S|mixed|44|0.1|LNS,2026-06-03T14:47:08,S_mixed_seed44,S,mixed,44,50044,50044,0.1,LNS,solved,,0.419410,81.089163,81.089163,370.397508,210.570808,159.826700,0.431500,12.923569,12.923569,0.419421,0.102228,0.102063,0.103407,0.103526,0.103556,1.000000,4,true,37.112267,10,objective equals makespan; due-date/tardiness fields are not available in this instance format
fair|S|mixed|44|0.5|MOR,2026-06-03T14:47:09,S_mixed_seed44,S,mixed,44,50044,50044,0.5,MOR,solved,,0.008834,59.140706,59.140706,259.974985,153.392665,106.582320,0.409971,6.404683,6.404683,0.008844,0.000009,0.000009,0.000011,0.000012,0.000012,0.000000,0,true,0.000000,1,objective equals makespan; due-date/tardiness fields are not available in this instance format
fair|S|mixed|44|0.5|SA,2026-06-03T14:47:13,S_mixed_seed44,S,mixed,44,50044,50044,0.5,SA,solved,,2.014817,64.109903,64.109903,334.957233,192.824413,142.132820,0.424331,9.117578,9.117578,2.014830,0.501514,0.502038,0.502139,0.502148,0.502150,1.000000,4,true,8.402330,2,objective equals makespan; due-date/tardiness fields are not available in this instance format
fair|S|mixed|44|0.5|GA,2026-06-03T14:47:11,S_mixed_seed44,S,mixed,44,50044,50044,0.5,GA,solved,,2.025891,64.405481,64.405481,295.376212,179.173623,116.202589,0.393405,8.883863,8.883863,2.025903,0.504021,0.502717,0.507298,0.507706,0.507807,1.000000,4,true,8.902117,3,objective equals makespan; due-date/tardiness fields are not available in this instance format
fair|S|mixed|44|0.5|DCGA,2026-06-03T14:47:12,S_mixed_seed44,S,mixed,44,50044,50044,0.5,DCGA,solved,,1.523137,64.800396,64.800396,309.129745,202.685918,106.443826,0.344334,9.340011,9.340011,1.523152,0.505719,0.505719,0.506772,0.506866,0.506889,1.000000,3,true,9.569872,4,objective equals makespan; due-date/tardiness fields are not available in this instance format
fair|S|mixed|44|0.5|MOEA-NSGA2,2026-06-03T14:47:13,S_mixed_seed44,S,mixed,44,50044,50044,0.5,MOEA-NSGA2,solved,,1.522690,65.241609,65.241609,304.735781,179.869189,124.866591,0.409754,9.383242,9.383242,1.522700,0.505904,0.505904,0.506400,0.506444,0.506455,1.000000,3,true,10.315912,5,objective equals makespan; due-date/tardiness fields are not available in this instance format
fair|S|mixed|44|0.5|MachineRank,2026-06-03T14:47:09,S_mixed_seed44,S,mixed,44,50044,50044,0.5,MachineRank,solved,,0.008782,67.076858,67.076858,328.588171,186.663724,141.924447,0.431922,10.554807,10.554807,0.008789,0.000034,0.000034,0.000057,0.000059,0.000060,0.000000,0,true,13.419103,6,objective equals makespan; due-date/tardiness fields are not available in this instance format
fair|S|mixed|44|0.5|LNS,2026-06-03T14:47:11,S_mixed_seed44,S,mixed,44,50044,50044,0.5,LNS,solved,,2.027201,68.345792,68.345792,328.182350,193.348622,134.833728,0.410850,11.412823,11.412823,2.027213,0.503873,0.503773,0.507013,0.507301,0.507373,1.000000,4,true,15.564721,7,objective equals makespan; due-date/tardiness fields are not available in this instance format
fair|S|mixed|44|0.5|B-CORE,2026-06-03T14:47:09,S_mixed_seed44,S,mixed,44,50044,50044,0.5,B-CORE,solved,,0.020951,68.736211,68.736211,323.441973,190.749193,132.692781,0.410252,9.737473,9.737473,0.020963,0.000262,0.000262,0.000275,0.000276,0.000276,0.000000,0,true,16.224874,8,objective equals makespan; due-date/tardiness fields are not available in this instance format
fair|S|mixed|44|0.5|B-CORE-no-graph,2026-06-03T14:47:09,S_mixed_seed44,S,mixed,44,50044,50044,0.5,B-CORE-no-graph,solved,,0.015158,68.736211,68.736211,323.441973,190.749193,132.692781,0.410252,9.737473,9.737473,0.015167,0.000173,0.000173,0.000176,0.000176,0.000177,0.000000,0,true,16.224874,9,objective equals makespan; due-date/tardiness fields are not available in this instance format
fair|S|mixed|44|0.5|B-CORE-no-bottleneck,2026-06-03T14:47:09,S_mixed_seed44,S,mixed,44,50044,50044,0.5,B-CORE-no-bottleneck,solved,,0.020208,70.573919,70.573919,373.002700,205.027335,167.975365,0.450333,12.887223,12.887223,0.020219,0.000241,0.000241,0.000248,0.000249,0.000249,0.000000,0,true,19.332223,10,objective equals makespan; due-date/tardiness fields are not available in this instance format
fair|S|mixed|44|1.0|MOR,2026-06-03T14:47:12,S_mixed_seed44,S,mixed,44,50044,50044,1.0,MOR,solved,,0.009352,59.140706,59.140706,259.974985,153.392665,106.582320,0.409971,6.404683,6.404683,0.009362,0.000010,0.000010,0.000010,0.000010,0.000010,0.000000,0,true,0.000000,1,objective equals makespan; due-date/tardiness fields are not available in this instance format
fair|S|mixed|44|1.0|GA,2026-06-03T14:47:17,S_mixed_seed44,S,mixed,44,50044,50044,1.0,GA,solved,,4.026082,61.905481,61.905481,285.376212,179.173623,106.202589,0.372149,8.675529,8.675529,4.026095,1.004311,1.003748,1.007526,1.007862,1.007946,1.000000,4,true,4.674910,2,objective equals makespan; due-date/tardiness fields are not available in this instance format
fair|S|mixed|44|1.0|DCGA,2026-06-03T14:47:16,S_mixed_seed44,S,mixed,44,50044,50044,1.0,DCGA,solved,,3.020636,63.415002,63.415002,318.638399,200.614851,118.023548,0.370400,9.886780,9.886780,3.020650,1.004499,1.004499,1.006547,1.006729,1.006775,1.000000,3,true,7.227333,3,objective equals makespan; due-date/tardiness fields are not available in this instance format
fair|S|mixed|44|1.0|SA,2026-06-03T14:47:17,S_mixed_seed44,S,mixed,44,50044,50044,1.0,SA,solved,,4.028577,63.774369,63.774369,304.557851,186.244690,118.313160,0.388475,8.048162,8.048162,4.028591,1.004959,1.004191,1.007087,1.007344,1.007409,1.000000,4,true,7.834981,4,objective equals makespan; due-date/tardiness fields are not available in this instance format
fair|S|mixed|44|1.0|MOEA-NSGA2,2026-06-03T14:47:18,S_mixed_seed44,S,mixed,44,50044,50044,1.0,MOEA-NSGA2,solved,,3.020715,65.311165,65.311165,319.200792,188.087734,131.113059,0.410754,10.975956,10.975956,3.020729,1.002352,1.002352,1.003900,1.004037,1.004072,1.000000,3,true,10.433523,5,objective equals makespan; due-date/tardiness fields are not available in this instance format
fair|S|mixed|44|1.0|MachineRank,2026-06-03T14:47:12,S_mixed_seed44,S,mixed,44,50044,50044,1.0,MachineRank,solved,,0.012048,67.076858,67.076858,328.588171,186.663724,141.924447,0.431922,10.554807,10.554807,0.012058,0.000046,0.000046,0.000079,0.000081,0.000082,0.000000,0,true,13.419103,6,objective equals makespan; due-date/tardiness fields are not available in this instance format
fair|S|mixed|44|1.0|B-CORE,2026-06-03T14:47:12,S_mixed_seed44,S,mixed,44,50044,50044,1.0,B-CORE,solved,,0.019638,68.736211,68.736211,323.441973,190.749193,132.692781,0.410252,9.737473,9.737473,0.019650,0.000252,0.000252,0.000259,0.000260,0.000260,0.000000,0,true,16.224874,7,objective equals makespan; due-date/tardiness fields are not available in this instance format
fair|S|mixed|44|1.0|B-CORE-no-graph,2026-06-03T14:47:12,S_mixed_seed44,S,mixed,44,50044,50044,1.0,B-CORE-no-graph,solved,,0.020201,68.736211,68.736211,323.441973,190.749193,132.692781,0.410252,9.737473,9.737473,0.020213,0.000285,0.000285,0.000315,0.000318,0.000318,0.000000,0,true,16.224874,8,objective equals makespan; due-date/tardiness fields are not available in this instance format
fair|S|mixed|44|1.0|B-CORE-no-bottleneck,2026-06-03T14:47:12,S_mixed_seed44,S,mixed,44,50044,50044,1.0,B-CORE-no-bottleneck,solved,,0.020761,70.573919,70.573919,373.002700,205.027335,167.975365,0.450333,12.887223,12.887223,0.020773,0.000238,0.000238,0.000240,0.000240,0.000240,0.000000,0,true,19.332223,9,objective equals makespan; due-date/tardiness fields are not available in this instance format
fair|S|mixed|44|1.0|LNS,2026-06-03T14:47:15,S_mixed_seed44,S,mixed,44,50044,50044,1.0,LNS,solved,,3.015971,70.837197,70.837197,334.640354,197.514561,137.125793,0.409771,11.691183,11.691183,3.015985,1.000839,1.000839,1.001096,1.001118,1.001124,1.000000,3,true,19.777395,10,objective equals makespan; due-date/tardiness fields are not available in this instance format
fair|S|mixed|44|5.0|MOEA-NSGA2,2026-06-03T14:47:32,S_mixed_seed44,S,mixed,44,50044,50044,5.0,MOEA-NSGA2,solved,,15.026978,57.165452,57.165452,273.773141,203.473904,70.299237,0.256779,7.178594,7.178594,15.026992,5.005817,5.005817,5.008259,5.008476,5.008530,1.000000,3,true,0.000000,1,objective equals makespan; due-date/tardiness fields are not available in this instance format
fair|S|mixed|44|5.0|GA,2026-06-03T14:47:36,S_mixed_seed44,S,mixed,44,50044,50044,5.0,GA,solved,,20.020500,58.756848,58.756848,285.376212,169.173623,116.202589,0.407191,8.509838,8.509838,20.020513,5.003047,5.002492,5.004369,5.004535,5.004577,1.000000,4,true,2.783842,2,objective equals makespan; due-date/tardiness fields are not available in this instance format
fair|S|mixed|44|5.0|MOR,2026-06-03T14:47:16,S_mixed_seed44,S,mixed,44,50044,50044,5.0,MOR,solved,,0.009480,59.140706,59.140706,259.974985,153.392665,106.582320,0.409971,6.404683,6.404683,0.009493,0.000008,0.000008,0.000009,0.000009,0.000009,0.000000,0,true,3.455328,3,objective equals makespan; due-date/tardiness fields are not available in this instance format
fair|S|mixed|44|5.0|LNS,2026-06-03T14:47:28,S_mixed_seed44,S,mixed,44,50044,50044,5.0,LNS,solved,,12.390681,60.543126,60.543126,289.211572,185.558184,103.653388,0.358400,9.489258,9.489258,12.390695,3.205653,3.160408,4.012082,4.087786,4.106712,0.000000,0,true,5.908593,4,objective equals makespan; due-date/tardiness fields are not available in this instance format
fair|S|mixed|44|5.0|DCGA,2026-06-03T14:47:32,S_mixed_seed44,S,mixed,44,50044,50044,5.0,DCGA,solved,,15.021931,61.906989,61.906989,287.916541,198.543783,89.372758,0.310412,8.915747,8.915747,15.021944,5.004891,5.004891,5.007907,5.008175,5.008242,1.000000,3,true,8.294410,5,objective equals makespan; due-date/tardiness fields are not available in this instance format
fair|S|mixed|44|5.0|MachineRank,2026-06-03T14:47:16,S_mixed_seed44,S,mixed,44,50044,50044,5.0,MachineRank,solved,,0.012244,67.076858,67.076858,328.588171,186.663724,141.924447,0.431922,10.554807,10.554807,0.012257,0.000051,0.000051,0.000084,0.000087,0.000088,0.000000,0,true,17.338105,6,objective equals makespan; due-date/tardiness fields are not available in this instance format
fair|S|mixed|44|5.0|SA,2026-06-03T14:47:29,S_mixed_seed44,S,mixed,44,50044,50044,5.0,SA,solved,,12.468184,67.095342,67.095342,345.767578,216.840678,128.926900,0.372872,10.736994,10.736994,12.468194,3.187581,3.282376,4.024463,4.090427,4.106917,0.000000,0,true,17.370439,7,objective equals makespan; due-date/tardiness fields are not available in this instance format
fair|S|mixed|44|5.0|B-CORE,2026-06-03T14:47:16,S_mixed_seed44,S,mixed,44,50044,50044,5.0,B-CORE,solved,,0.020334,68.736211,68.736211,323.441973,190.749193,132.692781,0.410252,9.737473,9.737473,0.020348,0.000270,0.000270,0.000280,0.000281,0.000281,0.000000,0,true,20.240825,8,objective equals makespan; due-date/tardiness fields are not available in this instance format
fair|S|mixed|44|5.0|B-CORE-no-graph,2026-06-03T14:47:16,S_mixed_seed44,S,mixed,44,50044,50044,5.0,B-CORE-no-graph,solved,,0.021558,68.736211,68.736211,323.441973,190.749193,132.692781,0.410252,9.737473,9.737473,0.021571,0.000266,0.000266,0.000274,0.000275,0.000275,0.000000,0,true,20.240825,9,objective equals makespan; due-date/tardiness fields are not available in this instance format
fair|S|mixed|44|5.0|B-CORE-no-bottleneck,2026-06-03T14:47:16,S_mixed_seed44,S,mixed,44,50044,50044,5.0,B-CORE-no-bottleneck,solved,,0.020863,70.573919,70.573919,373.002700,205.027335,167.975365,0.450333,12.887223,12.887223,0.020878,0.000256,0.000256,0.000267,0.000267,0.000268,0.000000,0,true,23.455543,10,objective equals makespan; due-date/tardiness fields are not available in this instance format
fair|S|mixed|44|10.0|GA,2026-06-03T14:47:59,S_mixed_seed44,S,mixed,44,50044,50044,10.0,GA,solved,,40.022420,55.136211,55.136211,257.757131,167.273912,90.483219,0.351041,7.690799,7.690799,40.022439,10.002424,10.002916,10.003453,10.003500,10.003512,1.000000,4,true,0.000000,1,objective equals makespan; due-date/tardiness fields are not available in this instance format
fair|S|mixed|44|10.0|DCGA,2026-06-03T14:47:52,S_mixed_seed44,S,mixed,44,50044,50044,10.0,DCGA,solved,,30.021325,57.201295,57.201295,290.687328,186.314570,104.372758,0.359055,9.198883,9.198883,30.021338,10.005666,10.005666,10.007131,10.007261,10.007294,1.000000,3,true,3.745422,2,objective equals makespan; due-date/tardiness fields are not available in this instance format
fair|S|mixed|44|10.0|MOR,2026-06-03T14:47:18,S_mixed_seed44,S,mixed,44,50044,50044,10.0,MOR,solved,,0.009846,59.140706,59.140706,259.974985,153.392665,106.582320,0.409971,6.404683,6.404683,0.009857,0.000009,0.000009,0.000009,0.000009,0.000009,0.000000,0,true,7.262913,3,objective equals makespan; due-date/tardiness fields are not available in this instance format
fair|S|mixed|44|10.0|MOEA-NSGA2,2026-06-03T14:47:58,S_mixed_seed44,S,mixed,44,50044,50044,10.0,MOEA-NSGA2,solved,,30.018950,59.757138,59.757138,294.677081,191.416048,103.261033,0.350421,8.386977,8.386977,30.018963,10.001727,10.001727,10.002563,10.002637,10.002656,1.000000,3,true,8.380930,4,objective equals makespan; due-date/tardiness fields are not available in this instance format
fair|S|mixed|44|10.0|LNS,2026-06-03T14:47:31,S_mixed_seed44,S,mixed,44,50044,50044,10.0,LNS,solved,,12.557614,60.543126,60.543126,289.211572,185.558184,103.653388,0.358400,9.489258,9.489258,12.557624,3.172706,3.268681,3.840928,3.891795,3.904511,0.000000,0,true,9.806468,5,objective equals makespan; due-date/tardiness fields are not available in this instance format
fair|S|mixed|44|10.0|MachineRank,2026-06-03T14:47:18,S_mixed_seed44,S,mixed,44,50044,50044,10.0,MachineRank,solved,,0.012255,67.076858,67.076858,328.588171,186.663724,141.924447,0.431922,10.554807,10.554807,0.012268,0.000048,0.000048,0.000080,0.000083,0.000084,0.000000,0,true,21.656633,6,objective equals makespan; due-date/tardiness fields are not available in this instance format
fair|S|mixed|44|10.0|SA,2026-06-03T14:47:37,S_mixed_seed44,S,mixed,44,50044,50044,10.0,SA,solved,,12.750241,67.095342,67.095342,345.767578,216.840678,128.926900,0.372872,10.736994,10.736994,12.750254,3.256888,3.214291,4.007846,4.078385,4.096019,0.000000,0,true,21.690157,7,objective equals makespan; due-date/tardiness fields are not available in this instance format
fair|S|mixed|44|10.0|B-CORE,2026-06-03T14:47:18,S_mixed_seed44,S,mixed,44,50044,50044,10.0,B-CORE,solved,,0.017300,68.736211,68.736211,323.441973,190.749193,132.692781,0.410252,9.737473,9.737473,0.017310,0.000279,0.000279,0.000309,0.000311,0.000312,0.000000,0,true,24.666185,8,objective equals makespan; due-date/tardiness fields are not available in this instance format
fair|S|mixed|44|10.0|B-CORE-no-graph,2026-06-03T14:47:18,S_mixed_seed44,S,mixed,44,50044,50044,10.0,B-CORE-no-graph,solved,,0.013289,68.736211,68.736211,323.441973,190.749193,132.692781,0.410252,9.737473,9.737473,0.013299,0.000164,0.000164,0.000166,0.000167,0.000167,0.000000,0,true,24.666185,9,objective equals makespan; due-date/tardiness fields are not available in this instance format
fair|S|mixed|44|10.0|B-CORE-no-bottleneck,2026-06-03T14:47:18,S_mixed_seed44,S,mixed,44,50044,50044,10.0,B-CORE-no-bottleneck,solved,,0.014378,70.573919,70.573919,373.002700,205.027335,167.975365,0.450333,12.887223,12.887223,0.014390,0.000154,0.000154,0.000158,0.000159,0.000159,0.000000,0,true,27.999218,10,objective equals makespan; due-date/tardiness fields are not available in this instance format
fair|S|mixed|45|0.1|B-CORE-no-bottleneck,2026-06-03T14:47:29,S_mixed_seed45,S,mixed,45,50045,50045,0.1,B-CORE-no-bottleneck,solved,,0.016751,60.620995,60.620995,273.908747,170.885199,103.023548,0.376124,12.750432,12.750432,0.016763,0.000237,0.000237,0.000247,0.000247,0.000248,0.000000,0,true,0.000000,1,objective equals makespan; due-date/tardiness fields are not available in this instance format
fair|S|mixed|45|0.1|B-CORE,2026-06-03T14:47:29,S_mixed_seed45,S,mixed,45,50045,50045,0.1,B-CORE,solved,,0.016385,62.530825,62.530825,273.908747,167.956267,105.952480,0.386817,11.997053,11.997053,0.016397,0.000210,0.000210,0.000265,0.000270,0.000271,0.000000,0,true,3.150443,2,objective equals makespan; due-date/tardiness fields are not available in this instance format
fair|S|mixed|45|0.1|B-CORE-no-graph,2026-06-03T14:47:29,S_mixed_seed45,S,mixed,45,50045,50045,0.1,B-CORE-no-graph,solved,,0.016615,62.530825,62.530825,273.908747,167.956267,105.952480,0.386817,11.997053,11.997053,0.016627,0.000284,0.000284,0.000288,0.000288,0.000288,0.000000,0,true,3.150443,3,objective equals makespan; due-date/tardiness fields are not available in this instance format
fair|S|mixed|45|0.1|DCGA,2026-06-03T14:47:30,S_mixed_seed45,S,mixed,45,50045,50045,0.1,DCGA,solved,,0.320499,66.421600,66.421600,298.548280,188.625022,109.923258,0.368193,12.439563,12.439563,0.320513,0.105863,0.105863,0.106388,0.106434,0.106446,1.000000,3,true,9.568640,4,objective equals makespan; due-date/tardiness fields are not available in this instance format
fair|S|mixed|45|0.1|GA,2026-06-03T14:47:30,S_mixed_seed45,S,mixed,45,50045,50045,0.1,GA,solved,,0.318875,66.472054,66.472054,279.178562,169.555640,109.622922,0.392662,10.492599,10.492599,0.318889,0.104515,0.104515,0.105864,0.105984,0.106014,1.000000,3,true,9.651869,5,objective equals makespan; due-date/tardiness fields are not available in this instance format
fair|S|mixed|45|0.1|MachineRank,2026-06-03T14:47:29,S_mixed_seed45,S,mixed,45,50045,50045,0.1,MachineRank,solved,,0.009295,67.172961,67.172961,334.349477,183.074521,151.274956,0.452446,15.855154,15.855154,0.009308,0.000042,0.000042,0.000071,0.000074,0.000075,0.000000,0,true,10.808081,6,objective equals makespan; due-date/tardiness fields are not available in this instance format
fair|S|mixed|45|0.1|MOEA-NSGA2,2026-06-03T14:47:31,S_mixed_seed45,S,mixed,45,50045,50045,0.1,MOEA-NSGA2,solved,,0.317046,68.512079,68.512079,324.061764,183.265530,140.796234,0.434473,12.626381,12.626381,0.317055,0.103448,0.103448,0.105358,0.105528,0.105571,1.000000,3,true,13.017081,7,objective equals makespan; due-date/tardiness fields are not available in this instance format
fair|S|mixed|45|0.1|MOR,2026-06-03T14:47:29,S_mixed_seed45,S,mixed,45,50045,50045,0.1,MOR,solved,,0.007790,69.980109,69.980109,257.124859,159.731150,97.393708,0.378780,9.553190,9.553190,0.007802,0.000008,0.000008,0.000009,0.000009,0.000009,0.000000,0,true,15.438734,8,objective equals makespan; due-date/tardiness fields are not available in this instance format
fair|S|mixed|45|0.1|LNS,2026-06-03T14:47:30,S_mixed_seed45,S,mixed,45,50045,50045,0.1,LNS,solved,,0.316716,70.113908,70.113908,283.430026,174.503126,108.926900,0.384317,10.995789,10.995789,0.316730,0.103605,0.103605,0.103629,0.103631,0.103632,1.000000,3,true,15.659448,9,objective equals makespan; due-date/tardiness fields are not available in this instance format
fair|S|mixed|45|0.1|SA,2026-06-03T14:47:31,S_mixed_seed45,S,mixed,45,50045,50045,0.1,SA,solved,,0.318684,72.518090,72.518090,290.639587,184.136607,106.502981,0.366443,11.162908,11.162908,0.318700,0.102871,0.102871,0.103951,0.104047,0.104071,1.000000,3,true,19.625371,10,objective equals makespan; due-date/tardiness fields are not available in this instance format
fair|S|mixed|45|0.5|DCGA,2026-06-03T14:47:33,S_mixed_seed45,S,mixed,45,50045,50045,0.5,DCGA,solved,,1.515363,57.214689,57.214689,240.231588,156.821869,83.409718,0.347205,9.382146,9.382146,1.515372,0.503701,0.503701,0.503705,0.503706,0.503706,1.000000,3,true,0.000000,1,objective equals makespan; due-date/tardiness fields are not available in this instance format
fair|S|mixed|45|0.5|GA,2026-06-03T14:47:33,S_mixed_seed45,S,mixed,45,50045,50045,0.5,GA,solved,,1.516621,57.994983,57.994983,269.135508,167.395042,101.740466,0.378027,8.830110,8.830110,1.516636,0.502076,0.502076,0.503491,0.503617,0.503649,1.000000,3,true,1.363800,2,objective equals makespan; due-date/tardiness fields are not available in this instance format
fair|S|mixed|45|0.5|B-CORE-no-bottleneck,2026-06-03T14:47:31,S_mixed_seed45,S,mixed,45,50045,50045,0.5,B-CORE-no-bottleneck,solved,,0.013910,60.620995,60.620995,273.908747,170.885199,103.023548,0.376124,12.750432,12.750432,0.013922,0.000274,0.000274,0.000369,0.000378,0.000380,0.000000,0,true,5.953552,3,objective equals makespan; due-date/tardiness fields are not available in this instance format
fair|S|mixed|45|0.5|SA,2026-06-03T14:47:34,S_mixed_seed45,S,mixed,45,50045,50045,0.5,SA,solved,,1.516936,61.970233,61.970233,268.062242,165.108573,102.953669,0.384066,10.315903,10.315903,1.516949,0.502547,0.502547,0.503635,0.503732,0.503756,1.000000,3,true,8.311754,4,objective equals makespan; due-date/tardiness fields are not available in this instance format
fair|S|mixed|45|0.5|B-CORE,2026-06-03T14:47:31,S_mixed_seed45,S,mixed,45,50045,50045,0.5,B-CORE,solved,,0.015703,62.530825,62.530825,273.908747,167.956267,105.952480,0.386817,11.997053,11.997053,0.015715,0.000173,0.000173,0.000185,0.000186,0.000186,0.000000,0,true,9.291558,5,objective equals makespan; due-date/tardiness fields are not available in this instance format
fair|S|mixed|45|0.5|B-CORE-no-graph,2026-06-03T14:47:31,S_mixed_seed45,S,mixed,45,50045,50045,0.5,B-CORE-no-graph,solved,,0.017292,62.530825,62.530825,273.908747,167.956267,105.952480,0.386817,11.997053,11.997053,0.017306,0.000252,0.000252,0.000260,0.000260,0.000261,0.000000,0,true,9.291558,6,objective equals makespan; due-date/tardiness fields are not available in this instance format
fair|S|mixed|45|0.5|MOEA-NSGA2,2026-06-03T14:47:34,S_mixed_seed45,S,mixed,45,50045,50045,0.5,MOEA-NSGA2,solved,,1.514206,62.535612,62.535612,272.074631,174.522777,97.551854,0.358548,9.805699,9.805699,1.514216,0.503321,0.503321,0.505588,0.505790,0.505840,1.000000,3,true,9.299925,7,objective equals makespan; due-date/tardiness fields are not available in this instance format
fair|S|mixed|45|0.5|LNS,2026-06-03T14:47:33,S_mixed_seed45,S,mixed,45,50045,50045,0.5,LNS,solved,,1.521638,65.007587,65.007587,268.746316,166.593845,102.152472,0.380107,10.638498,10.638498,1.521652,0.504342,0.504342,0.506090,0.506246,0.506285,1.000000,3,true,13.620450,8,objective equals makespan; due-date/tardiness fields are not available in this instance format
fair|S|mixed|45|0.5|MachineRank,2026-06-03T14:47:31,S_mixed_seed45,S,mixed,45,50045,50045,0.5,MachineRank,solved,,0.010953,67.172961,67.172961,334.349477,183.074521,151.274956,0.452446,15.855154,15.855154,0.010965,0.000044,0.000044,0.000075,0.000078,0.000078,0.000000,0,true,17.405097,9,objective equals makespan; due-date/tardiness fields are not available in this instance format
fair|S|mixed|45|0.5|MOR,2026-06-03T14:47:31,S_mixed_seed45,S,mixed,45,50045,50045,0.5,MOR,solved,,0.008924,69.980109,69.980109,257.124859,159.731150,97.393708,0.378780,9.553190,9.553190,0.008939,0.000011,0.000011,0.000011,0.000011,0.000011,0.000000,0,true,22.311438,10,objective equals makespan; due-date/tardiness fields are not available in this instance format
fair|S|mixed|45|1.0|GA,2026-06-03T14:47:36,S_mixed_seed45,S,mixed,45,50045,50045,1.0,GA,solved,,3.012248,54.915597,54.915597,242.428071,146.442727,95.985344,0.395933,8.619804,8.619804,3.012262,1.002178,1.002178,1.003637,1.003767,1.003799,1.000000,3,true,0.000000,1,objective equals makespan; due-date/tardiness fields are not available in this instance format
fair|S|mixed|45|1.0|DCGA,2026-06-03T14:47:37,S_mixed_seed45,S,mixed,45,50045,50045,1.0,DCGA,solved,,3.019068,58.005767,58.005767,225.494909,154.522777,70.972132,0.314739,9.318492,9.318492,3.019082,1.005056,1.005056,1.005259,1.005277,1.005281,1.000000,3,true,5.627126,2,objective equals makespan; due-date/tardiness fields are not available in this instance format
fair|S|mixed|45|1.0|LNS,2026-06-03T14:47:36,S_mixed_seed45,S,mixed,45,50045,50045,1.0,LNS,solved,,3.017543,58.896850,58.896850,259.580377,164.694134,94.886243,0.365537,9.103749,9.103749,3.017556,1.003966,1.003966,1.006125,1.006317,1.006365,1.000000,3,true,7.249767,3,objective equals makespan; due-date/tardiness fields are not available in this instance format
fair|S|mixed|45|1.0|MOEA-NSGA2,2026-06-03T14:47:39,S_mixed_seed45,S,mixed,45,50045,50045,1.0,MOEA-NSGA2,solved,,3.017208,59.470233,59.470233,232.414859,147.484573,84.930286,0.365425,9.736937,9.736937,3.017220,1.003365,1.003365,1.005701,1.005909,1.005960,1.000000,3,true,8.293884,4,objective equals makespan; due-date/tardiness fields are not available in this instance format
fair|S|mixed|45|1.0|B-CORE-no-bottleneck,2026-06-03T14:47:33,S_mixed_seed45,S,mixed,45,50045,50045,1.0,B-CORE-no-bottleneck,solved,,0.018078,60.620995,60.620995,273.908747,170.885199,103.023548,0.376124,12.750432,12.750432,0.018091,0.000242,0.000242,0.000253,0.000254,0.000254,0.000000,0,true,10.389394,5,objective equals makespan; due-date/tardiness fields are not available in this instance format
fair|S|mixed|45|1.0|B-CORE,2026-06-03T14:47:33,S_mixed_seed45,S,mixed,45,50045,50045,1.0,B-CORE,solved,,0.018691,62.530825,62.530825,273.908747,167.956267,105.952480,0.386817,11.997053,11.997053,0.018706,0.000244,0.000244,0.000249,0.000250,0.000250,0.000000,0,true,13.867150,6,objective equals makespan; due-date/tardiness fields are not available in this instance format
fair|S|mixed|45|1.0|B-CORE-no-graph,2026-06-03T14:47:33,S_mixed_seed45,S,mixed,45,50045,50045,1.0,B-CORE-no-graph,solved,,0.018395,62.530825,62.530825,273.908747,167.956267,105.952480,0.386817,11.997053,11.997053,0.018409,0.000245,0.000245,0.000249,0.000249,0.000249,0.000000,0,true,13.867150,7,objective equals makespan; due-date/tardiness fields are not available in this instance format
fair|S|mixed|45|1.0|SA,2026-06-03T14:47:37,S_mixed_seed45,S,mixed,45,50045,50045,1.0,SA,solved,,3.017626,64.285757,64.285757,288.856087,177.484573,111.371514,0.385561,9.756405,9.756405,3.017639,1.004180,1.004180,1.005431,1.005542,1.005570,1.000000,3,true,17.062839,8,objective equals makespan; due-date/tardiness fields are not available in this instance format
fair|S|mixed|45|1.0|MachineRank,2026-06-03T14:47:33,S_mixed_seed45,S,mixed,45,50045,50045,1.0,MachineRank,solved,,0.009775,67.172961,67.172961,334.349477,183.074521,151.274956,0.452446,15.855154,15.855154,0.009789,0.000044,0.000044,0.000075,0.000078,0.000079,0.000000,0,true,22.320369,9,objective equals makespan; due-date/tardiness fields are not available in this instance format
fair|S|mixed|45|1.0|MOR,2026-06-03T14:47:33,S_mixed_seed45,S,mixed,45,50045,50045,1.0,MOR,solved,,0.008535,69.980109,69.980109,257.124859,159.731150,97.393708,0.378780,9.553190,9.553190,0.008547,0.000010,0.000010,0.000011,0.000012,0.000012,0.000000,0,true,27.432119,10,objective equals makespan; due-date/tardiness fields are not available in this instance format
fair|S|mixed|45|5.0|GA,2026-06-03T14:47:51,S_mixed_seed45,S,mixed,45,50045,50045,5.0,GA,solved,,15.015203,55.934699,55.934699,239.703760,154.143634,85.560126,0.356941,8.327145,8.327145,15.015217,5.001933,5.001933,5.003269,5.003388,5.003418,1.000000,3,true,0.000000,1,objective equals makespan; due-date/tardiness fields are not available in this instance format
fair|S|mixed|45|5.0|DCGA,2026-06-03T14:47:52,S_mixed_seed45,S,mixed,45,50045,50045,5.0,DCGA,solved,,15.011824,55.934699,55.934699,232.565976,151.593845,80.972132,0.348168,9.318492,9.318492,15.011838,5.001778,5.001778,5.002928,5.003030,5.003056,1.000000,3,true,0.000000,2,objective equals makespan; due-date/tardiness fields are not available in this instance format
fair|S|mixed|45|5.0|MOEA-NSGA2,2026-06-03T14:47:52,S_mixed_seed45,S,mixed,45,50045,50045,5.0,MOEA-NSGA2,solved,,15.015580,56.986665,56.986665,246.252063,154.294752,91.957311,0.373428,11.042414,11.042414,15.015593,5.002861,5.002861,5.004104,5.004215,5.004242,1.000000,3,true,1.880704,3,objective equals makespan; due-date/tardiness fields are not available in this instance format
fair|S|mixed|45|5.0|LNS,2026-06-03T14:47:44,S_mixed_seed45,S,mixed,45,50045,50045,5.0,LNS,solved,,7.669826,58.896850,58.896850,259.580377,164.694134,94.886243,0.365537,9.103749,9.103749,7.669840,2.693388,2.693388,2.870100,2.885808,2.889735,0.000000,0,true,5.295731,4,objective equals makespan; due-date/tardiness fields are not available in this instance format
fair|S|mixed|45|5.0|SA,2026-06-03T14:47:45,S_mixed_seed45,S,mixed,45,50045,50045,5.0,SA,solved,,7.504333,59.991156,59.991156,251.357693,158.404024,92.953669,0.369806,10.692499,10.692499,7.504347,2.636140,2.636140,2.730822,2.739239,2.741343,0.000000,0,true,7.252130,5,objective equals makespan; due-date/tardiness fields are not available in this instance format
fair|S|mixed|45|5.0|B-CORE-no-bottleneck,2026-06-03T14:47:36,S_mixed_seed45,S,mixed,45,50045,50045,5.0,B-CORE-no-bottleneck,solved,,0.016839,60.620995,60.620995,273.908747,170.885199,103.023548,0.376124,12.750432,12.750432,0.016851,0.000247,0.000247,0.000252,0.000252,0.000252,0.000000,0,true,8.378155,6,objective equals makespan; due-date/tardiness fields are not available in this instance format
fair|S|mixed|45|5.0|B-CORE,2026-06-03T14:47:36,S_mixed_seed45,S,mixed,45,50045,50045,5.0,B-CORE,solved,,0.020877,62.530825,62.530825,273.908747,167.956267,105.952480,0.386817,11.997053,11.997053,0.020892,0.000245,0.000245,0.000263,0.000264,0.000265,0.000000,0,true,11.792548,7,objective equals makespan; due-date/tardiness fields are not available in this instance format
fair|S|mixed|45|5.0|B-CORE-no-graph,2026-06-03T14:47:36,S_mixed_seed45,S,mixed,45,50045,50045,5.0,B-CORE-no-graph,solved,,0.017639,62.530825,62.530825,273.908747,167.956267,105.952480,0.386817,11.997053,11.997053,0.017651,0.000242,0.000242,0.000257,0.000258,0.000259,0.000000,0,true,11.792548,8,objective equals makespan; due-date/tardiness fields are not available in this instance format
fair|S|mixed|45|5.0|MachineRank,2026-06-03T14:47:36,S_mixed_seed45,S,mixed,45,50045,50045,5.0,MachineRank,solved,,0.009233,67.172961,67.172961,334.349477,183.074521,151.274956,0.452446,15.855154,15.855154,0.009243,0.000042,0.000042,0.000072,0.000075,0.000075,0.000000,0,true,20.091754,9,objective equals makespan; due-date/tardiness fields are not available in this instance format
fair|S|mixed|45|5.0|MOR,2026-06-03T14:47:36,S_mixed_seed45,S,mixed,45,50045,50045,5.0,MOR,solved,,0.007837,69.980109,69.980109,257.124859,159.731150,97.393708,0.378780,9.553190,9.553190,0.007846,0.000008,0.000008,0.000009,0.000009,0.000009,0.000000,0,true,25.110370,10,objective equals makespan; due-date/tardiness fields are not available in this instance format
fair|S|mixed|45|10.0|DCGA,2026-06-03T14:48:11,S_mixed_seed45,S,mixed,45,50045,50045,10.0,DCGA,solved,,30.013770,55.934699,55.934699,232.565976,151.593845,80.972132,0.348168,9.318492,9.318492,30.013784,10.002648,10.002648,10.004516,10.004682,10.004723,1.000000,3,true,0.000000,1,objective equals makespan; due-date/tardiness fields are not available in this instance format
fair|S|mixed|45|10.0|MOEA-NSGA2,2026-06-03T14:48:15,S_mixed_seed45,S,mixed,45,50045,50045,10.0,MOEA-NSGA2,solved,,30.017467,55.934699,55.934699,232.337952,154.294752,78.043200,0.335904,9.773626,9.773626,30.017480,10.002705,10.002705,10.003272,10.003323,10.003335,1.000000,3,true,0.000000,2,objective equals makespan; due-date/tardiness fields are not available in this instance format
fair|S|mixed|45|10.0|GA,2026-06-03T14:48:10,S_mixed_seed45,S,mixed,45,50045,50045,10.0,GA,solved,,30.015517,57.936520,57.936520,272.901664,169.327616,103.574048,0.379529,10.765238,10.765238,30.015530,10.002706,10.002706,10.003835,10.003936,10.003961,1.000000,3,true,3.578854,3,objective equals makespan; due-date/tardiness fields are not available in this instance format
fair|S|mixed|45|10.0|LNS,2026-06-03T14:47:47,S_mixed_seed45,S,mixed,45,50045,50045,10.0,LNS,solved,,7.895442,58.896850,58.896850,259.580377,164.694134,94.886243,0.365537,9.103749,9.103749,7.895455,2.781734,2.781734,2.860854,2.867887,2.869645,0.000000,0,true,5.295731,4,objective equals makespan; due-date/tardiness fields are not available in this instance format
fair|S|mixed|45|10.0|SA,2026-06-03T14:47:51,S_mixed_seed45,S,mixed,45,50045,50045,10.0,SA,solved,,7.359289,59.991156,59.991156,251.357693,158.404024,92.953669,0.369806,10.692499,10.692499,7.359303,2.611642,2.611642,2.709939,2.718676,2.720861,0.000000,0,true,7.252130,5,objective equals makespan; due-date/tardiness fields are not available in this instance format
fair|S|mixed|45|10.0|B-CORE-no-bottleneck,2026-06-03T14:47:39,S_mixed_seed45,S,mixed,45,50045,50045,10.0,B-CORE-no-bottleneck,solved,,0.016657,60.620995,60.620995,273.908747,170.885199,103.023548,0.376124,12.750432,12.750432,0.016667,0.000237,0.000237,0.000245,0.000245,0.000245,0.000000,0,true,8.378155,6,objective equals makespan; due-date/tardiness fields are not available in this instance format
fair|S|mixed|45|10.0|B-CORE,2026-06-03T14:47:39,S_mixed_seed45,S,mixed,45,50045,50045,10.0,B-CORE,solved,,0.016555,62.530825,62.530825,273.908747,167.956267,105.952480,0.386817,11.997053,11.997053,0.016568,0.000240,0.000240,0.000247,0.000248,0.000248,0.000000,0,true,11.792548,7,objective equals makespan; due-date/tardiness fields are not available in this instance format
fair|S|mixed|45|10.0|B-CORE-no-graph,2026-06-03T14:47:39,S_mixed_seed45,S,mixed,45,50045,50045,10.0,B-CORE-no-graph,solved,,0.016664,62.530825,62.530825,273.908747,167.956267,105.952480,0.386817,11.997053,11.997053,0.016675,0.000234,0.000234,0.000235,0.000235,0.000236,0.000000,0,true,11.792548,8,objective equals makespan; due-date/tardiness fields are not available in this instance format
fair|S|mixed|45|10.0|MachineRank,2026-06-03T14:47:39,S_mixed_seed45,S,mixed,45,50045,50045,10.0,MachineRank,solved,,0.009317,67.172961,67.172961,334.349477,183.074521,151.274956,0.452446,15.855154,15.855154,0.009328,0.000043,0.000043,0.000074,0.000077,0.000078,0.000000,0,true,20.091754,9,objective equals makespan; due-date/tardiness fields are not available in this instance format
fair|S|mixed|45|10.0|MOR,2026-06-03T14:47:39,S_mixed_seed45,S,mixed,45,50045,50045,10.0,MOR,solved,,0.007668,69.980109,69.980109,257.124859,159.731150,97.393708,0.378780,9.553190,9.553190,0.007678,0.000008,0.000008,0.000008,0.000008,0.000008,0.000000,0,true,25.110370,10,objective equals makespan; due-date/tardiness fields are not available in this instance format
fair|S|mixed|46|0.1|B-CORE,2026-06-03T14:47:47,S_mixed_seed46,S,mixed,46,50046,50046,0.1,B-CORE,solved,,0.009662,41.076999,41.076999,167.538241,104.049183,63.489058,0.378953,5.997401,5.997401,0.009671,0.000166,0.000166,0.000174,0.000175,0.000175,0.000000,0,true,0.000000,1,objective equals makespan; due-date/tardiness fields are not available in this instance format
fair|S|mixed|46|0.1|B-CORE-no-graph,2026-06-03T14:47:47,S_mixed_seed46,S,mixed,46,50046,50046,0.1,B-CORE-no-graph,solved,,0.008533,41.076999,41.076999,167.538241,104.049183,63.489058,0.378953,5.997401,5.997401,0.008541,0.000169,0.000169,0.000178,0.000178,0.000178,0.000000,0,true,0.000000,2,objective equals makespan; due-date/tardiness fields are not available in this instance format
fair|S|mixed|46|0.1|B-CORE-no-bottleneck,2026-06-03T14:47:47,S_mixed_seed46,S,mixed,46,50046,50046,0.1,B-CORE-no-bottleneck,solved,,0.008564,41.076999,41.076999,167.538241,104.049183,63.489058,0.378953,5.997401,5.997401,0.008572,0.000171,0.000171,0.000174,0.000175,0.000175,0.000000,0,true,0.000000,3,objective equals makespan; due-date/tardiness fields are not available in this instance format
fair|S|mixed|46|0.1|MachineRank,2026-06-03T14:47:47,S_mixed_seed46,S,mixed,46,50046,50046,0.1,MachineRank,solved,,0.004897,43.734699,43.734699,175.789649,110.229523,65.560126,0.372946,6.524719,6.524719,0.004904,0.000048,0.000048,0.000048,0.000048,0.000048,0.000000,0,true,6.470044,4,objective equals makespan; due-date/tardiness fields are not available in this instance format
fair|S|mixed|46|0.1|MOEA-NSGA2,2026-06-03T14:47:48,S_mixed_seed46,S,mixed,46,50046,50046,0.1,MOEA-NSGA2,solved,,0.311937,44.788381,44.788381,180.651155,110.091029,70.560126,0.390588,6.702910,6.702910,0.311950,0.102750,0.102750,0.102935,0.102951,0.102955,1.000000,3,true,9.035183,5,objective equals makespan; due-date/tardiness fields are not available in this instance format
fair|S|mixed|46|0.1|SA,2026-06-03T14:47:48,S_mixed_seed46,S,mixed,46,50046,50046,0.1,SA,solved,,0.311759,44.938237,44.938237,203.411217,129.371659,74.039558,0.363990,7.442298,7.442298,0.311772,0.102256,0.102256,0.102528,0.102553,0.102559,1.000000,3,true,9.400000,6,objective equals makespan; due-date/tardiness fields are not available in this instance format
fair|S|mixed|46|0.1|GA,2026-06-03T14:47:47,S_mixed_seed46,S,mixed,46,50046,50046,0.1,GA,solved,,0.312663,45.565143,45.565143,215.152782,124.200301,90.952480,0.422734,8.304544,8.304544,0.312677,0.103173,0.103173,0.103742,0.103793,0.103805,1.000000,3,true,10.926173,7,objective equals makespan; due-date/tardiness fields are not available in this instance format
fair|S|mixed|46|0.1|DCGA,2026-06-03T14:47:47,S_mixed_seed46,S,mixed,46,50046,50046,0.1,DCGA,solved,,0.314943,46.165143,46.165143,223.114578,120.091029,103.023548,0.461752,8.621156,8.621156,0.314955,0.103402,0.103402,0.104991,0.105132,0.105167,1.000000,3,true,12.386845,8,objective equals makespan; due-date/tardiness fields are not available in this instance format
fair|S|mixed|46|0.1|LNS,2026-06-03T14:47:47,S_mixed_seed46,S,mixed,46,50046,50046,0.1,LNS,solved,,0.309099,50.325473,50.325473,239.683520,138.972277,100.711244,0.420184,9.634380,9.634380,0.309113,0.101177,0.101177,0.101321,0.101333,0.101336,1.000000,3,true,22.514970,9,objective equals makespan; due-date/tardiness fields are not available in this instance format
fair|S|mixed|46|0.1|MOR,2026-06-03T14:47:47,S_mixed_seed46,S,mixed,46,50046,50046,0.1,MOR,solved,,0.004034,51.294075,51.294075,186.680377,106.120251,80.560126,0.431540,6.562505,6.562505,0.004040,0.000006,0.000006,0.000007,0.000007,0.000007,0.000000,0,true,24.872985,10,objective equals makespan; due-date/tardiness fields are not available in this instance format
fair|S|mixed|46|0.5|GA,2026-06-03T14:47:49,S_mixed_seed46,S,mixed,46,50046,50046,0.5,GA,solved,,1.512901,38.094075,38.094075,168.808112,108.019961,60.788150,0.360102,6.493825,6.493825,1.512916,0.502509,0.502509,0.502515,0.502516,0.502516,1.000000,3,true,0.000000,1,objective equals makespan; due-date/tardiness fields are not available in this instance format
fair|S|mixed|46|0.5|MOEA-NSGA2,2026-06-03T14:47:52,S_mixed_seed46,S,mixed,46,50046,50046,0.5,MOEA-NSGA2,solved,,1.515224,39.855313,39.855313,163.718581,103.158456,60.560126,0.369904,6.530664,6.530664,1.515237,0.504122,0.504122,0.504491,0.504524,0.504532,1.000000,3,true,4.623391,2,objective equals makespan; due-date/tardiness fields are not available in this instance format
fair|S|mixed|46|0.5|LNS,2026-06-03T14:47:49,S_mixed_seed46,S,mixed,46,50046,50046,0.5,LNS,solved,,1.511576,40.341465,40.341465,147.538241,99.049183,48.489058,0.328654,6.014623,6.014623,1.511589,0.502205,0.502205,0.503796,0.503937,0.503972,1.000000,3,true,5.899579,3,objective equals makespan; due-date/tardiness fields are not available in this instance format
fair|S|mixed|46|0.5|B-CORE,2026-06-03T14:47:48,S_mixed_seed46,S,mixed,46,50046,50046,0.5,B-CORE,solved,,0.011269,41.076999,41.076999,167.538241,104.049183,63.489058,0.378953,5.997401,5.997401,0.011280,0.000271,0.000271,0.000358,0.000366,0.000368,0.000000,0,true,7.830415,4,objective equals makespan; due-date/tardiness fields are not available in this instance format
fair|S|mixed|46|0.5|B-CORE-no-graph,2026-06-03T14:47:48,S_mixed_seed46,S,mixed,46,50046,50046,0.5,B-CORE-no-graph,solved,,0.010954,41.076999,41.076999,167.538241,104.049183,63.489058,0.378953,5.997401,5.997401,0.010965,0.000255,0.000255,0.000325,0.000331,0.000333,0.000000,0,true,7.830415,5,objective equals makespan; due-date/tardiness fields are not available in this instance format
fair|S|mixed|46|0.5|B-CORE-no-bottleneck,2026-06-03T14:47:48,S_mixed_seed46,S,mixed,46,50046,50046,0.5,B-CORE-no-bottleneck,solved,,0.012468,41.076999,41.076999,167.538241,104.049183,63.489058,0.378953,5.997401,5.997401,0.012479,0.000265,0.000265,0.000287,0.000289,0.000290,0.000000,0,true,7.830415,6,objective equals makespan; due-date/tardiness fields are not available in this instance format
fair|S|mixed|46|0.5|DCGA,2026-06-03T14:47:51,S_mixed_seed46,S,mixed,46,50046,50046,0.5,DCGA,solved,,1.512976,41.312533,41.312533,196.831495,113.019961,83.811533,0.425803,7.868989,7.868989,1.512988,0.503067,0.503067,0.503932,0.504009,0.504028,1.000000,3,true,8.448710,7,objective equals makespan; due-date/tardiness fields are not available in this instance format
fair|S|mixed|46|0.5|SA,2026-06-03T14:47:51,S_mixed_seed46,S,mixed,46,50046,50046,0.5,SA,solved,,1.513499,42.065143,42.065143,187.963460,116.120251,71.843208,0.382219,7.223010,7.223010,1.513508,0.503388,0.503388,0.503667,0.503692,0.503698,1.000000,3,true,10.424372,8,objective equals makespan; due-date/tardiness fields are not available in this instance format
fair|S|mixed|46|0.5|MachineRank,2026-06-03T14:47:48,S_mixed_seed46,S,mixed,46,50046,50046,0.5,MachineRank,solved,,0.007474,43.734699,43.734699,175.789649,110.229523,65.560126,0.372946,6.524719,6.524719,0.007485,0.000096,0.000096,0.000102,0.000103,0.000103,0.000000,0,true,14.807090,9,objective equals makespan; due-date/tardiness fields are not available in this instance format
fair|S|mixed|46|0.5|MOR,2026-06-03T14:47:48,S_mixed_seed46,S,mixed,46,50046,50046,0.5,MOR,solved,,0.005933,51.294075,51.294075,186.680377,106.120251,80.560126,0.431540,6.562505,6.562505,0.005943,0.000008,0.000008,0.000009,0.000009,0.000010,0.000000,0,true,34.651058,10,objective equals makespan; due-date/tardiness fields are not available in this instance format
fair|S|mixed|46|1.0|GA,2026-06-03T14:47:54,S_mixed_seed46,S,mixed,46,50046,50046,1.0,GA,solved,,3.009537,35.644529,35.644529,167.917384,112.129234,55.788150,0.332236,6.465990,6.465990,3.009550,1.001517,1.001517,1.002460,1.002544,1.002565,1.000000,3,true,0.000000,1,objective equals makespan; due-date/tardiness fields are not available in this instance format
fair|S|mixed|46|1.0|LNS,2026-06-03T14:47:54,S_mixed_seed46,S,mixed,46,50046,50046,1.0,LNS,solved,,3.011521,38.094075,38.094075,175.879180,110.091029,65.788150,0.374053,6.744959,6.744959,3.011535,1.002320,1.002320,1.003230,1.003310,1.003331,1.000000,3,true,6.872151,2,objective equals makespan; due-date/tardiness fields are not available in this instance format
fair|S|mixed|46|1.0|MOEA-NSGA2,2026-06-03T14:47:55,S_mixed_seed46,S,mixed,46,50046,50046,1.0,MOEA-NSGA2,solved,,3.012005,39.855313,39.855313,163.718581,103.158456,60.560126,0.369904,6.530664,6.530664,3.012018,1.002637,1.002637,1.002757,1.002767,1.002770,1.000000,3,true,11.813269,3,objective equals makespan; due-date/tardiness fields are not available in this instance format
fair|S|mixed|46|1.0|B-CORE,2026-06-03T14:47:51,S_mixed_seed46,S,mixed,46,50046,50046,1.0,B-CORE,solved,,0.008249,41.076999,41.076999,167.538241,104.049183,63.489058,0.378953,5.997401,5.997401,0.008257,0.000168,0.000168,0.000172,0.000172,0.000172,0.000000,0,true,15.240684,4,objective equals makespan; due-date/tardiness fields are not available in this instance format
fair|S|mixed|46|1.0|B-CORE-no-graph,2026-06-03T14:47:51,S_mixed_seed46,S,mixed,46,50046,50046,1.0,B-CORE-no-graph,solved,,0.008178,41.076999,41.076999,167.538241,104.049183,63.489058,0.378953,5.997401,5.997401,0.008184,0.000163,0.000163,0.000170,0.000171,0.000171,0.000000,0,true,15.240684,5,objective equals makespan; due-date/tardiness fields are not available in this instance format
fair|S|mixed|46|1.0|B-CORE-no-bottleneck,2026-06-03T14:47:51,S_mixed_seed46,S,mixed,46,50046,50046,1.0,B-CORE-no-bottleneck,solved,,0.008044,41.076999,41.076999,167.538241,104.049183,63.489058,0.378953,5.997401,5.997401,0.008050,0.000163,0.000163,0.000169,0.000170,0.000170,0.000000,0,true,15.240684,6,objective equals makespan; due-date/tardiness fields are not available in this instance format
fair|S|mixed|46|1.0|DCGA,2026-06-03T14:47:54,S_mixed_seed46,S,mixed,46,50046,50046,1.0,DCGA,solved,,3.011386,41.076999,41.076999,191.831495,113.019961,78.811533,0.410837,7.762739,7.762739,3.011395,1.002003,1.002003,1.002267,1.002290,1.002296,1.000000,3,true,15.240684,7,objective equals makespan; due-date/tardiness fields are not available in this instance format
fair|S|mixed|46|1.0|MachineRank,2026-06-03T14:47:51,S_mixed_seed46,S,mixed,46,50046,50046,1.0,MachineRank,solved,,0.004782,43.734699,43.734699,175.789649,110.229523,65.560126,0.372946,6.524719,6.524719,0.004789,0.000049,0.000049,0.000050,0.000050,0.000050,0.000000,0,true,22.696807,8,objective equals makespan; due-date/tardiness fields are not available in this instance format
fair|S|mixed|46|1.0|SA,2026-06-03T14:47:55,S_mixed_seed46,S,mixed,46,50046,50046,1.0,SA,solved,,3.015090,44.899165,44.899165,216.043510,120.091029,95.952480,0.444135,8.497538,8.497538,3.015103,1.003508,1.003508,1.004248,1.004314,1.004330,1.000000,3,true,25.963693,9,objective equals makespan; due-date/tardiness fields are not available in this instance format
fair|S|mixed|46|1.0|MOR,2026-06-03T14:47:51,S_mixed_seed46,S,mixed,46,50046,50046,1.0,MOR,solved,,0.003855,51.294075,51.294075,186.680377,106.120251,80.560126,0.431540,6.562505,6.562505,0.003861,0.000006,0.000006,0.000007,0.000007,0.000007,0.000000,0,true,43.904483,10,objective equals makespan; due-date/tardiness fields are not available in this instance format
fair|S|mixed|46|5.0|LNS,2026-06-03T14:47:58,S_mixed_seed46,S,mixed,46,50046,50046,5.0,LNS,solved,,5.371988,35.644529,35.644529,167.917384,112.129234,55.788150,0.332236,6.465990,6.465990,5.372000,1.799545,1.799545,2.039424,2.060746,2.066077,0.000000,0,true,0.000000,1,objective equals makespan; due-date/tardiness fields are not available in this instance format
fair|S|mixed|46|5.0|GA,2026-06-03T14:48:07,S_mixed_seed46,S,mixed,46,50046,50046,5.0,GA,solved,,15.013153,35.644529,35.644529,167.917384,112.129234,55.788150,0.332236,6.465990,6.465990,15.013165,5.002515,5.002515,5.004300,5.004459,5.004499,1.000000,3,true,0.000000,2,objective equals makespan; due-date/tardiness fields are not available in this instance format
fair|S|mixed|46|5.0|MOEA-NSGA2,2026-06-03T14:48:09,S_mixed_seed46,S,mixed,46,50046,50046,5.0,MOEA-NSGA2,solved,,15.007926,37.565143,37.565143,157.538241,96.978116,60.560126,0.384415,6.324653,6.324653,15.007939,5.001146,5.001146,5.001179,5.001182,5.001183,1.000000,3,true,5.388243,3,objective equals makespan; due-date/tardiness fields are not available in this instance format
fair|S|mixed|46|5.0|SA,2026-06-03T14:47:59,S_mixed_seed46,S,mixed,46,50046,50046,5.0,SA,solved,,5.308895,39.312533,39.312533,188.121605,118.191319,69.930286,0.371729,7.196702,7.196702,5.308907,1.909441,1.909441,2.062639,2.076257,2.079661,0.000000,0,true,10.290511,4,objective equals makespan; due-date/tardiness fields are not available in this instance format
fair|S|mixed|46|5.0|B-CORE,2026-06-03T14:47:52,S_mixed_seed46,S,mixed,46,50046,50046,5.0,B-CORE,solved,,0.012306,41.076999,41.076999,167.538241,104.049183,63.489058,0.378953,5.997401,5.997401,0.012317,0.000257,0.000257,0.000271,0.000272,0.000273,0.000000,0,true,15.240684,5,objective equals makespan; due-date/tardiness fields are not available in this instance format
fair|S|mixed|46|5.0|B-CORE-no-graph,2026-06-03T14:47:52,S_mixed_seed46,S,mixed,46,50046,50046,5.0,B-CORE-no-graph,solved,,0.011942,41.076999,41.076999,167.538241,104.049183,63.489058,0.378953,5.997401,5.997401,0.011952,0.000252,0.000252,0.000264,0.000265,0.000265,0.000000,0,true,15.240684,6,objective equals makespan; due-date/tardiness fields are not available in this instance format
fair|S|mixed|46|5.0|B-CORE-no-bottleneck,2026-06-03T14:47:52,S_mixed_seed46,S,mixed,46,50046,50046,5.0,B-CORE-no-bottleneck,solved,,0.012370,41.076999,41.076999,167.538241,104.049183,63.489058,0.378953,5.997401,5.997401,0.012383,0.000267,0.000267,0.000291,0.000293,0.000294,0.000000,0,true,15.240684,7,objective equals makespan; due-date/tardiness fields are not available in this instance format
fair|S|mixed|46|5.0|DCGA,2026-06-03T14:48:09,S_mixed_seed46,S,mixed,46,50046,50046,5.0,DCGA,solved,,15.007724,41.076999,41.076999,191.831495,113.019961,78.811533,0.410837,7.762739,7.762739,15.007738,5.000381,5.000381,5.000389,5.000389,5.000390,1.000000,3,true,15.240684,8,objective equals makespan; due-date/tardiness fields are not available in this instance format
fair|S|mixed|46|5.0|MachineRank,2026-06-03T14:47:52,S_mixed_seed46,S,mixed,46,50046,50046,5.0,MachineRank,solved,,0.007016,43.734699,43.734699,175.789649,110.229523,65.560126,0.372946,6.524719,6.524719,0.007026,0.000070,0.000070,0.000070,0.000070,0.000070,0.000000,0,true,22.696807,9,objective equals makespan; due-date/tardiness fields are not available in this instance format
fair|S|mixed|46|5.0|MOR,2026-06-03T14:47:52,S_mixed_seed46,S,mixed,46,50046,50046,5.0,MOR,solved,,0.006071,51.294075,51.294075,186.680377,106.120251,80.560126,0.431540,6.562505,6.562505,0.006082,0.000010,0.000010,0.000010,0.000010,0.000010,0.000000,0,true,43.904483,10,objective equals makespan; due-date/tardiness fields are not available in this instance format
fair|S|mixed|46|10.0|LNS,2026-06-03T14:48:00,S_mixed_seed46,S,mixed,46,50046,50046,10.0,LNS,solved,,5.309650,35.644529,35.644529,167.917384,112.129234,55.788150,0.332236,6.465990,6.465990,5.309663,1.793284,1.793284,2.030933,2.052057,2.057338,0.000000,0,true,0.000000,1,objective equals makespan; due-date/tardiness fields are not available in this instance format
fair|S|mixed|46|10.0|GA,2026-06-03T14:48:24,S_mixed_seed46,S,mixed,46,50046,50046,10.0,GA,solved,,29.247824,35.644529,35.644529,167.917384,112.129234,55.788150,0.332236,6.465990,6.465990,29.247836,9.685592,9.685592,9.970744,9.996091,10.002427,0.333333,1,true,0.000000,2,objective equals makespan; due-date/tardiness fields are not available in this instance format
fair|S|mixed|46|10.0|MOEA-NSGA2,2026-06-03T14:48:29,S_mixed_seed46,S,mixed,46,50046,50046,10.0,MOEA-NSGA2,solved,,30.009808,37.565143,37.565143,157.538241,96.978116,60.560126,0.384415,6.324653,6.324653,30.009821,10.001847,10.001847,10.002355,10.002401,10.002412,1.000000,3,true,5.388243,3,objective equals makespan; due-date/tardiness fields are not available in this instance format
fair|S|mixed|46|10.0|SA,2026-06-03T14:48:04,S_mixed_seed46,S,mixed,46,50046,50046,10.0,SA,solved,,5.266648,39.312533,39.312533,188.121605,118.191319,69.930286,0.371729,7.196702,7.196702,5.266660,1.841596,1.841596,2.053790,2.072651,2.077367,0.000000,0,true,10.290511,4,objective equals makespan; due-date/tardiness fields are not available in this instance format
fair|S|mixed|46|10.0|B-CORE,2026-06-03T14:47:55,S_mixed_seed46,S,mixed,46,50046,50046,10.0,B-CORE,solved,,0.012104,41.076999,41.076999,167.538241,104.049183,63.489058,0.378953,5.997401,5.997401,0.012114,0.000258,0.000258,0.000273,0.000274,0.000274,0.000000,0,true,15.240684,5,objective equals makespan; due-date/tardiness fields are not available in this instance format
fair|S|mixed|46|10.0|B-CORE-no-graph,2026-06-03T14:47:55,S_mixed_seed46,S,mixed,46,50046,50046,10.0,B-CORE-no-graph,solved,,0.011897,41.076999,41.076999,167.538241,104.049183,63.489058,0.378953,5.997401,5.997401,0.011907,0.000276,0.000276,0.000316,0.000320,0.000320,0.000000,0,true,15.240684,6,objective equals makespan; due-date/tardiness fields are not available in this instance format
fair|S|mixed|46|10.0|B-CORE-no-bottleneck,2026-06-03T14:47:55,S_mixed_seed46,S,mixed,46,50046,50046,10.0,B-CORE-no-bottleneck,solved,,0.011840,41.076999,41.076999,167.538241,104.049183,63.489058,0.378953,5.997401,5.997401,0.011849,0.000250,0.000250,0.000263,0.000264,0.000265,0.000000,0,true,15.240684,7,objective equals makespan; due-date/tardiness fields are not available in this instance format
fair|S|mixed|46|10.0|DCGA,2026-06-03T14:48:23,S_mixed_seed46,S,mixed,46,50046,50046,10.0,DCGA,solved,,25.756116,41.076999,41.076999,191.831495,113.019961,78.811533,0.410837,7.762739,7.762739,25.756129,8.989124,8.989124,9.901072,9.982134,10.002399,0.333333,1,true,15.240684,8,objective equals makespan; due-date/tardiness fields are not available in this instance format
fair|S|mixed|46|10.0|MachineRank,2026-06-03T14:47:55,S_mixed_seed46,S,mixed,46,50046,50046,10.0,MachineRank,solved,,0.006906,43.734699,43.734699,175.789649,110.229523,65.560126,0.372946,6.524719,6.524719,0.006915,0.000068,0.000068,0.000070,0.000070,0.000070,0.000000,0,true,22.696807,9,objective equals makespan; due-date/tardiness fields are not available in this instance format
fair|S|mixed|46|10.0|MOR,2026-06-03T14:47:55,S_mixed_seed46,S,mixed,46,50046,50046,10.0,MOR,solved,,0.005779,51.294075,51.294075,186.680377,106.120251,80.560126,0.431540,6.562505,6.562505,0.005789,0.000008,0.000008,0.000009,0.000009,0.000009,0.000000,0,true,43.904483,10,objective equals makespan; due-date/tardiness fields are not available in this instance format
fair|M|breakdown|42|0.1|B-CORE,2026-06-03T14:48:00,M_breakdown_seed42,M,breakdown,42,30042,30042,0.1,B-CORE,solved,,0.047990,77.843280,77.843280,630.248469,396.451304,233.797166,0.370960,11.600384,11.600384,0.048001,0.000293,0.000297,0.000324,0.000326,0.000327,0.000000,0,true,0.000000,1,objective equals makespan; due-date/tardiness fields are not available in this instance format
fair|M|breakdown|42|0.1|B-CORE-no-graph,2026-06-03T14:48:00,M_breakdown_seed42,M,breakdown,42,30042,30042,0.1,B-CORE-no-graph,solved,,0.037386,77.843280,77.843280,630.248469,396.451304,233.797166,0.370960,11.600384,11.600384,0.037396,0.000394,0.000427,0.000528,0.000539,0.000542,0.000000,0,true,0.000000,2,objective equals makespan; due-date/tardiness fields are not available in this instance format
fair|M|breakdown|42|0.1|B-CORE-no-bottleneck,2026-06-03T14:48:00,M_breakdown_seed42,M,breakdown,42,30042,30042,0.1,B-CORE-no-bottleneck,solved,,0.042204,85.950757,85.950757,738.997821,416.271654,322.726167,0.436708,13.905481,13.905481,0.042217,0.000201,0.000189,0.000233,0.000237,0.000238,0.000000,0,true,10.415128,3,objective equals makespan; due-date/tardiness fields are not available in this instance format
fair|M|breakdown|42|0.1|MachineRank,2026-06-03T14:48:00,M_breakdown_seed42,M,breakdown,42,30042,30042,0.1,MachineRank,solved,,0.028638,86.655486,86.655486,729.840337,412.506817,317.333520,0.434799,14.210822,14.210822,0.028650,0.000074,0.000082,0.000111,0.000115,0.000115,0.000000,0,true,11.320445,4,objective equals makespan; due-date/tardiness fields are not available in this instance format
fair|M|breakdown|42|0.1|GA,2026-06-03T14:48:00,M_breakdown_seed42,M,breakdown,42,30042,30042,0.1,GA,solved,,0.343411,94.730427,94.730427,774.468369,438.289586,336.178783,0.434077,12.208278,12.208278,0.343421,0.107681,0.107681,0.112497,0.112926,0.113033,1.000000,3,true,21.693776,5,objective equals makespan; due-date/tardiness fields are not available in this instance format
fair|M|breakdown|42|0.1|MOEA-NSGA2,2026-06-03T14:48:01,M_breakdown_seed42,M,breakdown,42,30042,30042,0.1,MOEA-NSGA2,solved,,0.704037,94.730427,94.730427,774.468369,438.289586,336.178783,0.434077,12.208278,12.208278,0.704046,0.239104,0.239104,0.241179,0.241363,0.241410,1.000000,3,true,21.693776,6,objective equals makespan; due-date/tardiness fields are not available in this instance format
fair|M|breakdown|42|0.1|LNS,2026-06-03T14:48:00,M_breakdown_seed42,M,breakdown,42,30042,30042,0.1,LNS,solved,,0.471980,95.525714,95.525714,740.448368,417.007179,323.441189,0.436818,13.180197,13.180197,0.471994,0.110017,0.108822,0.118481,0.119340,0.119554,1.000000,4,true,22.715428,7,objective equals makespan; due-date/tardiness fields are not available in this instance format
fair|M|breakdown|42|0.1|MOR,2026-06-03T14:48:00,M_breakdown_seed42,M,breakdown,42,30042,30042,0.1,MOR,solved,,0.022180,99.192063,99.192063,720.870802,419.506302,301.364500,0.418056,11.001015,11.001015,0.022196,0.000009,0.000009,0.000010,0.000010,0.000010,0.000000,0,true,27.425338,8,objective equals makespan; due-date/tardiness fields are not available in this instance format
fair|M|breakdown|42|0.1|SA,2026-06-03T14:48:01,M_breakdown_seed42,M,breakdown,42,30042,30042,0.1,SA,solved,,0.444339,99.962085,99.962085,821.709951,452.825373,368.884578,0.448923,15.381326,15.381326,0.444352,0.105432,0.104293,0.109606,0.110078,0.110196,1.000000,4,true,28.414534,9,objective equals makespan; due-date/tardiness fields are not available in this instance format
fair|M|breakdown|42|0.1|DCGA,2026-06-03T14:48:01,M_breakdown_seed42,M,breakdown,42,30042,30042,0.1,DCGA,solved,,0.467067,100.077499,100.077499,788.408094,458.163102,330.244992,0.418876,14.428399,14.428399,0.467081,0.108924,0.107311,0.114050,0.114649,0.114799,1.000000,4,true,28.562798,10,objective equals makespan; due-date/tardiness fields are not available in this instance format
fair|M|breakdown|42|0.5|B-CORE,2026-06-03T14:48:01,M_breakdown_seed42,M,breakdown,42,30042,30042,0.5,B-CORE,solved,,0.049046,77.843280,77.843280,630.248469,396.451304,233.797166,0.370960,11.600384,11.600384,0.049059,0.000295,0.000293,0.000320,0.000323,0.000324,0.000000,0,true,0.000000,1,objective equals makespan; due-date/tardiness fields are not available in this instance format
fair|M|breakdown|42|0.5|B-CORE-no-graph,2026-06-03T14:48:01,M_breakdown_seed42,M,breakdown,42,30042,30042,0.5,B-CORE-no-graph,solved,,0.049269,77.843280,77.843280,630.248469,396.451304,233.797166,0.370960,11.600384,11.600384,0.049281,0.000321,0.000317,0.000383,0.000388,0.000390,0.000000,0,true,0.000000,2,objective equals makespan; due-date/tardiness fields are not available in this instance format
fair|M|breakdown|42|0.5|LNS,2026-06-03T14:48:03,M_breakdown_seed42,M,breakdown,42,30042,30042,0.5,LNS,solved,,2.063751,78.046995,78.046995,655.403481,430.125417,225.278064,0.343724,10.890897,10.890897,2.063766,0.510294,0.509354,0.513130,0.513466,0.513550,1.000000,4,true,0.261699,3,objective equals makespan; due-date/tardiness fields are not available in this instance format
fair|M|breakdown|42|0.5|B-CORE-no-bottleneck,2026-06-03T14:48:01,M_breakdown_seed42,M,breakdown,42,30042,30042,0.5,B-CORE-no-bottleneck,solved,,0.051737,85.950757,85.950757,738.997821,416.271654,322.726167,0.436708,13.905481,13.905481,0.051750,0.000310,0.000297,0.000367,0.000374,0.000375,0.000000,0,true,10.415128,4,objective equals makespan; due-date/tardiness fields are not available in this instance format
fair|M|breakdown|42|0.5|MachineRank,2026-06-03T14:48:01,M_breakdown_seed42,M,breakdown,42,30042,30042,0.5,MachineRank,solved,,0.030518,86.655486,86.655486,729.840337,412.506817,317.333520,0.434799,14.210822,14.210822,0.030531,0.000093,0.000115,0.000128,0.000129,0.000129,0.000000,0,true,11.320445,5,objective equals makespan; due-date/tardiness fields are not available in this instance format
fair|M|breakdown|42|0.5|GA,2026-06-03T14:48:03,M_breakdown_seed42,M,breakdown,42,30042,30042,0.5,GA,solved,,1.547152,88.506646,88.506646,725.051685,397.259337,327.792349,0.452095,10.942517,10.942517,1.547165,0.509467,0.509467,0.511045,0.511186,0.511221,1.000000,3,true,13.698506,6,objective equals makespan; due-date/tardiness fields are not available in this instance format
fair|M|breakdown|42|0.5|SA,2026-06-03T14:48:05,M_breakdown_seed42,M,breakdown,42,30042,30042,0.5,SA,solved,,2.064853,93.057059,93.057059,819.076389,464.681041,354.395349,0.432677,15.444027,15.444027,2.064866,0.508966,0.510673,0.513393,0.513634,0.513695,1.000000,4,true,19.544114,7,objective equals makespan; due-date/tardiness fields are not available in this instance format
fair|M|breakdown|42|0.5|DCGA,2026-06-03T14:48:05,M_breakdown_seed42,M,breakdown,42,30042,30042,0.5,DCGA,solved,,2.059327,94.130129,94.130129,744.430163,451.892255,292.537908,0.392969,13.133328,13.133328,2.059341,0.507578,0.505766,0.511001,0.511467,0.511583,1.000000,4,true,20.922614,8,objective equals makespan; due-date/tardiness fields are not available in this instance format
fair|M|breakdown|42|0.5|MOEA-NSGA2,2026-06-03T14:48:05,M_breakdown_seed42,M,breakdown,42,30042,30042,0.5,MOEA-NSGA2,solved,,1.550884,95.302423,95.302423,860.819832,508.556579,352.263253,0.409218,14.331885,14.331885,1.550897,0.506227,0.506227,0.510551,0.510936,0.511032,1.000000,3,true,22.428581,9,objective equals makespan; due-date/tardiness fields are not available in this instance format
fair|M|breakdown|42|0.5|MOR,2026-06-03T14:48:01,M_breakdown_seed42,M,breakdown,42,30042,30042,0.5,MOR,solved,,0.025073,99.192063,99.192063,720.870802,419.506302,301.364500,0.418056,11.001015,11.001015,0.025085,0.000008,0.000008,0.000009,0.000009,0.000009,0.000000,0,true,27.425338,10,objective equals makespan; due-date/tardiness fields are not available in this instance format
fair|M|breakdown|42|1.0|B-CORE,2026-06-03T14:48:05,M_breakdown_seed42,M,breakdown,42,30042,30042,1.0,B-CORE,solved,,0.049823,77.843280,77.843280,630.248469,396.451304,233.797166,0.370960,11.600384,11.600384,0.049836,0.000295,0.000293,0.000311,0.000313,0.000313,0.000000,0,true,0.000000,1,objective equals makespan; due-date/tardiness fields are not available in this instance format
fair|M|breakdown|42|1.0|B-CORE-no-graph,2026-06-03T14:48:05,M_breakdown_seed42,M,breakdown,42,30042,30042,1.0,B-CORE-no-graph,solved,,0.049095,77.843280,77.843280,630.248469,396.451304,233.797166,0.370960,11.600384,11.600384,0.049108,0.000300,0.000306,0.000324,0.000325,0.000325,0.000000,0,true,0.000000,2,objective equals makespan; due-date/tardiness fields are not available in this instance format
fair|M|breakdown|42|1.0|LNS,2026-06-03T14:48:09,M_breakdown_seed42,M,breakdown,42,30042,30042,1.0,LNS,solved,,4.068863,85.692063,85.692063,624.846708,393.177277,231.669431,0.370762,9.888182,9.888182,4.068876,1.011768,1.012658,1.017161,1.017561,1.017661,1.000000,4,true,10.082801,3,objective equals makespan; due-date/tardiness fields are not available in this instance format
fair|M|breakdown|42|1.0|GA,2026-06-03T14:48:08,M_breakdown_seed42,M,breakdown,42,30042,30042,1.0,GA,solved,,3.057125,85.777184,85.777184,714.592030,406.057860,308.534170,0.431763,11.417956,11.417956,3.057140,1.006923,1.006923,1.008588,1.008736,1.008773,1.000000,3,true,10.192150,4,objective equals makespan; due-date/tardiness fields are not available in this instance format
fair|M|breakdown|42|1.0|B-CORE-no-bottleneck,2026-06-03T14:48:05,M_breakdown_seed42,M,breakdown,42,30042,30042,1.0,B-CORE-no-bottleneck,solved,,0.051136,85.950757,85.950757,738.997821,416.271654,322.726167,0.436708,13.905481,13.905481,0.051150,0.000307,0.000306,0.000344,0.000348,0.000349,0.000000,0,true,10.415128,5,objective equals makespan; due-date/tardiness fields are not available in this instance format
fair|M|breakdown|42|1.0|DCGA,2026-06-03T14:48:09,M_breakdown_seed42,M,breakdown,42,30042,30042,1.0,DCGA,solved,,4.063435,86.061666,86.061666,709.504415,408.709241,300.795175,0.423951,13.722243,13.722243,4.063449,1.006786,1.006371,1.012087,1.012595,1.012722,1.000000,4,true,10.557605,6,objective equals makespan; due-date/tardiness fields are not available in this instance format
fair|M|breakdown|42|1.0|MachineRank,2026-06-03T14:48:05,M_breakdown_seed42,M,breakdown,42,30042,30042,1.0,MachineRank,solved,,0.029609,86.655486,86.655486,729.840337,412.506817,317.333520,0.434799,14.210822,14.210822,0.029622,0.000092,0.000114,0.000124,0.000125,0.000125,0.000000,0,true,11.320445,7,objective equals makespan; due-date/tardiness fields are not available in this instance format
fair|M|breakdown|42|1.0|MOEA-NSGA2,2026-06-03T14:48:12,M_breakdown_seed42,M,breakdown,42,30042,30042,1.0,MOEA-NSGA2,solved,,4.072580,86.664626,86.664626,741.677687,423.887238,317.790450,0.428475,14.214454,14.214454,4.072590,1.012153,1.011842,1.019529,1.020212,1.020383,1.000000,4,true,11.332187,8,objective equals makespan; due-date/tardiness fields are not available in this instance format
fair|M|breakdown|42|1.0|SA,2026-06-03T14:48:12,M_breakdown_seed42,M,breakdown,42,30042,30042,1.0,SA,solved,,4.064398,93.057059,93.057059,819.076389,464.681041,354.395349,0.432677,15.444027,15.444027,4.064411,1.009378,1.008776,1.012859,1.013222,1.013312,1.000000,4,true,19.544114,9,objective equals makespan; due-date/tardiness fields are not available in this instance format
fair|M|breakdown|42|1.0|MOR,2026-06-03T14:48:05,M_breakdown_seed42,M,breakdown,42,30042,30042,1.0,MOR,solved,,0.024960,99.192063,99.192063,720.870802,419.506302,301.364500,0.418056,11.001015,11.001015,0.024973,0.000007,0.000007,0.000008,0.000008,0.000008,0.000000,0,true,27.425338,10,objective equals makespan; due-date/tardiness fields are not available in this instance format
fair|M|breakdown|42|5.0|GA,2026-06-03T14:48:29,M_breakdown_seed42,M,breakdown,42,30042,30042,5.0,GA,solved,,20.063336,77.317209,77.317209,673.437693,380.399242,293.038451,0.435138,10.959266,10.959266,20.063350,5.009463,5.009181,5.011399,5.011596,5.011645,1.000000,4,true,0.000000,1,objective equals makespan; due-date/tardiness fields are not available in this instance format
fair|M|breakdown|42|5.0|B-CORE,2026-06-03T14:48:09,M_breakdown_seed42,M,breakdown,42,30042,30042,5.0,B-CORE,solved,,0.049295,77.843280,77.843280,630.248469,396.451304,233.797166,0.370960,11.600384,11.600384,0.049307,0.000305,0.000306,0.000332,0.000335,0.000336,0.000000,0,true,0.680406,2,objective equals makespan; due-date/tardiness fields are not available in this instance format
fair|M|breakdown|42|5.0|B-CORE-no-graph,2026-06-03T14:48:09,M_breakdown_seed42,M,breakdown,42,30042,30042,5.0,B-CORE-no-graph,solved,,0.050249,77.843280,77.843280,630.248469,396.451304,233.797166,0.370960,11.600384,11.600384,0.050262,0.000330,0.000328,0.000376,0.000379,0.000379,0.000000,0,true,0.680406,3,objective equals makespan; due-date/tardiness fields are not available in this instance format
fair|M|breakdown|42|5.0|DCGA,2026-06-03T14:48:29,M_breakdown_seed42,M,breakdown,42,30042,30042,5.0,DCGA,solved,,20.062448,78.976102,78.976102,714.117544,420.510840,293.606704,0.411146,12.826314,12.826314,20.062462,5.009497,5.005456,5.019519,5.020769,5.021082,1.000000,4,true,2.145568,4,objective equals makespan; due-date/tardiness fields are not available in this instance format
fair|M|breakdown|42|5.0|MOEA-NSGA2,2026-06-03T14:48:30,M_breakdown_seed42,M,breakdown,42,30042,30042,5.0,MOEA-NSGA2,solved,,20.039777,79.265358,79.265358,701.623992,394.551594,307.072398,0.437659,12.894886,12.894886,20.039787,5.006302,5.008300,5.008568,5.008591,5.008597,1.000000,4,true,2.519684,5,objective equals makespan; due-date/tardiness fields are not available in this instance format
fair|M|breakdown|42|5.0|LNS,2026-06-03T14:48:24,M_breakdown_seed42,M,breakdown,42,30042,30042,5.0,LNS,solved,,15.043698,85.375493,85.375493,737.380791,407.648035,329.732756,0.447168,12.527258,12.527258,15.043711,5.009179,5.009179,5.009932,5.009999,5.010015,1.000000,3,true,10.422368,6,objective equals makespan; due-date/tardiness fields are not available in this instance format
fair|M|breakdown|42|5.0|B-CORE-no-bottleneck,2026-06-03T14:48:09,M_breakdown_seed42,M,breakdown,42,30042,30042,5.0,B-CORE-no-bottleneck,solved,,0.052400,85.950757,85.950757,738.997821,416.271654,322.726167,0.436708,13.905481,13.905481,0.052414,0.000319,0.000304,0.000366,0.000372,0.000373,0.000000,0,true,11.166399,7,objective equals makespan; due-date/tardiness fields are not available in this instance format
fair|M|breakdown|42|5.0|MachineRank,2026-06-03T14:48:09,M_breakdown_seed42,M,breakdown,42,30042,30042,5.0,MachineRank,solved,,0.029781,86.655486,86.655486,729.840337,412.506817,317.333520,0.434799,14.210822,14.210822,0.029794,0.000092,0.000115,0.000124,0.000125,0.000125,0.000000,0,true,12.077876,8,objective equals makespan; due-date/tardiness fields are not available in this instance format
fair|M|breakdown|42|5.0|SA,2026-06-03T14:48:24,M_breakdown_seed42,M,breakdown,42,30042,30042,5.0,SA,solved,,15.049456,91.431964,91.431964,705.467268,395.294438,310.172830,0.439670,12.384635,12.384635,15.049471,5.010274,5.010274,5.011589,5.011706,5.011735,1.000000,3,true,18.255645,9,objective equals makespan; due-date/tardiness fields are not available in this instance format
fair|M|breakdown|42|5.0|MOR,2026-06-03T14:48:09,M_breakdown_seed42,M,breakdown,42,30042,30042,5.0,MOR,solved,,0.025148,99.192063,99.192063,720.870802,419.506302,301.364500,0.418056,11.001015,11.001015,0.025162,0.000009,0.000009,0.000011,0.000011,0.000011,0.000000,0,true,28.292348,10,objective equals makespan; due-date/tardiness fields are not available in this instance format
fair|M|breakdown|42|10.0|GA,2026-06-03T14:48:52,M_breakdown_seed42,M,breakdown,42,30042,30042,10.0,GA,solved,,40.055105,70.707647,70.707647,616.326763,370.611976,245.714787,0.398676,9.529471,9.529471,40.055114,10.011312,10.010233,10.013529,10.013822,10.013895,1.000000,4,true,0.000000,1,objective equals makespan; due-date/tardiness fields are not available in this instance format
fair|M|breakdown|42|10.0|MOEA-NSGA2,2026-06-03T14:49:03,M_breakdown_seed42,M,breakdown,42,30042,30042,10.0,MOEA-NSGA2,solved,,40.047308,76.795204,76.795204,639.617707,385.004454,254.613253,0.398071,10.625734,10.625734,40.047322,10.007624,10.008327,10.009674,10.009794,10.009824,1.000000,4,true,8.609475,2,objective equals makespan; due-date/tardiness fields are not available in this instance format
fair|M|breakdown|42|10.0|B-CORE,2026-06-03T14:48:11,M_breakdown_seed42,M,breakdown,42,30042,30042,10.0,B-CORE,solved,,0.049704,77.843280,77.843280,630.248469,396.451304,233.797166,0.370960,11.600384,11.600384,0.049716,0.000331,0.000323,0.000402,0.000409,0.000411,0.000000,0,true,10.091742,3,objective equals makespan; due-date/tardiness fields are not available in this instance format
fair|M|breakdown|42|10.0|B-CORE-no-graph,2026-06-03T14:48:11,M_breakdown_seed42,M,breakdown,42,30042,30042,10.0,B-CORE-no-graph,solved,,0.049260,77.843280,77.843280,630.248469,396.451304,233.797166,0.370960,11.600384,11.600384,0.049272,0.000314,0.000302,0.000370,0.000379,0.000382,0.000000,0,true,10.091742,4,objective equals makespan; due-date/tardiness fields are not available in this instance format
fair|M|breakdown|42|10.0|DCGA,2026-06-03T14:48:52,M_breakdown_seed42,M,breakdown,42,30042,30042,10.0,DCGA,solved,,40.053067,78.565916,78.565916,722.857865,436.322229,286.535636,0.396393,12.929285,12.929285,40.053080,10.009674,10.008431,10.017218,10.017999,10.018194,1.000000,4,true,11.113747,5,objective equals makespan; due-date/tardiness fields are not available in this instance format
fair|M|breakdown|42|10.0|LNS,2026-06-03T14:48:39,M_breakdown_seed42,M,breakdown,42,30042,30042,10.0,LNS,solved,,27.114458,80.419845,80.419845,710.442016,375.883877,334.558139,0.470915,11.795922,11.795922,27.114472,9.256045,9.256045,9.938057,9.998680,10.013836,0.333333,1,true,13.735711,6,objective equals makespan; due-date/tardiness fields are not available in this instance format
fair|M|breakdown|42|10.0|B-CORE-no-bottleneck,2026-06-03T14:48:11,M_breakdown_seed42,M,breakdown,42,30042,30042,10.0,B-CORE-no-bottleneck,solved,,0.051427,85.950757,85.950757,738.997821,416.271654,322.726167,0.436708,13.905481,13.905481,0.051444,0.000325,0.000312,0.000383,0.000389,0.000391,0.000000,0,true,21.557937,7,objective equals makespan; due-date/tardiness fields are not available in this instance format
fair|M|breakdown|42|10.0|MachineRank,2026-06-03T14:48:11,M_breakdown_seed42,M,breakdown,42,30042,30042,10.0,MachineRank,solved,,0.030022,86.655486,86.655486,729.840337,412.506817,317.333520,0.434799,14.210822,14.210822,0.030035,0.000100,0.000118,0.000145,0.000148,0.000149,0.000000,0,true,22.554617,8,objective equals makespan; due-date/tardiness fields are not available in this instance format
fair|M|breakdown|42|10.0|SA,2026-06-03T14:48:42,M_breakdown_seed42,M,breakdown,42,30042,30042,10.0,SA,solved,,27.344708,91.431964,91.431964,705.467268,395.294438,310.172830,0.439670,12.384635,12.384635,27.344719,9.188811,9.188811,9.405766,9.425051,9.429872,0.000000,0,true,29.309867,9,objective equals makespan; due-date/tardiness fields are not available in this instance format
fair|M|breakdown|42|10.0|MOR,2026-06-03T14:48:11,M_breakdown_seed42,M,breakdown,42,30042,30042,10.0,MOR,solved,,0.024611,99.192063,99.192063,720.870802,419.506302,301.364500,0.418056,11.001015,11.001015,0.024624,0.000008,0.000009,0.000009,0.000009,0.000009,0.000000,0,true,40.284774,10,objective equals makespan; due-date/tardiness fields are not available in this instance format
fair|M|breakdown|43|0.1|B-CORE-no-bottleneck,2026-06-03T14:48:24,M_breakdown_seed43,M,breakdown,43,30043,30043,0.1,B-CORE-no-bottleneck,solved,,0.055164,77.279019,77.279019,703.641652,404.900001,298.741651,0.424565,13.467498,13.467498,0.055174,0.000348,0.000348,0.000355,0.000356,0.000356,0.000000,0,true,0.000000,1,objective equals makespan; due-date/tardiness fields are not available in this instance format
fair|M|breakdown|43|0.1|B-CORE,2026-06-03T14:48:24,M_breakdown_seed43,M,breakdown,43,30043,30043,0.1,B-CORE,solved,,0.055255,89.799928,89.799928,684.028481,421.146068,262.882413,0.384315,11.452267,11.452267,0.055268,0.000348,0.000348,0.000362,0.000363,0.000363,0.000000,0,true,16.202210,2,objective equals makespan; due-date/tardiness fields are not available in this instance format
fair|M|breakdown|43|0.1|B-CORE-no-graph,2026-06-03T14:48:24,M_breakdown_seed43,M,breakdown,43,30043,30043,0.1,B-CORE-no-graph,solved,,0.054150,89.799928,89.799928,684.028481,421.146068,262.882413,0.384315,11.452267,11.452267,0.054162,0.000362,0.000362,0.000402,0.000405,0.000406,0.000000,0,true,16.202210,3,objective equals makespan; due-date/tardiness fields are not available in this instance format
fair|M|breakdown|43|0.1|MOEA-NSGA2,2026-06-03T14:48:25,M_breakdown_seed43,M,breakdown,43,30043,30043,0.1,MOEA-NSGA2,solved,,0.612197,90.102538,90.102538,702.483467,404.035568,298.447899,0.424847,11.044223,11.044223,0.612208,0.192129,0.192129,0.201738,0.202592,0.202805,1.000000,3,true,16.593791,4,objective equals makespan; due-date/tardiness fields are not available in this instance format
fair|M|breakdown|43|0.1|MOR,2026-06-03T14:48:24,M_breakdown_seed43,M,breakdown,43,30043,30043,0.1,MOR,solved,,0.026220,99.273012,99.273012,662.231642,381.119518,281.112125,0.424492,10.052893,10.052893,0.026233,0.000011,0.000011,0.000012,0.000012,0.000012,0.000000,0,true,28.460497,5,objective equals makespan; due-date/tardiness fields are not available in this instance format
fair|M|breakdown|43|0.1|GA,2026-06-03T14:48:25,M_breakdown_seed43,M,breakdown,43,30043,30043,0.1,GA,solved,,0.353427,99.664408,99.664408,756.814738,427.120538,329.694200,0.435634,10.942149,10.942149,0.353438,0.114309,0.114309,0.117506,0.117791,0.117862,1.000000,3,true,28.966968,6,objective equals makespan; due-date/tardiness fields are not available in this instance format
fair|M|breakdown|43|0.1|DCGA,2026-06-03T14:48:25,M_breakdown_seed43,M,breakdown,43,30043,30043,0.1,DCGA,solved,,0.339970,101.285008,101.285008,868.056357,488.147453,379.908904,0.437655,14.435632,14.435632,0.339980,0.108058,0.108058,0.113071,0.113517,0.113628,1.000000,3,true,31.064045,7,objective equals makespan; due-date/tardiness fields are not available in this instance format
fair|M|breakdown|43|0.1|LNS,2026-06-03T14:48:25,M_breakdown_seed43,M,breakdown,43,30043,30043,0.1,LNS,solved,,0.345605,102.668563,102.668563,792.902101,469.453609,323.448492,0.407930,12.519466,12.519466,0.345620,0.106287,0.106287,0.110481,0.110853,0.110947,1.000000,3,true,32.854382,8,objective equals makespan; due-date/tardiness fields are not available in this instance format
fair|M|breakdown|43|0.1|MachineRank,2026-06-03T14:48:24,M_breakdown_seed43,M,breakdown,43,30043,30043,0.1,MachineRank,solved,,0.034065,104.525282,104.525282,794.144921,462.518148,331.626774,0.417590,13.223464,13.223464,0.034075,0.000141,0.000141,0.000145,0.000145,0.000145,0.000000,0,true,35.256999,9,objective equals makespan; due-date/tardiness fields are not available in this instance format
fair|M|breakdown|43|0.1|SA,2026-06-03T14:48:25,M_breakdown_seed43,M,breakdown,43,30043,30043,0.1,SA,solved,,0.347669,105.662869,105.662869,848.416896,480.185658,368.231239,0.434022,14.257151,14.257151,0.347678,0.106718,0.106718,0.108019,0.108134,0.108163,1.000000,3,true,36.729051,10,objective equals makespan; due-date/tardiness fields are not available in this instance format
fair|M|breakdown|43|0.5|B-CORE-no-bottleneck,2026-06-03T14:48:25,M_breakdown_seed43,M,breakdown,43,30043,30043,0.5,B-CORE-no-bottleneck,solved,,0.042986,77.279019,77.279019,703.641652,404.900001,298.741651,0.424565,13.467498,13.467498,0.042998,0.000215,0.000215,0.000222,0.000223,0.000223,0.000000,0,true,0.000000,1,objective equals makespan; due-date/tardiness fields are not available in this instance format
fair|M|breakdown|43|0.5|B-CORE,2026-06-03T14:48:25,M_breakdown_seed43,M,breakdown,43,30043,30043,0.5,B-CORE,solved,,0.040878,89.799928,89.799928,684.028481,421.146068,262.882413,0.384315,11.452267,11.452267,0.040887,0.000227,0.000227,0.000230,0.000230,0.000230,0.000000,0,true,16.202210,2,objective equals makespan; due-date/tardiness fields are not available in this instance format
fair|M|breakdown|43|0.5|B-CORE-no-graph,2026-06-03T14:48:25,M_breakdown_seed43,M,breakdown,43,30043,30043,0.5,B-CORE-no-graph,solved,,0.035261,89.799928,89.799928,684.028481,421.146068,262.882413,0.384315,11.452267,11.452267,0.035269,0.000208,0.000208,0.000209,0.000209,0.000209,0.000000,0,true,16.202210,3,objective equals makespan; due-date/tardiness fields are not available in this instance format
fair|M|breakdown|43|0.5|MOEA-NSGA2,2026-06-03T14:48:28,M_breakdown_seed43,M,breakdown,43,30043,30043,0.5,MOEA-NSGA2,solved,,1.561744,90.102538,90.102538,702.483467,404.035568,298.447899,0.424847,11.044223,11.044223,1.561758,0.517384,0.517384,0.518451,0.518546,0.518570,1.000000,3,true,16.593791,4,objective equals makespan; due-date/tardiness fields are not available in this instance format
fair|M|breakdown|43|0.5|GA,2026-06-03T14:48:26,M_breakdown_seed43,M,breakdown,43,30043,30043,0.5,GA,solved,,1.555395,90.904723,90.904723,746.761568,409.535452,337.226116,0.451585,11.230615,11.230615,1.555405,0.514836,0.514836,0.516646,0.516807,0.516847,1.000000,3,true,17.631828,5,objective equals makespan; due-date/tardiness fields are not available in this instance format
fair|M|breakdown|43|0.5|LNS,2026-06-03T14:48:26,M_breakdown_seed43,M,breakdown,43,30043,30043,0.5,LNS,solved,,1.546488,95.476028,95.476028,740.485155,421.281541,319.203614,0.431074,12.455185,12.455185,1.546499,0.506674,0.506674,0.508842,0.509035,0.509083,1.000000,3,true,23.547153,6,objective equals makespan; due-date/tardiness fields are not available in this instance format
fair|M|breakdown|43|0.5|SA,2026-06-03T14:48:28,M_breakdown_seed43,M,breakdown,43,30043,30043,0.5,SA,solved,,1.541672,96.256000,96.256000,800.187114,465.186317,335.000797,0.418653,12.966360,12.966360,1.541686,0.505658,0.505658,0.509933,0.510313,0.510408,1.000000,3,true,24.556447,7,objective equals makespan; due-date/tardiness fields are not available in this instance format
fair|M|breakdown|43|0.5|DCGA,2026-06-03T14:48:27,M_breakdown_seed43,M,breakdown,43,30043,30043,0.5,DCGA,solved,,1.567527,97.030114,97.030114,845.003737,457.349678,387.654060,0.458760,13.388965,13.388965,1.567543,0.514000,0.514000,0.522723,0.523498,0.523692,1.000000,3,true,25.558160,8,objective equals makespan; due-date/tardiness fields are not available in this instance format
fair|M|breakdown|43|0.5|MOR,2026-06-03T14:48:25,M_breakdown_seed43,M,breakdown,43,30043,30043,0.5,MOR,solved,,0.025636,99.273012,99.273012,662.231642,381.119518,281.112125,0.424492,10.052893,10.052893,0.025647,0.000009,0.000009,0.000010,0.000010,0.000010,0.000000,0,true,28.460497,9,objective equals makespan; due-date/tardiness fields are not available in this instance format
fair|M|breakdown|43|0.5|MachineRank,2026-06-03T14:48:25,M_breakdown_seed43,M,breakdown,43,30043,30043,0.5,MachineRank,solved,,0.033241,104.525282,104.525282,794.144921,462.518148,331.626774,0.417590,13.223464,13.223464,0.033254,0.000135,0.000135,0.000139,0.000139,0.000139,0.000000,0,true,35.256999,10,objective equals makespan; due-date/tardiness fields are not available in this instance format
fair|M|breakdown|43|1.0|B-CORE-no-bottleneck,2026-06-03T14:48:27,M_breakdown_seed43,M,breakdown,43,30043,30043,1.0,B-CORE-no-bottleneck,solved,,0.053029,77.279019,77.279019,703.641652,404.900001,298.741651,0.424565,13.467498,13.467498,0.053043,0.000337,0.000337,0.000350,0.000352,0.000352,0.000000,0,true,0.000000,1,objective equals makespan; due-date/tardiness fields are not available in this instance format
fair|M|breakdown|43|1.0|DCGA,2026-06-03T14:48:31,M_breakdown_seed43,M,breakdown,43,30043,30043,1.0,DCGA,solved,,3.055269,84.477439,84.477439,707.130603,434.654683,272.475920,0.385326,10.590488,10.590488,3.055281,1.013199,1.013199,1.015860,1.016097,1.016156,1.000000,3,true,9.314844,2,objective equals makespan; due-date/tardiness fields are not available in this instance format
fair|M|breakdown|43|1.0|GA,2026-06-03T14:48:31,M_breakdown_seed43,M,breakdown,43,30043,30043,1.0,GA,solved,,3.050085,84.844384,84.844384,657.776046,386.168757,271.607289,0.412918,9.862447,9.862447,3.050094,1.008924,1.008924,1.010331,1.010456,1.010487,1.000000,3,true,9.789675,3,objective equals makespan; due-date/tardiness fields are not available in this instance format
fair|M|breakdown|43|1.0|B-CORE,2026-06-03T14:48:27,M_breakdown_seed43,M,breakdown,43,30043,30043,1.0,B-CORE,solved,,0.052969,89.799928,89.799928,684.028481,421.146068,262.882413,0.384315,11.452267,11.452267,0.052982,0.000321,0.000321,0.000333,0.000334,0.000334,0.000000,0,true,16.202210,4,objective equals makespan; due-date/tardiness fields are not available in this instance format
fair|M|breakdown|43|1.0|B-CORE-no-graph,2026-06-03T14:48:27,M_breakdown_seed43,M,breakdown,43,30043,30043,1.0,B-CORE-no-graph,solved,,0.057599,89.799928,89.799928,684.028481,421.146068,262.882413,0.384315,11.452267,11.452267,0.057612,0.000371,0.000371,0.000378,0.000379,0.000379,0.000000,0,true,16.202210,5,objective equals makespan; due-date/tardiness fields are not available in this instance format
fair|M|breakdown|43|1.0|LNS,2026-06-03T14:48:30,M_breakdown_seed43,M,breakdown,43,30043,30043,1.0,LNS,solved,,3.060389,92.865215,92.865215,757.666432,424.106783,333.559649,0.440246,13.003462,13.003462,3.060403,1.009806,1.009806,1.012480,1.012718,1.012778,1.000000,3,true,20.168729,6,objective equals makespan; due-date/tardiness fields are not available in this instance format
fair|M|breakdown|43|1.0|MOEA-NSGA2,2026-06-03T14:48:32,M_breakdown_seed43,M,breakdown,43,30043,30043,1.0,MOEA-NSGA2,solved,,3.056939,93.982233,93.982233,722.929651,433.900287,289.029364,0.399803,10.766305,10.766305,3.056951,1.012436,1.012436,1.012591,1.012604,1.012608,1.000000,3,true,21.614164,7,objective equals makespan; due-date/tardiness fields are not available in this instance format
fair|M|breakdown|43|1.0|SA,2026-06-03T14:48:32,M_breakdown_seed43,M,breakdown,43,30043,30043,1.0,SA,solved,,3.058738,96.256000,96.256000,800.187114,465.186317,335.000797,0.418653,12.966360,12.966360,3.058754,1.014791,1.014791,1.019999,1.020462,1.020578,1.000000,3,true,24.556447,8,objective equals makespan; due-date/tardiness fields are not available in this instance format
fair|M|breakdown|43|1.0|MOR,2026-06-03T14:48:27,M_breakdown_seed43,M,breakdown,43,30043,30043,1.0,MOR,solved,,0.025933,99.273012,99.273012,662.231642,381.119518,281.112125,0.424492,10.052893,10.052893,0.025945,0.000009,0.000009,0.000010,0.000010,0.000010,0.000000,0,true,28.460497,9,objective equals makespan; due-date/tardiness fields are not available in this instance format
fair|M|breakdown|43|1.0|MachineRank,2026-06-03T14:48:27,M_breakdown_seed43,M,breakdown,43,30043,30043,1.0,MachineRank,solved,,0.033336,104.525282,104.525282,794.144921,462.518148,331.626774,0.417590,13.223464,13.223464,0.033348,0.000135,0.000135,0.000136,0.000136,0.000136,0.000000,0,true,35.256999,10,objective equals makespan; due-date/tardiness fields are not available in this instance format
fair|M|breakdown|43|5.0|B-CORE-no-bottleneck,2026-06-03T14:48:29,M_breakdown_seed43,M,breakdown,43,30043,30043,5.0,B-CORE-no-bottleneck,solved,,0.052265,77.279019,77.279019,703.641652,404.900001,298.741651,0.424565,13.467498,13.467498,0.052278,0.000329,0.000329,0.000333,0.000333,0.000334,0.000000,0,true,0.000000,1,objective equals makespan; due-date/tardiness fields are not available in this instance format
fair|M|breakdown|43|5.0|DCGA,2026-06-03T14:48:45,M_breakdown_seed43,M,breakdown,43,30043,30043,5.0,DCGA,solved,,15.039814,82.927612,82.927612,662.495377,367.838535,294.656842,0.444768,9.782851,9.782851,15.039825,5.002952,5.002952,5.003010,5.003015,5.003016,1.000000,3,true,7.309349,2,objective equals makespan; due-date/tardiness fields are not available in this instance format
fair|M|breakdown|43|5.0|LNS,2026-06-03T14:48:45,M_breakdown_seed43,M,breakdown,43,30043,30043,5.0,LNS,solved,,15.046828,82.932733,82.932733,671.677733,398.009234,273.668499,0.407440,10.359610,10.359610,15.046841,5.008360,5.008360,5.013342,5.013785,5.013895,1.000000,3,true,7.315975,3,objective equals makespan; due-date/tardiness fields are not available in this instance format
fair|M|breakdown|43|5.0|MOEA-NSGA2,2026-06-03T14:48:46,M_breakdown_seed43,M,breakdown,43,30043,30043,5.0,MOEA-NSGA2,solved,,15.042344,84.256267,84.256267,725.969393,425.307267,300.662126,0.414153,11.167189,11.167189,15.042357,5.002839,5.002839,5.004442,5.004585,5.004620,1.000000,3,true,9.028645,4,objective equals makespan; due-date/tardiness fields are not available in this instance format
fair|M|breakdown|43|5.0|SA,2026-06-03T14:48:46,M_breakdown_seed43,M,breakdown,43,30043,30043,5.0,SA,solved,,15.054340,85.779005,85.779005,719.633562,438.478675,281.154887,0.390692,10.756006,10.756006,15.054354,5.010755,5.010755,5.011242,5.011285,5.011296,1.000000,3,true,10.999086,5,objective equals makespan; due-date/tardiness fields are not available in this instance format
fair|M|breakdown|43|5.0|B-CORE,2026-06-03T14:48:29,M_breakdown_seed43,M,breakdown,43,30043,30043,5.0,B-CORE,solved,,0.053740,89.799928,89.799928,684.028481,421.146068,262.882413,0.384315,11.452267,11.452267,0.053753,0.000309,0.000309,0.000315,0.000315,0.000315,0.000000,0,true,16.202210,6,objective equals makespan; due-date/tardiness fields are not available in this instance format
fair|M|breakdown|43|5.0|B-CORE-no-graph,2026-06-03T14:48:29,M_breakdown_seed43,M,breakdown,43,30043,30043,5.0,B-CORE-no-graph,solved,,0.053226,89.799928,89.799928,684.028481,421.146068,262.882413,0.384315,11.452267,11.452267,0.053240,0.000315,0.000315,0.000321,0.000322,0.000322,0.000000,0,true,16.202210,7,objective equals makespan; due-date/tardiness fields are not available in this instance format
fair|M|breakdown|43|5.0|GA,2026-06-03T14:48:45,M_breakdown_seed43,M,breakdown,43,30043,30043,5.0,GA,solved,,15.066444,89.992114,89.992114,738.630944,421.192027,317.438917,0.429767,11.223501,11.223501,15.066455,5.013361,5.013361,5.016733,5.017033,5.017108,1.000000,3,true,16.450901,8,objective equals makespan; due-date/tardiness fields are not available in this instance format
fair|M|breakdown|43|5.0|MOR,2026-06-03T14:48:30,M_breakdown_seed43,M,breakdown,43,30043,30043,5.0,MOR,solved,,0.025803,99.273012,99.273012,662.231642,381.119518,281.112125,0.424492,10.052893,10.052893,0.025816,0.000010,0.000010,0.000011,0.000012,0.000012,0.000000,0,true,28.460497,9,objective equals makespan; due-date/tardiness fields are not available in this instance format
fair|M|breakdown|43|5.0|MachineRank,2026-06-03T14:48:29,M_breakdown_seed43,M,breakdown,43,30043,30043,5.0,MachineRank,solved,,0.032461,104.525282,104.525282,794.144921,462.518148,331.626774,0.417590,13.223464,13.223464,0.032474,0.000125,0.000125,0.000128,0.000129,0.000129,0.000000,0,true,35.256999,10,objective equals makespan; due-date/tardiness fields are not available in this instance format
fair|M|breakdown|43|10.0|B-CORE-no-bottleneck,2026-06-03T14:48:32,M_breakdown_seed43,M,breakdown,43,30043,30043,10.0,B-CORE-no-bottleneck,solved,,0.052274,77.279019,77.279019,703.641652,404.900001,298.741651,0.424565,13.467498,13.467498,0.052288,0.000322,0.000322,0.000331,0.000332,0.000332,0.000000,0,true,0.000000,1,objective equals makespan; due-date/tardiness fields are not available in this instance format
fair|M|breakdown|43|10.0|GA,2026-06-03T14:49:02,M_breakdown_seed43,M,breakdown,43,30043,30043,10.0,GA,solved,,30.035071,78.222918,78.222918,651.852621,352.660834,299.191787,0.458987,9.808922,9.808922,30.035085,10.003212,10.003212,10.004973,10.005129,10.005168,1.000000,3,true,1.221417,2,objective equals makespan; due-date/tardiness fields are not available in this instance format
fair|M|breakdown|43|10.0|DCGA,2026-06-03T14:49:09,M_breakdown_seed43,M,breakdown,43,30043,30043,10.0,DCGA,solved,,30.052299,79.507951,79.507951,675.907951,404.710302,271.197649,0.401235,10.244414,10.244414,30.052313,10.010476,10.010476,10.010938,10.010980,10.010990,1.000000,3,true,2.884265,3,objective equals makespan; due-date/tardiness fields are not available in this instance format
fair|M|breakdown|43|10.0|MOEA-NSGA2,2026-06-03T14:49:15,M_breakdown_seed43,M,breakdown,43,30043,30043,10.0,MOEA-NSGA2,solved,,30.050469,81.816864,81.816864,645.953330,403.426035,242.527295,0.375456,10.378932,10.378932,30.050482,10.006885,10.006885,10.010111,10.010397,10.010469,1.000000,3,true,5.872027,4,objective equals makespan; due-date/tardiness fields are not available in this instance format
fair|M|breakdown|43|10.0|LNS,2026-06-03T14:49:01,M_breakdown_seed43,M,breakdown,43,30043,30043,10.0,LNS,solved,,28.793575,83.536560,83.536560,705.162086,413.839155,291.322931,0.413129,10.595859,10.595859,28.793584,9.480968,9.480968,9.951685,9.993526,10.003987,0.333333,1,true,8.097335,5,objective equals makespan; due-date/tardiness fields are not available in this instance format
fair|M|breakdown|43|10.0|SA,2026-06-03T14:49:10,M_breakdown_seed43,M,breakdown,43,30043,30043,10.0,SA,solved,,28.412512,84.945272,84.945272,743.495450,440.516879,302.978571,0.407506,10.992281,10.992281,28.412526,9.526646,9.526646,9.964891,10.003846,10.013585,0.333333,1,true,9.920226,6,objective equals makespan; due-date/tardiness fields are not available in this instance format
fair|M|breakdown|43|10.0|B-CORE,2026-06-03T14:48:32,M_breakdown_seed43,M,breakdown,43,30043,30043,10.0,B-CORE,solved,,0.049978,89.799928,89.799928,684.028481,421.146068,262.882413,0.384315,11.452267,11.452267,0.049993,0.000336,0.000336,0.000337,0.000337,0.000337,0.000000,0,true,16.202210,7,objective equals makespan; due-date/tardiness fields are not available in this instance format
fair|M|breakdown|43|10.0|B-CORE-no-graph,2026-06-03T14:48:32,M_breakdown_seed43,M,breakdown,43,30043,30043,10.0,B-CORE-no-graph,solved,,0.052991,89.799928,89.799928,684.028481,421.146068,262.882413,0.384315,11.452267,11.452267,0.053003,0.000334,0.000334,0.000356,0.000358,0.000358,0.000000,0,true,16.202210,8,objective equals makespan; due-date/tardiness fields are not available in this instance format
fair|M|breakdown|43|10.0|MOR,2026-06-03T14:48:32,M_breakdown_seed43,M,breakdown,43,30043,30043,10.0,MOR,solved,,0.026041,99.273012,99.273012,662.231642,381.119518,281.112125,0.424492,10.052893,10.052893,0.026054,0.000010,0.000010,0.000012,0.000012,0.000012,0.000000,0,true,28.460497,9,objective equals makespan; due-date/tardiness fields are not available in this instance format
fair|M|breakdown|43|10.0|MachineRank,2026-06-03T14:48:32,M_breakdown_seed43,M,breakdown,43,30043,30043,10.0,MachineRank,solved,,0.032722,104.525282,104.525282,794.144921,462.518148,331.626774,0.417590,13.223464,13.223464,0.032734,0.000139,0.000139,0.000143,0.000143,0.000143,0.000000,0,true,35.256999,10,objective equals makespan; due-date/tardiness fields are not available in this instance format
fair|M|breakdown|44|0.1|B-CORE-no-bottleneck,2026-06-03T14:48:45,M_breakdown_seed44,M,breakdown,44,30044,30044,0.1,B-CORE-no-bottleneck,solved,,0.034428,74.313041,74.313041,634.692736,397.756454,236.936283,0.373309,10.964082,10.964082,0.034437,0.000196,0.000193,0.000235,0.000238,0.000238,0.000000,0,true,0.000000,1,objective equals makespan; due-date/tardiness fields are not available in this instance format
fair|M|breakdown|44|0.1|B-CORE,2026-06-03T14:48:45,M_breakdown_seed44,M,breakdown,44,30044,30044,0.1,B-CORE,solved,,0.033255,76.477507,76.477507,565.763114,356.207162,209.555952,0.370395,10.380722,10.380722,0.033265,0.000198,0.000201,0.000224,0.000226,0.000227,0.000000,0,true,2.912633,2,objective equals makespan; due-date/tardiness fields are not available in this instance format
fair|M|breakdown|44|0.1|B-CORE-no-graph,2026-06-03T14:48:45,M_breakdown_seed44,M,breakdown,44,30044,30044,0.1,B-CORE-no-graph,solved,,0.033976,76.477507,76.477507,565.763114,356.207162,209.555952,0.370395,10.380722,10.380722,0.033984,0.000205,0.000213,0.000239,0.000241,0.000242,0.000000,0,true,2.912633,3,objective equals makespan; due-date/tardiness fields are not available in this instance format
fair|M|breakdown|44|0.1|DCGA,2026-06-03T14:48:46,M_breakdown_seed44,M,breakdown,44,30044,30044,0.1,DCGA,solved,,0.462417,88.407647,88.407647,697.010216,376.482298,320.527918,0.459861,11.610830,11.610830,0.462429,0.110779,0.109988,0.113239,0.113528,0.113600,1.000000,4,true,18.966531,4,objective equals makespan; due-date/tardiness fields are not available in this instance format
fair|M|breakdown|44|0.1|SA,2026-06-03T14:48:46,M_breakdown_seed44,M,breakdown,44,30044,30044,0.1,SA,solved,,0.549532,90.813631,90.813631,724.070337,401.100501,322.969837,0.446048,12.060371,12.060371,0.549543,0.105016,0.104557,0.106585,0.106841,0.106905,1.000000,5,true,22.204165,5,objective equals makespan; due-date/tardiness fields are not available in this instance format
fair|M|breakdown|44|0.1|MachineRank,2026-06-03T14:48:45,M_breakdown_seed44,M,breakdown,44,30044,30044,0.1,MachineRank,solved,,0.028555,91.939054,91.939054,699.767002,399.379230,300.387772,0.429268,12.695270,12.695270,0.028564,0.000100,0.000118,0.000146,0.000149,0.000150,0.000000,0,true,23.718600,6,objective equals makespan; due-date/tardiness fields are not available in this instance format
fair|M|breakdown|44|0.1|MOEA-NSGA2,2026-06-03T14:48:47,M_breakdown_seed44,M,breakdown,44,30044,30044,0.1,MOEA-NSGA2,solved,,0.940054,93.230073,93.230073,697.416831,401.307982,296.108849,0.424579,10.981121,10.981121,0.940067,0.233341,0.220558,0.257200,0.260457,0.261271,1.000000,4,true,25.455871,7,objective equals makespan; due-date/tardiness fields are not available in this instance format
fair|M|breakdown|44|0.1|GA,2026-06-03T14:48:46,M_breakdown_seed44,M,breakdown,44,30044,30044,0.1,GA,solved,,0.479438,102.931008,102.931008,696.194692,404.265583,291.929109,0.419321,10.926373,10.926373,0.479451,0.114571,0.115813,0.116347,0.116394,0.116406,1.000000,4,true,38.510020,8,objective equals makespan; due-date/tardiness fields are not available in this instance format
fair|M|breakdown|44|0.1|MOR,2026-06-03T14:48:45,M_breakdown_seed44,M,breakdown,44,30044,30044,0.1,MOR,solved,,0.016138,106.363740,106.363740,640.904334,365.242733,275.661601,0.430113,9.367082,9.367082,0.016145,0.000007,0.000007,0.000007,0.000007,0.000007,0.000000,0,true,43.129306,9,objective equals makespan; due-date/tardiness fields are not available in this instance format
fair|M|breakdown|44|0.1|LNS,2026-06-03T14:48:46,M_breakdown_seed44,M,breakdown,44,30044,30044,0.1,LNS,solved,,0.459118,107.649539,107.649539,711.241494,389.542696,321.698798,0.452306,12.005764,12.005764,0.459132,0.107204,0.106230,0.109096,0.109350,0.109414,1.000000,4,true,44.859553,10,objective equals makespan; due-date/tardiness fields are not available in this instance format
fair|M|breakdown|44|0.5|B-CORE-no-bottleneck,2026-06-03T14:48:46,M_breakdown_seed44,M,breakdown,44,30044,30044,0.5,B-CORE-no-bottleneck,solved,,0.050794,74.313041,74.313041,634.692736,397.756454,236.936283,0.373309,10.964082,10.964082,0.050804,0.000298,0.000285,0.000373,0.000382,0.000384,0.000000,0,true,0.000000,1,objective equals makespan; due-date/tardiness fields are not available in this instance format
fair|M|breakdown|44|0.5|B-CORE,2026-06-03T14:48:46,M_breakdown_seed44,M,breakdown,44,30044,30044,0.5,B-CORE,solved,,0.048551,76.477507,76.477507,565.763114,356.207162,209.555952,0.370395,10.380722,10.380722,0.048563,0.000294,0.000300,0.000342,0.000346,0.000347,0.000000,0,true,2.912633,2,objective equals makespan; due-date/tardiness fields are not available in this instance format
fair|M|breakdown|44|0.5|B-CORE-no-graph,2026-06-03T14:48:46,M_breakdown_seed44,M,breakdown,44,30044,30044,0.5,B-CORE-no-graph,solved,,0.047954,76.477507,76.477507,565.763114,356.207162,209.555952,0.370395,10.380722,10.380722,0.047964,0.000292,0.000303,0.000339,0.000342,0.000343,0.000000,0,true,2.912633,3,objective equals makespan; due-date/tardiness fields are not available in this instance format
fair|M|breakdown|44|0.5|DCGA,2026-06-03T14:48:48,M_breakdown_seed44,M,breakdown,44,30044,30044,0.5,DCGA,solved,,2.067186,91.297508,91.297508,667.822994,377.742198,290.080795,0.434368,11.477741,11.477741,2.067199,0.510416,0.509126,0.517574,0.518324,0.518512,1.000000,4,true,22.855298,4,objective equals makespan; due-date/tardiness fields are not available in this instance format
fair|M|breakdown|44|0.5|MachineRank,2026-06-03T14:48:46,M_breakdown_seed44,M,breakdown,44,30044,30044,0.5,MachineRank,solved,,0.034257,91.939054,91.939054,699.767002,399.379230,300.387772,0.429268,12.695270,12.695270,0.034267,0.000096,0.000117,0.000136,0.000137,0.000138,0.000000,0,true,23.718600,5,objective equals makespan; due-date/tardiness fields are not available in this instance format
fair|M|breakdown|44|0.5|GA,2026-06-03T14:48:48,M_breakdown_seed44,M,breakdown,44,30044,30044,0.5,GA,solved,,2.068558,92.581934,92.581934,740.539271,420.586904,319.952367,0.432053,11.037628,11.037628,2.068572,0.510204,0.509423,0.517495,0.518212,0.518392,1.000000,4,true,24.583697,6,objective equals makespan; due-date/tardiness fields are not available in this instance format
fair|M|breakdown|44|0.5|SA,2026-06-03T14:48:49,M_breakdown_seed44,M,breakdown,44,30044,30044,0.5,SA,solved,,2.073654,93.562573,93.562573,741.397412,407.045351,334.352061,0.450975,12.440015,12.440015,2.073668,0.514438,0.513403,0.516531,0.516809,0.516879,1.000000,4,true,25.903303,7,objective equals makespan; due-date/tardiness fields are not available in this instance format
fair|M|breakdown|44|0.5|MOEA-NSGA2,2026-06-03T14:48:50,M_breakdown_seed44,M,breakdown,44,30044,30044,0.5,MOEA-NSGA2,solved,,2.074561,99.378196,99.378196,765.852437,400.801191,365.051246,0.476660,13.023528,13.023528,2.074574,0.515209,0.516533,0.517270,0.517335,0.517351,1.000000,4,true,33.729147,8,objective equals makespan; due-date/tardiness fields are not available in this instance format
fair|M|breakdown|44|0.5|LNS,2026-06-03T14:48:48,M_breakdown_seed44,M,breakdown,44,30044,30044,0.5,LNS,solved,,2.041082,101.791942,101.791942,691.706549,378.223862,313.482686,0.453202,11.529799,11.529799,2.041097,0.505488,0.502890,0.511815,0.512608,0.512807,1.000000,4,true,36.977226,9,objective equals makespan; due-date/tardiness fields are not available in this instance format
fair|M|breakdown|44|0.5|MOR,2026-06-03T14:48:46,M_breakdown_seed44,M,breakdown,44,30044,30044,0.5,MOR,solved,,0.024225,106.363740,106.363740,640.904334,365.242733,275.661601,0.430113,9.367082,9.367082,0.024235,0.000009,0.000009,0.000010,0.000010,0.000010,0.000000,0,true,43.129306,10,objective equals makespan; due-date/tardiness fields are not available in this instance format
fair|M|breakdown|44|1.0|B-CORE-no-bottleneck,2026-06-03T14:48:48,M_breakdown_seed44,M,breakdown,44,30044,30044,1.0,B-CORE-no-bottleneck,solved,,0.050778,74.313041,74.313041,634.692736,397.756454,236.936283,0.373309,10.964082,10.964082,0.050789,0.000302,0.000290,0.000372,0.000379,0.000380,0.000000,0,true,0.000000,1,objective equals makespan; due-date/tardiness fields are not available in this instance format
fair|M|breakdown|44|1.0|B-CORE,2026-06-03T14:48:48,M_breakdown_seed44,M,breakdown,44,30044,30044,1.0,B-CORE,solved,,0.049446,76.477507,76.477507,565.763114,356.207162,209.555952,0.370395,10.380722,10.380722,0.049459,0.000302,0.000313,0.000359,0.000364,0.000365,0.000000,0,true,2.912633,2,objective equals makespan; due-date/tardiness fields are not available in this instance format
fair|M|breakdown|44|1.0|B-CORE-no-graph,2026-06-03T14:48:48,M_breakdown_seed44,M,breakdown,44,30044,30044,1.0,B-CORE-no-graph,solved,,0.049511,76.477507,76.477507,565.763114,356.207162,209.555952,0.370395,10.380722,10.380722,0.049521,0.000302,0.000310,0.000355,0.000359,0.000360,0.000000,0,true,2.912633,3,objective equals makespan; due-date/tardiness fields are not available in this instance format
fair|M|breakdown|44|1.0|DCGA,2026-06-03T14:48:53,M_breakdown_seed44,M,breakdown,44,30044,30044,1.0,DCGA,solved,,4.078967,88.053711,88.053711,682.655167,385.624433,297.030734,0.435111,11.334552,11.334552,4.078981,1.013947,1.015373,1.017027,1.017173,1.017210,1.000000,4,true,18.490254,4,objective equals makespan; due-date/tardiness fields are not available in this instance format
fair|M|breakdown|44|1.0|GA,2026-06-03T14:48:52,M_breakdown_seed44,M,breakdown,44,30044,30044,1.0,GA,solved,,4.092316,90.162274,90.162274,767.681020,442.186278,325.494742,0.423997,12.016682,12.016682,4.092326,1.016756,1.015144,1.020000,1.020432,1.020539,1.000000,4,true,21.327660,5,objective equals makespan; due-date/tardiness fields are not available in this instance format
fair|M|breakdown|44|1.0|SA,2026-06-03T14:48:54,M_breakdown_seed44,M,breakdown,44,30044,30044,1.0,SA,solved,,4.059205,90.943471,90.943471,727.432685,403.225691,324.206994,0.445687,11.826809,11.826809,4.059219,1.007812,1.004257,1.015802,1.016828,1.017085,1.000000,4,true,22.378885,6,objective equals makespan; due-date/tardiness fields are not available in this instance format
fair|M|breakdown|44|1.0|MOEA-NSGA2,2026-06-03T14:48:57,M_breakdown_seed44,M,breakdown,44,30044,30044,1.0,MOEA-NSGA2,solved,,5.060341,91.313636,91.313636,694.722191,416.628750,278.093441,0.400294,11.965194,11.965194,5.060353,1.006000,1.004575,1.012240,1.013227,1.013474,1.000000,5,true,22.877001,7,objective equals makespan; due-date/tardiness fields are not available in this instance format
fair|M|breakdown|44|1.0|LNS,2026-06-03T14:48:52,M_breakdown_seed44,M,breakdown,44,30044,30044,1.0,LNS,solved,,4.054874,91.779333,91.779333,680.548348,373.256726,307.291622,0.451535,11.384006,11.384006,4.054885,1.007137,1.007364,1.010358,1.010624,1.010690,1.000000,4,true,23.503670,8,objective equals makespan; due-date/tardiness fields are not available in this instance format
fair|M|breakdown|44|1.0|MachineRank,2026-06-03T14:48:48,M_breakdown_seed44,M,breakdown,44,30044,30044,1.0,MachineRank,solved,,0.029773,91.939054,91.939054,699.767002,399.379230,300.387772,0.429268,12.695270,12.695270,0.029784,0.000095,0.000115,0.000133,0.000135,0.000136,0.000000,0,true,23.718600,9,objective equals makespan; due-date/tardiness fields are not available in this instance format
fair|M|breakdown|44|1.0|MOR,2026-06-03T14:48:48,M_breakdown_seed44,M,breakdown,44,30044,30044,1.0,MOR,solved,,0.024149,106.363740,106.363740,640.904334,365.242733,275.661601,0.430113,9.367082,9.367082,0.024159,0.000010,0.000010,0.000011,0.000011,0.000011,0.000000,0,true,43.129306,10,objective equals makespan; due-date/tardiness fields are not available in this instance format
fair|M|breakdown|44|5.0|B-CORE-no-bottleneck,2026-06-03T14:48:52,M_breakdown_seed44,M,breakdown,44,30044,30044,5.0,B-CORE-no-bottleneck,solved,,0.051368,74.313041,74.313041,634.692736,397.756454,236.936283,0.373309,10.964082,10.964082,0.051379,0.000304,0.000289,0.000377,0.000385,0.000387,0.000000,0,true,0.000000,1,objective equals makespan; due-date/tardiness fields are not available in this instance format
fair|M|breakdown|44|5.0|B-CORE,2026-06-03T14:48:52,M_breakdown_seed44,M,breakdown,44,30044,30044,5.0,B-CORE,solved,,0.049870,76.477507,76.477507,565.763114,356.207162,209.555952,0.370395,10.380722,10.380722,0.049883,0.000316,0.000327,0.000373,0.000377,0.000378,0.000000,0,true,2.912633,2,objective equals makespan; due-date/tardiness fields are not available in this instance format
fair|M|breakdown|44|5.0|B-CORE-no-graph,2026-06-03T14:48:52,M_breakdown_seed44,M,breakdown,44,30044,30044,5.0,B-CORE-no-graph,solved,,0.049855,76.477507,76.477507,565.763114,356.207162,209.555952,0.370395,10.380722,10.380722,0.049869,0.000317,0.000330,0.000359,0.000362,0.000362,0.000000,0,true,2.912633,3,objective equals makespan; due-date/tardiness fields are not available in this instance format
fair|M|breakdown|44|5.0|MOEA-NSGA2,2026-06-03T14:49:14,M_breakdown_seed44,M,breakdown,44,30044,30044,5.0,MOEA-NSGA2,solved,,20.042340,76.912079,76.912079,594.751027,341.737147,253.013880,0.425411,8.648779,8.648779,20.042352,5.004607,5.001853,5.010097,5.010830,5.011013,1.000000,4,true,3.497418,4,objective equals makespan; due-date/tardiness fields are not available in this instance format
fair|M|breakdown|44|5.0|DCGA,2026-06-03T14:49:13,M_breakdown_seed44,M,breakdown,44,30044,30044,5.0,DCGA,solved,,20.067441,78.430876,78.430876,578.305058,349.040571,229.264487,0.396442,8.722388,8.722388,20.067453,5.013146,5.012496,5.015090,5.015321,5.015379,1.000000,4,true,5.541201,5,objective equals makespan; due-date/tardiness fields are not available in this instance format
fair|M|breakdown|44|5.0|LNS,2026-06-03T14:49:18,M_breakdown_seed44,M,breakdown,44,30044,30044,5.0,LNS,solved,,25.061546,81.063479,81.063479,676.202646,404.963650,271.238997,0.401121,10.148441,10.148441,25.061556,5.010475,5.011923,5.015439,5.015739,5.015814,1.000000,5,true,9.083787,6,objective equals makespan; due-date/tardiness fields are not available in this instance format
fair|M|breakdown|44|5.0|GA,2026-06-03T14:49:13,M_breakdown_seed44,M,breakdown,44,30044,30044,5.0,GA,solved,,20.053607,81.201036,81.201036,645.476365,383.011279,262.465086,0.406622,9.956383,9.956383,20.053620,5.008003,5.004868,5.014179,5.015006,5.015213,1.000000,4,true,9.268891,7,objective equals makespan; due-date/tardiness fields are not available in this instance format
fair|M|breakdown|44|5.0|SA,2026-06-03T14:49:13,M_breakdown_seed44,M,breakdown,44,30044,30044,5.0,SA,solved,,20.047840,86.386296,86.386296,662.002680,373.976026,288.026654,0.435084,11.631616,11.631616,20.047854,5.006857,5.005838,5.012498,5.013090,5.013238,1.000000,4,true,16.246482,8,objective equals makespan; due-date/tardiness fields are not available in this instance format
fair|M|breakdown|44|5.0|MachineRank,2026-06-03T14:48:52,M_breakdown_seed44,M,breakdown,44,30044,30044,5.0,MachineRank,solved,,0.029951,91.939054,91.939054,699.767002,399.379230,300.387772,0.429268,12.695270,12.695270,0.029961,0.000096,0.000119,0.000135,0.000137,0.000137,0.000000,0,true,23.718600,9,objective equals makespan; due-date/tardiness fields are not available in this instance format
fair|M|breakdown|44|5.0|MOR,2026-06-03T14:48:52,M_breakdown_seed44,M,breakdown,44,30044,30044,5.0,MOR,solved,,0.024467,106.363740,106.363740,640.904334,365.242733,275.661601,0.430113,9.367082,9.367082,0.024477,0.000009,0.000009,0.000011,0.000011,0.000011,0.000000,0,true,43.129306,10,objective equals makespan; due-date/tardiness fields are not available in this instance format
fair|M|breakdown|44|10.0|MOEA-NSGA2,2026-06-03T14:49:49,M_breakdown_seed44,M,breakdown,44,30044,30044,10.0,MOEA-NSGA2,solved,,40.063036,71.720383,71.720383,581.549576,322.952332,258.597243,0.444669,9.155932,9.155932,40.063048,10.007100,10.004861,10.012145,10.012793,10.012955,1.000000,4,true,0.000000,1,objective equals makespan; due-date/tardiness fields are not available in this instance format
fair|M|breakdown|44|10.0|DCGA,2026-06-03T14:49:42,M_breakdown_seed44,M,breakdown,44,30044,30044,10.0,DCGA,solved,,40.053284,72.700396,72.700396,521.668877,309.168094,212.500783,0.407348,9.028348,9.028348,40.053294,10.011338,10.012964,10.016499,10.016814,10.016892,1.000000,4,true,1.366436,2,objective equals makespan; due-date/tardiness fields are not available in this instance format
fair|M|breakdown|44|10.0|B-CORE-no-bottleneck,2026-06-03T14:48:57,M_breakdown_seed44,M,breakdown,44,30044,30044,10.0,B-CORE-no-bottleneck,solved,,0.042243,74.313041,74.313041,634.692736,397.756454,236.936283,0.373309,10.964082,10.964082,0.042255,0.000281,0.000291,0.000360,0.000363,0.000364,0.000000,0,true,3.614953,3,objective equals makespan; due-date/tardiness fields are not available in this instance format
fair|M|breakdown|44|10.0|GA,2026-06-03T14:49:51,M_breakdown_seed44,M,breakdown,44,30044,30044,10.0,GA,solved,,50.069134,76.137478,76.137478,596.843327,319.188939,277.654389,0.465205,9.879721,9.879721,50.069145,10.010195,10.010634,10.017167,10.017416,10.017479,1.000000,5,true,6.158772,4,objective equals makespan; due-date/tardiness fields are not available in this instance format
fair|M|breakdown|44|10.0|B-CORE,2026-06-03T14:48:57,M_breakdown_seed44,M,breakdown,44,30044,30044,10.0,B-CORE,solved,,0.040709,76.477507,76.477507,565.763114,356.207162,209.555952,0.370395,10.380722,10.380722,0.040720,0.000226,0.000227,0.000277,0.000281,0.000282,0.000000,0,true,6.632876,5,objective equals makespan; due-date/tardiness fields are not available in this instance format
fair|M|breakdown|44|10.0|B-CORE-no-graph,2026-06-03T14:48:57,M_breakdown_seed44,M,breakdown,44,30044,30044,10.0,B-CORE-no-graph,solved,,0.047251,76.477507,76.477507,565.763114,356.207162,209.555952,0.370395,10.380722,10.380722,0.047260,0.000341,0.000389,0.000394,0.000394,0.000395,0.000000,0,true,6.632876,6,objective equals makespan; due-date/tardiness fields are not available in this instance format
fair|M|breakdown|44|10.0|LNS,2026-06-03T14:49:32,M_breakdown_seed44,M,breakdown,44,30044,30044,10.0,LNS,solved,,34.746697,79.407647,79.407647,638.542155,366.337765,272.204390,0.426290,9.303589,9.303589,34.746711,8.831026,8.348213,9.852881,9.986629,10.020066,0.250000,1,true,10.718381,7,objective equals makespan; due-date/tardiness fields are not available in this instance format
fair|M|breakdown|44|10.0|SA,2026-06-03T14:49:39,M_breakdown_seed44,M,breakdown,44,30044,30044,10.0,SA,solved,,35.432704,91.252144,91.252144,733.421139,442.904659,290.516480,0.396111,11.667531,11.667531,35.432718,9.084441,8.882803,9.889625,9.979120,10.001494,0.250000,1,true,27.233208,8,objective equals makespan; due-date/tardiness fields are not available in this instance format
fair|M|breakdown|44|10.0|MachineRank,2026-06-03T14:48:57,M_breakdown_seed44,M,breakdown,44,30044,30044,10.0,MachineRank,solved,,0.028591,91.939054,91.939054,699.767002,399.379230,300.387772,0.429268,12.695270,12.695270,0.028603,0.000063,0.000078,0.000086,0.000087,0.000087,0.000000,0,true,28.190969,9,objective equals makespan; due-date/tardiness fields are not available in this instance format
fair|M|breakdown|44|10.0|MOR,2026-06-03T14:48:57,M_breakdown_seed44,M,breakdown,44,30044,30044,10.0,MOR,solved,,0.025257,106.363740,106.363740,640.904334,365.242733,275.661601,0.430113,9.367082,9.367082,0.025272,0.000011,0.000010,0.000014,0.000014,0.000014,0.000000,0,true,48.303363,10,objective equals makespan; due-date/tardiness fields are not available in this instance format
fair|M|breakdown|45|0.1|B-CORE,2026-06-03T14:49:10,M_breakdown_seed45,M,breakdown,45,30045,30045,0.1,B-CORE,solved,,0.044305,70.391156,70.391156,524.271236,325.048097,199.223139,0.380000,9.448444,9.448444,0.044316,0.000272,0.000285,0.000299,0.000301,0.000301,0.000000,0,true,0.000000,1,objective equals makespan; due-date/tardiness fields are not available in this instance format
fair|M|breakdown|45|0.1|B-CORE-no-graph,2026-06-03T14:49:11,M_breakdown_seed45,M,breakdown,45,30045,30045,0.1,B-CORE-no-graph,solved,,0.043963,70.391156,70.391156,524.271236,325.048097,199.223139,0.380000,9.448444,9.448444,0.043975,0.000272,0.000278,0.000305,0.000307,0.000308,0.000000,0,true,0.000000,2,objective equals makespan; due-date/tardiness fields are not available in this instance format
fair|M|breakdown|45|0.1|SA,2026-06-03T14:49:12,M_breakdown_seed45,M,breakdown,45,30045,30045,0.1,SA,solved,,0.347592,72.111461,72.111461,598.295310,350.861918,247.433391,0.413564,11.420702,11.420702,0.347607,0.110625,0.110625,0.111126,0.111170,0.111181,1.000000,3,true,2.443922,3,objective equals makespan; due-date/tardiness fields are not available in this instance format
fair|M|breakdown|45|0.1|B-CORE-no-bottleneck,2026-06-03T14:49:11,M_breakdown_seed45,M,breakdown,45,30045,30045,0.1,B-CORE-no-bottleneck,solved,,0.046554,77.003446,77.003446,609.018432,346.261300,262.757131,0.431444,11.216873,11.216873,0.046567,0.000295,0.000295,0.000296,0.000296,0.000296,0.000000,0,true,9.393637,4,objective equals makespan; due-date/tardiness fields are not available in this instance format
fair|M|breakdown|45|0.1|GA,2026-06-03T14:49:11,M_breakdown_seed45,M,breakdown,45,30045,30045,0.1,GA,solved,,0.461535,83.167328,83.167328,684.978505,382.451831,302.526674,0.441659,10.600849,10.600849,0.461548,0.109685,0.112860,0.113173,0.113201,0.113208,1.000000,4,true,18.150252,5,objective equals makespan; due-date/tardiness fields are not available in this instance format
fair|M|breakdown|45|0.1|MachineRank,2026-06-03T14:49:11,M_breakdown_seed45,M,breakdown,45,30045,30045,0.1,MachineRank,solved,,0.026731,85.116127,85.116127,642.873088,357.709335,285.163753,0.443577,11.533084,11.533084,0.026742,0.000072,0.000072,0.000125,0.000129,0.000131,0.000000,0,true,20.918780,6,objective equals makespan; due-date/tardiness fields are not available in this instance format
fair|M|breakdown|45|0.1|DCGA,2026-06-03T14:49:12,M_breakdown_seed45,M,breakdown,45,30045,30045,0.1,DCGA,solved,,0.332939,86.004359,86.004359,688.923648,393.175997,295.747651,0.429289,13.006828,13.006828,0.332953,0.103087,0.103087,0.104295,0.104402,0.104429,1.000000,3,true,22.180632,7,objective equals makespan; due-date/tardiness fields are not available in this instance format
fair|M|breakdown|45|0.1|LNS,2026-06-03T14:49:11,M_breakdown_seed45,M,breakdown,45,30045,30045,0.1,LNS,solved,,0.347373,88.435163,88.435163,690.852595,396.506869,294.345725,0.426062,12.692155,12.692155,0.347387,0.108747,0.108747,0.113342,0.113750,0.113853,1.000000,3,true,25.633912,8,objective equals makespan; due-date/tardiness fields are not available in this instance format
fair|M|breakdown|45|0.1|MOEA-NSGA2,2026-06-03T14:49:13,M_breakdown_seed45,M,breakdown,45,30045,30045,0.1,MOEA-NSGA2,solved,,0.675599,91.007896,91.007896,682.004211,378.454762,303.549448,0.445084,12.492386,12.492386,0.675611,0.216641,0.216641,0.230083,0.231277,0.231576,1.000000,3,true,29.288821,9,objective equals makespan; due-date/tardiness fields are not available in this instance format
fair|M|breakdown|45|0.1|MOR,2026-06-03T14:49:11,M_breakdown_seed45,M,breakdown,45,30045,30045,0.1,MOR,solved,,0.022942,100.880109,100.880109,674.707100,375.969256,298.737845,0.442767,9.664721,9.664721,0.022956,0.000009,0.000009,0.000010,0.000010,0.000010,0.000000,0,true,43.313613,10,objective equals makespan; due-date/tardiness fields are not available in this instance format
fair|M|breakdown|45|0.5|DCGA,2026-06-03T14:49:14,M_breakdown_seed45,M,breakdown,45,30045,30045,0.5,DCGA,solved,,1.537639,66.801026,66.801026,586.857245,331.383695,255.473550,0.435325,11.290341,11.290341,1.537652,0.506240,0.506240,0.509253,0.509521,0.509588,1.000000,3,true,0.000000,1,objective equals makespan; due-date/tardiness fields are not available in this instance format
fair|M|breakdown|45|0.5|B-CORE,2026-06-03T14:49:13,M_breakdown_seed45,M,breakdown,45,30045,30045,0.5,B-CORE,solved,,0.044642,70.391156,70.391156,524.271236,325.048097,199.223139,0.380000,9.448444,9.448444,0.044653,0.000280,0.000289,0.000308,0.000310,0.000310,0.000000,0,true,5.374364,2,objective equals makespan; due-date/tardiness fields are not available in this instance format
fair|M|breakdown|45|0.5|B-CORE-no-graph,2026-06-03T14:49:13,M_breakdown_seed45,M,breakdown,45,30045,30045,0.5,B-CORE-no-graph,solved,,0.044878,70.391156,70.391156,524.271236,325.048097,199.223139,0.380000,9.448444,9.448444,0.044888,0.000288,0.000299,0.000319,0.000321,0.000322,0.000000,0,true,5.374364,3,objective equals makespan; due-date/tardiness fields are not available in this instance format
fair|M|breakdown|45|0.5|SA,2026-06-03T14:49:15,M_breakdown_seed45,M,breakdown,45,30045,30045,0.5,SA,solved,,1.556553,72.111461,72.111461,598.295310,350.861918,247.433391,0.413564,11.420702,11.420702,1.556565,0.512001,0.512001,0.514020,0.514199,0.514244,1.000000,3,true,7.949631,4,objective equals makespan; due-date/tardiness fields are not available in this instance format
fair|M|breakdown|45|0.5|GA,2026-06-03T14:49:15,M_breakdown_seed45,M,breakdown,45,30045,30045,0.5,GA,solved,,2.056326,76.620397,76.620397,658.957304,364.296982,294.660322,0.447161,11.659577,11.659577,2.056340,0.506839,0.508357,0.510495,0.510685,0.510732,1.000000,4,true,14.699431,5,objective equals makespan; due-date/tardiness fields are not available in this instance format
fair|M|breakdown|45|0.5|MOEA-NSGA2,2026-06-03T14:49:16,M_breakdown_seed45,M,breakdown,45,30045,30045,0.5,MOEA-NSGA2,solved,,1.554666,76.677158,76.677158,610.247172,350.145586,260.101586,0.426223,11.290986,11.290986,1.554678,0.507330,0.507330,0.510038,0.510278,0.510338,1.000000,3,true,14.784402,6,objective equals makespan; due-date/tardiness fields are not available in this instance format
fair|M|breakdown|45|0.5|B-CORE-no-bottleneck,2026-06-03T14:49:13,M_breakdown_seed45,M,breakdown,45,30045,30045,0.5,B-CORE-no-bottleneck,solved,,0.046905,77.003446,77.003446,609.018432,346.261300,262.757131,0.431444,11.216873,11.216873,0.046917,0.000295,0.000295,0.000295,0.000295,0.000295,0.000000,0,true,15.272849,7,objective equals makespan; due-date/tardiness fields are not available in this instance format
fair|M|breakdown|45|0.5|MachineRank,2026-06-03T14:49:13,M_breakdown_seed45,M,breakdown,45,30045,30045,0.5,MachineRank,solved,,0.027311,85.116127,85.116127,642.873088,357.709335,285.163753,0.443577,11.533084,11.533084,0.027321,0.000077,0.000077,0.000133,0.000138,0.000140,0.000000,0,true,27.417395,8,objective equals makespan; due-date/tardiness fields are not available in this instance format
fair|M|breakdown|45|0.5|LNS,2026-06-03T14:49:14,M_breakdown_seed45,M,breakdown,45,30045,30045,0.5,LNS,solved,,1.543232,85.570582,85.570582,713.991799,401.105054,312.886745,0.438222,12.964609,12.964609,1.543246,0.507886,0.507886,0.512083,0.512456,0.512549,1.000000,3,true,28.097706,9,objective equals makespan; due-date/tardiness fields are not available in this instance format
fair|M|breakdown|45|0.5|MOR,2026-06-03T14:49:13,M_breakdown_seed45,M,breakdown,45,30045,30045,0.5,MOR,solved,,0.022561,100.880109,100.880109,674.707100,375.969256,298.737845,0.442767,9.664721,9.664721,0.022572,0.000010,0.000010,0.000011,0.000011,0.000012,0.000000,0,true,51.015808,10,objective equals makespan; due-date/tardiness fields are not available in this instance format
fair|M|breakdown|45|1.0|DCGA,2026-06-03T14:49:18,M_breakdown_seed45,M,breakdown,45,30045,30045,1.0,DCGA,solved,,3.054155,67.682248,67.682248,581.671365,325.609322,256.062043,0.440218,10.892947,10.892947,3.054169,1.011900,1.011900,1.015122,1.015408,1.015480,1.000000,3,true,0.000000,1,objective equals makespan; due-date/tardiness fields are not available in this instance format
fair|M|breakdown|45|1.0|B-CORE,2026-06-03T14:49:14,M_breakdown_seed45,M,breakdown,45,30045,30045,1.0,B-CORE,solved,,0.044112,70.391156,70.391156,524.271236,325.048097,199.223139,0.380000,9.448444,9.448444,0.044123,0.000266,0.000279,0.000294,0.000295,0.000296,0.000000,0,true,4.002391,2,objective equals makespan; due-date/tardiness fields are not available in this instance format
fair|M|breakdown|45|1.0|B-CORE-no-graph,2026-06-03T14:49:14,M_breakdown_seed45,M,breakdown,45,30045,30045,1.0,B-CORE-no-graph,solved,,0.044561,70.391156,70.391156,524.271236,325.048097,199.223139,0.380000,9.448444,9.448444,0.044573,0.000279,0.000291,0.000308,0.000310,0.000310,0.000000,0,true,4.002391,3,objective equals makespan; due-date/tardiness fields are not available in this instance format
fair|M|breakdown|45|1.0|SA,2026-06-03T14:49:18,M_breakdown_seed45,M,breakdown,45,30045,30045,1.0,SA,solved,,3.067190,72.111461,72.111461,598.295310,350.861918,247.433391,0.413564,11.420702,11.420702,3.067201,1.014771,1.014771,1.018177,1.018479,1.018555,1.000000,3,true,6.544128,4,objective equals makespan; due-date/tardiness fields are not available in this instance format
fair|M|breakdown|45|1.0|MOEA-NSGA2,2026-06-03T14:49:18,M_breakdown_seed45,M,breakdown,45,30045,30045,1.0,MOEA-NSGA2,solved,,3.045588,74.477499,74.477499,596.072148,328.095284,267.976864,0.449571,10.593816,10.593816,3.045601,1.011701,1.011701,1.012933,1.013042,1.013070,1.000000,3,true,10.039931,5,objective equals makespan; due-date/tardiness fields are not available in this instance format
fair|M|breakdown|45|1.0|B-CORE-no-bottleneck,2026-06-03T14:49:14,M_breakdown_seed45,M,breakdown,45,30045,30045,1.0,B-CORE-no-bottleneck,solved,,0.047140,77.003446,77.003446,609.018432,346.261300,262.757131,0.431444,11.216873,11.216873,0.047152,0.000296,0.000296,0.000297,0.000297,0.000297,0.000000,0,true,13.771998,6,objective equals makespan; due-date/tardiness fields are not available in this instance format
fair|M|breakdown|45|1.0|GA,2026-06-03T14:49:19,M_breakdown_seed45,M,breakdown,45,30045,30045,1.0,GA,solved,,4.065019,79.061357,79.061357,620.592245,366.291143,254.301102,0.409772,11.029904,11.029904,4.065033,1.011370,1.012260,1.016045,1.016381,1.016465,1.000000,4,true,16.812546,7,objective equals makespan; due-date/tardiness fields are not available in this instance format
fair|M|breakdown|45|1.0|LNS,2026-06-03T14:49:18,M_breakdown_seed45,M,breakdown,45,30045,30045,1.0,LNS,solved,,3.052747,79.374828,79.374828,655.450780,385.326529,270.124250,0.412120,12.202842,12.202842,3.052759,1.011420,1.011420,1.015976,1.016381,1.016483,1.000000,3,true,17.275697,8,objective equals makespan; due-date/tardiness fields are not available in this instance format
fair|M|breakdown|45|1.0|MachineRank,2026-06-03T14:49:14,M_breakdown_seed45,M,breakdown,45,30045,30045,1.0,MachineRank,solved,,0.026834,85.116127,85.116127,642.873088,357.709335,285.163753,0.443577,11.533084,11.533084,0.026844,0.000071,0.000071,0.000123,0.000128,0.000129,0.000000,0,true,25.758422,9,objective equals makespan; due-date/tardiness fields are not available in this instance format
fair|M|breakdown|45|1.0|MOR,2026-06-03T14:49:14,M_breakdown_seed45,M,breakdown,45,30045,30045,1.0,MOR,solved,,0.022729,100.880109,100.880109,674.707100,375.969256,298.737845,0.442767,9.664721,9.664721,0.022741,0.000008,0.000008,0.000009,0.000009,0.000009,0.000000,0,true,49.049584,10,objective equals makespan; due-date/tardiness fields are not available in this instance format
fair|M|breakdown|45|5.0|LNS,2026-06-03T14:49:31,M_breakdown_seed45,M,breakdown,45,30045,30045,5.0,LNS,solved,,15.057725,63.074415,63.074415,488.935106,300.184104,188.751002,0.386045,7.800827,7.800827,15.057735,5.011566,5.011566,5.011805,5.011826,5.011832,1.000000,3,true,0.000000,1,objective equals makespan; due-date/tardiness fields are not available in this instance format
fair|M|breakdown|45|5.0|DCGA,2026-06-03T14:49:33,M_breakdown_seed45,M,breakdown,45,30045,30045,5.0,DCGA,solved,,15.057217,64.340393,64.340393,530.804428,316.430171,214.374257,0.403867,10.291937,10.291937,15.057231,5.011711,5.011711,5.015101,5.015402,5.015478,1.000000,3,true,2.007118,2,objective equals makespan; due-date/tardiness fields are not available in this instance format
fair|M|breakdown|45|5.0|GA,2026-06-03T14:49:38,M_breakdown_seed45,M,breakdown,45,30045,30045,5.0,GA,solved,,20.055386,66.687282,66.687282,581.826472,340.501768,241.324705,0.414771,9.855699,9.855699,20.055399,5.009667,5.012253,5.015644,5.015945,5.016021,1.000000,4,true,5.727944,3,objective equals makespan; due-date/tardiness fields are not available in this instance format
fair|M|breakdown|45|5.0|MOEA-NSGA2,2026-06-03T14:49:38,M_breakdown_seed45,M,breakdown,45,30045,30045,5.0,MOEA-NSGA2,solved,,20.040715,67.684377,67.684377,584.148237,306.333066,277.815172,0.475590,11.260058,11.260058,20.040727,5.003187,5.003257,5.003797,5.003845,5.003857,1.000000,4,true,7.308767,4,objective equals makespan; due-date/tardiness fields are not available in this instance format
fair|M|breakdown|45|5.0|B-CORE,2026-06-03T14:49:16,M_breakdown_seed45,M,breakdown,45,30045,30045,5.0,B-CORE,solved,,0.045732,70.391156,70.391156,524.271236,325.048097,199.223139,0.380000,9.448444,9.448444,0.045744,0.000287,0.000303,0.000311,0.000311,0.000312,0.000000,0,true,11.600173,5,objective equals makespan; due-date/tardiness fields are not available in this instance format
fair|M|breakdown|45|5.0|B-CORE-no-graph,2026-06-03T14:49:16,M_breakdown_seed45,M,breakdown,45,30045,30045,5.0,B-CORE-no-graph,solved,,0.045307,70.391156,70.391156,524.271236,325.048097,199.223139,0.380000,9.448444,9.448444,0.045319,0.000287,0.000294,0.000319,0.000321,0.000321,0.000000,0,true,11.600173,6,objective equals makespan; due-date/tardiness fields are not available in this instance format
fair|M|breakdown|45|5.0|SA,2026-06-03T14:49:38,M_breakdown_seed45,M,breakdown,45,30045,30045,5.0,SA,solved,,20.050614,74.120088,74.120088,591.769233,340.126848,251.642385,0.425237,9.846065,9.846065,20.050621,5.009280,5.009202,5.010574,5.010696,5.010727,1.000000,4,true,17.512129,7,objective equals makespan; due-date/tardiness fields are not available in this instance format
fair|M|breakdown|45|5.0|B-CORE-no-bottleneck,2026-06-03T14:49:16,M_breakdown_seed45,M,breakdown,45,30045,30045,5.0,B-CORE-no-bottleneck,solved,,0.046927,77.003446,77.003446,609.018432,346.261300,262.757131,0.431444,11.216873,11.216873,0.046938,0.000297,0.000297,0.000306,0.000306,0.000307,0.000000,0,true,22.083488,8,objective equals makespan; due-date/tardiness fields are not available in this instance format
fair|M|breakdown|45|5.0|MachineRank,2026-06-03T14:49:16,M_breakdown_seed45,M,breakdown,45,30045,30045,5.0,MachineRank,solved,,0.027105,85.116127,85.116127,642.873088,357.709335,285.163753,0.443577,11.533084,11.533084,0.027116,0.000071,0.000071,0.000124,0.000128,0.000129,0.000000,0,true,34.945567,9,objective equals makespan; due-date/tardiness fields are not available in this instance format
fair|M|breakdown|45|5.0|MOR,2026-06-03T14:49:16,M_breakdown_seed45,M,breakdown,45,30045,30045,5.0,MOR,solved,,0.022978,100.880109,100.880109,674.707100,375.969256,298.737845,0.442767,9.664721,9.664721,0.022988,0.000009,0.000009,0.000010,0.000010,0.000010,0.000000,0,true,59.938240,10,objective equals makespan; due-date/tardiness fields are not available in this instance format
fair|M|breakdown|45|10.0|DCGA,2026-06-03T14:50:01,M_breakdown_seed45,M,breakdown,45,30045,30045,10.0,DCGA,solved,,30.044564,60.404255,60.404255,526.331525,312.320899,214.010626,0.406608,9.854596,9.854596,30.044574,10.008468,10.008468,10.010687,10.010884,10.010933,1.000000,3,true,0.000000,1,objective equals makespan; due-date/tardiness fields are not available in this instance format
fair|M|breakdown|45|10.0|LNS,2026-06-03T14:49:43,M_breakdown_seed45,M,breakdown,45,30045,30045,10.0,LNS,solved,,24.554186,63.074415,63.074415,488.935106,300.184104,188.751002,0.386045,7.800827,7.800827,24.554200,8.024407,8.024407,8.185553,8.199877,8.203458,0.000000,0,true,4.420483,2,objective equals makespan; due-date/tardiness fields are not available in this instance format
fair|M|breakdown|45|10.0|MOEA-NSGA2,2026-06-03T14:50:03,M_breakdown_seed45,M,breakdown,45,30045,30045,10.0,MOEA-NSGA2,solved,,30.060785,64.250089,64.250089,510.066758,308.803516,201.263242,0.394582,9.695998,9.695998,30.060799,10.011222,10.011222,10.016133,10.016569,10.016679,1.000000,3,true,6.366826,3,objective equals makespan; due-date/tardiness fields are not available in this instance format
fair|M|breakdown|45|10.0|GA,2026-06-03T14:49:49,M_breakdown_seed45,M,breakdown,45,30045,30045,10.0,GA,solved,,30.042316,66.291773,66.291773,564.550261,319.117866,245.432395,0.434740,9.221305,9.221305,30.042327,10.007600,10.007600,10.009765,10.009957,10.010005,1.000000,3,true,9.746860,4,objective equals makespan; due-date/tardiness fields are not available in this instance format
fair|M|breakdown|45|10.0|B-CORE,2026-06-03T14:49:18,M_breakdown_seed45,M,breakdown,45,30045,30045,10.0,B-CORE,solved,,0.044940,70.391156,70.391156,524.271236,325.048097,199.223139,0.380000,9.448444,9.448444,0.044952,0.000295,0.000317,0.000323,0.000324,0.000324,0.000000,0,true,16.533440,5,objective equals makespan; due-date/tardiness fields are not available in this instance format
fair|M|breakdown|45|10.0|B-CORE-no-graph,2026-06-03T14:49:18,M_breakdown_seed45,M,breakdown,45,30045,30045,10.0,B-CORE-no-graph,solved,,0.044694,70.391156,70.391156,524.271236,325.048097,199.223139,0.380000,9.448444,9.448444,0.044707,0.000286,0.000298,0.000317,0.000318,0.000319,0.000000,0,true,16.533440,6,objective equals makespan; due-date/tardiness fields are not available in this instance format
fair|M|breakdown|45|10.0|SA,2026-06-03T14:50:03,M_breakdown_seed45,M,breakdown,45,30045,30045,10.0,SA,solved,,31.560133,72.736211,72.736211,579.092046,369.331619,209.760427,0.362223,8.265350,8.265350,31.560143,7.655065,7.637727,8.584292,8.668431,8.689466,0.000000,0,true,20.415707,7,objective equals makespan; due-date/tardiness fields are not available in this instance format
fair|M|breakdown|45|10.0|B-CORE-no-bottleneck,2026-06-03T14:49:18,M_breakdown_seed45,M,breakdown,45,30045,30045,10.0,B-CORE-no-bottleneck,solved,,0.047699,77.003446,77.003446,609.018432,346.261300,262.757131,0.431444,11.216873,11.216873,0.047713,0.000300,0.000300,0.000305,0.000306,0.000306,0.000000,0,true,27.480168,8,objective equals makespan; due-date/tardiness fields are not available in this instance format
fair|M|breakdown|45|10.0|MachineRank,2026-06-03T14:49:18,M_breakdown_seed45,M,breakdown,45,30045,30045,10.0,MachineRank,solved,,0.027453,85.116127,85.116127,642.873088,357.709335,285.163753,0.443577,11.533084,11.533084,0.027464,0.000071,0.000071,0.000123,0.000128,0.000129,0.000000,0,true,40.910813,9,objective equals makespan; due-date/tardiness fields are not available in this instance format
fair|M|breakdown|45|10.0|MOR,2026-06-03T14:49:18,M_breakdown_seed45,M,breakdown,45,30045,30045,10.0,MOR,solved,,0.022279,100.880109,100.880109,674.707100,375.969256,298.737845,0.442767,9.664721,9.664721,0.022289,0.000009,0.000009,0.000010,0.000010,0.000010,0.000000,0,true,67.008283,10,objective equals makespan; due-date/tardiness fields are not available in this instance format
fair|M|breakdown|46|0.1|B-CORE,2026-06-03T14:49:38,M_breakdown_seed46,M,breakdown,46,30046,30046,0.1,B-CORE,solved,,0.047475,80.546750,80.546750,568.858834,392.057770,176.801064,0.310800,9.832334,9.832334,0.047487,0.000313,0.000313,0.000330,0.000331,0.000331,0.000000,0,true,0.000000,1,objective equals makespan; due-date/tardiness fields are not available in this instance format
fair|M|breakdown|46|0.1|B-CORE-no-graph,2026-06-03T14:49:38,M_breakdown_seed46,M,breakdown,46,30046,30046,0.1,B-CORE-no-graph,solved,,0.041733,80.546750,80.546750,568.858834,392.057770,176.801064,0.310800,9.832334,9.832334,0.041742,0.000326,0.000326,0.000351,0.000353,0.000354,0.000000,0,true,0.000000,2,objective equals makespan; due-date/tardiness fields are not available in this instance format
fair|M|breakdown|46|0.1|DCGA,2026-06-03T14:49:38,M_breakdown_seed46,M,breakdown,46,30046,30046,0.1,DCGA,solved,,0.360966,86.783225,86.783225,662.647889,366.611719,296.036170,0.446747,10.562632,10.562632,0.360979,0.115685,0.115685,0.118888,0.119173,0.119244,1.000000,3,true,7.742677,3,objective equals makespan; due-date/tardiness fields are not available in this instance format
fair|M|breakdown|46|0.1|B-CORE-no-bottleneck,2026-06-03T14:49:38,M_breakdown_seed46,M,breakdown,46,30046,30046,0.1,B-CORE-no-bottleneck,solved,,0.032677,90.086281,90.086281,713.498847,432.183478,281.315369,0.394276,13.217175,13.217175,0.032686,0.000200,0.000200,0.000206,0.000207,0.000207,0.000000,0,true,11.843471,4,objective equals makespan; due-date/tardiness fields are not available in this instance format
fair|M|breakdown|46|0.1|MOR,2026-06-03T14:49:38,M_breakdown_seed46,M,breakdown,46,30046,30046,0.1,MOR,solved,,0.015065,94.580759,94.580759,608.954620,337.577455,271.377165,0.445644,8.533852,8.533852,0.015073,0.000005,0.000005,0.000006,0.000006,0.000006,0.000000,0,true,17.423433,5,objective equals makespan; due-date/tardiness fields are not available in this instance format
fair|M|breakdown|46|0.1|MOEA-NSGA2,2026-06-03T14:49:39,M_breakdown_seed46,M,breakdown,46,30046,30046,0.1,MOEA-NSGA2,solved,,0.635045,100.097871,100.097871,754.796101,402.210728,352.585373,0.467127,11.578551,11.578551,0.635057,0.198583,0.198583,0.217906,0.219623,0.220053,1.000000,3,true,24.273010,6,objective equals makespan; due-date/tardiness fields are not available in this instance format
fair|M|breakdown|46|0.1|MachineRank,2026-06-03T14:49:38,M_breakdown_seed46,M,breakdown,46,30046,30046,0.1,MachineRank,solved,,0.019756,101.718297,101.718297,747.328293,423.719691,323.608603,0.433021,13.628839,13.628839,0.019764,0.000049,0.000049,0.000083,0.000086,0.000087,0.000000,0,true,26.284794,7,objective equals makespan; due-date/tardiness fields are not available in this instance format
fair|M|breakdown|46|0.1|GA,2026-06-03T14:49:38,M_breakdown_seed46,M,breakdown,46,30046,30046,0.1,GA,solved,,0.354580,105.871376,105.871376,838.437239,459.884919,378.552320,0.451498,12.427957,12.427957,0.354592,0.109727,0.109727,0.114055,0.114440,0.114536,1.000000,3,true,31.440904,8,objective equals makespan; due-date/tardiness fields are not available in this instance format
fair|M|breakdown|46|0.1|SA,2026-06-03T14:49:39,M_breakdown_seed46,M,breakdown,46,30046,30046,0.1,SA,solved,,0.464625,114.900117,114.900117,841.146769,481.016017,360.130752,0.428143,14.765276,14.765276,0.464636,0.112547,0.111258,0.117903,0.118494,0.118641,1.000000,4,true,42.650221,9,objective equals makespan; due-date/tardiness fields are not available in this instance format
fair|M|breakdown|46|0.1|LNS,2026-06-03T14:49:38,M_breakdown_seed46,M,breakdown,46,30046,30046,0.1,LNS,solved,,0.354500,118.190869,118.190869,901.083726,481.504930,419.578796,0.465638,15.016370,15.016370,0.354514,0.110329,0.110329,0.114918,0.115326,0.115428,1.000000,3,true,46.735739,10,objective equals makespan; due-date/tardiness fields are not available in this instance format
fair|M|breakdown|46|0.5|B-CORE,2026-06-03T14:49:38,M_breakdown_seed46,M,breakdown,46,30046,30046,0.5,B-CORE,solved,,0.047488,80.546750,80.546750,568.858834,392.057770,176.801064,0.310800,9.832334,9.832334,0.047504,0.000302,0.000302,0.000325,0.000327,0.000328,0.000000,0,true,0.000000,1,objective equals makespan; due-date/tardiness fields are not available in this instance format
fair|M|breakdown|46|0.5|B-CORE-no-graph,2026-06-03T14:49:38,M_breakdown_seed46,M,breakdown,46,30046,30046,0.5,B-CORE-no-graph,solved,,0.047328,80.546750,80.546750,568.858834,392.057770,176.801064,0.310800,9.832334,9.832334,0.047339,0.000319,0.000319,0.000355,0.000358,0.000359,0.000000,0,true,0.000000,2,objective equals makespan; due-date/tardiness fields are not available in this instance format
fair|M|breakdown|46|0.5|DCGA,2026-06-03T14:49:40,M_breakdown_seed46,M,breakdown,46,30046,30046,0.5,DCGA,solved,,1.557936,82.460403,82.460403,631.837448,381.784976,250.052472,0.395754,8.885983,8.885983,1.557949,0.509964,0.509964,0.511232,0.511345,0.511373,1.000000,3,true,2.375829,3,objective equals makespan; due-date/tardiness fields are not available in this instance format
fair|M|breakdown|46|0.5|LNS,2026-06-03T14:49:40,M_breakdown_seed46,M,breakdown,46,30046,30046,0.5,LNS,solved,,1.552533,85.347621,85.347621,669.493607,380.175286,289.318321,0.432145,10.515004,10.515004,1.552546,0.507985,0.507985,0.513456,0.513942,0.514064,1.000000,3,true,5.960353,4,objective equals makespan; due-date/tardiness fields are not available in this instance format
fair|M|breakdown|46|0.5|B-CORE-no-bottleneck,2026-06-03T14:49:38,M_breakdown_seed46,M,breakdown,46,30046,30046,0.5,B-CORE-no-bottleneck,solved,,0.047911,90.086281,90.086281,713.498847,432.183478,281.315369,0.394276,13.217175,13.217175,0.047923,0.000298,0.000298,0.000309,0.000310,0.000311,0.000000,0,true,11.843471,5,objective equals makespan; due-date/tardiness fields are not available in this instance format
fair|M|breakdown|46|0.5|MOEA-NSGA2,2026-06-03T14:49:42,M_breakdown_seed46,M,breakdown,46,30046,30046,0.5,MOEA-NSGA2,solved,,2.045300,90.907279,90.907279,695.583953,405.736103,289.847850,0.416697,10.908388,10.908388,2.045314,0.507047,0.508302,0.511175,0.511430,0.511494,1.000000,4,true,12.862752,6,objective equals makespan; due-date/tardiness fields are not available in this instance format
fair|M|breakdown|46|0.5|MOR,2026-06-03T14:49:38,M_breakdown_seed46,M,breakdown,46,30046,30046,0.5,MOR,solved,,0.022294,94.580759,94.580759,608.954620,337.577455,271.377165,0.445644,8.533852,8.533852,0.022305,0.000007,0.000007,0.000007,0.000007,0.000007,0.000000,0,true,17.423433,7,objective equals makespan; due-date/tardiness fields are not available in this instance format
fair|M|breakdown|46|0.5|GA,2026-06-03T14:49:41,M_breakdown_seed46,M,breakdown,46,30046,30046,0.5,GA,solved,,2.055171,94.923461,94.923461,682.738734,387.234753,295.503981,0.432821,10.592979,10.592979,2.055184,0.508377,0.510576,0.512905,0.513112,0.513164,1.000000,4,true,17.848903,8,objective equals makespan; due-date/tardiness fields are not available in this instance format
fair|M|breakdown|46|0.5|MachineRank,2026-06-03T14:49:38,M_breakdown_seed46,M,breakdown,46,30046,30046,0.5,MachineRank,solved,,0.028930,101.718297,101.718297,747.328293,423.719691,323.608603,0.433021,13.628839,13.628839,0.028942,0.000070,0.000070,0.000119,0.000123,0.000124,0.000000,0,true,26.284794,9,objective equals makespan; due-date/tardiness fields are not available in this instance format
fair|M|breakdown|46|0.5|SA,2026-06-03T14:49:41,M_breakdown_seed46,M,breakdown,46,30046,30046,0.5,SA,solved,,2.058417,105.269336,105.269336,828.472519,496.746166,331.726353,0.400407,13.859831,13.859831,2.058432,0.511050,0.511386,0.513250,0.513416,0.513457,1.000000,4,true,30.693462,10,objective equals makespan; due-date/tardiness fields are not available in this instance format
fair|M|breakdown|46|1.0|MOEA-NSGA2,2026-06-03T14:49:46,M_breakdown_seed46,M,breakdown,46,30046,30046,1.0,MOEA-NSGA2,solved,,4.059558,75.528566,75.528566,577.146665,349.474524,227.672141,0.394479,9.047986,9.047986,4.059567,1.009876,1.010120,1.013541,1.013845,1.013921,1.000000,4,true,0.000000,1,objective equals makespan; due-date/tardiness fields are not available in this instance format
fair|M|breakdown|46|1.0|DCGA,2026-06-03T14:49:44,M_breakdown_seed46,M,breakdown,46,30046,30046,1.0,DCGA,solved,,3.064053,80.523521,80.523521,622.507191,352.167540,270.339651,0.434276,9.368400,9.368400,3.064068,1.013271,1.013271,1.016492,1.016778,1.016850,1.000000,3,true,6.613332,2,objective equals makespan; due-date/tardiness fields are not available in this instance format
fair|M|breakdown|46|1.0|B-CORE,2026-06-03T14:49:40,M_breakdown_seed46,M,breakdown,46,30046,30046,1.0,B-CORE,solved,,0.046915,80.546750,80.546750,568.858834,392.057770,176.801064,0.310800,9.832334,9.832334,0.046927,0.000307,0.000307,0.000330,0.000332,0.000332,0.000000,0,true,6.644087,3,objective equals makespan; due-date/tardiness fields are not available in this instance format
fair|M|breakdown|46|1.0|B-CORE-no-graph,2026-06-03T14:49:40,M_breakdown_seed46,M,breakdown,46,30046,30046,1.0,B-CORE-no-graph,solved,,0.038586,80.546750,80.546750,568.858834,392.057770,176.801064,0.310800,9.832334,9.832334,0.038595,0.000354,0.000354,0.000389,0.000392,0.000393,0.000000,0,true,6.644087,4,objective equals makespan; due-date/tardiness fields are not available in this instance format
fair|M|breakdown|46|1.0|GA,2026-06-03T14:49:44,M_breakdown_seed46,M,breakdown,46,30046,30046,1.0,GA,solved,,3.046013,82.140743,82.140743,649.939736,362.235120,287.704616,0.442664,9.173391,9.173391,3.046022,1.007731,1.007731,1.012558,1.012987,1.013094,1.000000,3,true,8.754538,5,objective equals makespan; due-date/tardiness fields are not available in this instance format
fair|M|breakdown|46|1.0|LNS,2026-06-03T14:49:43,M_breakdown_seed46,M,breakdown,46,30046,30046,1.0,LNS,solved,,3.043209,87.252022,87.252022,641.837110,403.075328,238.761782,0.371997,10.526096,10.526096,3.043222,1.003819,1.003819,1.005525,1.005676,1.005714,1.000000,3,true,15.521883,6,objective equals makespan; due-date/tardiness fields are not available in this instance format
fair|M|breakdown|46|1.0|B-CORE-no-bottleneck,2026-06-03T14:49:40,M_breakdown_seed46,M,breakdown,46,30046,30046,1.0,B-CORE-no-bottleneck,solved,,0.032574,90.086281,90.086281,713.498847,432.183478,281.315369,0.394276,13.217175,13.217175,0.032587,0.000200,0.000200,0.000209,0.000210,0.000210,0.000000,0,true,19.274449,7,objective equals makespan; due-date/tardiness fields are not available in this instance format
fair|M|breakdown|46|1.0|MOR,2026-06-03T14:49:40,M_breakdown_seed46,M,breakdown,46,30046,30046,1.0,MOR,solved,,0.017597,94.580759,94.580759,608.954620,337.577455,271.377165,0.445644,8.533852,8.533852,0.017611,0.000005,0.000005,0.000005,0.000005,0.000006,0.000000,0,true,25.225149,8,objective equals makespan; due-date/tardiness fields are not available in this instance format
fair|M|breakdown|46|1.0|MachineRank,2026-06-03T14:49:40,M_breakdown_seed46,M,breakdown,46,30046,30046,1.0,MachineRank,solved,,0.019551,101.718297,101.718297,747.328293,423.719691,323.608603,0.433021,13.628839,13.628839,0.019559,0.000051,0.000051,0.000087,0.000090,0.000091,0.000000,0,true,34.675266,9,objective equals makespan; due-date/tardiness fields are not available in this instance format
fair|M|breakdown|46|1.0|SA,2026-06-03T14:49:46,M_breakdown_seed46,M,breakdown,46,30046,30046,1.0,SA,solved,,4.056617,103.204444,103.204444,809.823436,478.350447,331.472989,0.409315,14.251900,14.251900,4.056631,1.007463,1.006220,1.010766,1.011170,1.011271,1.000000,4,true,36.642928,10,objective equals makespan; due-date/tardiness fields are not available in this instance format
fair|M|breakdown|46|5.0|DCGA,2026-06-03T14:50:04,M_breakdown_seed46,M,breakdown,46,30046,30046,5.0,DCGA,solved,,20.052795,71.927288,71.927288,559.530417,341.230870,218.299548,0.390148,8.037203,8.037203,20.052809,5.008922,5.008551,5.014073,5.014563,5.014686,1.000000,4,true,0.000000,1,objective equals makespan; due-date/tardiness fields are not available in this instance format
fair|M|breakdown|46|5.0|MOEA-NSGA2,2026-06-03T14:50:01,M_breakdown_seed46,M,breakdown,46,30046,30046,5.0,MOEA-NSGA2,solved,,15.052423,78.162869,78.162869,639.281753,360.894782,278.386971,0.435468,9.898620,9.898620,15.052432,5.012838,5.012838,5.016918,5.017281,5.017371,1.000000,3,true,8.669284,2,objective equals makespan; due-date/tardiness fields are not available in this instance format
fair|M|breakdown|46|5.0|B-CORE,2026-06-03T14:49:43,M_breakdown_seed46,M,breakdown,46,30046,30046,5.0,B-CORE,solved,,0.041258,80.546750,80.546750,568.858834,392.057770,176.801064,0.310800,9.832334,9.832334,0.041268,0.000316,0.000316,0.000332,0.000333,0.000333,0.000000,0,true,11.983577,3,objective equals makespan; due-date/tardiness fields are not available in this instance format
fair|M|breakdown|46|5.0|B-CORE-no-graph,2026-06-03T14:49:43,M_breakdown_seed46,M,breakdown,46,30046,30046,5.0,B-CORE-no-graph,solved,,0.031734,80.546750,80.546750,568.858834,392.057770,176.801064,0.310800,9.832334,9.832334,0.031743,0.000212,0.000212,0.000235,0.000237,0.000238,0.000000,0,true,11.983577,4,objective equals makespan; due-date/tardiness fields are not available in this instance format
fair|M|breakdown|46|5.0|LNS,2026-06-03T14:50:03,M_breakdown_seed46,M,breakdown,46,30046,30046,5.0,LNS,solved,,20.065770,81.391196,81.391196,667.681504,396.247029,271.434475,0.406533,10.599010,10.599010,20.065784,5.011896,5.012429,5.017942,5.018432,5.018555,1.000000,4,true,13.157604,5,objective equals makespan; due-date/tardiness fields are not available in this instance format
fair|M|breakdown|46|5.0|GA,2026-06-03T14:49:59,M_breakdown_seed46,M,breakdown,46,30046,30046,5.0,GA,solved,,15.077304,82.648258,82.648258,695.469997,390.839379,304.630617,0.438021,10.971032,10.971032,15.077317,5.017807,5.017807,5.019498,5.019648,5.019686,1.000000,3,true,14.905289,6,objective equals makespan; due-date/tardiness fields are not available in this instance format
fair|M|breakdown|46|5.0|SA,2026-06-03T14:50:04,M_breakdown_seed46,M,breakdown,46,30046,30046,5.0,SA,solved,,20.049743,88.195732,88.195732,767.089489,454.777761,312.311728,0.407139,12.944047,12.944047,20.049753,5.007274,5.007572,5.008164,5.008217,5.008230,1.000000,4,true,22.617903,7,objective equals makespan; due-date/tardiness fields are not available in this instance format
fair|M|breakdown|46|5.0|B-CORE-no-bottleneck,2026-06-03T14:49:43,M_breakdown_seed46,M,breakdown,46,30046,30046,5.0,B-CORE-no-bottleneck,solved,,0.032164,90.086281,90.086281,713.498847,432.183478,281.315369,0.394276,13.217175,13.217175,0.032173,0.000199,0.000199,0.000204,0.000205,0.000205,0.000000,0,true,25.246320,8,objective equals makespan; due-date/tardiness fields are not available in this instance format
fair|M|breakdown|46|5.0|MOR,2026-06-03T14:49:43,M_breakdown_seed46,M,breakdown,46,30046,30046,5.0,MOR,solved,,0.014973,94.580759,94.580759,608.954620,337.577455,271.377165,0.445644,8.533852,8.533852,0.014979,0.000006,0.000006,0.000006,0.000006,0.000006,0.000000,0,true,31.494961,9,objective equals makespan; due-date/tardiness fields are not available in this instance format
fair|M|breakdown|46|5.0|MachineRank,2026-06-03T14:49:43,M_breakdown_seed46,M,breakdown,46,30046,30046,5.0,MachineRank,solved,,0.019474,101.718297,101.718297,747.328293,423.719691,323.608603,0.433021,13.628839,13.628839,0.019482,0.000050,0.000050,0.000085,0.000088,0.000089,0.000000,0,true,41.418229,10,objective equals makespan; due-date/tardiness fields are not available in this instance format
fair|M|breakdown|46|10.0|DCGA,2026-06-03T14:50:29,M_breakdown_seed46,M,breakdown,46,30046,30046,10.0,DCGA,solved,,40.071788,71.927288,71.927288,559.530417,341.230870,218.299548,0.390148,8.037203,8.037203,40.071802,10.011238,10.016055,10.016283,10.016303,10.016308,1.000000,4,true,0.000000,1,objective equals makespan; due-date/tardiness fields are not available in this instance format
fair|M|breakdown|46|10.0|MOEA-NSGA2,2026-06-03T14:50:39,M_breakdown_seed46,M,breakdown,46,30046,30046,10.0,MOEA-NSGA2,solved,,40.054341,73.096250,73.096250,587.395743,354.967272,232.428471,0.395693,9.410186,9.410186,40.054356,10.008132,10.006789,10.012217,10.012700,10.012820,1.000000,4,true,1.625200,2,objective equals makespan; due-date/tardiness fields are not available in this instance format
fair|M|breakdown|46|10.0|LNS,2026-06-03T14:50:20,M_breakdown_seed46,M,breakdown,46,30046,30046,10.0,LNS,solved,,33.875763,80.082908,80.082908,645.543431,385.723975,259.819456,0.402482,9.682952,9.682952,33.875776,8.457865,8.435269,8.987510,9.036599,9.048871,0.000000,0,true,11.338701,3,objective equals makespan; due-date/tardiness fields are not available in this instance format
fair|M|breakdown|46|10.0|B-CORE,2026-06-03T14:49:46,M_breakdown_seed46,M,breakdown,46,30046,30046,10.0,B-CORE,solved,,0.031959,80.546750,80.546750,568.858834,392.057770,176.801064,0.310800,9.832334,9.832334,0.031967,0.000213,0.000213,0.000234,0.000236,0.000236,0.000000,0,true,11.983577,4,objective equals makespan; due-date/tardiness fields are not available in this instance format
fair|M|breakdown|46|10.0|B-CORE-no-graph,2026-06-03T14:49:47,M_breakdown_seed46,M,breakdown,46,30046,30046,10.0,B-CORE-no-graph,solved,,0.031623,80.546750,80.546750,568.858834,392.057770,176.801064,0.310800,9.832334,9.832334,0.031632,0.000209,0.000209,0.000233,0.000236,0.000236,0.000000,0,true,11.983577,5,objective equals makespan; due-date/tardiness fields are not available in this instance format
fair|M|breakdown|46|10.0|GA,2026-06-03T14:50:19,M_breakdown_seed46,M,breakdown,46,30046,30046,10.0,GA,solved,,30.051273,82.648258,82.648258,695.469997,390.839379,304.630617,0.438021,10.971032,10.971032,30.051283,10.012381,10.012381,10.013200,10.013273,10.013292,1.000000,3,true,14.905289,6,objective equals makespan; due-date/tardiness fields are not available in this instance format
fair|M|breakdown|46|10.0|SA,2026-06-03T14:50:25,M_breakdown_seed46,M,breakdown,46,30046,30046,10.0,SA,solved,,34.522401,89.110553,89.110553,756.664571,432.612998,324.051573,0.428263,12.236986,12.236986,34.522410,8.702499,8.534747,9.008036,9.050106,9.060624,0.000000,0,true,23.889772,7,objective equals makespan; due-date/tardiness fields are not available in this instance format
fair|M|breakdown|46|10.0|B-CORE-no-bottleneck,2026-06-03T14:49:47,M_breakdown_seed46,M,breakdown,46,30046,30046,10.0,B-CORE-no-bottleneck,solved,,0.032625,90.086281,90.086281,713.498847,432.183478,281.315369,0.394276,13.217175,13.217175,0.032633,0.000205,0.000205,0.000210,0.000210,0.000210,0.000000,0,true,25.246320,8,objective equals makespan; due-date/tardiness fields are not available in this instance format
fair|M|breakdown|46|10.0|MOR,2026-06-03T14:49:47,M_breakdown_seed46,M,breakdown,46,30046,30046,10.0,MOR,solved,,0.014871,94.580759,94.580759,608.954620,337.577455,271.377165,0.445644,8.533852,8.533852,0.014879,0.000005,0.000005,0.000006,0.000006,0.000006,0.000000,0,true,31.494961,9,objective equals makespan; due-date/tardiness fields are not available in this instance format
fair|M|breakdown|46|10.0|MachineRank,2026-06-03T14:49:47,M_breakdown_seed46,M,breakdown,46,30046,30046,10.0,MachineRank,solved,,0.019479,101.718297,101.718297,747.328293,423.719691,323.608603,0.433021,13.628839,13.628839,0.019487,0.000051,0.000051,0.000086,0.000089,0.000090,0.000000,0,true,41.418229,10,objective equals makespan; due-date/tardiness fields are not available in this instance format
fair|M|rush_job|42|0.1|B-CORE-no-bottleneck,2026-06-03T14:50:01,M_rush_job_seed42,M,rush_job,42,40042,40042,0.1,B-CORE-no-bottleneck,solved,,0.033443,84.639603,84.639603,699.774376,429.689428,270.084948,0.385960,13.735439,13.735439,0.033451,0.000187,0.000184,0.000219,0.000222,0.000222,0.000000,0,true,0.000000,1,objective equals makespan; due-date/tardiness fields are not available in this instance format
fair|M|rush_job|42|0.1|B-CORE,2026-06-03T14:50:01,M_rush_job_seed42,M,rush_job,42,40042,40042,0.1,B-CORE,solved,,0.033314,89.509742,89.509742,664.928315,430.136731,234.791584,0.353108,11.130996,11.130996,0.033324,0.000192,0.000192,0.000226,0.000229,0.000230,0.000000,0,true,5.753972,2,objective equals makespan; due-date/tardiness fields are not available in this instance format
fair|M|rush_job|42|0.1|B-CORE-no-graph,2026-06-03T14:50:01,M_rush_job_seed42,M,rush_job,42,40042,40042,0.1,B-CORE-no-graph,solved,,0.033530,89.509742,89.509742,664.928315,430.136731,234.791584,0.353108,11.130996,11.130996,0.033539,0.000199,0.000200,0.000238,0.000241,0.000242,0.000000,0,true,5.753972,3,objective equals makespan; due-date/tardiness fields are not available in this instance format
fair|M|rush_job|42|0.1|MachineRank,2026-06-03T14:50:01,M_rush_job_seed42,M,rush_job,42,40042,40042,0.1,MachineRank,solved,,0.026416,92.605075,92.605075,806.946001,458.938639,348.007362,0.431265,14.672050,14.672050,0.026428,0.000095,0.000111,0.000155,0.000159,0.000160,0.000000,0,true,9.411046,4,objective equals makespan; due-date/tardiness fields are not available in this instance format
fair|M|rush_job|42|0.1|MOEA-NSGA2,2026-06-03T14:50:03,M_rush_job_seed42,M,rush_job,42,40042,40042,0.1,MOEA-NSGA2,solved,,0.737141,96.955993,96.955993,841.421120,450.553548,390.867571,0.464533,14.192291,14.192291,0.737154,0.240701,0.240701,0.258382,0.259954,0.260347,1.000000,3,true,14.551569,5,objective equals makespan; due-date/tardiness fields are not available in this instance format
fair|M|rush_job|42|0.1|MOR,2026-06-03T14:50:01,M_rush_job_seed42,M,rush_job,42,40042,40042,0.1,MOR,solved,,0.020270,102.547344,102.547344,708.849236,401.142332,307.706903,0.434094,10.542321,10.542321,0.020290,0.000007,0.000007,0.000009,0.000009,0.000009,0.000000,0,true,21.157638,6,objective equals makespan; due-date/tardiness fields are not available in this instance format
fair|M|rush_job|42|0.1|LNS,2026-06-03T14:50:02,M_rush_job_seed42,M,rush_job,42,40042,40042,0.1,LNS,solved,,0.456065,104.042005,104.042005,795.281548,466.588931,328.692617,0.413303,13.383039,13.383039,0.456079,0.109596,0.109107,0.110551,0.110679,0.110712,1.000000,4,true,22.923550,7,objective equals makespan; due-date/tardiness fields are not available in this instance format
fair|M|rush_job|42|0.1|DCGA,2026-06-03T14:50:02,M_rush_job_seed42,M,rush_job,42,40042,40042,0.1,DCGA,solved,,0.458564,106.688572,106.688572,781.519943,442.208195,339.311748,0.434169,13.539753,13.539753,0.458577,0.107041,0.107596,0.108992,0.109116,0.109147,1.000000,4,true,26.050416,8,objective equals makespan; due-date/tardiness fields are not available in this instance format
fair|M|rush_job|42|0.1|GA,2026-06-03T14:50:01,M_rush_job_seed42,M,rush_job,42,40042,40042,0.1,GA,solved,,0.352497,114.202404,114.202404,822.006423,445.586412,376.420011,0.457928,13.820048,13.820048,0.352511,0.107137,0.107137,0.107833,0.107895,0.107910,1.000000,3,true,34.927859,9,objective equals makespan; due-date/tardiness fields are not available in this instance format
fair|M|rush_job|42|0.1|SA,2026-06-03T14:50:02,M_rush_job_seed42,M,rush_job,42,40042,40042,0.1,SA,solved,,0.470518,125.430047,125.430047,836.973831,480.283764,356.690068,0.426166,14.094537,14.094537,0.470532,0.110806,0.110056,0.113308,0.113597,0.113670,1.000000,4,true,48.193095,10,objective equals makespan; due-date/tardiness fields are not available in this instance format
fair|M|rush_job|42|0.5|B-CORE-no-bottleneck,2026-06-03T14:50:02,M_rush_job_seed42,M,rush_job,42,40042,40042,0.5,B-CORE-no-bottleneck,solved,,0.048947,84.639603,84.639603,699.774376,429.689428,270.084948,0.385960,13.735439,13.735439,0.048959,0.000301,0.000295,0.000365,0.000371,0.000373,0.000000,0,true,0.000000,1,objective equals makespan; due-date/tardiness fields are not available in this instance format
fair|M|rush_job|42|0.5|B-CORE,2026-06-03T14:50:02,M_rush_job_seed42,M,rush_job,42,40042,40042,0.5,B-CORE,solved,,0.050460,89.509742,89.509742,664.928315,430.136731,234.791584,0.353108,11.130996,11.130996,0.050475,0.000293,0.000295,0.000355,0.000361,0.000362,0.000000,0,true,5.753972,2,objective equals makespan; due-date/tardiness fields are not available in this instance format
fair|M|rush_job|42|0.5|B-CORE-no-graph,2026-06-03T14:50:02,M_rush_job_seed42,M,rush_job,42,40042,40042,0.5,B-CORE-no-graph,solved,,0.050165,89.509742,89.509742,664.928315,430.136731,234.791584,0.353108,11.130996,11.130996,0.050179,0.000293,0.000287,0.000351,0.000356,0.000358,0.000000,0,true,5.753972,3,objective equals makespan; due-date/tardiness fields are not available in this instance format
fair|M|rush_job|42|0.5|MachineRank,2026-06-03T14:50:02,M_rush_job_seed42,M,rush_job,42,40042,40042,0.5,MachineRank,solved,,0.030054,92.605075,92.605075,806.946001,458.938639,348.007362,0.431265,14.672050,14.672050,0.030067,0.000085,0.000106,0.000132,0.000134,0.000135,0.000000,0,true,9.411046,4,objective equals makespan; due-date/tardiness fields are not available in this instance format
fair|M|rush_job|42|0.5|GA,2026-06-03T14:50:04,M_rush_job_seed42,M,rush_job,42,40042,40042,0.5,GA,solved,,1.554207,93.234354,93.234354,809.106916,443.482481,365.624436,0.451886,13.819294,13.819294,1.554217,0.510565,0.510565,0.510980,0.511017,0.511026,1.000000,3,true,10.154527,5,objective equals makespan; due-date/tardiness fields are not available in this instance format
fair|M|rush_job|42|0.5|MOEA-NSGA2,2026-06-03T14:50:05,M_rush_job_seed42,M,rush_job,42,40042,40042,0.5,MOEA-NSGA2,solved,,1.559780,99.908106,99.908106,854.334236,459.919790,394.414446,0.461663,15.138032,15.138032,1.559793,0.515527,0.515527,0.521244,0.521752,0.521879,1.000000,3,true,18.039431,6,objective equals makespan; due-date/tardiness fields are not available in this instance format
fair|M|rush_job|42|0.5|LNS,2026-06-03T14:50:04,M_rush_job_seed42,M,rush_job,42,40042,40042,0.5,LNS,solved,,2.060976,100.503801,100.503801,789.760230,460.272696,329.487533,0.417199,13.726129,13.726129,2.060990,0.509823,0.509949,0.513393,0.513699,0.513775,1.000000,4,true,18.743233,7,objective equals makespan; due-date/tardiness fields are not available in this instance format
fair|M|rush_job|42|0.5|MOR,2026-06-03T14:50:02,M_rush_job_seed42,M,rush_job,42,40042,40042,0.5,MOR,solved,,0.024868,102.547344,102.547344,708.849236,401.142332,307.706903,0.434094,10.542321,10.542321,0.024880,0.000009,0.000009,0.000010,0.000010,0.000010,0.000000,0,true,21.157638,8,objective equals makespan; due-date/tardiness fields are not available in this instance format
fair|M|rush_job|42|0.5|DCGA,2026-06-03T14:50:05,M_rush_job_seed42,M,rush_job,42,40042,40042,0.5,DCGA,solved,,2.043828,102.805614,102.805614,797.436010,424.446689,372.989321,0.467736,12.483555,12.483555,2.043839,0.504362,0.502398,0.508099,0.508605,0.508732,1.000000,4,true,21.462779,9,objective equals makespan; due-date/tardiness fields are not available in this instance format
fair|M|rush_job|42|0.5|SA,2026-06-03T14:50:05,M_rush_job_seed42,M,rush_job,42,40042,40042,0.5,SA,solved,,2.071530,129.822951,129.822951,816.969679,484.379423,332.590256,0.407102,14.457729,14.457729,2.071543,0.510069,0.509932,0.516623,0.517217,0.517366,1.000000,4,true,53.383223,10,objective equals makespan; due-date/tardiness fields are not available in this instance format
fair|M|rush_job|42|1.0|B-CORE-no-bottleneck,2026-06-03T14:50:04,M_rush_job_seed42,M,rush_job,42,40042,40042,1.0,B-CORE-no-bottleneck,solved,,0.041479,84.639603,84.639603,699.774376,429.689428,270.084948,0.385960,13.735439,13.735439,0.041489,0.000288,0.000272,0.000355,0.000362,0.000364,0.000000,0,true,0.000000,1,objective equals makespan; due-date/tardiness fields are not available in this instance format
fair|M|rush_job|42|1.0|B-CORE,2026-06-03T14:50:04,M_rush_job_seed42,M,rush_job,42,40042,40042,1.0,B-CORE,solved,,0.049698,89.509742,89.509742,664.928315,430.136731,234.791584,0.353108,11.130996,11.130996,0.049710,0.000288,0.000280,0.000354,0.000360,0.000362,0.000000,0,true,5.753972,2,objective equals makespan; due-date/tardiness fields are not available in this instance format
fair|M|rush_job|42|1.0|B-CORE-no-graph,2026-06-03T14:50:04,M_rush_job_seed42,M,rush_job,42,40042,40042,1.0,B-CORE-no-graph,solved,,0.049958,89.509742,89.509742,664.928315,430.136731,234.791584,0.353108,11.130996,11.130996,0.049970,0.000296,0.000299,0.000357,0.000362,0.000364,0.000000,0,true,5.753972,3,objective equals makespan; due-date/tardiness fields are not available in this instance format
fair|M|rush_job|42|1.0|DCGA,2026-06-03T14:50:08,M_rush_job_seed42,M,rush_job,42,40042,40042,1.0,DCGA,solved,,4.040124,91.121155,91.121155,709.585182,434.426216,275.158967,0.387774,11.421499,11.421499,4.040137,1.003692,1.002139,1.006787,1.007200,1.007304,1.000000,4,true,7.657824,4,objective equals makespan; due-date/tardiness fields are not available in this instance format
fair|M|rush_job|42|1.0|MOEA-NSGA2,2026-06-03T14:50:09,M_rush_job_seed42,M,rush_job,42,40042,40042,1.0,MOEA-NSGA2,solved,,4.062313,92.558714,92.558714,659.689181,383.456536,276.232645,0.418732,10.494048,10.494048,4.062326,1.012403,1.011691,1.014717,1.014986,1.015054,1.000000,4,true,9.356271,5,objective equals makespan; due-date/tardiness fields are not available in this instance format
fair|M|rush_job|42|1.0|MachineRank,2026-06-03T14:50:04,M_rush_job_seed42,M,rush_job,42,40042,40042,1.0,MachineRank,solved,,0.019968,92.605075,92.605075,806.946001,458.938639,348.007362,0.431265,14.672050,14.672050,0.019975,0.000059,0.000076,0.000090,0.000091,0.000092,0.000000,0,true,9.411046,6,objective equals makespan; due-date/tardiness fields are not available in this instance format
fair|M|rush_job|42|1.0|GA,2026-06-03T14:50:07,M_rush_job_seed42,M,rush_job,42,40042,40042,1.0,GA,solved,,3.068113,95.581047,95.581047,791.982494,470.480836,321.501659,0.405945,12.328189,12.328189,3.068123,1.015904,1.015904,1.020447,1.020851,1.020952,1.000000,3,true,12.927097,7,objective equals makespan; due-date/tardiness fields are not available in this instance format
fair|M|rush_job|42|1.0|LNS,2026-06-03T14:50:08,M_rush_job_seed42,M,rush_job,42,40042,40042,1.0,LNS,solved,,4.026156,100.122554,100.122554,743.257181,417.734608,325.522573,0.437968,13.090639,13.090639,4.026166,1.002835,1.002697,1.003435,1.003501,1.003517,1.000000,4,true,18.292797,8,objective equals makespan; due-date/tardiness fields are not available in this instance format
fair|M|rush_job|42|1.0|MOR,2026-06-03T14:50:04,M_rush_job_seed42,M,rush_job,42,40042,40042,1.0,MOR,solved,,0.016131,102.547344,102.547344,708.849236,401.142332,307.706903,0.434094,10.542321,10.542321,0.016138,0.000006,0.000006,0.000007,0.000008,0.000008,0.000000,0,true,21.157638,9,objective equals makespan; due-date/tardiness fields are not available in this instance format
fair|M|rush_job|42|1.0|SA,2026-06-03T14:50:08,M_rush_job_seed42,M,rush_job,42,40042,40042,1.0,SA,solved,,4.074322,114.665895,114.665895,788.989296,438.760475,350.228821,0.443896,13.605144,13.605144,4.074337,1.011602,1.011998,1.013382,1.013505,1.013535,1.000000,4,true,35.475464,10,objective equals makespan; due-date/tardiness fields are not available in this instance format
fair|M|rush_job|42|5.0|B-CORE-no-bottleneck,2026-06-03T14:50:05,M_rush_job_seed42,M,rush_job,42,40042,40042,5.0,B-CORE-no-bottleneck,solved,,0.048741,84.639603,84.639603,699.774376,429.689428,270.084948,0.385960,13.735439,13.735439,0.048750,0.000288,0.000277,0.000351,0.000358,0.000360,0.000000,0,true,0.000000,1,objective equals makespan; due-date/tardiness fields are not available in this instance format
fair|M|rush_job|42|5.0|GA,2026-06-03T14:50:20,M_rush_job_seed42,M,rush_job,42,40042,40042,5.0,GA,solved,,15.049362,85.013243,85.013243,709.010220,402.600980,306.409240,0.432165,12.229869,12.229869,15.049375,5.007834,5.007834,5.013706,5.014228,5.014359,1.000000,3,true,0.441448,2,objective equals makespan; due-date/tardiness fields are not available in this instance format
fair|M|rush_job|42|5.0|DCGA,2026-06-03T14:50:27,M_rush_job_seed42,M,rush_job,42,40042,40042,5.0,DCGA,solved,,20.052701,88.607029,88.607029,717.290509,387.522165,329.768344,0.459742,11.770376,11.770376,20.052713,5.009266,5.012245,5.013757,5.013891,5.013925,1.000000,4,true,4.687435,3,objective equals makespan; due-date/tardiness fields are not available in this instance format
fair|M|rush_job|42|5.0|B-CORE,2026-06-03T14:50:05,M_rush_job_seed42,M,rush_job,42,40042,40042,5.0,B-CORE,solved,,0.049337,89.509742,89.509742,664.928315,430.136731,234.791584,0.353108,11.130996,11.130996,0.049350,0.000291,0.000284,0.000343,0.000348,0.000350,0.000000,0,true,5.753972,4,objective equals makespan; due-date/tardiness fields are not available in this instance format
fair|M|rush_job|42|5.0|B-CORE-no-graph,2026-06-03T14:50:05,M_rush_job_seed42,M,rush_job,42,40042,40042,5.0,B-CORE-no-graph,solved,,0.048815,89.509742,89.509742,664.928315,430.136731,234.791584,0.353108,11.130996,11.130996,0.048824,0.000289,0.000278,0.000354,0.000361,0.000362,0.000000,0,true,5.753972,5,objective equals makespan; due-date/tardiness fields are not available in this instance format
fair|M|rush_job|42|5.0|MachineRank,2026-06-03T14:50:05,M_rush_job_seed42,M,rush_job,42,40042,40042,5.0,MachineRank,solved,,0.020306,92.605075,92.605075,806.946001,458.938639,348.007362,0.431265,14.672050,14.672050,0.020313,0.000058,0.000074,0.000089,0.000090,0.000091,0.000000,0,true,9.411046,6,objective equals makespan; due-date/tardiness fields are not available in this instance format
fair|M|rush_job|42|5.0|SA,2026-06-03T14:50:28,M_rush_job_seed42,M,rush_job,42,40042,40042,5.0,SA,solved,,20.058268,93.643996,93.643996,699.136082,413.368779,285.767302,0.408743,11.432617,11.432617,20.058282,5.011833,5.010027,5.017598,5.018271,5.018439,1.000000,4,true,10.638510,7,objective equals makespan; due-date/tardiness fields are not available in this instance format
fair|M|rush_job|42|5.0|LNS,2026-06-03T14:50:20,M_rush_job_seed42,M,rush_job,42,40042,40042,5.0,LNS,solved,,15.044498,94.481675,94.481675,793.584509,459.846927,333.737582,0.420544,12.834241,12.834241,15.044511,5.008684,5.008684,5.009999,5.010116,5.010145,1.000000,3,true,11.628211,8,objective equals makespan; due-date/tardiness fields are not available in this instance format
fair|M|rush_job|42|5.0|MOEA-NSGA2,2026-06-03T14:50:28,M_rush_job_seed42,M,rush_job,42,40042,40042,5.0,MOEA-NSGA2,solved,,20.040762,95.531645,95.531645,744.601959,424.643390,319.958569,0.429704,13.468654,13.468654,20.040775,5.005210,5.002736,5.010281,5.010952,5.011120,1.000000,4,true,12.868730,9,objective equals makespan; due-date/tardiness fields are not available in this instance format
fair|M|rush_job|42|5.0|MOR,2026-06-03T14:50:05,M_rush_job_seed42,M,rush_job,42,40042,40042,5.0,MOR,solved,,0.016378,102.547344,102.547344,708.849236,401.142332,307.706903,0.434094,10.542321,10.542321,0.016386,0.000006,0.000007,0.000008,0.000008,0.000008,0.000000,0,true,21.157638,10,objective equals makespan; due-date/tardiness fields are not available in this instance format
fair|M|rush_job|42|10.0|GA,2026-06-03T14:50:49,M_rush_job_seed42,M,rush_job,42,40042,40042,10.0,GA,solved,,40.075602,80.393559,80.393559,614.201424,357.430736,256.770688,0.418056,10.070505,10.070505,40.075614,10.012082,10.012100,10.015375,10.015667,10.015739,1.000000,4,true,0.000000,1,objective equals makespan; due-date/tardiness fields are not available in this instance format
fair|M|rush_job|42|10.0|DCGA,2026-06-03T14:50:59,M_rush_job_seed42,M,rush_job,42,40042,40042,10.0,DCGA,solved,,40.032650,82.073240,82.073240,661.174853,386.346199,274.828654,0.415667,11.009172,11.009172,40.032660,10.003337,10.001243,10.007123,10.007646,10.007776,1.000000,4,true,2.089323,2,objective equals makespan; due-date/tardiness fields are not available in this instance format
fair|M|rush_job|42|10.0|MOEA-NSGA2,2026-06-03T14:51:00,M_rush_job_seed42,M,rush_job,42,40042,40042,10.0,MOEA-NSGA2,solved,,40.072439,84.307647,84.307647,679.061594,373.840586,305.221009,0.449475,11.951246,11.951246,40.072453,10.012295,10.014391,10.020744,10.021309,10.021450,1.000000,4,true,4.868659,3,objective equals makespan; due-date/tardiness fields are not available in this instance format
fair|M|rush_job|42|10.0|B-CORE-no-bottleneck,2026-06-03T14:50:09,M_rush_job_seed42,M,rush_job,42,40042,40042,10.0,B-CORE-no-bottleneck,solved,,0.049091,84.639603,84.639603,699.774376,429.689428,270.084948,0.385960,13.735439,13.735439,0.049103,0.000290,0.000287,0.000347,0.000352,0.000354,0.000000,0,true,5.281572,4,objective equals makespan; due-date/tardiness fields are not available in this instance format
fair|M|rush_job|42|10.0|SA,2026-06-03T14:50:55,M_rush_job_seed42,M,rush_job,42,40042,40042,10.0,SA,solved,,35.422457,86.879637,86.879637,690.340033,408.879196,281.460836,0.407713,11.569191,11.569191,35.422467,8.968129,8.586559,9.863445,9.976946,10.005321,0.250000,1,true,8.067908,5,objective equals makespan; due-date/tardiness fields are not available in this instance format
fair|M|rush_job|42|10.0|B-CORE,2026-06-03T14:50:08,M_rush_job_seed42,M,rush_job,42,40042,40042,10.0,B-CORE,solved,,0.049240,89.509742,89.509742,664.928315,430.136731,234.791584,0.353108,11.130996,11.130996,0.049253,0.000291,0.000294,0.000350,0.000355,0.000356,0.000000,0,true,11.339444,6,objective equals makespan; due-date/tardiness fields are not available in this instance format
fair|M|rush_job|42|10.0|B-CORE-no-graph,2026-06-03T14:50:08,M_rush_job_seed42,M,rush_job,42,40042,40042,10.0,B-CORE-no-graph,solved,,0.048808,89.509742,89.509742,664.928315,430.136731,234.791584,0.353108,11.130996,11.130996,0.048819,0.000285,0.000280,0.000345,0.000351,0.000352,0.000000,0,true,11.339444,7,objective equals makespan; due-date/tardiness fields are not available in this instance format
fair|M|rush_job|42|10.0|LNS,2026-06-03T14:50:36,M_rush_job_seed42,M,rush_job,42,40042,40042,10.0,LNS,solved,,26.980439,90.718977,90.718977,677.307586,371.332899,305.974687,0.451751,10.470401,10.470401,26.980448,9.171787,9.171787,9.781224,9.835397,9.848940,0.000000,0,true,12.843589,8,objective equals makespan; due-date/tardiness fields are not available in this instance format
fair|M|rush_job|42|10.0|MachineRank,2026-06-03T14:50:09,M_rush_job_seed42,M,rush_job,42,40042,40042,10.0,MachineRank,solved,,0.029979,92.605075,92.605075,806.946001,458.938639,348.007362,0.431265,14.672050,14.672050,0.029991,0.000090,0.000115,0.000141,0.000144,0.000144,0.000000,0,true,15.189670,9,objective equals makespan; due-date/tardiness fields are not available in this instance format
fair|M|rush_job|42|10.0|MOR,2026-06-03T14:50:09,M_rush_job_seed42,M,rush_job,42,40042,40042,10.0,MOR,solved,,0.024882,102.547344,102.547344,708.849236,401.142332,307.706903,0.434094,10.542321,10.542321,0.024893,0.000009,0.000009,0.000011,0.000011,0.000011,0.000000,0,true,27.556667,10,objective equals makespan; due-date/tardiness fields are not available in this instance format
fair|M|rush_job|43|0.1|B-CORE-no-bottleneck,2026-06-03T14:50:21,M_rush_job_seed43,M,rush_job,43,40043,40043,0.1,B-CORE-no-bottleneck,solved,,0.033187,75.504564,75.504564,616.632380,377.427118,239.205262,0.387922,11.643550,11.643550,0.033196,0.000194,0.000201,0.000207,0.000208,0.000208,0.000000,0,true,0.000000,1,objective equals makespan; due-date/tardiness fields are not available in this instance format
fair|M|rush_job|43|0.1|B-CORE,2026-06-03T14:50:20,M_rush_job_seed43,M,rush_job,43,40043,40043,0.1,B-CORE,solved,,0.033841,75.999835,75.999835,607.210823,369.759074,237.451749,0.391053,11.274302,11.274302,0.033850,0.000188,0.000188,0.000198,0.000199,0.000199,0.000000,0,true,0.655948,2,objective equals makespan; due-date/tardiness fields are not available in this instance format
fair|M|rush_job|43|0.1|B-CORE-no-graph,2026-06-03T14:50:21,M_rush_job_seed43,M,rush_job,43,40043,40043,0.1,B-CORE-no-graph,solved,,0.032479,75.999835,75.999835,607.210823,369.759074,237.451749,0.391053,11.274302,11.274302,0.032487,0.000184,0.000184,0.000200,0.000201,0.000202,0.000000,0,true,0.655948,3,objective equals makespan; due-date/tardiness fields are not available in this instance format
fair|M|rush_job|43|0.1|MachineRank,2026-06-03T14:50:21,M_rush_job_seed43,M,rush_job,43,40043,40043,0.1,MachineRank,solved,,0.020653,92.205622,92.205622,701.291944,409.480434,291.811510,0.416106,12.701871,12.701871,0.020661,0.000032,0.000009,0.000074,0.000080,0.000081,0.000000,0,true,22.119270,4,objective equals makespan; due-date/tardiness fields are not available in this instance format
fair|M|rush_job|43|0.1|MOR,2026-06-03T14:50:21,M_rush_job_seed43,M,rush_job,43,40043,40043,0.1,MOR,solved,,0.016169,100.594158,100.594158,664.206152,392.323261,271.882891,0.409335,10.260436,10.260436,0.016177,0.000006,0.000005,0.000008,0.000008,0.000008,0.000000,0,true,33.229242,5,objective equals makespan; due-date/tardiness fields are not available in this instance format
fair|M|rush_job|43|0.1|MOEA-NSGA2,2026-06-03T14:50:23,M_rush_job_seed43,M,rush_job,43,40043,40043,0.1,MOEA-NSGA2,solved,,0.947048,101.122800,101.122800,771.354525,446.229026,325.125499,0.421499,12.582811,12.582811,0.947061,0.226445,0.245781,0.254406,0.255172,0.255364,1.000000,4,true,33.929387,6,objective equals makespan; due-date/tardiness fields are not available in this instance format
fair|M|rush_job|43|0.1|SA,2026-06-03T14:50:22,M_rush_job_seed43,M,rush_job,43,40043,40043,0.1,SA,solved,,0.466781,101.151243,101.151243,830.541543,450.572362,379.969181,0.457496,14.407012,14.407012,0.466794,0.111219,0.111558,0.112839,0.112952,0.112981,1.000000,4,true,33.967058,7,objective equals makespan; due-date/tardiness fields are not available in this instance format
fair|M|rush_job|43|0.1|GA,2026-06-03T14:50:21,M_rush_job_seed43,M,rush_job,43,40043,40043,0.1,GA,solved,,0.350271,104.821140,104.821140,828.898459,463.346724,365.551735,0.441009,13.641443,13.641443,0.350284,0.112177,0.112177,0.112638,0.112679,0.112689,1.000000,3,true,38.827555,8,objective equals makespan; due-date/tardiness fields are not available in this instance format
fair|M|rush_job|43|0.1|DCGA,2026-06-03T14:50:22,M_rush_job_seed43,M,rush_job,43,40043,40043,0.1,DCGA,solved,,0.337963,105.325017,105.325017,821.208524,469.256015,351.952509,0.428579,13.174646,13.174646,0.337974,0.102166,0.102166,0.102884,0.102948,0.102964,1.000000,3,true,39.494901,9,objective equals makespan; due-date/tardiness fields are not available in this instance format
fair|M|rush_job|43|0.1|LNS,2026-06-03T14:50:21,M_rush_job_seed43,M,rush_job,43,40043,40043,0.1,LNS,solved,,0.468673,110.464777,110.464777,833.700332,476.182016,357.518316,0.428833,14.658294,14.658294,0.468687,0.112656,0.109773,0.117644,0.118344,0.118519,1.000000,4,true,46.302119,10,objective equals makespan; due-date/tardiness fields are not available in this instance format
fair|M|rush_job|43|0.5|B-CORE-no-bottleneck,2026-06-03T14:50:23,M_rush_job_seed43,M,rush_job,43,40043,40043,0.5,B-CORE-no-bottleneck,solved,,0.050282,75.504564,75.504564,616.632380,377.427118,239.205262,0.387922,11.643550,11.643550,0.050294,0.000299,0.000311,0.000317,0.000318,0.000318,0.000000,0,true,0.000000,1,objective equals makespan; due-date/tardiness fields are not available in this instance format
fair|M|rush_job|43|0.5|B-CORE,2026-06-03T14:50:23,M_rush_job_seed43,M,rush_job,43,40043,40043,0.5,B-CORE,solved,,0.048321,75.999835,75.999835,607.210823,369.759074,237.451749,0.391053,11.274302,11.274302,0.048332,0.000279,0.000279,0.000303,0.000305,0.000306,0.000000,0,true,0.655948,2,objective equals makespan; due-date/tardiness fields are not available in this instance format
fair|M|rush_job|43|0.5|B-CORE-no-graph,2026-06-03T14:50:23,M_rush_job_seed43,M,rush_job,43,40043,40043,0.5,B-CORE-no-graph,solved,,0.048505,75.999835,75.999835,607.210823,369.759074,237.451749,0.391053,11.274302,11.274302,0.048517,0.000284,0.000284,0.000305,0.000307,0.000307,0.000000,0,true,0.655948,3,objective equals makespan; due-date/tardiness fields are not available in this instance format
fair|M|rush_job|43|0.5|LNS,2026-06-03T14:50:25,M_rush_job_seed43,M,rush_job,43,40043,40043,0.5,LNS,solved,,2.066894,89.540202,89.540202,760.665163,434.907759,325.757404,0.428253,13.127596,13.127596,2.066908,0.510299,0.509806,0.512595,0.512843,0.512905,1.000000,4,true,18.589125,4,objective equals makespan; due-date/tardiness fields are not available in this instance format
fair|M|rush_job|43|0.5|SA,2026-06-03T14:50:29,M_rush_job_seed43,M,rush_job,43,40043,40043,0.5,SA,solved,,1.575572,90.377190,90.377190,743.028372,454.131134,288.897238,0.388811,12.748256,12.748256,1.575590,0.518344,0.518344,0.518630,0.518656,0.518662,1.000000,3,true,19.697652,5,objective equals makespan; due-date/tardiness fields are not available in this instance format
fair|M|rush_job|43|0.5|MachineRank,2026-06-03T14:50:23,M_rush_job_seed43,M,rush_job,43,40043,40043,0.5,MachineRank,solved,,0.031003,92.205622,92.205622,701.291944,409.480434,291.811510,0.416106,12.701871,12.701871,0.031014,0.000052,0.000014,0.000119,0.000128,0.000130,0.000000,0,true,22.119270,6,objective equals makespan; due-date/tardiness fields are not available in this instance format
fair|M|rush_job|43|0.5|DCGA,2026-06-03T14:50:27,M_rush_job_seed43,M,rush_job,43,40043,40043,0.5,DCGA,solved,,1.549199,93.845205,93.845205,756.746775,439.801595,316.945180,0.418826,13.037579,13.037579,1.549212,0.506663,0.506663,0.507224,0.507274,0.507287,1.000000,3,true,24.290771,7,objective equals makespan; due-date/tardiness fields are not available in this instance format
fair|M|rush_job|43|0.5|MOEA-NSGA2,2026-06-03T14:50:29,M_rush_job_seed43,M,rush_job,43,40043,40043,0.5,MOEA-NSGA2,solved,,1.558175,95.274281,95.274281,701.534407,401.089417,300.444989,0.428268,10.823031,10.823031,1.558186,0.513939,0.513939,0.519134,0.519596,0.519711,1.000000,3,true,26.183473,8,objective equals makespan; due-date/tardiness fields are not available in this instance format
fair|M|rush_job|43|0.5|GA,2026-06-03T14:50:27,M_rush_job_seed43,M,rush_job,43,40043,40043,0.5,GA,solved,,1.539320,95.299562,95.299562,723.241656,447.417687,275.823969,0.381372,11.193591,11.193591,1.539333,0.505280,0.505280,0.506112,0.506186,0.506204,1.000000,3,true,26.216956,9,objective equals makespan; due-date/tardiness fields are not available in this instance format
fair|M|rush_job|43|0.5|MOR,2026-06-03T14:50:23,M_rush_job_seed43,M,rush_job,43,40043,40043,0.5,MOR,solved,,0.023680,100.594158,100.594158,664.206152,392.323261,271.882891,0.409335,10.260436,10.260436,0.023692,0.000009,0.000007,0.000011,0.000012,0.000012,0.000000,0,true,33.229242,10,objective equals makespan; due-date/tardiness fields are not available in this instance format
fair|M|rush_job|43|1.0|B-CORE-no-bottleneck,2026-06-03T14:50:27,M_rush_job_seed43,M,rush_job,43,40043,40043,1.0,B-CORE-no-bottleneck,solved,,0.034403,75.504564,75.504564,616.632380,377.427118,239.205262,0.387922,11.643550,11.643550,0.034411,0.000194,0.000201,0.000207,0.000208,0.000208,0.000000,0,true,0.000000,1,objective equals makespan; due-date/tardiness fields are not available in this instance format
fair|M|rush_job|43|1.0|B-CORE,2026-06-03T14:50:27,M_rush_job_seed43,M,rush_job,43,40043,40043,1.0,B-CORE,solved,,0.049694,75.999835,75.999835,607.210823,369.759074,237.451749,0.391053,11.274302,11.274302,0.049706,0.000282,0.000282,0.000301,0.000303,0.000303,0.000000,0,true,0.655948,2,objective equals makespan; due-date/tardiness fields are not available in this instance format
fair|M|rush_job|43|1.0|B-CORE-no-graph,2026-06-03T14:50:27,M_rush_job_seed43,M,rush_job,43,40043,40043,1.0,B-CORE-no-graph,solved,,0.043742,75.999835,75.999835,607.210823,369.759074,237.451749,0.391053,11.274302,11.274302,0.043751,0.000278,0.000278,0.000298,0.000300,0.000301,0.000000,0,true,0.655948,3,objective equals makespan; due-date/tardiness fields are not available in this instance format
fair|M|rush_job|43|1.0|GA,2026-06-03T14:50:31,M_rush_job_seed43,M,rush_job,43,40043,40043,1.0,GA,solved,,3.072563,84.810258,84.810258,701.986266,378.762127,323.224140,0.460442,10.178099,10.178099,3.072578,1.015411,1.015411,1.018827,1.019130,1.019206,1.000000,3,true,12.324677,4,objective equals makespan; due-date/tardiness fields are not available in this instance format
fair|M|rush_job|43|1.0|MOEA-NSGA2,2026-06-03T14:50:33,M_rush_job_seed43,M,rush_job,43,40043,40043,1.0,MOEA-NSGA2,solved,,4.076188,87.906384,87.906384,741.826949,438.888394,302.938555,0.408368,11.493971,11.493971,4.076200,1.012544,1.009500,1.020937,1.021953,1.022208,1.000000,4,true,16.425259,5,objective equals makespan; due-date/tardiness fields are not available in this instance format
fair|M|rush_job|43|1.0|SA,2026-06-03T14:50:32,M_rush_job_seed43,M,rush_job,43,40043,40043,1.0,SA,solved,,3.068276,90.377190,90.377190,743.028372,454.131134,288.897238,0.388811,12.748256,12.748256,3.068289,1.013491,1.013491,1.015605,1.015793,1.015840,1.000000,3,true,19.697652,6,objective equals makespan; due-date/tardiness fields are not available in this instance format
fair|M|rush_job|43|1.0|MachineRank,2026-06-03T14:50:27,M_rush_job_seed43,M,rush_job,43,40043,40043,1.0,MachineRank,solved,,0.026943,92.205622,92.205622,701.291944,409.480434,291.811510,0.416106,12.701871,12.701871,0.026955,0.000033,0.000010,0.000074,0.000080,0.000081,0.000000,0,true,22.119270,7,objective equals makespan; due-date/tardiness fields are not available in this instance format
fair|M|rush_job|43|1.0|LNS,2026-06-03T14:50:31,M_rush_job_seed43,M,rush_job,43,40043,40043,1.0,LNS,solved,,4.050442,92.372699,92.372699,772.190776,450.570588,321.620189,0.416504,12.844086,12.844086,4.050452,1.007870,1.010900,1.011160,1.011184,1.011189,1.000000,4,true,22.340550,8,objective equals makespan; due-date/tardiness fields are not available in this instance format
fair|M|rush_job|43|1.0|DCGA,2026-06-03T14:50:31,M_rush_job_seed43,M,rush_job,43,40043,40043,1.0,DCGA,solved,,3.048252,92.482529,92.482529,743.630752,427.470173,316.160580,0.425158,12.773579,12.773579,3.048265,1.010966,1.010966,1.011115,1.011129,1.011132,1.000000,3,true,22.486012,9,objective equals makespan; due-date/tardiness fields are not available in this instance format
fair|M|rush_job|43|1.0|MOR,2026-06-03T14:50:27,M_rush_job_seed43,M,rush_job,43,40043,40043,1.0,MOR,solved,,0.022603,100.594158,100.594158,664.206152,392.323261,271.882891,0.409335,10.260436,10.260436,0.022612,0.000006,0.000005,0.000008,0.000008,0.000008,0.000000,0,true,33.229242,10,objective equals makespan; due-date/tardiness fields are not available in this instance format
fair|M|rush_job|43|5.0|B-CORE-no-bottleneck,2026-06-03T14:50:29,M_rush_job_seed43,M,rush_job,43,40043,40043,5.0,B-CORE-no-bottleneck,solved,,0.050394,75.504564,75.504564,616.632380,377.427118,239.205262,0.387922,11.643550,11.643550,0.050406,0.000302,0.000317,0.000337,0.000339,0.000339,0.000000,0,true,0.000000,1,objective equals makespan; due-date/tardiness fields are not available in this instance format
fair|M|rush_job|43|5.0|B-CORE,2026-06-03T14:50:29,M_rush_job_seed43,M,rush_job,43,40043,40043,5.0,B-CORE,solved,,0.049534,75.999835,75.999835,607.210823,369.759074,237.451749,0.391053,11.274302,11.274302,0.049547,0.000295,0.000295,0.000319,0.000321,0.000321,0.000000,0,true,0.655948,2,objective equals makespan; due-date/tardiness fields are not available in this instance format
fair|M|rush_job|43|5.0|B-CORE-no-graph,2026-06-03T14:50:29,M_rush_job_seed43,M,rush_job,43,40043,40043,5.0,B-CORE-no-graph,solved,,0.049061,75.999835,75.999835,607.210823,369.759074,237.451749,0.391053,11.274302,11.274302,0.049073,0.000298,0.000298,0.000321,0.000323,0.000323,0.000000,0,true,0.655948,3,objective equals makespan; due-date/tardiness fields are not available in this instance format
fair|M|rush_job|43|5.0|DCGA,2026-06-03T14:50:46,M_rush_job_seed43,M,rush_job,43,40043,40043,5.0,DCGA,solved,,15.053159,77.467004,77.467004,652.371635,382.796032,269.575603,0.413224,9.448808,9.448808,15.053173,5.008126,5.008126,5.011553,5.011858,5.011934,1.000000,3,true,2.599101,4,objective equals makespan; due-date/tardiness fields are not available in this instance format
fair|M|rush_job|43|5.0|GA,2026-06-03T14:50:46,M_rush_job_seed43,M,rush_job,43,40043,40043,5.0,GA,solved,,15.047233,80.343796,80.343796,665.056567,393.370005,271.686562,0.408516,8.902201,8.902201,15.047246,5.009158,5.009158,5.015579,5.016150,5.016292,1.000000,3,true,6.409191,5,objective equals makespan; due-date/tardiness fields are not available in this instance format
fair|M|rush_job|43|5.0|LNS,2026-06-03T14:50:49,M_rush_job_seed43,M,rush_job,43,40043,40043,5.0,LNS,solved,,20.073280,82.602544,82.602544,703.054829,418.138363,284.916465,0.405255,11.433684,11.433684,20.073294,5.011319,5.014321,5.014840,5.014886,5.014898,1.000000,4,true,9.400730,6,objective equals makespan; due-date/tardiness fields are not available in this instance format
fair|M|rush_job|43|5.0|MOEA-NSGA2,2026-06-03T14:50:52,M_rush_job_seed43,M,rush_job,43,40043,40043,5.0,MOEA-NSGA2,solved,,20.068578,86.803211,86.803211,678.085898,395.758650,282.327248,0.416359,11.028683,11.028683,20.068592,5.010512,5.013443,5.015913,5.016133,5.016187,1.000000,4,true,14.964191,7,objective equals makespan; due-date/tardiness fields are not available in this instance format
fair|M|rush_job|43|5.0|SA,2026-06-03T14:50:46,M_rush_job_seed43,M,rush_job,43,40043,40043,5.0,SA,solved,,15.049701,92.047847,92.047847,776.937958,433.303478,343.634480,0.442293,11.395710,11.395710,15.049715,5.009884,5.009884,5.010436,5.010485,5.010497,1.000000,3,true,21.910309,8,objective equals makespan; due-date/tardiness fields are not available in this instance format
fair|M|rush_job|43|5.0|MachineRank,2026-06-03T14:50:29,M_rush_job_seed43,M,rush_job,43,40043,40043,5.0,MachineRank,solved,,0.030773,92.205622,92.205622,701.291944,409.480434,291.811510,0.416106,12.701871,12.701871,0.030786,0.000050,0.000013,0.000114,0.000123,0.000125,0.000000,0,true,22.119270,9,objective equals makespan; due-date/tardiness fields are not available in this instance format
fair|M|rush_job|43|5.0|MOR,2026-06-03T14:50:29,M_rush_job_seed43,M,rush_job,43,40043,40043,5.0,MOR,solved,,0.023798,100.594158,100.594158,664.206152,392.323261,271.882891,0.409335,10.260436,10.260436,0.023811,0.000009,0.000007,0.000011,0.000012,0.000012,0.000000,0,true,33.229242,10,objective equals makespan; due-date/tardiness fields are not available in this instance format
fair|M|rush_job|43|10.0|DCGA,2026-06-03T14:51:09,M_rush_job_seed43,M,rush_job,43,40043,40043,10.0,DCGA,solved,,30.055616,75.442254,75.442254,656.287975,376.462208,279.825766,0.426376,10.140040,10.140040,30.055630,10.010131,10.010131,10.014318,10.014690,10.014783,1.000000,3,true,0.000000,1,objective equals makespan; due-date/tardiness fields are not available in this instance format
fair|M|rush_job|43|10.0|B-CORE-no-bottleneck,2026-06-03T14:50:33,M_rush_job_seed43,M,rush_job,43,40043,40043,10.0,B-CORE-no-bottleneck,solved,,0.049863,75.504564,75.504564,616.632380,377.427118,239.205262,0.387922,11.643550,11.643550,0.049876,0.000297,0.000313,0.000314,0.000315,0.000315,0.000000,0,true,0.082593,2,objective equals makespan; due-date/tardiness fields are not available in this instance format
fair|M|rush_job|43|10.0|B-CORE,2026-06-03T14:50:33,M_rush_job_seed43,M,rush_job,43,40043,40043,10.0,B-CORE,solved,,0.048317,75.999835,75.999835,607.210823,369.759074,237.451749,0.391053,11.274302,11.274302,0.048330,0.000278,0.000278,0.000303,0.000305,0.000306,0.000000,0,true,0.739083,3,objective equals makespan; due-date/tardiness fields are not available in this instance format
fair|M|rush_job|43|10.0|B-CORE-no-graph,2026-06-03T14:50:33,M_rush_job_seed43,M,rush_job,43,40043,40043,10.0,B-CORE-no-graph,solved,,0.049364,75.999835,75.999835,607.210823,369.759074,237.451749,0.391053,11.274302,11.274302,0.049378,0.000284,0.000284,0.000309,0.000311,0.000311,0.000000,0,true,0.739083,4,objective equals makespan; due-date/tardiness fields are not available in this instance format
fair|M|rush_job|43|10.0|LNS,2026-06-03T14:51:11,M_rush_job_seed43,M,rush_job,43,40043,40043,10.0,LNS,solved,,37.999125,76.085803,76.085803,645.918034,381.389771,264.528263,0.409538,10.650474,10.650474,37.999138,9.460301,9.867355,9.992320,10.003428,10.006205,0.250000,1,true,0.853035,5,objective equals makespan; due-date/tardiness fields are not available in this instance format
fair|M|rush_job|43|10.0|GA,2026-06-03T14:51:06,M_rush_job_seed43,M,rush_job,43,40043,40043,10.0,GA,solved,,30.046987,77.458891,77.458891,655.584408,389.312093,266.272315,0.406160,9.566278,9.566278,30.047001,10.007770,10.007770,10.009274,10.009408,10.009441,1.000000,3,true,2.673087,6,objective equals makespan; due-date/tardiness fields are not available in this instance format
fair|M|rush_job|43|10.0|SA,2026-06-03T14:51:14,M_rush_job_seed43,M,rush_job,43,40043,40043,10.0,SA,solved,,27.761539,81.321235,81.321235,650.744406,394.044766,256.699640,0.394471,10.684651,10.684651,27.761553,9.075877,9.075877,9.922262,9.997496,10.016304,0.333333,1,true,7.792690,7,objective equals makespan; due-date/tardiness fields are not available in this instance format
fair|M|rush_job|43|10.0|MOEA-NSGA2,2026-06-03T14:51:26,M_rush_job_seed43,M,rush_job,43,40043,40043,10.0,MOEA-NSGA2,solved,,40.049653,83.115376,83.115376,708.495734,379.736330,328.759403,0.464025,11.197339,11.197339,40.049662,10.008749,10.010566,10.012431,10.012597,10.012639,1.000000,4,true,10.170855,8,objective equals makespan; due-date/tardiness fields are not available in this instance format
fair|M|rush_job|43|10.0|MachineRank,2026-06-03T14:50:33,M_rush_job_seed43,M,rush_job,43,40043,40043,10.0,MachineRank,solved,,0.030618,92.205622,92.205622,701.291944,409.480434,291.811510,0.416106,12.701871,12.701871,0.030630,0.000049,0.000014,0.000111,0.000120,0.000122,0.000000,0,true,22.220131,9,objective equals makespan; due-date/tardiness fields are not available in this instance format
fair|M|rush_job|43|10.0|MOR,2026-06-03T14:50:33,M_rush_job_seed43,M,rush_job,43,40043,40043,10.0,MOR,solved,,0.024061,100.594158,100.594158,664.206152,392.323261,271.882891,0.409335,10.260436,10.260436,0.024073,0.000009,0.000007,0.000012,0.000012,0.000013,0.000000,0,true,33.339280,10,objective equals makespan; due-date/tardiness fields are not available in this instance format
fair|M|rush_job|44|0.1|B-CORE,2026-06-03T14:50:47,M_rush_job_seed44,M,rush_job,44,40044,40044,0.1,B-CORE,solved,,0.042965,67.368544,67.368544,523.383363,340.248988,183.134375,0.349905,10.324103,10.324103,0.042977,0.000296,0.000296,0.000302,0.000302,0.000302,0.000000,0,true,0.000000,1,objective equals makespan; due-date/tardiness fields are not available in this instance format
fair|M|rush_job|44|0.1|B-CORE-no-graph,2026-06-03T14:50:47,M_rush_job_seed44,M,rush_job,44,40044,40044,0.1,B-CORE-no-graph,solved,,0.043395,67.368544,67.368544,523.383363,340.248988,183.134375,0.349905,10.324103,10.324103,0.043407,0.000305,0.000305,0.000309,0.000309,0.000309,0.000000,0,true,0.000000,2,objective equals makespan; due-date/tardiness fields are not available in this instance format
fair|M|rush_job|44|0.1|MachineRank,2026-06-03T14:50:47,M_rush_job_seed44,M,rush_job,44,40044,40044,0.1,MachineRank,solved,,0.025602,72.161943,72.161943,584.346858,336.964717,247.382141,0.423348,11.858078,11.858078,0.025614,0.000067,0.000067,0.000116,0.000120,0.000121,0.000000,0,true,7.115189,3,objective equals makespan; due-date/tardiness fields are not available in this instance format
fair|M|rush_job|44|0.1|B-CORE-no-bottleneck,2026-06-03T14:50:47,M_rush_job_seed44,M,rush_job,44,40044,40044,0.1,B-CORE-no-bottleneck,solved,,0.044657,73.557488,73.557488,624.807239,382.254329,242.552910,0.388204,11.949838,11.949838,0.044670,0.000304,0.000304,0.000308,0.000309,0.000309,0.000000,0,true,9.186697,4,objective equals makespan; due-date/tardiness fields are not available in this instance format
fair|M|rush_job|44|0.1|MOEA-NSGA2,2026-06-03T14:50:49,M_rush_job_seed44,M,rush_job,44,40044,40044,0.1,MOEA-NSGA2,solved,,0.653761,73.607937,73.607937,634.702197,358.933042,275.769155,0.434486,13.056991,13.056991,0.653775,0.209526,0.209526,0.218025,0.218780,0.218969,1.000000,3,true,9.261582,5,objective equals makespan; due-date/tardiness fields are not available in this instance format
fair|M|rush_job|44|0.1|DCGA,2026-06-03T14:50:48,M_rush_job_seed44,M,rush_job,44,40044,40044,0.1,DCGA,solved,,0.350744,76.225923,76.225923,634.782776,371.508008,263.274768,0.414748,11.887825,11.887825,0.350757,0.111233,0.111233,0.114742,0.115054,0.115132,1.000000,3,true,13.147648,6,objective equals makespan; due-date/tardiness fields are not available in this instance format
fair|M|rush_job|44|0.1|SA,2026-06-03T14:50:48,M_rush_job_seed44,M,rush_job,44,40044,40044,0.1,SA,solved,,0.340680,76.632452,76.632452,654.263558,363.075177,291.188381,0.445063,12.336803,12.336803,0.340692,0.108655,0.108655,0.112783,0.113150,0.113242,1.000000,3,true,13.751088,7,objective equals makespan; due-date/tardiness fields are not available in this instance format
fair|M|rush_job|44|0.1|LNS,2026-06-03T14:50:47,M_rush_job_seed44,M,rush_job,44,40044,40044,0.1,LNS,solved,,0.340175,79.753301,79.753301,676.080986,379.442608,296.638379,0.438762,13.340056,13.340056,0.340186,0.107026,0.107026,0.110279,0.110568,0.110640,1.000000,3,true,18.383590,8,objective equals makespan; due-date/tardiness fields are not available in this instance format
fair|M|rush_job|44|0.1|GA,2026-06-03T14:50:47,M_rush_job_seed44,M,rush_job,44,40044,40044,0.1,GA,solved,,0.346839,82.641634,82.641634,643.376266,367.350362,276.025903,0.429027,11.023877,11.023877,0.346852,0.107501,0.107501,0.108001,0.108045,0.108057,1.000000,3,true,22.670952,9,objective equals makespan; due-date/tardiness fields are not available in this instance format
fair|M|rush_job|44|0.1|MOR,2026-06-03T14:50:47,M_rush_job_seed44,M,rush_job,44,40044,40044,0.1,MOR,solved,,0.020545,87.525776,87.525776,598.217039,326.763300,271.453738,0.453771,11.041133,11.041133,0.020558,0.000010,0.000010,0.000011,0.000011,0.000011,0.000000,0,true,29.920837,10,objective equals makespan; due-date/tardiness fields are not available in this instance format
fair|M|rush_job|44|0.5|B-CORE,2026-06-03T14:50:49,M_rush_job_seed44,M,rush_job,44,40044,40044,0.5,B-CORE,solved,,0.043732,67.368544,67.368544,523.383363,340.248988,183.134375,0.349905,10.324103,10.324103,0.043745,0.000297,0.000297,0.000303,0.000304,0.000304,0.000000,0,true,0.000000,1,objective equals makespan; due-date/tardiness fields are not available in this instance format
fair|M|rush_job|44|0.5|B-CORE-no-graph,2026-06-03T14:50:49,M_rush_job_seed44,M,rush_job,44,40044,40044,0.5,B-CORE-no-graph,solved,,0.043397,67.368544,67.368544,523.383363,340.248988,183.134375,0.349905,10.324103,10.324103,0.043409,0.000315,0.000315,0.000336,0.000338,0.000338,0.000000,0,true,0.000000,2,objective equals makespan; due-date/tardiness fields are not available in this instance format
fair|M|rush_job|44|0.5|DCGA,2026-06-03T14:50:51,M_rush_job_seed44,M,rush_job,44,40044,40044,0.5,DCGA,solved,,1.542244,69.534924,69.534924,621.903554,339.718594,282.184960,0.453744,11.686551,11.686551,1.542258,0.506703,0.506703,0.511418,0.511837,0.511941,1.000000,3,true,3.215714,3,objective equals makespan; due-date/tardiness fields are not available in this instance format
fair|M|rush_job|44|0.5|MachineRank,2026-06-03T14:50:49,M_rush_job_seed44,M,rush_job,44,40044,40044,0.5,MachineRank,solved,,0.017785,72.161943,72.161943,584.346858,336.964717,247.382141,0.423348,11.858078,11.858078,0.017792,0.000046,0.000046,0.000080,0.000083,0.000084,0.000000,0,true,7.115189,4,objective equals makespan; due-date/tardiness fields are not available in this instance format
fair|M|rush_job|44|0.5|MOEA-NSGA2,2026-06-03T14:50:52,M_rush_job_seed44,M,rush_job,44,40044,40044,0.5,MOEA-NSGA2,solved,,1.541250,72.575146,72.575146,643.477814,363.075177,280.402636,0.435761,12.710816,12.710816,1.541261,0.507087,0.507087,0.512203,0.512657,0.512771,1.000000,3,true,7.728536,5,objective equals makespan; due-date/tardiness fields are not available in this instance format
fair|M|rush_job|44|0.5|B-CORE-no-bottleneck,2026-06-03T14:50:49,M_rush_job_seed44,M,rush_job,44,40044,40044,0.5,B-CORE-no-bottleneck,solved,,0.033545,73.557488,73.557488,624.807239,382.254329,242.552910,0.388204,11.949838,11.949838,0.033554,0.000203,0.000203,0.000211,0.000212,0.000212,0.000000,0,true,9.186697,6,objective equals makespan; due-date/tardiness fields are not available in this instance format
fair|M|rush_job|44|0.5|SA,2026-06-03T14:50:52,M_rush_job_seed44,M,rush_job,44,40044,40044,0.5,SA,solved,,1.536213,73.638980,73.638980,659.380135,355.113382,304.266753,0.461444,13.086632,13.086632,1.536226,0.506486,0.506486,0.510423,0.510773,0.510861,1.000000,3,true,9.307661,7,objective equals makespan; due-date/tardiness fields are not available in this instance format
fair|M|rush_job|44|0.5|LNS,2026-06-03T14:50:50,M_rush_job_seed44,M,rush_job,44,40044,40044,0.5,LNS,solved,,1.545383,73.864408,73.864408,636.388572,337.715907,298.672664,0.469324,13.914796,13.914796,1.545395,0.511149,0.511149,0.513731,0.513961,0.514018,1.000000,3,true,9.642281,8,objective equals makespan; due-date/tardiness fields are not available in this instance format
fair|M|rush_job|44|0.5|GA,2026-06-03T14:50:50,M_rush_job_seed44,M,rush_job,44,40044,40044,0.5,GA,solved,,1.534706,78.678653,78.678653,631.748556,333.387216,298.361340,0.472279,11.688746,11.688746,1.534719,0.504007,0.504007,0.506115,0.506302,0.506349,1.000000,3,true,16.788412,9,objective equals makespan; due-date/tardiness fields are not available in this instance format
fair|M|rush_job|44|0.5|MOR,2026-06-03T14:50:49,M_rush_job_seed44,M,rush_job,44,40044,40044,0.5,MOR,solved,,0.014190,87.525776,87.525776,598.217039,326.763300,271.453738,0.453771,11.041133,11.041133,0.014197,0.000007,0.000007,0.000007,0.000007,0.000007,0.000000,0,true,29.920837,10,objective equals makespan; due-date/tardiness fields are not available in this instance format
fair|M|rush_job|44|1.0|B-CORE,2026-06-03T14:50:51,M_rush_job_seed44,M,rush_job,44,40044,40044,1.0,B-CORE,solved,,0.043713,67.368544,67.368544,523.383363,340.248988,183.134375,0.349905,10.324103,10.324103,0.043725,0.000310,0.000310,0.000313,0.000314,0.000314,0.000000,0,true,0.000000,1,objective equals makespan; due-date/tardiness fields are not available in this instance format
fair|M|rush_job|44|1.0|B-CORE-no-graph,2026-06-03T14:50:51,M_rush_job_seed44,M,rush_job,44,40044,40044,1.0,B-CORE-no-graph,solved,,0.043440,67.368544,67.368544,523.383363,340.248988,183.134375,0.349905,10.324103,10.324103,0.043452,0.000306,0.000306,0.000314,0.000315,0.000315,0.000000,0,true,0.000000,2,objective equals makespan; due-date/tardiness fields are not available in this instance format
fair|M|rush_job|44|1.0|DCGA,2026-06-03T14:50:55,M_rush_job_seed44,M,rush_job,44,40044,40044,1.0,DCGA,solved,,3.046068,68.962588,68.962588,563.669223,361.817931,201.851292,0.358102,10.501405,10.501405,3.046081,1.011272,1.011272,1.012544,1.012657,1.012685,1.000000,3,true,2.366155,3,objective equals makespan; due-date/tardiness fields are not available in this instance format
fair|M|rush_job|44|1.0|LNS,2026-06-03T14:50:54,M_rush_job_seed44,M,rush_job,44,40044,40044,1.0,LNS,solved,,3.057271,69.651527,69.651527,614.553216,357.304920,257.248296,0.418594,12.755328,12.755328,3.057282,1.011293,1.011293,1.013854,1.014082,1.014139,1.000000,3,true,3.388797,4,objective equals makespan; due-date/tardiness fields are not available in this instance format
fair|M|rush_job|44|1.0|GA,2026-06-03T14:50:55,M_rush_job_seed44,M,rush_job,44,40044,40044,1.0,GA,solved,,3.049636,71.868544,71.868544,597.595182,337.086915,260.508267,0.435928,10.897451,10.897451,3.049650,1.011499,1.011499,1.015036,1.015350,1.015429,1.000000,3,true,6.679675,5,objective equals makespan; due-date/tardiness fields are not available in this instance format
fair|M|rush_job|44|1.0|MachineRank,2026-06-03T14:50:51,M_rush_job_seed44,M,rush_job,44,40044,40044,1.0,MachineRank,solved,,0.025479,72.161943,72.161943,584.346858,336.964717,247.382141,0.423348,11.858078,11.858078,0.025493,0.000068,0.000068,0.000118,0.000123,0.000124,0.000000,0,true,7.115189,6,objective equals makespan; due-date/tardiness fields are not available in this instance format
fair|M|rush_job|44|1.0|B-CORE-no-bottleneck,2026-06-03T14:50:51,M_rush_job_seed44,M,rush_job,44,40044,40044,1.0,B-CORE-no-bottleneck,solved,,0.044964,73.557488,73.557488,624.807239,382.254329,242.552910,0.388204,11.949838,11.949838,0.044977,0.000311,0.000311,0.000314,0.000314,0.000314,0.000000,0,true,9.186697,7,objective equals makespan; due-date/tardiness fields are not available in this instance format
fair|M|rush_job|44|1.0|MOEA-NSGA2,2026-06-03T14:50:57,M_rush_job_seed44,M,rush_job,44,40044,40044,1.0,MOEA-NSGA2,solved,,3.040894,73.826091,73.826091,617.194072,357.765255,259.428817,0.420336,12.142581,12.142581,3.040907,1.009702,1.009702,1.010363,1.010422,1.010436,1.000000,3,true,9.585404,8,objective equals makespan; due-date/tardiness fields are not available in this instance format
fair|M|rush_job|44|1.0|SA,2026-06-03T14:50:55,M_rush_job_seed44,M,rush_job,44,40044,40044,1.0,SA,solved,,3.037009,76.400428,76.400428,660.036032,377.539789,282.496243,0.428001,12.910705,12.910705,3.037028,1.007198,1.007198,1.012378,1.012838,1.012953,1.000000,3,true,13.406678,9,objective equals makespan; due-date/tardiness fields are not available in this instance format
fair|M|rush_job|44|1.0|MOR,2026-06-03T14:50:51,M_rush_job_seed44,M,rush_job,44,40044,40044,1.0,MOR,solved,,0.020218,87.525776,87.525776,598.217039,326.763300,271.453738,0.453771,11.041133,11.041133,0.020228,0.000011,0.000011,0.000011,0.000011,0.000011,0.000000,0,true,29.920837,10,objective equals makespan; due-date/tardiness fields are not available in this instance format
fair|M|rush_job|44|5.0|GA,2026-06-03T14:51:10,M_rush_job_seed44,M,rush_job,44,40044,40044,5.0,GA,solved,,15.039391,60.082561,60.082561,442.409681,271.078458,171.331223,0.387268,8.773434,8.773434,15.039404,5.006379,5.006379,5.007766,5.007889,5.007920,1.000000,3,true,0.000000,1,objective equals makespan; due-date/tardiness fields are not available in this instance format
fair|M|rush_job|44|5.0|DCGA,2026-06-03T14:51:10,M_rush_job_seed44,M,rush_job,44,40044,40044,5.0,DCGA,solved,,15.057255,60.446101,60.446101,501.874363,326.341905,175.532458,0.349754,9.918841,9.918841,15.057268,5.012895,5.012895,5.013595,5.013657,5.013673,1.000000,3,true,0.605067,2,objective equals makespan; due-date/tardiness fields are not available in this instance format
fair|M|rush_job|44|5.0|B-CORE,2026-06-03T14:50:55,M_rush_job_seed44,M,rush_job,44,40044,40044,5.0,B-CORE,solved,,0.044173,67.368544,67.368544,523.383363,340.248988,183.134375,0.349905,10.324103,10.324103,0.044187,0.000302,0.000302,0.000305,0.000306,0.000306,0.000000,0,true,12.126619,3,objective equals makespan; due-date/tardiness fields are not available in this instance format
fair|M|rush_job|44|5.0|B-CORE-no-graph,2026-06-03T14:50:55,M_rush_job_seed44,M,rush_job,44,40044,40044,5.0,B-CORE-no-graph,solved,,0.044205,67.368544,67.368544,523.383363,340.248988,183.134375,0.349905,10.324103,10.324103,0.044218,0.000298,0.000298,0.000303,0.000304,0.000304,0.000000,0,true,12.126619,4,objective equals makespan; due-date/tardiness fields are not available in this instance format
fair|M|rush_job|44|5.0|MOEA-NSGA2,2026-06-03T14:51:12,M_rush_job_seed44,M,rush_job,44,40044,40044,5.0,MOEA-NSGA2,solved,,15.049184,68.946709,68.946709,584.730983,314.696676,270.034306,0.461809,11.046280,11.046280,15.049197,5.008650,5.008650,5.013473,5.013902,5.014009,1.000000,3,true,14.753279,5,objective equals makespan; due-date/tardiness fields are not available in this instance format
fair|M|rush_job|44|5.0|LNS,2026-06-03T14:51:10,M_rush_job_seed44,M,rush_job,44,40044,40044,5.0,LNS,solved,,15.050350,71.605839,71.605839,623.141810,365.207174,257.934636,0.413926,11.715815,11.715815,15.050364,5.005683,5.005683,5.009294,5.009615,5.009695,1.000000,3,true,19.179073,6,objective equals makespan; due-date/tardiness fields are not available in this instance format
fair|M|rush_job|44|5.0|MachineRank,2026-06-03T14:50:55,M_rush_job_seed44,M,rush_job,44,40044,40044,5.0,MachineRank,solved,,0.026377,72.161943,72.161943,584.346858,336.964717,247.382141,0.423348,11.858078,11.858078,0.026393,0.000065,0.000065,0.000109,0.000113,0.000114,0.000000,0,true,20.104639,7,objective equals makespan; due-date/tardiness fields are not available in this instance format
fair|M|rush_job|44|5.0|B-CORE-no-bottleneck,2026-06-03T14:50:55,M_rush_job_seed44,M,rush_job,44,40044,40044,5.0,B-CORE-no-bottleneck,solved,,0.046718,73.557488,73.557488,624.807239,382.254329,242.552910,0.388204,11.949838,11.949838,0.046731,0.000313,0.000313,0.000320,0.000321,0.000321,0.000000,0,true,22.427351,8,objective equals makespan; due-date/tardiness fields are not available in this instance format
fair|M|rush_job|44|5.0|SA,2026-06-03T14:51:10,M_rush_job_seed44,M,rush_job,44,40044,40044,5.0,SA,solved,,15.027806,80.394533,80.394533,698.164290,382.008552,316.155738,0.452839,13.492307,13.492307,15.027819,5.002202,5.002202,5.002993,5.003064,5.003081,1.000000,3,true,33.806768,9,objective equals makespan; due-date/tardiness fields are not available in this instance format
fair|M|rush_job|44|5.0|MOR,2026-06-03T14:50:55,M_rush_job_seed44,M,rush_job,44,40044,40044,5.0,MOR,solved,,0.020434,87.525776,87.525776,598.217039,326.763300,271.453738,0.453771,11.041133,11.041133,0.020445,0.000010,0.000010,0.000010,0.000010,0.000010,0.000000,0,true,45.675841,10,objective equals makespan; due-date/tardiness fields are not available in this instance format
fair|M|rush_job|44|10.0|DCGA,2026-06-03T14:51:36,M_rush_job_seed44,M,rush_job,44,40044,40044,10.0,DCGA,solved,,30.050823,60.964641,60.964641,524.464829,292.732779,231.732049,0.441845,10.666419,10.666419,30.050832,10.013988,10.013988,10.014838,10.014914,10.014933,1.000000,3,true,0.000000,1,objective equals makespan; due-date/tardiness fields are not available in this instance format
fair|M|rush_job|44|10.0|MOEA-NSGA2,2026-06-03T14:51:40,M_rush_job_seed44,M,rush_job,44,40044,40044,10.0,MOEA-NSGA2,solved,,30.040958,61.841918,61.841918,513.368106,291.991396,221.376710,0.431224,10.129987,10.129987,30.040971,10.009057,10.009057,10.013218,10.013588,10.013681,1.000000,3,true,1.438993,2,objective equals makespan; due-date/tardiness fields are not available in this instance format
fair|M|rush_job|44|10.0|GA,2026-06-03T14:51:30,M_rush_job_seed44,M,rush_job,44,40044,40044,10.0,GA,solved,,30.021617,62.168825,62.168825,526.119751,302.732779,223.386971,0.424593,9.950028,9.950028,30.021630,10.000944,10.000944,10.001273,10.001302,10.001309,1.000000,3,true,1.975217,3,objective equals makespan; due-date/tardiness fields are not available in this instance format
fair|M|rush_job|44|10.0|B-CORE,2026-06-03T14:50:59,M_rush_job_seed44,M,rush_job,44,40044,40044,10.0,B-CORE,solved,,0.041502,67.368544,67.368544,523.383363,340.248988,183.134375,0.349905,10.324103,10.324103,0.041513,0.000327,0.000327,0.000333,0.000334,0.000334,0.000000,0,true,10.504291,4,objective equals makespan; due-date/tardiness fields are not available in this instance format
fair|M|rush_job|44|10.0|B-CORE-no-graph,2026-06-03T14:50:59,M_rush_job_seed44,M,rush_job,44,40044,40044,10.0,B-CORE-no-graph,solved,,0.044154,67.368544,67.368544,523.383363,340.248988,183.134375,0.349905,10.324103,10.324103,0.044167,0.000332,0.000332,0.000341,0.000342,0.000342,0.000000,0,true,10.504291,5,objective equals makespan; due-date/tardiness fields are not available in this instance format
fair|M|rush_job|44|10.0|LNS,2026-06-03T14:51:24,M_rush_job_seed44,M,rush_job,44,40044,40044,10.0,LNS,solved,,25.263769,68.569122,68.569122,598.962770,347.741318,251.221452,0.419427,11.224740,11.224740,25.263783,8.326658,8.326658,8.779121,8.819340,8.829395,0.000000,0,true,12.473593,6,objective equals makespan; due-date/tardiness fields are not available in this instance format
fair|M|rush_job|44|10.0|SA,2026-06-03T14:51:33,M_rush_job_seed44,M,rush_job,44,40044,40044,10.0,SA,solved,,24.780538,70.084651,70.084651,600.401645,364.807599,235.594046,0.392394,10.729480,10.729480,24.780547,8.277661,8.277661,8.584257,8.611510,8.618323,0.000000,0,true,14.959507,7,objective equals makespan; due-date/tardiness fields are not available in this instance format
fair|M|rush_job|44|10.0|MachineRank,2026-06-03T14:50:59,M_rush_job_seed44,M,rush_job,44,40044,40044,10.0,MachineRank,solved,,0.017826,72.161943,72.161943,584.346858,336.964717,247.382141,0.423348,11.858078,11.858078,0.017836,0.000044,0.000044,0.000075,0.000078,0.000079,0.000000,0,true,18.366879,8,objective equals makespan; due-date/tardiness fields are not available in this instance format
fair|M|rush_job|44|10.0|B-CORE-no-bottleneck,2026-06-03T14:50:59,M_rush_job_seed44,M,rush_job,44,40044,40044,10.0,B-CORE-no-bottleneck,solved,,0.029720,73.557488,73.557488,624.807239,382.254329,242.552910,0.388204,11.949838,11.949838,0.029729,0.000203,0.000203,0.000210,0.000210,0.000211,0.000000,0,true,20.655985,9,objective equals makespan; due-date/tardiness fields are not available in this instance format
fair|M|rush_job|44|10.0|MOR,2026-06-03T14:50:59,M_rush_job_seed44,M,rush_job,44,40044,40044,10.0,MOR,solved,,0.013842,87.525776,87.525776,598.217039,326.763300,271.453738,0.453771,11.041133,11.041133,0.013850,0.000008,0.000008,0.000008,0.000008,0.000008,0.000000,0,true,43.568099,10,objective equals makespan; due-date/tardiness fields are not available in this instance format
fair|M|rush_job|45|0.1|B-CORE,2026-06-03T14:51:10,M_rush_job_seed45,M,rush_job,45,40045,40045,0.1,B-CORE,solved,,0.044371,74.168721,74.168721,521.276577,332.347189,188.929387,0.362436,10.049515,10.049515,0.044383,0.000327,0.000327,0.000331,0.000331,0.000331,0.000000,0,true,0.000000,1,objective equals makespan; due-date/tardiness fields are not available in this instance format
fair|M|rush_job|45|0.1|B-CORE-no-graph,2026-06-03T14:51:10,M_rush_job_seed45,M,rush_job,45,40045,40045,0.1,B-CORE-no-graph,solved,,0.043397,74.168721,74.168721,521.276577,332.347189,188.929387,0.362436,10.049515,10.049515,0.043408,0.000320,0.000320,0.000329,0.000330,0.000330,0.000000,0,true,0.000000,2,objective equals makespan; due-date/tardiness fields are not available in this instance format
fair|M|rush_job|45|0.1|B-CORE-no-bottleneck,2026-06-03T14:51:10,M_rush_job_seed45,M,rush_job,45,40045,40045,0.1,B-CORE-no-bottleneck,solved,,0.045133,74.615946,74.615946,616.759961,351.811801,264.948160,0.429581,12.597501,12.597501,0.045146,0.000299,0.000299,0.000335,0.000338,0.000339,0.000000,0,true,0.602983,3,objective equals makespan; due-date/tardiness fields are not available in this instance format
fair|M|rush_job|45|0.1|LNS,2026-06-03T14:51:10,M_rush_job_seed45,M,rush_job,45,40045,40045,0.1,LNS,solved,,0.356234,76.322816,76.322816,618.720382,366.566412,252.153970,0.407541,12.187989,12.187989,0.356248,0.114151,0.114151,0.117030,0.117285,0.117349,1.000000,3,true,2.904317,4,objective equals makespan; due-date/tardiness fields are not available in this instance format
fair|M|rush_job|45|0.1|MOEA-NSGA2,2026-06-03T14:51:11,M_rush_job_seed45,M,rush_job,45,40045,40045,0.1,MOEA-NSGA2,solved,,0.641090,78.748520,78.748520,650.179922,381.520703,268.659219,0.413207,12.951939,12.951939,0.641102,0.201183,0.201183,0.202324,0.202426,0.202451,1.000000,3,true,6.174839,5,objective equals makespan; due-date/tardiness fields are not available in this instance format
fair|M|rush_job|45|0.1|DCGA,2026-06-03T14:51:11,M_rush_job_seed45,M,rush_job,45,40045,40045,0.1,DCGA,solved,,0.341226,82.785838,82.785838,709.846333,392.869746,316.976587,0.446543,13.735834,13.735834,0.341240,0.104455,0.104455,0.104986,0.105034,0.105045,1.000000,3,true,11.618263,6,objective equals makespan; due-date/tardiness fields are not available in this instance format
fair|M|rush_job|45|0.1|SA,2026-06-03T14:51:11,M_rush_job_seed45,M,rush_job,45,40045,40045,0.1,SA,solved,,0.343448,83.782773,83.782773,666.664805,378.951262,287.713543,0.431572,13.150787,13.150787,0.343460,0.109042,0.109042,0.113424,0.113814,0.113911,1.000000,3,true,12.962408,7,objective equals makespan; due-date/tardiness fields are not available in this instance format
fair|M|rush_job|45|0.1|MOR,2026-06-03T14:51:10,M_rush_job_seed45,M,rush_job,45,40045,40045,0.1,MOR,solved,,0.020932,91.001036,91.001036,606.109814,341.692047,264.417766,0.436254,8.861266,8.861266,0.020944,0.000010,0.000010,0.000012,0.000012,0.000012,0.000000,0,true,22.694628,8,objective equals makespan; due-date/tardiness fields are not available in this instance format
fair|M|rush_job|45|0.1|MachineRank,2026-06-03T14:51:10,M_rush_job_seed45,M,rush_job,45,40045,40045,0.1,MachineRank,solved,,0.026859,92.247902,92.247902,639.861431,368.628786,271.232645,0.423893,12.219109,12.219109,0.026871,0.000013,0.000013,0.000014,0.000014,0.000014,0.000000,0,true,24.375749,9,objective equals makespan; due-date/tardiness fields are not available in this instance format
fair|M|rush_job|45|0.1|GA,2026-06-03T14:51:11,M_rush_job_seed45,M,rush_job,45,40045,40045,0.1,GA,solved,,0.459759,99.541566,99.541566,794.515429,436.496336,358.019093,0.450613,14.037686,14.037686,0.459771,0.109493,0.110068,0.112768,0.113008,0.113069,1.000000,4,true,34.209630,10,objective equals makespan; due-date/tardiness fields are not available in this instance format
fair|M|rush_job|45|0.5|DCGA,2026-06-03T14:51:12,M_rush_job_seed45,M,rush_job,45,40045,40045,0.5,DCGA,solved,,1.543081,67.569747,67.569747,559.289181,324.028335,235.260845,0.420643,11.581275,11.581275,1.543092,0.511431,0.511431,0.512496,0.512591,0.512614,1.000000,3,true,0.000000,1,objective equals makespan; due-date/tardiness fields are not available in this instance format
fair|M|rush_job|45|0.5|B-CORE,2026-06-03T14:51:11,M_rush_job_seed45,M,rush_job,45,40045,40045,0.5,B-CORE,solved,,0.043933,74.168721,74.168721,521.276577,332.347189,188.929387,0.362436,10.049515,10.049515,0.043946,0.000313,0.000313,0.000319,0.000320,0.000320,0.000000,0,true,9.766167,2,objective equals makespan; due-date/tardiness fields are not available in this instance format
fair|M|rush_job|45|0.5|B-CORE-no-graph,2026-06-03T14:51:11,M_rush_job_seed45,M,rush_job,45,40045,40045,0.5,B-CORE-no-graph,solved,,0.043184,74.168721,74.168721,521.276577,332.347189,188.929387,0.362436,10.049515,10.049515,0.043197,0.000306,0.000306,0.000317,0.000318,0.000318,0.000000,0,true,9.766167,3,objective equals makespan; due-date/tardiness fields are not available in this instance format
fair|M|rush_job|45|0.5|B-CORE-no-bottleneck,2026-06-03T14:51:11,M_rush_job_seed45,M,rush_job,45,40045,40045,0.5,B-CORE-no-bottleneck,solved,,0.044535,74.615946,74.615946,616.759961,351.811801,264.948160,0.429581,12.597501,12.597501,0.044546,0.000286,0.000286,0.000321,0.000324,0.000325,0.000000,0,true,10.428038,4,objective equals makespan; due-date/tardiness fields are not available in this instance format
fair|M|rush_job|45|0.5|LNS,2026-06-03T14:51:12,M_rush_job_seed45,M,rush_job,45,40045,40045,0.5,LNS,solved,,1.536194,76.322816,76.322816,618.720382,366.566412,252.153970,0.407541,12.187989,12.187989,1.536203,0.507280,0.507280,0.510666,0.510967,0.511042,1.000000,3,true,12.954124,5,objective equals makespan; due-date/tardiness fields are not available in this instance format
fair|M|rush_job|45|0.5|SA,2026-06-03T14:51:13,M_rush_job_seed45,M,rush_job,45,40045,40045,0.5,SA,solved,,1.546787,80.061310,80.061310,657.533615,374.519514,283.014101,0.430418,12.421875,12.421875,1.546800,0.509193,0.509193,0.515000,0.515517,0.515646,1.000000,3,true,18.486917,6,objective equals makespan; due-date/tardiness fields are not available in this instance format
fair|M|rush_job|45|0.5|MOEA-NSGA2,2026-06-03T14:51:13,M_rush_job_seed45,M,rush_job,45,40045,40045,0.5,MOEA-NSGA2,solved,,1.546837,80.596246,80.596246,620.359583,363.628786,256.730797,0.413842,12.052209,12.052209,1.546851,0.509441,0.509441,0.516958,0.517626,0.517793,1.000000,3,true,19.278597,7,objective equals makespan; due-date/tardiness fields are not available in this instance format
fair|M|rush_job|45|0.5|GA,2026-06-03T14:51:13,M_rush_job_seed45,M,rush_job,45,40045,40045,0.5,GA,solved,,2.550177,86.004167,86.004167,725.471804,391.548479,333.923325,0.460284,12.379237,12.379237,2.550190,0.507167,0.505043,0.514706,0.515731,0.515987,1.000000,5,true,27.282062,8,objective equals makespan; due-date/tardiness fields are not available in this instance format
fair|M|rush_job|45|0.5|MOR,2026-06-03T14:51:11,M_rush_job_seed45,M,rush_job,45,40045,40045,0.5,MOR,solved,,0.020834,91.001036,91.001036,606.109814,341.692047,264.417766,0.436254,8.861266,8.861266,0.020844,0.000010,0.000010,0.000010,0.000010,0.000010,0.000000,0,true,34.677189,9,objective equals makespan; due-date/tardiness fields are not available in this instance format
fair|M|rush_job|45|0.5|MachineRank,2026-06-03T14:51:11,M_rush_job_seed45,M,rush_job,45,40045,40045,0.5,MachineRank,solved,,0.026265,92.247902,92.247902,639.861431,368.628786,271.232645,0.423893,12.219109,12.219109,0.026275,0.000013,0.000013,0.000014,0.000014,0.000014,0.000000,0,true,36.522491,10,objective equals makespan; due-date/tardiness fields are not available in this instance format
fair|M|rush_job|45|1.0|LNS,2026-06-03T14:51:15,M_rush_job_seed45,M,rush_job,45,40045,40045,1.0,LNS,solved,,3.036536,67.314189,67.314189,590.262687,347.171680,243.091008,0.411835,10.010139,10.010139,3.036549,1.007764,1.007764,1.012865,1.013318,1.013432,1.000000,3,true,0.000000,1,objective equals makespan; due-date/tardiness fields are not available in this instance format
fair|M|rush_job|45|1.0|DCGA,2026-06-03T14:51:16,M_rush_job_seed45,M,rush_job,45,40045,40045,1.0,DCGA,solved,,3.057552,67.569747,67.569747,559.289181,324.028335,235.260845,0.420643,11.581275,11.581275,3.057567,1.013462,1.013462,1.017676,1.018050,1.018144,1.000000,3,true,0.379650,2,objective equals makespan; due-date/tardiness fields are not available in this instance format
fair|M|rush_job|45|1.0|GA,2026-06-03T14:51:18,M_rush_job_seed45,M,rush_job,45,40045,40045,1.0,GA,solved,,5.072330,74.165635,74.165635,565.483463,342.445792,223.037671,0.394419,10.320637,10.320637,5.072344,1.009193,1.009402,1.012929,1.013006,1.013025,1.000000,5,true,10.178309,3,objective equals makespan; due-date/tardiness fields are not available in this instance format
fair|M|rush_job|45|1.0|B-CORE,2026-06-03T14:51:12,M_rush_job_seed45,M,rush_job,45,40045,40045,1.0,B-CORE,solved,,0.029300,74.168721,74.168721,521.276577,332.347189,188.929387,0.362436,10.049515,10.049515,0.029308,0.000199,0.000199,0.000206,0.000206,0.000207,0.000000,0,true,10.182893,4,objective equals makespan; due-date/tardiness fields are not available in this instance format
fair|M|rush_job|45|1.0|B-CORE-no-graph,2026-06-03T14:51:12,M_rush_job_seed45,M,rush_job,45,40045,40045,1.0,B-CORE-no-graph,solved,,0.042847,74.168721,74.168721,521.276577,332.347189,188.929387,0.362436,10.049515,10.049515,0.042857,0.000314,0.000314,0.000326,0.000327,0.000327,0.000000,0,true,10.182893,5,objective equals makespan; due-date/tardiness fields are not available in this instance format
fair|M|rush_job|45|1.0|B-CORE-no-bottleneck,2026-06-03T14:51:12,M_rush_job_seed45,M,rush_job,45,40045,40045,1.0,B-CORE-no-bottleneck,solved,,0.030221,74.615946,74.615946,616.759961,351.811801,264.948160,0.429581,12.597501,12.597501,0.030229,0.000189,0.000189,0.000213,0.000216,0.000216,0.000000,0,true,10.847278,6,objective equals makespan; due-date/tardiness fields are not available in this instance format
fair|M|rush_job|45|1.0|MOEA-NSGA2,2026-06-03T14:51:16,M_rush_job_seed45,M,rush_job,45,40045,40045,1.0,MOEA-NSGA2,solved,,3.038394,77.265358,77.265358,671.194363,379.183426,292.010936,0.435062,12.204934,12.204934,3.038407,1.007772,1.007772,1.009836,1.010020,1.010066,1.000000,3,true,14.783167,7,objective equals makespan; due-date/tardiness fields are not available in this instance format
fair|M|rush_job|45|1.0|SA,2026-06-03T14:51:16,M_rush_job_seed45,M,rush_job,45,40045,40045,1.0,SA,solved,,3.044425,80.061310,80.061310,657.533615,374.519514,283.014101,0.430418,12.421875,12.421875,3.044438,1.009030,1.009030,1.009315,1.009341,1.009347,1.000000,3,true,18.936752,8,objective equals makespan; due-date/tardiness fields are not available in this instance format
fair|M|rush_job|45|1.0|MOR,2026-06-03T14:51:12,M_rush_job_seed45,M,rush_job,45,40045,40045,1.0,MOR,solved,,0.021153,91.001036,91.001036,606.109814,341.692047,264.417766,0.436254,8.861266,8.861266,0.021164,0.000010,0.000010,0.000010,0.000010,0.000010,0.000000,0,true,35.188490,9,objective equals makespan; due-date/tardiness fields are not available in this instance format
fair|M|rush_job|45|1.0|MachineRank,2026-06-03T14:51:12,M_rush_job_seed45,M,rush_job,45,40045,40045,1.0,MachineRank,solved,,0.018112,92.247902,92.247902,639.861431,368.628786,271.232645,0.423893,12.219109,12.219109,0.018121,0.000009,0.000009,0.000009,0.000009,0.000009,0.000000,0,true,37.040798,10,objective equals makespan; due-date/tardiness fields are not available in this instance format
fair|M|rush_job|45|5.0|DCGA,2026-06-03T14:51:31,M_rush_job_seed45,M,rush_job,45,40045,40045,5.0,DCGA,solved,,15.061147,67.654504,67.654504,584.036819,352.713888,231.322931,0.396076,11.225965,11.225965,15.061159,5.014659,5.014659,5.016059,5.016184,5.016215,1.000000,3,true,0.000000,1,objective equals makespan; due-date/tardiness fields are not available in this instance format
fair|M|rush_job|45|5.0|MOEA-NSGA2,2026-06-03T14:51:31,M_rush_job_seed45,M,rush_job,45,40045,40045,5.0,MOEA-NSGA2,solved,,15.030222,68.941905,68.941905,566.573492,329.871419,236.702073,0.417778,11.065459,11.065459,15.030231,5.002258,5.002258,5.002580,5.002608,5.002616,1.000000,3,true,1.902905,2,objective equals makespan; due-date/tardiness fields are not available in this instance format
fair|M|rush_job|45|5.0|LNS,2026-06-03T14:51:29,M_rush_job_seed45,M,rush_job,45,40045,40045,5.0,LNS,solved,,15.058092,71.928585,71.928585,633.225965,363.022446,270.203519,0.426709,10.083784,10.083784,15.058105,5.009792,5.009792,5.016905,5.017538,5.017696,1.000000,3,true,6.317511,3,objective equals makespan; due-date/tardiness fields are not available in this instance format
fair|M|rush_job|45|5.0|GA,2026-06-03T14:51:31,M_rush_job_seed45,M,rush_job,45,40045,40045,5.0,GA,solved,,15.034398,72.693266,72.693266,619.112737,360.455951,258.656786,0.417786,11.011331,11.011331,15.034410,5.006091,5.006091,5.009941,5.010283,5.010369,1.000000,3,true,7.447785,4,objective equals makespan; due-date/tardiness fields are not available in this instance format
fair|M|rush_job|45|5.0|SA,2026-06-03T14:51:41,M_rush_job_seed45,M,rush_job,45,40045,40045,5.0,SA,solved,,25.040293,73.661310,73.661310,590.506720,339.619457,250.887263,0.424868,9.178052,9.178052,25.040302,5.004891,5.005511,5.007612,5.007726,5.007754,1.000000,5,true,8.878649,5,objective equals makespan; due-date/tardiness fields are not available in this instance format
fair|M|rush_job|45|5.0|B-CORE,2026-06-03T14:51:14,M_rush_job_seed45,M,rush_job,45,40045,40045,5.0,B-CORE,solved,,0.043301,74.168721,74.168721,521.276577,332.347189,188.929387,0.362436,10.049515,10.049515,0.043313,0.000326,0.000326,0.000343,0.000344,0.000345,0.000000,0,true,9.628652,6,objective equals makespan; due-date/tardiness fields are not available in this instance format
fair|M|rush_job|45|5.0|B-CORE-no-graph,2026-06-03T14:51:14,M_rush_job_seed45,M,rush_job,45,40045,40045,5.0,B-CORE-no-graph,solved,,0.043388,74.168721,74.168721,521.276577,332.347189,188.929387,0.362436,10.049515,10.049515,0.043400,0.000313,0.000313,0.000322,0.000322,0.000322,0.000000,0,true,9.628652,7,objective equals makespan; due-date/tardiness fields are not available in this instance format
fair|M|rush_job|45|5.0|B-CORE-no-bottleneck,2026-06-03T14:51:14,M_rush_job_seed45,M,rush_job,45,40045,40045,5.0,B-CORE-no-bottleneck,solved,,0.044033,74.615946,74.615946,616.759961,351.811801,264.948160,0.429581,12.597501,12.597501,0.044045,0.000288,0.000288,0.000328,0.000331,0.000332,0.000000,0,true,10.289695,8,objective equals makespan; due-date/tardiness fields are not available in this instance format
fair|M|rush_job|45|5.0|MOR,2026-06-03T14:51:14,M_rush_job_seed45,M,rush_job,45,40045,40045,5.0,MOR,solved,,0.021799,91.001036,91.001036,606.109814,341.692047,264.417766,0.436254,8.861266,8.861266,0.021811,0.000010,0.000010,0.000010,0.000010,0.000010,0.000000,0,true,34.508467,9,objective equals makespan; due-date/tardiness fields are not available in this instance format
fair|M|rush_job|45|5.0|MachineRank,2026-06-03T14:51:14,M_rush_job_seed45,M,rush_job,45,40045,40045,5.0,MachineRank,solved,,0.025663,92.247902,92.247902,639.861431,368.628786,271.232645,0.423893,12.219109,12.219109,0.025674,0.000013,0.000013,0.000013,0.000013,0.000013,0.000000,0,true,36.351457,10,objective equals makespan; due-date/tardiness fields are not available in this instance format
fair|M|rush_job|45|10.0|DCGA,2026-06-03T14:51:56,M_rush_job_seed45,M,rush_job,45,40045,40045,10.0,DCGA,solved,,30.045979,61.191156,61.191156,540.802575,330.811690,209.990885,0.388295,10.737691,10.737691,30.045993,10.007727,10.007727,10.008279,10.008328,10.008341,1.000000,3,true,0.000000,1,objective equals makespan; due-date/tardiness fields are not available in this instance format
fair|M|rush_job|45|10.0|MOEA-NSGA2,2026-06-03T14:52:00,M_rush_job_seed45,M,rush_job,45,40045,40045,10.0,MOEA-NSGA2,solved,,30.050461,66.906371,66.906371,569.502424,332.800351,236.702073,0.415630,11.106139,11.106139,30.050474,10.009342,10.009342,10.015582,10.016137,10.016276,1.000000,3,true,9.339936,2,objective equals makespan; due-date/tardiness fields are not available in this instance format
fair|M|rush_job|45|10.0|GA,2026-06-03T14:52:04,M_rush_job_seed45,M,rush_job,45,40045,40045,10.0,GA,solved,,40.054303,67.066359,67.066359,572.420711,313.189488,259.231223,0.452868,10.235108,10.235108,40.054312,10.011878,10.014988,10.016734,10.016890,10.016929,1.000000,4,true,9.601392,3,objective equals makespan; due-date/tardiness fields are not available in this instance format
fair|M|rush_job|45|10.0|SA,2026-06-03T14:52:07,M_rush_job_seed45,M,rush_job,45,40045,40045,10.0,SA,solved,,37.525106,70.112065,70.112065,587.151839,366.928010,220.223829,0.375071,9.120193,9.120193,37.525120,7.250145,7.348928,7.629711,7.652822,7.658600,0.000000,0,true,14.578755,4,objective equals makespan; due-date/tardiness fields are not available in this instance format
fair|M|rush_job|45|10.0|LNS,2026-06-03T14:51:42,M_rush_job_seed45,M,rush_job,45,40045,40045,10.0,LNS,solved,,24.539609,71.928585,71.928585,633.225965,363.022446,270.203519,0.426709,10.083784,10.083784,24.539619,7.946438,7.946438,8.258573,8.286318,8.293254,0.000000,0,true,17.547354,5,objective equals makespan; due-date/tardiness fields are not available in this instance format
fair|M|rush_job|45|10.0|B-CORE,2026-06-03T14:51:18,M_rush_job_seed45,M,rush_job,45,40045,40045,10.0,B-CORE,solved,,0.043048,74.168721,74.168721,521.276577,332.347189,188.929387,0.362436,10.049515,10.049515,0.043062,0.000316,0.000316,0.000324,0.000324,0.000325,0.000000,0,true,21.208236,6,objective equals makespan; due-date/tardiness fields are not available in this instance format
fair|M|rush_job|45|10.0|B-CORE-no-graph,2026-06-03T14:51:18,M_rush_job_seed45,M,rush_job,45,40045,40045,10.0,B-CORE-no-graph,solved,,0.042778,74.168721,74.168721,521.276577,332.347189,188.929387,0.362436,10.049515,10.049515,0.042791,0.000309,0.000309,0.000318,0.000319,0.000320,0.000000,0,true,21.208236,7,objective equals makespan; due-date/tardiness fields are not available in this instance format
fair|M|rush_job|45|10.0|B-CORE-no-bottleneck,2026-06-03T14:51:18,M_rush_job_seed45,M,rush_job,45,40045,40045,10.0,B-CORE-no-bottleneck,solved,,0.044618,74.615946,74.615946,616.759961,351.811801,264.948160,0.429581,12.597501,12.597501,0.044631,0.000290,0.000290,0.000328,0.000331,0.000332,0.000000,0,true,21.939102,8,objective equals makespan; due-date/tardiness fields are not available in this instance format
fair|M|rush_job|45|10.0|MOR,2026-06-03T14:51:18,M_rush_job_seed45,M,rush_job,45,40045,40045,10.0,MOR,solved,,0.020909,91.001036,91.001036,606.109814,341.692047,264.417766,0.436254,8.861266,8.861266,0.020921,0.000010,0.000010,0.000010,0.000010,0.000010,0.000000,0,true,48.715994,9,objective equals makespan; due-date/tardiness fields are not available in this instance format
fair|M|rush_job|45|10.0|MachineRank,2026-06-03T14:51:18,M_rush_job_seed45,M,rush_job,45,40045,40045,10.0,MachineRank,solved,,0.026003,92.247902,92.247902,639.861431,368.628786,271.232645,0.423893,12.219109,12.219109,0.026015,0.000013,0.000013,0.000014,0.000014,0.000014,0.000000,0,true,50.753651,10,objective equals makespan; due-date/tardiness fields are not available in this instance format
fair|M|rush_job|46|0.1|B-CORE,2026-06-03T14:51:31,M_rush_job_seed46,M,rush_job,46,40046,40046,0.1,B-CORE,solved,,0.049805,76.423770,76.423770,616.085159,404.284095,211.801064,0.343785,10.103892,10.103892,0.049817,0.000301,0.000291,0.000328,0.000331,0.000332,0.000000,0,true,0.000000,1,objective equals makespan; due-date/tardiness fields are not available in this instance format
fair|M|rush_job|46|0.1|B-CORE-no-graph,2026-06-03T14:51:31,M_rush_job_seed46,M,rush_job,46,40046,40046,0.1,B-CORE-no-graph,solved,,0.049554,76.423770,76.423770,616.085159,404.284095,211.801064,0.343785,10.103892,10.103892,0.049565,0.000308,0.000286,0.000354,0.000360,0.000362,0.000000,0,true,0.000000,2,objective equals makespan; due-date/tardiness fields are not available in this instance format
fair|M|rush_job|46|0.1|B-CORE-no-bottleneck,2026-06-03T14:51:31,M_rush_job_seed46,M,rush_job,46,40046,40046,0.1,B-CORE-no-bottleneck,solved,,0.048244,76.430268,76.430268,643.495408,378.621392,264.874016,0.411618,12.584721,12.584721,0.048255,0.000264,0.000271,0.000276,0.000277,0.000277,0.000000,0,true,0.008503,3,objective equals makespan; due-date/tardiness fields are not available in this instance format
fair|M|rush_job|46|0.1|MOR,2026-06-03T14:51:31,M_rush_job_seed46,M,rush_job,46,40046,40046,0.1,MOR,solved,,0.023491,88.586070,88.586070,563.268058,342.590079,220.677980,0.391781,8.068185,8.068185,0.023502,0.000008,0.000009,0.000010,0.000010,0.000010,0.000000,0,true,15.914289,4,objective equals makespan; due-date/tardiness fields are not available in this instance format
fair|M|rush_job|46|0.1|MachineRank,2026-06-03T14:51:31,M_rush_job_seed46,M,rush_job,46,40046,40046,0.1,MachineRank,solved,,0.029646,92.870691,92.870691,806.335541,434.741518,371.594023,0.460843,14.809384,14.809384,0.029657,0.000074,0.000074,0.000127,0.000131,0.000132,0.000000,0,true,21.520688,5,objective equals makespan; due-date/tardiness fields are not available in this instance format
fair|M|rush_job|46|0.1|MOEA-NSGA2,2026-06-03T14:51:32,M_rush_job_seed46,M,rush_job,46,40046,40046,0.1,MOEA-NSGA2,solved,,0.512910,93.653301,93.653301,681.192096,388.384883,292.807213,0.429845,10.291154,10.291154,0.512925,0.166139,0.166139,0.177291,0.178283,0.178531,1.000000,3,true,22.544728,6,objective equals makespan; due-date/tardiness fields are not available in this instance format
fair|M|rush_job|46|0.1|GA,2026-06-03T14:51:31,M_rush_job_seed46,M,rush_job,46,40046,40046,0.1,GA,solved,,0.453690,95.783155,95.783155,678.842138,390.683850,288.158287,0.424485,11.641262,11.641262,0.453705,0.107559,0.104817,0.114245,0.115083,0.115293,1.000000,4,true,25.331628,7,objective equals makespan; due-date/tardiness fields are not available in this instance format
fair|M|rush_job|46|0.1|LNS,2026-06-03T14:51:31,M_rush_job_seed46,M,rush_job,46,40046,40046,0.1,LNS,solved,,0.462830,96.178406,96.178406,753.133276,442.837668,310.295608,0.412006,13.388436,13.388436,0.462844,0.109677,0.108037,0.112927,0.113362,0.113471,1.000000,4,true,25.848811,8,objective equals makespan; due-date/tardiness fields are not available in this instance format
fair|M|rush_job|46|0.1|DCGA,2026-06-03T14:51:32,M_rush_job_seed46,M,rush_job,46,40046,40046,0.1,DCGA,solved,,0.472354,97.036920,97.036920,753.814583,433.259793,320.554789,0.425244,12.634852,12.634852,0.472366,0.111786,0.112325,0.117521,0.117983,0.118099,1.000000,4,true,26.972171,9,objective equals makespan; due-date/tardiness fields are not available in this instance format
fair|M|rush_job|46|0.1|SA,2026-06-03T14:51:32,M_rush_job_seed46,M,rush_job,46,40046,40046,0.1,SA,solved,,0.470966,107.566122,107.566122,793.531544,462.791192,330.740352,0.416795,14.069309,14.069309,0.470977,0.111123,0.108640,0.116872,0.117603,0.117786,1.000000,4,true,40.749563,10,objective equals makespan; due-date/tardiness fields are not available in this instance format
fair|M|rush_job|46|0.5|B-CORE,2026-06-03T14:51:32,M_rush_job_seed46,M,rush_job,46,40046,40046,0.5,B-CORE,solved,,0.050654,76.423770,76.423770,616.085159,404.284095,211.801064,0.343785,10.103892,10.103892,0.050666,0.000311,0.000294,0.000358,0.000364,0.000365,0.000000,0,true,0.000000,1,objective equals makespan; due-date/tardiness fields are not available in this instance format
fair|M|rush_job|46|0.5|B-CORE-no-graph,2026-06-03T14:51:32,M_rush_job_seed46,M,rush_job,46,40046,40046,0.5,B-CORE-no-graph,solved,,0.049311,76.423770,76.423770,616.085159,404.284095,211.801064,0.343785,10.103892,10.103892,0.049323,0.000306,0.000296,0.000343,0.000347,0.000348,0.000000,0,true,0.000000,2,objective equals makespan; due-date/tardiness fields are not available in this instance format
fair|M|rush_job|46|0.5|B-CORE-no-bottleneck,2026-06-03T14:51:32,M_rush_job_seed46,M,rush_job,46,40046,40046,0.5,B-CORE-no-bottleneck,solved,,0.041549,76.430268,76.430268,643.495408,378.621392,264.874016,0.411618,12.584721,12.584721,0.041562,0.000182,0.000180,0.000191,0.000192,0.000192,0.000000,0,true,0.008503,3,objective equals makespan; due-date/tardiness fields are not available in this instance format
fair|M|rush_job|46|0.5|GA,2026-06-03T14:51:33,M_rush_job_seed46,M,rush_job,46,40046,40046,0.5,GA,solved,,1.555508,83.737782,83.737782,661.117623,376.208185,284.909438,0.430951,10.409195,10.409195,1.555516,0.509904,0.509904,0.514146,0.514524,0.514618,1.000000,3,true,9.570337,4,objective equals makespan; due-date/tardiness fields are not available in this instance format
fair|M|rush_job|46|0.5|MOEA-NSGA2,2026-06-03T14:51:35,M_rush_job_seed46,M,rush_job,46,40046,40046,0.5,MOEA-NSGA2,solved,,1.546220,84.887572,84.887572,669.469832,372.396320,297.073512,0.443744,10.609645,10.609645,1.546234,0.510418,0.510418,0.516431,0.516966,0.517099,1.000000,3,true,11.074829,5,objective equals makespan; due-date/tardiness fields are not available in this instance format
fair|M|rush_job|46|0.5|MOR,2026-06-03T14:51:32,M_rush_job_seed46,M,rush_job,46,40046,40046,0.5,MOR,solved,,0.023340,88.586070,88.586070,563.268058,342.590079,220.677980,0.391781,8.068185,8.068185,0.023351,0.000008,0.000007,0.000010,0.000010,0.000010,0.000000,0,true,15.914289,6,objective equals makespan; due-date/tardiness fields are not available in this instance format
fair|M|rush_job|46|0.5|LNS,2026-06-03T14:51:33,M_rush_job_seed46,M,rush_job,46,40046,40046,0.5,LNS,solved,,1.560474,90.711270,90.711270,796.331768,445.077206,351.254563,0.441091,13.484523,13.484523,1.560487,0.509952,0.509952,0.512155,0.512351,0.512400,1.000000,3,true,18.695100,7,objective equals makespan; due-date/tardiness fields are not available in this instance format
fair|M|rush_job|46|0.5|DCGA,2026-06-03T14:51:34,M_rush_job_seed46,M,rush_job,46,40046,40046,0.5,DCGA,solved,,2.049740,91.660816,91.660816,790.500653,444.606571,345.894083,0.437563,13.800199,13.800199,2.049757,0.505780,0.503067,0.512045,0.512843,0.513043,1.000000,4,true,19.937574,8,objective equals makespan; due-date/tardiness fields are not available in this instance format
fair|M|rush_job|46|0.5|MachineRank,2026-06-03T14:51:32,M_rush_job_seed46,M,rush_job,46,40046,40046,0.5,MachineRank,solved,,0.030639,92.870691,92.870691,806.335541,434.741518,371.594023,0.460843,14.809384,14.809384,0.030651,0.000076,0.000076,0.000127,0.000131,0.000132,0.000000,0,true,21.520688,9,objective equals makespan; due-date/tardiness fields are not available in this instance format
fair|M|rush_job|46|0.5|SA,2026-06-03T14:51:35,M_rush_job_seed46,M,rush_job,46,40046,40046,0.5,SA,solved,,2.067565,100.060070,100.060070,886.869152,477.456092,409.413060,0.461639,15.140054,15.140054,2.067579,0.512671,0.516741,0.516926,0.516942,0.516946,1.000000,4,true,30.927943,10,objective equals makespan; due-date/tardiness fields are not available in this instance format
fair|M|rush_job|46|1.0|B-CORE,2026-06-03T14:51:33,M_rush_job_seed46,M,rush_job,46,40046,40046,1.0,B-CORE,solved,,0.036104,76.423770,76.423770,616.085159,404.284095,211.801064,0.343785,10.103892,10.103892,0.036116,0.000197,0.000184,0.000223,0.000227,0.000227,0.000000,0,true,0.000000,1,objective equals makespan; due-date/tardiness fields are not available in this instance format
fair|M|rush_job|46|1.0|B-CORE-no-graph,2026-06-03T14:51:34,M_rush_job_seed46,M,rush_job,46,40046,40046,1.0,B-CORE-no-graph,solved,,0.050072,76.423770,76.423770,616.085159,404.284095,211.801064,0.343785,10.103892,10.103892,0.050085,0.000308,0.000285,0.000359,0.000365,0.000367,0.000000,0,true,0.000000,2,objective equals makespan; due-date/tardiness fields are not available in this instance format
fair|M|rush_job|46|1.0|B-CORE-no-bottleneck,2026-06-03T14:51:34,M_rush_job_seed46,M,rush_job,46,40046,40046,1.0,B-CORE-no-bottleneck,solved,,0.049289,76.430268,76.430268,643.495408,378.621392,264.874016,0.411618,12.584721,12.584721,0.049301,0.000264,0.000267,0.000272,0.000272,0.000272,0.000000,0,true,0.008503,3,objective equals makespan; due-date/tardiness fields are not available in this instance format
fair|M|rush_job|46|1.0|GA,2026-06-03T14:51:37,M_rush_job_seed46,M,rush_job,46,40046,40046,1.0,GA,solved,,3.057308,79.756220,79.756220,629.701600,374.956492,254.745108,0.404549,9.416361,9.416361,3.057323,1.009584,1.009584,1.010436,1.010512,1.010531,1.000000,3,true,4.360489,4,objective equals makespan; due-date/tardiness fields are not available in this instance format
fair|M|rush_job|46|1.0|SA,2026-06-03T14:51:40,M_rush_job_seed46,M,rush_job,46,40046,40046,1.0,SA,solved,,4.087761,83.142563,83.142563,715.955354,389.009924,326.945430,0.456656,11.771647,11.771647,4.087775,1.016135,1.015676,1.019496,1.019835,1.019920,1.000000,4,true,8.791496,5,objective equals makespan; due-date/tardiness fields are not available in this instance format
fair|M|rush_job|46|1.0|MOEA-NSGA2,2026-06-03T14:51:39,M_rush_job_seed46,M,rush_job,46,40046,40046,1.0,MOEA-NSGA2,solved,,3.047920,84.202249,84.202249,703.062211,395.178299,307.883912,0.437918,11.630690,11.630690,3.047932,1.006432,1.006432,1.011155,1.011575,1.011680,1.000000,3,true,10.178089,6,objective equals makespan; due-date/tardiness fields are not available in this instance format
fair|M|rush_job|46|1.0|DCGA,2026-06-03T14:51:39,M_rush_job_seed46,M,rush_job,46,40046,40046,1.0,DCGA,solved,,4.058952,86.670582,86.670582,668.147297,375.052304,293.094993,0.438668,11.691555,11.691555,4.058967,1.011795,1.011568,1.013270,1.013422,1.013460,1.000000,4,true,13.407886,7,objective equals makespan; due-date/tardiness fields are not available in this instance format
fair|M|rush_job|46|1.0|MOR,2026-06-03T14:51:34,M_rush_job_seed46,M,rush_job,46,40046,40046,1.0,MOR,solved,,0.023537,88.586070,88.586070,563.268058,342.590079,220.677980,0.391781,8.068185,8.068185,0.023551,0.000008,0.000008,0.000009,0.000010,0.000010,0.000000,0,true,15.914289,8,objective equals makespan; due-date/tardiness fields are not available in this instance format
fair|M|rush_job|46|1.0|LNS,2026-06-03T14:51:38,M_rush_job_seed46,M,rush_job,46,40046,40046,1.0,LNS,solved,,4.061689,88.732362,88.732362,707.936082,427.673338,280.262744,0.395887,12.682057,12.682057,4.061701,1.009235,1.006481,1.015965,1.016808,1.017019,1.000000,4,true,16.105712,9,objective equals makespan; due-date/tardiness fields are not available in this instance format
fair|M|rush_job|46|1.0|MachineRank,2026-06-03T14:51:34,M_rush_job_seed46,M,rush_job,46,40046,40046,1.0,MachineRank,solved,,0.030151,92.870691,92.870691,806.335541,434.741518,371.594023,0.460843,14.809384,14.809384,0.030165,0.000078,0.000078,0.000127,0.000131,0.000132,0.000000,0,true,21.520688,10,objective equals makespan; due-date/tardiness fields are not available in this instance format
fair|M|rush_job|46|5.0|GA,2026-06-03T14:51:53,M_rush_job_seed46,M,rush_job,46,40046,40046,5.0,GA,solved,,15.045853,68.843739,68.843739,556.316827,322.606759,233.710068,0.420102,8.338148,8.338148,15.045863,5.009169,5.009169,5.010028,5.010105,5.010124,1.000000,3,true,0.000000,1,objective equals makespan; due-date/tardiness fields are not available in this instance format
fair|M|rush_job|46|5.0|DCGA,2026-06-03T14:51:54,M_rush_job_seed46,M,rush_job,46,40046,40046,5.0,DCGA,solved,,15.063893,70.893290,70.893290,565.830664,336.888653,228.942011,0.404612,9.570053,9.570053,15.063907,5.014705,5.014705,5.017554,5.017807,5.017871,1.000000,3,true,2.977106,2,objective equals makespan; due-date/tardiness fields are not available in this instance format
fair|M|rush_job|46|5.0|MOEA-NSGA2,2026-06-03T14:51:55,M_rush_job_seed46,M,rush_job,46,40046,40046,5.0,MOEA-NSGA2,solved,,15.050538,72.796541,72.796541,622.460590,369.420031,253.040559,0.406517,8.953468,8.953468,15.050550,5.009170,5.009170,5.013266,5.013631,5.013722,1.000000,3,true,5.741702,3,objective equals makespan; due-date/tardiness fields are not available in this instance format
fair|M|rush_job|46|5.0|B-CORE,2026-06-03T14:51:37,M_rush_job_seed46,M,rush_job,46,40046,40046,5.0,B-CORE,solved,,0.049755,76.423770,76.423770,616.085159,404.284095,211.801064,0.343785,10.103892,10.103892,0.049768,0.000297,0.000276,0.000334,0.000340,0.000341,0.000000,0,true,11.010487,4,objective equals makespan; due-date/tardiness fields are not available in this instance format
fair|M|rush_job|46|5.0|B-CORE-no-graph,2026-06-03T14:51:37,M_rush_job_seed46,M,rush_job,46,40046,40046,5.0,B-CORE-no-graph,solved,,0.049347,76.423770,76.423770,616.085159,404.284095,211.801064,0.343785,10.103892,10.103892,0.049359,0.000307,0.000288,0.000343,0.000348,0.000349,0.000000,0,true,11.010487,5,objective equals makespan; due-date/tardiness fields are not available in this instance format
fair|M|rush_job|46|5.0|B-CORE-no-bottleneck,2026-06-03T14:51:37,M_rush_job_seed46,M,rush_job,46,40046,40046,5.0,B-CORE-no-bottleneck,solved,,0.048347,76.430268,76.430268,643.495408,378.621392,264.874016,0.411618,12.584721,12.584721,0.048360,0.000266,0.000270,0.000283,0.000284,0.000284,0.000000,0,true,11.019926,6,objective equals makespan; due-date/tardiness fields are not available in this instance format
fair|M|rush_job|46|5.0|LNS,2026-06-03T14:51:52,M_rush_job_seed46,M,rush_job,46,40046,40046,5.0,LNS,solved,,15.053072,80.064044,80.064044,621.388506,363.717424,257.671081,0.414670,11.203391,11.203391,15.053085,5.007246,5.007246,5.009489,5.009688,5.009738,1.000000,3,true,16.298221,7,objective equals makespan; due-date/tardiness fields are not available in this instance format
fair|M|rush_job|46|5.0|SA,2026-06-03T14:51:59,M_rush_job_seed46,M,rush_job,46,40046,40046,5.0,SA,solved,,20.057695,80.992063,80.992063,636.731320,380.877651,255.853669,0.401824,11.029244,11.029244,20.057706,5.008184,5.007205,5.015718,5.016475,5.016664,1.000000,4,true,17.646229,8,objective equals makespan; due-date/tardiness fields are not available in this instance format
fair|M|rush_job|46|5.0|MOR,2026-06-03T14:51:37,M_rush_job_seed46,M,rush_job,46,40046,40046,5.0,MOR,solved,,0.023302,88.586070,88.586070,563.268058,342.590079,220.677980,0.391781,8.068185,8.068185,0.023314,0.000008,0.000007,0.000009,0.000009,0.000009,0.000000,0,true,28.677017,9,objective equals makespan; due-date/tardiness fields are not available in this instance format
fair|M|rush_job|46|5.0|MachineRank,2026-06-03T14:51:37,M_rush_job_seed46,M,rush_job,46,40046,40046,5.0,MachineRank,solved,,0.029797,92.870691,92.870691,806.335541,434.741518,371.594023,0.460843,14.809384,14.809384,0.029809,0.000076,0.000076,0.000130,0.000135,0.000136,0.000000,0,true,34.900708,10,objective equals makespan; due-date/tardiness fields are not available in this instance format
fair|M|rush_job|46|10.0|GA,2026-06-03T14:52:22,M_rush_job_seed46,M,rush_job,46,40046,40046,10.0,GA,solved,,40.052515,69.923915,69.923915,578.984637,344.449802,234.534835,0.405080,8.507088,8.507088,40.052529,10.007361,10.004885,10.011914,10.012538,10.012695,1.000000,4,true,0.000000,1,objective equals makespan; due-date/tardiness fields are not available in this instance format
fair|M|rush_job|46|10.0|DCGA,2026-06-03T14:52:12,M_rush_job_seed46,M,rush_job,46,40046,40046,10.0,DCGA,solved,,30.047952,70.863800,70.863800,582.366343,333.992584,248.373759,0.426491,9.088078,9.088078,30.047966,10.007833,10.007833,10.013730,10.014255,10.014386,1.000000,3,true,1.344154,2,objective equals makespan; due-date/tardiness fields are not available in this instance format
fair|M|rush_job|46|10.0|MOEA-NSGA2,2026-06-03T14:52:23,M_rush_job_seed46,M,rush_job,46,40046,40046,10.0,MOEA-NSGA2,solved,,30.044423,70.870851,70.870851,534.087835,303.267029,230.820806,0.432178,8.463998,8.463998,30.044435,10.009093,10.009093,10.009195,10.009204,10.009207,1.000000,3,true,1.354238,3,objective equals makespan; due-date/tardiness fields are not available in this instance format
fair|M|rush_job|46|10.0|SA,2026-06-03T14:52:28,M_rush_job_seed46,M,rush_job,46,40046,40046,10.0,SA,solved,,35.345843,74.795937,74.795937,616.632496,348.418147,268.214349,0.434966,11.120229,11.120229,35.345857,9.009443,8.908064,9.626491,9.690352,9.706317,0.000000,0,true,6.967605,4,objective equals makespan; due-date/tardiness fields are not available in this instance format
fair|M|rush_job|46|10.0|B-CORE,2026-06-03T14:51:40,M_rush_job_seed46,M,rush_job,46,40046,40046,10.0,B-CORE,solved,,0.049609,76.423770,76.423770,616.085159,404.284095,211.801064,0.343785,10.103892,10.103892,0.049620,0.000299,0.000291,0.000330,0.000333,0.000334,0.000000,0,true,9.295611,5,objective equals makespan; due-date/tardiness fields are not available in this instance format
fair|M|rush_job|46|10.0|B-CORE-no-graph,2026-06-03T14:51:40,M_rush_job_seed46,M,rush_job,46,40046,40046,10.0,B-CORE-no-graph,solved,,0.049869,76.423770,76.423770,616.085159,404.284095,211.801064,0.343785,10.103892,10.103892,0.049881,0.000320,0.000291,0.000381,0.000389,0.000391,0.000000,0,true,9.295611,6,objective equals makespan; due-date/tardiness fields are not available in this instance format
fair|M|rush_job|46|10.0|B-CORE-no-bottleneck,2026-06-03T14:51:40,M_rush_job_seed46,M,rush_job,46,40046,40046,10.0,B-CORE-no-bottleneck,solved,,0.049560,76.430268,76.430268,643.495408,378.621392,264.874016,0.411618,12.584721,12.584721,0.049572,0.000256,0.000259,0.000265,0.000265,0.000265,0.000000,0,true,9.304904,7,objective equals makespan; due-date/tardiness fields are not available in this instance format
fair|M|rush_job|46|10.0|LNS,2026-06-03T14:52:06,M_rush_job_seed46,M,rush_job,46,40046,40046,10.0,LNS,solved,,25.632878,76.988835,76.988835,690.299429,411.988317,278.311112,0.403174,11.939836,11.939836,25.632892,8.690540,8.690540,9.270893,9.322480,9.335377,0.000000,0,true,10.103725,8,objective equals makespan; due-date/tardiness fields are not available in this instance format
fair|M|rush_job|46|10.0|MOR,2026-06-03T14:51:40,M_rush_job_seed46,M,rush_job,46,40046,40046,10.0,MOR,solved,,0.023601,88.586070,88.586070,563.268058,342.590079,220.677980,0.391781,8.068185,8.068185,0.023612,0.000008,0.000008,0.000009,0.000010,0.000010,0.000000,0,true,26.689231,9,objective equals makespan; due-date/tardiness fields are not available in this instance format
fair|M|rush_job|46|10.0|MachineRank,2026-06-03T14:51:40,M_rush_job_seed46,M,rush_job,46,40046,40046,10.0,MachineRank,solved,,0.029999,92.870691,92.870691,806.335541,434.741518,371.594023,0.460843,14.809384,14.809384,0.030010,0.000075,0.000075,0.000129,0.000134,0.000135,0.000000,0,true,32.816778,10,objective equals makespan; due-date/tardiness fields are not available in this instance format
fair|M|mixed|42|0.1|B-CORE-no-bottleneck,2026-06-03T14:51:54,M_mixed_seed42,M,mixed,42,50042,50042,0.1,B-CORE-no-bottleneck,solved,,0.046662,75.586466,75.586466,679.873271,399.092523,280.780748,0.412990,13.962032,13.962032,0.046674,0.000293,0.000285,0.000332,0.000336,0.000337,0.000000,0,true,0.000000,1,objective equals makespan; due-date/tardiness fields are not available in this instance format
fair|M|mixed|42|0.1|B-CORE,2026-06-03T14:51:54,M_mixed_seed42,M,mixed,42,50042,50042,0.1,B-CORE,solved,,0.048411,78.536410,78.536410,667.025744,424.671747,242.353997,0.363335,12.800094,12.800094,0.048425,0.000298,0.000300,0.000328,0.000330,0.000330,0.000000,0,true,3.902741,2,objective equals makespan; due-date/tardiness fields are not available in this instance format
fair|M|mixed|42|0.1|B-CORE-no-graph,2026-06-03T14:51:54,M_mixed_seed42,M,mixed,42,50042,50042,0.1,B-CORE-no-graph,solved,,0.047259,78.536410,78.536410,667.025744,424.671747,242.353997,0.363335,12.800094,12.800094,0.047271,0.000292,0.000292,0.000319,0.000323,0.000324,0.000000,0,true,3.902741,3,objective equals makespan; due-date/tardiness fields are not available in this instance format
fair|M|mixed|42|0.1|MOR,2026-06-03T14:51:54,M_mixed_seed42,M,mixed,42,50042,50042,0.1,MOR,solved,,0.023058,86.406080,86.406080,693.025128,391.759452,301.265675,0.434711,11.573156,11.573156,0.023072,0.000009,0.000009,0.000009,0.000009,0.000009,0.000000,0,true,14.314221,4,objective equals makespan; due-date/tardiness fields are not available in this instance format
fair|M|mixed|42|0.1|MachineRank,2026-06-03T14:51:54,M_mixed_seed42,M,mixed,42,50042,50042,0.1,MachineRank,solved,,0.029012,89.377003,89.377003,765.100320,428.813883,336.286437,0.439532,14.412705,14.412705,0.029024,0.000092,0.000114,0.000126,0.000127,0.000127,0.000000,0,true,18.244717,5,objective equals makespan; due-date/tardiness fields are not available in this instance format
fair|M|mixed|42|0.1|GA,2026-06-03T14:51:55,M_mixed_seed42,M,mixed,42,50042,50042,0.1,GA,solved,,0.453269,96.033029,96.033029,781.254606,457.383630,323.870977,0.414552,14.358686,14.358686,0.453283,0.109836,0.105940,0.117678,0.118721,0.118982,1.000000,4,true,27.050561,6,objective equals makespan; due-date/tardiness fields are not available in this instance format
fair|M|mixed|42|0.1|MOEA-NSGA2,2026-06-03T14:51:56,M_mixed_seed42,M,mixed,42,50042,50042,0.1,MOEA-NSGA2,solved,,0.897962,96.504369,96.504369,846.281169,484.350357,361.930812,0.427672,15.567733,15.567733,0.897975,0.214900,0.217466,0.234649,0.236177,0.236559,1.000000,4,true,27.674138,7,objective equals makespan; due-date/tardiness fields are not available in this instance format
fair|M|mixed|42|0.1|DCGA,2026-06-03T14:51:55,M_mixed_seed42,M,mixed,42,50042,50042,0.1,DCGA,solved,,0.472369,97.058277,97.058277,773.836613,474.763669,299.072944,0.386481,13.968544,13.968544,0.472384,0.112127,0.107759,0.119565,0.120614,0.120877,1.000000,4,true,28.406952,8,objective equals makespan; due-date/tardiness fields are not available in this instance format
fair|M|mixed|42|0.1|SA,2026-06-03T14:51:55,M_mixed_seed42,M,mixed,42,50042,50042,0.1,SA,solved,,0.479268,97.075859,97.075859,773.621459,457.330552,316.290907,0.408845,14.374161,14.374161,0.479280,0.114303,0.113135,0.117835,0.118253,0.118358,1.000000,4,true,28.430213,9,objective equals makespan; due-date/tardiness fields are not available in this instance format
fair|M|mixed|42|0.1|LNS,2026-06-03T14:51:54,M_mixed_seed42,M,mixed,42,50042,50042,0.1,LNS,solved,,0.483614,100.786602,100.786602,812.862072,465.878378,346.983694,0.426867,15.382433,15.382433,0.483627,0.116389,0.115314,0.118302,0.118567,0.118633,1.000000,4,true,33.339482,10,objective equals makespan; due-date/tardiness fields are not available in this instance format
fair|M|mixed|42|0.5|B-CORE-no-bottleneck,2026-06-03T14:51:56,M_mixed_seed42,M,mixed,42,50042,50042,0.5,B-CORE-no-bottleneck,solved,,0.047321,75.586466,75.586466,679.873271,399.092523,280.780748,0.412990,13.962032,13.962032,0.047333,0.000294,0.000298,0.000326,0.000328,0.000329,0.000000,0,true,0.000000,1,objective equals makespan; due-date/tardiness fields are not available in this instance format
fair|M|mixed|42|0.5|B-CORE,2026-06-03T14:51:55,M_mixed_seed42,M,mixed,42,50042,50042,0.5,B-CORE,solved,,0.047014,78.536410,78.536410,667.025744,424.671747,242.353997,0.363335,12.800094,12.800094,0.047026,0.000292,0.000294,0.000322,0.000326,0.000326,0.000000,0,true,3.902741,2,objective equals makespan; due-date/tardiness fields are not available in this instance format
fair|M|mixed|42|0.5|B-CORE-no-graph,2026-06-03T14:51:55,M_mixed_seed42,M,mixed,42,50042,50042,0.5,B-CORE-no-graph,solved,,0.046878,78.536410,78.536410,667.025744,424.671747,242.353997,0.363335,12.800094,12.800094,0.046890,0.000292,0.000288,0.000321,0.000325,0.000326,0.000000,0,true,3.902741,3,objective equals makespan; due-date/tardiness fields are not available in this instance format
fair|M|mixed|42|0.5|LNS,2026-06-03T14:51:58,M_mixed_seed42,M,mixed,42,50042,50042,0.5,LNS,solved,,2.064141,83.072054,83.072054,701.728872,397.102598,304.626274,0.434108,13.550773,13.550773,2.064155,0.509044,0.507344,0.513669,0.514232,0.514372,1.000000,4,true,9.903344,4,objective equals makespan; due-date/tardiness fields are not available in this instance format
fair|M|mixed|42|0.5|MOR,2026-06-03T14:51:56,M_mixed_seed42,M,mixed,42,50042,50042,0.5,MOR,solved,,0.022774,86.406080,86.406080,693.025128,391.759452,301.265675,0.434711,11.573156,11.573156,0.022785,0.000008,0.000008,0.000009,0.000009,0.000009,0.000000,0,true,14.314221,5,objective equals makespan; due-date/tardiness fields are not available in this instance format
fair|M|mixed|42|0.5|MOEA-NSGA2,2026-06-03T14:52:00,M_mixed_seed42,M,mixed,42,50042,50042,0.5,MOEA-NSGA2,solved,,1.560510,86.744393,86.744393,733.085614,427.704081,305.381532,0.416570,12.141930,12.141930,1.560523,0.511301,0.511301,0.514443,0.514722,0.514792,1.000000,3,true,14.761805,6,objective equals makespan; due-date/tardiness fields are not available in this instance format
fair|M|mixed|42|0.5|GA,2026-06-03T14:51:58,M_mixed_seed42,M,mixed,42,50042,50042,0.5,GA,solved,,2.065803,87.599257,87.599257,769.291447,432.649229,336.642218,0.437600,13.269058,13.269058,2.065817,0.510689,0.508834,0.517162,0.517903,0.518088,1.000000,4,true,15.892780,7,objective equals makespan; due-date/tardiness fields are not available in this instance format
fair|M|mixed|42|0.5|MachineRank,2026-06-03T14:51:56,M_mixed_seed42,M,mixed,42,50042,50042,0.5,MachineRank,solved,,0.028166,89.377003,89.377003,765.100320,428.813883,336.286437,0.439532,14.412705,14.412705,0.028177,0.000092,0.000113,0.000126,0.000127,0.000127,0.000000,0,true,18.244717,8,objective equals makespan; due-date/tardiness fields are not available in this instance format
fair|M|mixed|42|0.5|DCGA,2026-06-03T14:51:59,M_mixed_seed42,M,mixed,42,50042,50042,0.5,DCGA,solved,,2.053325,94.639574,94.639574,816.676703,493.546560,323.130143,0.395665,16.033903,16.033903,2.053339,0.509306,0.508623,0.514835,0.515387,0.515525,1.000000,4,true,25.207036,9,objective equals makespan; due-date/tardiness fields are not available in this instance format
fair|M|mixed|42|0.5|SA,2026-06-03T14:51:59,M_mixed_seed42,M,mixed,42,50042,50042,0.5,SA,solved,,1.552824,105.889464,105.889464,801.921900,455.924745,345.997155,0.431460,15.304868,15.304868,1.552835,0.512498,0.512498,0.522184,0.523045,0.523260,1.000000,3,true,40.090508,10,objective equals makespan; due-date/tardiness fields are not available in this instance format
fair|M|mixed|42|1.0|DCGA,2026-06-03T14:52:03,M_mixed_seed42,M,mixed,42,50042,50042,1.0,DCGA,solved,,4.051722,71.517468,71.517468,622.833239,378.202233,244.631005,0.392771,11.218846,11.218846,4.051732,1.010868,1.010380,1.015307,1.015745,1.015854,1.000000,4,true,0.000000,1,objective equals makespan; due-date/tardiness fields are not available in this instance format
fair|M|mixed|42|1.0|B-CORE-no-bottleneck,2026-06-03T14:51:59,M_mixed_seed42,M,mixed,42,50042,50042,1.0,B-CORE-no-bottleneck,solved,,0.050366,75.586466,75.586466,679.873271,399.092523,280.780748,0.412990,13.962032,13.962032,0.050378,0.000300,0.000292,0.000335,0.000339,0.000340,0.000000,0,true,5.689516,2,objective equals makespan; due-date/tardiness fields are not available in this instance format
fair|M|mixed|42|1.0|B-CORE,2026-06-03T14:51:59,M_mixed_seed42,M,mixed,42,50042,50042,1.0,B-CORE,solved,,0.048403,78.536410,78.536410,667.025744,424.671747,242.353997,0.363335,12.800094,12.800094,0.048417,0.000303,0.000303,0.000330,0.000333,0.000333,0.000000,0,true,9.814304,3,objective equals makespan; due-date/tardiness fields are not available in this instance format
fair|M|mixed|42|1.0|B-CORE-no-graph,2026-06-03T14:51:59,M_mixed_seed42,M,mixed,42,50042,50042,1.0,B-CORE-no-graph,solved,,0.047617,78.536410,78.536410,667.025744,424.671747,242.353997,0.363335,12.800094,12.800094,0.047629,0.000301,0.000303,0.000319,0.000321,0.000322,0.000000,0,true,9.814304,4,objective equals makespan; due-date/tardiness fields are not available in this instance format
fair|M|mixed|42|1.0|MOEA-NSGA2,2026-06-03T14:52:03,M_mixed_seed42,M,mixed,42,50042,50042,1.0,MOEA-NSGA2,solved,,3.050050,81.735936,81.735936,696.677542,398.080887,298.596655,0.428601,12.817581,12.817581,3.050061,1.011501,1.011501,1.018817,1.019468,1.019630,1.000000,3,true,14.288073,5,objective equals makespan; due-date/tardiness fields are not available in this instance format
fair|M|mixed|42|1.0|GA,2026-06-03T14:52:03,M_mixed_seed42,M,mixed,42,50042,50042,1.0,GA,solved,,4.054094,82.829081,82.829081,699.014389,403.438534,295.575855,0.422847,11.564665,11.564665,4.054103,1.007500,1.010951,1.011042,1.011050,1.011052,1.000000,4,true,15.816574,6,objective equals makespan; due-date/tardiness fields are not available in this instance format
fair|M|mixed|42|1.0|LNS,2026-06-03T14:52:03,M_mixed_seed42,M,mixed,42,50042,50042,1.0,LNS,solved,,4.067537,85.481943,85.481943,755.213529,438.712404,316.501125,0.419088,14.756250,14.756250,4.067548,1.010294,1.011330,1.013234,1.013403,1.013446,1.000000,4,true,19.525964,7,objective equals makespan; due-date/tardiness fields are not available in this instance format
fair|M|mixed|42|1.0|MOR,2026-06-03T14:51:59,M_mixed_seed42,M,mixed,42,50042,50042,1.0,MOR,solved,,0.022352,86.406080,86.406080,693.025128,391.759452,301.265675,0.434711,11.573156,11.573156,0.022363,0.000008,0.000009,0.000009,0.000009,0.000009,0.000000,0,true,20.818148,8,objective equals makespan; due-date/tardiness fields are not available in this instance format
fair|M|mixed|42|1.0|MachineRank,2026-06-03T14:51:59,M_mixed_seed42,M,mixed,42,50042,50042,1.0,MachineRank,solved,,0.028200,89.377003,89.377003,765.100320,428.813883,336.286437,0.439532,14.412705,14.412705,0.028214,0.000092,0.000114,0.000124,0.000125,0.000125,0.000000,0,true,24.972270,9,objective equals makespan; due-date/tardiness fields are not available in this instance format
fair|M|mixed|42|1.0|SA,2026-06-03T14:52:03,M_mixed_seed42,M,mixed,42,50042,50042,1.0,SA,solved,,3.063766,93.838132,93.838132,717.818554,414.264732,303.553822,0.422884,13.471120,13.471120,3.063779,1.011396,1.011396,1.016630,1.017095,1.017211,1.000000,3,true,31.210087,10,objective equals makespan; due-date/tardiness fields are not available in this instance format
fair|M|mixed|42|5.0|DCGA,2026-06-03T14:52:23,M_mixed_seed42,M,mixed,42,50042,50042,5.0,DCGA,solved,,20.046223,73.736524,73.736524,595.759904,372.857840,222.902064,0.374147,10.232621,10.232621,20.046233,5.008381,5.010379,5.013778,5.014080,5.014156,1.000000,4,true,0.000000,1,objective equals makespan; due-date/tardiness fields are not available in this instance format
fair|M|mixed|42|5.0|B-CORE-no-bottleneck,2026-06-03T14:52:03,M_mixed_seed42,M,mixed,42,50042,50042,5.0,B-CORE-no-bottleneck,solved,,0.047622,75.586466,75.586466,679.873271,399.092523,280.780748,0.412990,13.962032,13.962032,0.047635,0.000294,0.000291,0.000330,0.000333,0.000334,0.000000,0,true,2.508854,2,objective equals makespan; due-date/tardiness fields are not available in this instance format
fair|M|mixed|42|5.0|MOEA-NSGA2,2026-06-03T14:52:18,M_mixed_seed42,M,mixed,42,50042,50042,5.0,MOEA-NSGA2,solved,,15.057828,75.812079,75.812079,652.116965,363.011612,289.105353,0.443334,11.215265,11.215265,15.057841,5.009183,5.009183,5.010198,5.010289,5.010311,1.000000,3,true,2.814826,3,objective equals makespan; due-date/tardiness fields are not available in this instance format
fair|M|mixed|42|5.0|GA,2026-06-03T14:52:23,M_mixed_seed42,M,mixed,42,50042,50042,5.0,GA,solved,,20.072402,78.011165,78.011165,654.932767,388.320224,266.612543,0.407084,11.296579,11.296579,20.072413,5.015560,5.015512,5.017644,5.017833,5.017881,1.000000,4,true,5.797183,4,objective equals makespan; due-date/tardiness fields are not available in this instance format
fair|M|mixed|42|5.0|B-CORE,2026-06-03T14:52:03,M_mixed_seed42,M,mixed,42,50042,50042,5.0,B-CORE,solved,,0.047719,78.536410,78.536410,667.025744,424.671747,242.353997,0.363335,12.800094,12.800094,0.047731,0.000320,0.000309,0.000364,0.000370,0.000371,0.000000,0,true,6.509509,5,objective equals makespan; due-date/tardiness fields are not available in this instance format
fair|M|mixed|42|5.0|B-CORE-no-graph,2026-06-03T14:52:03,M_mixed_seed42,M,mixed,42,50042,50042,5.0,B-CORE-no-graph,solved,,0.046893,78.536410,78.536410,667.025744,424.671747,242.353997,0.363335,12.800094,12.800094,0.046906,0.000293,0.000286,0.000327,0.000333,0.000334,0.000000,0,true,6.509509,6,objective equals makespan; due-date/tardiness fields are not available in this instance format
fair|M|mixed|42|5.0|SA,2026-06-03T14:52:23,M_mixed_seed42,M,mixed,42,50042,50042,5.0,SA,solved,,20.045617,81.258350,81.258350,674.282207,398.058268,276.223940,0.409656,11.673764,11.673764,20.045626,5.008502,5.008273,5.012060,5.012397,5.012481,1.000000,4,true,10.200950,7,objective equals makespan; due-date/tardiness fields are not available in this instance format
fair|M|mixed|42|5.0|MOR,2026-06-03T14:52:03,M_mixed_seed42,M,mixed,42,50042,50042,5.0,MOR,solved,,0.023012,86.406080,86.406080,693.025128,391.759452,301.265675,0.434711,11.573156,11.573156,0.023022,0.000012,0.000010,0.000016,0.000017,0.000017,0.000000,0,true,17.182199,8,objective equals makespan; due-date/tardiness fields are not available in this instance format
fair|M|mixed|42|5.0|LNS,2026-06-03T14:52:23,M_mixed_seed42,M,mixed,42,50042,50042,5.0,LNS,solved,,20.063496,87.392139,87.392139,721.231320,426.957540,294.273780,0.408016,12.979308,12.979308,20.063508,5.010594,5.013326,5.014235,5.014316,5.014336,1.000000,4,true,18.519472,9,objective equals makespan; due-date/tardiness fields are not available in this instance format
fair|M|mixed|42|5.0|MachineRank,2026-06-03T14:52:03,M_mixed_seed42,M,mixed,42,50042,50042,5.0,MachineRank,solved,,0.028615,89.377003,89.377003,765.100320,428.813883,336.286437,0.439532,14.412705,14.412705,0.028626,0.000092,0.000114,0.000126,0.000128,0.000128,0.000000,0,true,21.211305,10,objective equals makespan; due-date/tardiness fields are not available in this instance format
fair|M|mixed|42|10.0|DCGA,2026-06-03T14:52:47,M_mixed_seed42,M,mixed,42,50042,50042,10.0,DCGA,solved,,40.056163,66.011810,66.011810,605.294520,365.007839,240.286681,0.396975,11.353880,11.353880,40.056176,10.009180,10.007692,10.016901,10.017720,10.017925,1.000000,4,true,0.000000,1,objective equals makespan; due-date/tardiness fields are not available in this instance format
fair|M|mixed|42|10.0|GA,2026-06-03T14:52:46,M_mixed_seed42,M,mixed,42,50042,50042,10.0,GA,solved,,40.063940,68.379333,68.379333,597.511643,347.779381,249.732263,0.417954,10.557993,10.557993,40.063954,10.012550,10.015118,10.015369,10.015392,10.015397,1.000000,4,true,3.586514,2,objective equals makespan; due-date/tardiness fields are not available in this instance format
fair|M|mixed|42|10.0|MOEA-NSGA2,2026-06-03T14:52:48,M_mixed_seed42,M,mixed,42,50042,50042,10.0,MOEA-NSGA2,solved,,30.048126,74.298066,74.298066,650.358636,392.318533,258.040104,0.396766,10.837432,10.837432,30.048139,10.011901,10.011901,10.012478,10.012529,10.012542,1.000000,3,true,12.552687,3,objective equals makespan; due-date/tardiness fields are not available in this instance format
fair|M|mixed|42|10.0|B-CORE-no-bottleneck,2026-06-03T14:52:04,M_mixed_seed42,M,mixed,42,50042,50042,10.0,B-CORE-no-bottleneck,solved,,0.031953,75.586466,75.586466,679.873271,399.092523,280.780748,0.412990,13.962032,13.962032,0.031967,0.000190,0.000184,0.000212,0.000215,0.000215,0.000000,0,true,14.504459,4,objective equals makespan; due-date/tardiness fields are not available in this instance format
fair|M|mixed|42|10.0|LNS,2026-06-03T14:52:38,M_mixed_seed42,M,mixed,42,50042,50042,10.0,LNS,solved,,34.064446,76.388291,76.388291,688.455117,386.256047,302.199070,0.438952,13.654031,13.654031,34.064458,8.467498,8.543819,9.082325,9.130192,9.142159,0.000000,0,true,15.719128,5,objective equals makespan; due-date/tardiness fields are not available in this instance format
fair|M|mixed|42|10.0|B-CORE,2026-06-03T14:52:04,M_mixed_seed42,M,mixed,42,50042,50042,10.0,B-CORE,solved,,0.034083,78.536410,78.536410,667.025744,424.671747,242.353997,0.363335,12.800094,12.800094,0.034093,0.000195,0.000191,0.000208,0.000210,0.000211,0.000000,0,true,18.973272,6,objective equals makespan; due-date/tardiness fields are not available in this instance format
fair|M|mixed|42|10.0|B-CORE-no-graph,2026-06-03T14:52:04,M_mixed_seed42,M,mixed,42,50042,50042,10.0,B-CORE-no-graph,solved,,0.031578,78.536410,78.536410,667.025744,424.671747,242.353997,0.363335,12.800094,12.800094,0.031587,0.000203,0.000211,0.000223,0.000223,0.000223,0.000000,0,true,18.973272,7,objective equals makespan; due-date/tardiness fields are not available in this instance format
fair|M|mixed|42|10.0|SA,2026-06-03T14:52:46,M_mixed_seed42,M,mixed,42,50042,50042,10.0,SA,solved,,33.693566,78.748221,78.748221,696.384562,391.662527,304.722035,0.437577,13.275089,13.275089,33.693579,8.263730,8.363084,8.793123,8.831348,8.840905,0.000000,0,true,19.294140,8,objective equals makespan; due-date/tardiness fields are not available in this instance format
fair|M|mixed|42|10.0|MOR,2026-06-03T14:52:04,M_mixed_seed42,M,mixed,42,50042,50042,10.0,MOR,solved,,0.015214,86.406080,86.406080,693.025128,391.759452,301.265675,0.434711,11.573156,11.573156,0.015223,0.000006,0.000006,0.000006,0.000006,0.000006,0.000000,0,true,30.894881,9,objective equals makespan; due-date/tardiness fields are not available in this instance format
fair|M|mixed|42|10.0|MachineRank,2026-06-03T14:52:04,M_mixed_seed42,M,mixed,42,50042,50042,10.0,MachineRank,solved,,0.023022,89.377003,89.377003,765.100320,428.813883,336.286437,0.439532,14.412705,14.412705,0.023031,0.000101,0.000112,0.000156,0.000162,0.000163,0.000000,0,true,35.395474,10,objective equals makespan; due-date/tardiness fields are not available in this instance format
fair|M|mixed|43|0.1|B-CORE-no-bottleneck,2026-06-03T14:52:22,M_mixed_seed43,M,mixed,43,50043,50043,0.1,B-CORE-no-bottleneck,solved,,0.050368,75.528266,75.528266,651.500596,388.249231,263.251365,0.404069,12.393705,12.393705,0.050382,0.000303,0.000327,0.000328,0.000328,0.000328,0.000000,0,true,0.000000,1,objective equals makespan; due-date/tardiness fields are not available in this instance format
fair|M|mixed|43|0.1|B-CORE,2026-06-03T14:52:22,M_mixed_seed43,M,mixed,43,50043,50043,0.1,B-CORE,solved,,0.053231,84.308774,84.308774,707.866624,407.713843,300.152782,0.424024,12.110290,12.110290,0.053244,0.000290,0.000294,0.000321,0.000324,0.000324,0.000000,0,true,11.625460,2,objective equals makespan; due-date/tardiness fields are not available in this instance format
fair|M|mixed|43|0.1|B-CORE-no-graph,2026-06-03T14:52:22,M_mixed_seed43,M,mixed,43,50043,50043,0.1,B-CORE-no-graph,solved,,0.051902,84.308774,84.308774,707.866624,407.713843,300.152782,0.424024,12.110290,12.110290,0.051916,0.000283,0.000290,0.000309,0.000310,0.000311,0.000000,0,true,11.625460,3,objective equals makespan; due-date/tardiness fields are not available in this instance format
fair|M|mixed|43|0.1|MachineRank,2026-06-03T14:52:22,M_mixed_seed43,M,mixed,43,50043,50043,0.1,MachineRank,solved,,0.033531,87.807628,87.807628,752.428228,408.082794,344.345433,0.457646,13.234129,13.234129,0.033543,0.000071,0.000064,0.000143,0.000147,0.000148,0.000000,0,true,16.257969,4,objective equals makespan; due-date/tardiness fields are not available in this instance format
fair|M|mixed|43|0.1|SA,2026-06-03T14:52:23,M_mixed_seed43,M,mixed,43,50043,50043,0.1,SA,solved,,0.462466,98.674132,98.674132,840.683134,450.935993,389.747141,0.463608,13.676911,13.676911,0.462478,0.109267,0.108632,0.112916,0.113296,0.113392,1.000000,4,true,30.645303,5,objective equals makespan; due-date/tardiness fields are not available in this instance format
fair|M|mixed|43|0.1|GA,2026-06-03T14:52:23,M_mixed_seed43,M,mixed,43,50043,50043,0.1,GA,solved,,0.478533,98.969494,98.969494,773.813519,433.073334,340.740185,0.440339,12.511424,12.511424,0.478547,0.112074,0.112001,0.119172,0.119810,0.119969,1.000000,4,true,31.036365,6,objective equals makespan; due-date/tardiness fields are not available in this instance format
fair|M|mixed|43|0.1|LNS,2026-06-03T14:52:22,M_mixed_seed43,M,mixed,43,50043,50043,0.1,LNS,solved,,0.343787,99.269104,99.269104,851.088074,486.969492,364.118582,0.427827,14.400601,14.400601,0.343797,0.107768,0.107768,0.108159,0.108194,0.108202,1.000000,3,true,31.433051,7,objective equals makespan; due-date/tardiness fields are not available in this instance format
fair|M|mixed|43|0.1|MOEA-NSGA2,2026-06-03T14:52:24,M_mixed_seed43,M,mixed,43,50043,50043,0.1,MOEA-NSGA2,solved,,0.871542,101.410485,101.410485,850.065421,497.643263,352.422158,0.414582,14.430357,14.430357,0.871551,0.223079,0.237092,0.265496,0.268021,0.268652,1.000000,4,true,34.268255,8,objective equals makespan; due-date/tardiness fields are not available in this instance format
fair|M|mixed|43|0.1|MOR,2026-06-03T14:52:22,M_mixed_seed43,M,mixed,43,50043,50043,0.1,MOR,solved,,0.021088,104.804078,104.804078,720.997799,394.883241,326.114557,0.452310,11.596137,11.596137,0.021096,0.000010,0.000010,0.000012,0.000012,0.000012,0.000000,0,true,38.761398,9,objective equals makespan; due-date/tardiness fields are not available in this instance format
fair|M|mixed|43|0.1|DCGA,2026-06-03T14:52:23,M_mixed_seed43,M,mixed,43,50043,50043,0.1,DCGA,solved,,0.450004,104.845880,104.845880,837.593364,490.124604,347.468759,0.414842,13.723681,13.723681,0.450016,0.107061,0.105870,0.109679,0.110018,0.110102,1.000000,4,true,38.816744,10,objective equals makespan; due-date/tardiness fields are not available in this instance format
fair|M|mixed|43|0.5|B-CORE-no-bottleneck,2026-06-03T14:52:23,M_mixed_seed43,M,mixed,43,50043,50043,0.5,B-CORE-no-bottleneck,solved,,0.046514,75.528266,75.528266,651.500596,388.249231,263.251365,0.404069,12.393705,12.393705,0.046525,0.000261,0.000224,0.000371,0.000384,0.000388,0.000000,0,true,0.000000,1,objective equals makespan; due-date/tardiness fields are not available in this instance format
fair|M|mixed|43|0.5|B-CORE,2026-06-03T14:52:23,M_mixed_seed43,M,mixed,43,50043,50043,0.5,B-CORE,solved,,0.045674,84.308774,84.308774,707.866624,407.713843,300.152782,0.424024,12.110290,12.110290,0.045687,0.000194,0.000198,0.000215,0.000217,0.000217,0.000000,0,true,11.625460,2,objective equals makespan; due-date/tardiness fields are not available in this instance format
fair|M|mixed|43|0.5|B-CORE-no-graph,2026-06-03T14:52:23,M_mixed_seed43,M,mixed,43,50043,50043,0.5,B-CORE-no-graph,solved,,0.042605,84.308774,84.308774,707.866624,407.713843,300.152782,0.424024,12.110290,12.110290,0.042618,0.000245,0.000226,0.000303,0.000309,0.000311,0.000000,0,true,11.625460,3,objective equals makespan; due-date/tardiness fields are not available in this instance format
fair|M|mixed|43|0.5|MachineRank,2026-06-03T14:52:23,M_mixed_seed43,M,mixed,43,50043,50043,0.5,MachineRank,solved,,0.032272,87.807628,87.807628,752.428228,408.082794,344.345433,0.457646,13.234129,13.234129,0.032284,0.000069,0.000064,0.000135,0.000138,0.000139,0.000000,0,true,16.257969,4,objective equals makespan; due-date/tardiness fields are not available in this instance format
fair|M|mixed|43|0.5|MOEA-NSGA2,2026-06-03T14:52:25,M_mixed_seed43,M,mixed,43,50043,50043,0.5,MOEA-NSGA2,solved,,2.056193,92.486741,92.486741,768.868522,447.701123,321.167399,0.417714,12.635674,12.635674,2.056206,0.509185,0.511305,0.514605,0.514898,0.514972,1.000000,4,true,22.453150,5,objective equals makespan; due-date/tardiness fields are not available in this instance format
fair|M|mixed|43|0.5|LNS,2026-06-03T14:52:25,M_mixed_seed43,M,mixed,43,50043,50043,0.5,LNS,solved,,1.563582,92.928844,92.928844,774.296719,441.410700,332.886019,0.429920,13.857106,13.857106,1.563596,0.512073,0.512073,0.519843,0.520534,0.520706,1.000000,3,true,23.038498,6,objective equals makespan; due-date/tardiness fields are not available in this instance format
fair|M|mixed|43|0.5|DCGA,2026-06-03T14:52:25,M_mixed_seed43,M,mixed,43,50043,50043,0.5,DCGA,solved,,1.550149,96.318954,96.318954,832.733590,458.864925,373.868665,0.448966,13.807830,13.807830,1.550163,0.510921,0.510921,0.517448,0.518028,0.518173,1.000000,3,true,27.527029,7,objective equals makespan; due-date/tardiness fields are not available in this instance format
fair|M|mixed|43|0.5|GA,2026-06-03T14:52:25,M_mixed_seed43,M,mixed,43,50043,50043,0.5,GA,solved,,2.082517,99.269949,99.269949,759.872583,443.923858,315.948726,0.415792,13.040547,13.040547,2.082530,0.514291,0.514034,0.520633,0.521220,0.521366,1.000000,4,true,31.434169,8,objective equals makespan; due-date/tardiness fields are not available in this instance format
fair|M|mixed|43|0.5|SA,2026-06-03T14:52:26,M_mixed_seed43,M,mixed,43,50043,50043,0.5,SA,solved,,2.573784,103.412898,103.412898,863.391507,465.549948,397.841559,0.460789,15.780737,15.780737,2.573797,0.508991,0.508927,0.514482,0.515086,0.515237,1.000000,5,true,36.919465,9,objective equals makespan; due-date/tardiness fields are not available in this instance format
fair|M|mixed|43|0.5|MOR,2026-06-03T14:52:23,M_mixed_seed43,M,mixed,43,50043,50043,0.5,MOR,solved,,0.024904,104.804078,104.804078,720.997799,394.883241,326.114557,0.452310,11.596137,11.596137,0.024916,0.000008,0.000008,0.000010,0.000010,0.000010,0.000000,0,true,38.761398,10,objective equals makespan; due-date/tardiness fields are not available in this instance format
fair|M|mixed|43|1.0|B-CORE-no-bottleneck,2026-06-03T14:52:24,M_mixed_seed43,M,mixed,43,50043,50043,1.0,B-CORE-no-bottleneck,solved,,0.050951,75.528266,75.528266,651.500596,388.249231,263.251365,0.404069,12.393705,12.393705,0.050963,0.000297,0.000318,0.000321,0.000322,0.000322,0.000000,0,true,0.000000,1,objective equals makespan; due-date/tardiness fields are not available in this instance format
fair|M|mixed|43|1.0|LNS,2026-06-03T14:52:27,M_mixed_seed43,M,mixed,43,50043,50043,1.0,LNS,solved,,3.047325,83.537782,83.537782,730.681041,420.839229,309.841812,0.424045,11.784135,11.784135,3.047338,1.004167,1.004167,1.007173,1.007440,1.007507,1.000000,3,true,10.604660,2,objective equals makespan; due-date/tardiness fields are not available in this instance format
fair|M|mixed|43|1.0|B-CORE,2026-06-03T14:52:24,M_mixed_seed43,M,mixed,43,50043,50043,1.0,B-CORE,solved,,0.053054,84.308774,84.308774,707.866624,407.713843,300.152782,0.424024,12.110290,12.110290,0.053070,0.000287,0.000292,0.000322,0.000324,0.000325,0.000000,0,true,11.625460,3,objective equals makespan; due-date/tardiness fields are not available in this instance format
fair|M|mixed|43|1.0|B-CORE-no-graph,2026-06-03T14:52:24,M_mixed_seed43,M,mixed,43,50043,50043,1.0,B-CORE-no-graph,solved,,0.052397,84.308774,84.308774,707.866624,407.713843,300.152782,0.424024,12.110290,12.110290,0.052409,0.000288,0.000295,0.000320,0.000322,0.000323,0.000000,0,true,11.625460,4,objective equals makespan; due-date/tardiness fields are not available in this instance format
fair|M|mixed|43|1.0|MOEA-NSGA2,2026-06-03T14:52:29,M_mixed_seed43,M,mixed,43,50043,50043,1.0,MOEA-NSGA2,solved,,4.058121,86.682529,86.682529,699.342944,398.384758,300.958186,0.430344,11.677624,11.677624,4.058134,1.008848,1.003810,1.020065,1.021510,1.021872,1.000000,4,true,14.768329,5,objective equals makespan; due-date/tardiness fields are not available in this instance format
fair|M|mixed|43|1.0|DCGA,2026-06-03T14:52:30,M_mixed_seed43,M,mixed,43,50043,50043,1.0,DCGA,solved,,5.073196,87.379530,87.379530,702.848088,394.475514,308.372574,0.438747,13.108382,13.108382,5.073211,1.010888,1.010949,1.014455,1.014530,1.014548,1.000000,5,true,15.691164,6,objective equals makespan; due-date/tardiness fields are not available in this instance format
fair|M|mixed|43|1.0|MachineRank,2026-06-03T14:52:24,M_mixed_seed43,M,mixed,43,50043,50043,1.0,MachineRank,solved,,0.032563,87.807628,87.807628,752.428228,408.082794,344.345433,0.457646,13.234129,13.234129,0.032575,0.000068,0.000063,0.000136,0.000139,0.000140,0.000000,0,true,16.257969,7,objective equals makespan; due-date/tardiness fields are not available in this instance format
fair|M|mixed|43|1.0|GA,2026-06-03T14:52:29,M_mixed_seed43,M,mixed,43,50043,50043,1.0,GA,solved,,4.070634,90.940133,90.940133,740.570654,448.661196,291.909458,0.394168,12.641243,12.641243,4.070647,1.011246,1.012151,1.013095,1.013179,1.013200,1.000000,4,true,20.405429,8,objective equals makespan; due-date/tardiness fields are not available in this instance format
fair|M|mixed|43|1.0|SA,2026-06-03T14:52:29,M_mixed_seed43,M,mixed,43,50043,50043,1.0,SA,solved,,4.066178,93.916136,93.916136,763.233827,444.610418,318.623409,0.417465,13.283419,13.283419,4.066187,1.011886,1.013817,1.016605,1.016853,1.016915,1.000000,4,true,24.345680,9,objective equals makespan; due-date/tardiness fields are not available in this instance format
fair|M|mixed|43|1.0|MOR,2026-06-03T14:52:24,M_mixed_seed43,M,mixed,43,50043,50043,1.0,MOR,solved,,0.025487,104.804078,104.804078,720.997799,394.883241,326.114557,0.452310,11.596137,11.596137,0.025499,0.000009,0.000010,0.000010,0.000010,0.000010,0.000000,0,true,38.761398,10,objective equals makespan; due-date/tardiness fields are not available in this instance format
fair|M|mixed|43|5.0|LNS,2026-06-03T14:52:46,M_mixed_seed43,M,mixed,43,50043,50043,5.0,LNS,solved,,20.059853,74.198984,74.198984,603.848973,362.454264,241.394709,0.399760,11.648601,11.648601,20.059863,5.009133,5.006518,5.016261,5.017127,5.017343,1.000000,4,true,0.000000,1,objective equals makespan; due-date/tardiness fields are not available in this instance format
fair|M|mixed|43|5.0|B-CORE-no-bottleneck,2026-06-03T14:52:26,M_mixed_seed43,M,mixed,43,50043,50043,5.0,B-CORE-no-bottleneck,solved,,0.051108,75.528266,75.528266,651.500596,388.249231,263.251365,0.404069,12.393705,12.393705,0.051120,0.000305,0.000315,0.000338,0.000340,0.000341,0.000000,0,true,1.791510,2,objective equals makespan; due-date/tardiness fields are not available in this instance format
fair|M|mixed|43|5.0|DCGA,2026-06-03T14:52:48,M_mixed_seed43,M,mixed,43,50043,50043,5.0,DCGA,solved,,20.053375,77.040216,77.040216,696.487054,382.657772,313.829283,0.450589,12.355047,12.355047,20.053388,5.005269,5.003912,5.008356,5.008751,5.008850,1.000000,4,true,3.829206,3,objective equals makespan; due-date/tardiness fields are not available in this instance format
fair|M|mixed|43|5.0|MOEA-NSGA2,2026-06-03T14:52:54,M_mixed_seed43,M,mixed,43,50043,50043,5.0,MOEA-NSGA2,solved,,25.080444,82.344926,82.344926,676.978964,378.431948,298.547015,0.440999,11.711156,11.711156,25.080457,5.010670,5.008586,5.019716,5.020971,5.021285,1.000000,5,true,10.978509,4,objective equals makespan; due-date/tardiness fields are not available in this instance format
fair|M|mixed|43|5.0|B-CORE,2026-06-03T14:52:26,M_mixed_seed43,M,mixed,43,50043,50043,5.0,B-CORE,solved,,0.053114,84.308774,84.308774,707.866624,407.713843,300.152782,0.424024,12.110290,12.110290,0.053126,0.000290,0.000301,0.000322,0.000324,0.000324,0.000000,0,true,13.625240,5,objective equals makespan; due-date/tardiness fields are not available in this instance format
fair|M|mixed|43|5.0|B-CORE-no-graph,2026-06-03T14:52:26,M_mixed_seed43,M,mixed,43,50043,50043,5.0,B-CORE-no-graph,solved,,0.052163,84.308774,84.308774,707.866624,407.713843,300.152782,0.424024,12.110290,12.110290,0.052176,0.000286,0.000280,0.000327,0.000332,0.000333,0.000000,0,true,13.625240,6,objective equals makespan; due-date/tardiness fields are not available in this instance format
fair|M|mixed|43|5.0|GA,2026-06-03T14:52:42,M_mixed_seed43,M,mixed,43,50043,50043,5.0,GA,solved,,15.050932,84.491451,84.491451,716.469286,403.848820,312.620466,0.436335,11.271126,11.271126,15.050945,5.010392,5.010392,5.011873,5.012004,5.012037,1.000000,3,true,13.871439,7,objective equals makespan; due-date/tardiness fields are not available in this instance format
fair|M|mixed|43|5.0|SA,2026-06-03T14:52:44,M_mixed_seed43,M,mixed,43,50043,50043,5.0,SA,solved,,15.039197,87.347902,87.347902,758.057813,422.378994,335.678819,0.442814,13.036219,13.036219,15.039211,5.000923,5.000923,5.001068,5.001081,5.001084,1.000000,3,true,17.721156,8,objective equals makespan; due-date/tardiness fields are not available in this instance format
fair|M|mixed|43|5.0|MachineRank,2026-06-03T14:52:26,M_mixed_seed43,M,mixed,43,50043,50043,5.0,MachineRank,solved,,0.032299,87.807628,87.807628,752.428228,408.082794,344.345433,0.457646,13.234129,13.234129,0.032312,0.000067,0.000062,0.000131,0.000134,0.000135,0.000000,0,true,18.340742,9,objective equals makespan; due-date/tardiness fields are not available in this instance format
fair|M|mixed|43|5.0|MOR,2026-06-03T14:52:26,M_mixed_seed43,M,mixed,43,50043,50043,5.0,MOR,solved,,0.024763,104.804078,104.804078,720.997799,394.883241,326.114557,0.452310,11.596137,11.596137,0.024776,0.000008,0.000009,0.000010,0.000010,0.000010,0.000000,0,true,41.247322,10,objective equals makespan; due-date/tardiness fields are not available in this instance format
fair|M|mixed|43|10.0|DCGA,2026-06-03T14:53:18,M_mixed_seed43,M,mixed,43,50043,50043,10.0,DCGA,solved,,40.069285,71.335369,71.335369,610.184775,360.461877,249.722898,0.409258,10.990088,10.990088,40.069299,10.010630,10.010719,10.019253,10.020012,10.020202,1.000000,4,true,0.000000,1,objective equals makespan; due-date/tardiness fields are not available in this instance format
fair|M|mixed|43|10.0|LNS,2026-06-03T14:53:05,M_mixed_seed43,M,mixed,43,50043,50043,10.0,LNS,solved,,35.510169,74.198984,74.198984,603.848973,362.454264,241.394709,0.399760,11.648601,11.648601,35.510183,8.659493,8.946672,9.541080,9.593917,9.607126,0.000000,0,true,4.014299,2,objective equals makespan; due-date/tardiness fields are not available in this instance format
fair|M|mixed|43|10.0|MOEA-NSGA2,2026-06-03T14:53:14,M_mixed_seed43,M,mixed,43,50043,50043,10.0,MOEA-NSGA2,solved,,30.051988,74.234882,74.234882,643.183298,372.462431,270.720867,0.420908,11.613566,11.613566,30.052002,10.005374,10.005374,10.006035,10.006094,10.006109,1.000000,3,true,4.064622,3,objective equals makespan; due-date/tardiness fields are not available in this instance format
fair|M|mixed|43|10.0|GA,2026-06-03T14:53:00,M_mixed_seed43,M,mixed,43,50043,50043,10.0,GA,solved,,30.062062,74.880954,74.880954,572.598433,360.435515,212.162918,0.370527,9.575010,9.575010,30.062077,10.011454,10.011454,10.017537,10.018078,10.018213,1.000000,3,true,4.970304,4,objective equals makespan; due-date/tardiness fields are not available in this instance format
fair|M|mixed|43|10.0|B-CORE-no-bottleneck,2026-06-03T14:52:30,M_mixed_seed43,M,mixed,43,50043,50043,10.0,B-CORE-no-bottleneck,solved,,0.051591,75.528266,75.528266,651.500596,388.249231,263.251365,0.404069,12.393705,12.393705,0.051605,0.000313,0.000334,0.000351,0.000353,0.000353,0.000000,0,true,5.877725,5,objective equals makespan; due-date/tardiness fields are not available in this instance format
fair|M|mixed|43|10.0|B-CORE,2026-06-03T14:52:29,M_mixed_seed43,M,mixed,43,50043,50043,10.0,B-CORE,solved,,0.052970,84.308774,84.308774,707.866624,407.713843,300.152782,0.424024,12.110290,12.110290,0.052982,0.000278,0.000275,0.000321,0.000325,0.000327,0.000000,0,true,18.186497,6,objective equals makespan; due-date/tardiness fields are not available in this instance format
fair|M|mixed|43|10.0|B-CORE-no-graph,2026-06-03T14:52:29,M_mixed_seed43,M,mixed,43,50043,50043,10.0,B-CORE-no-graph,solved,,0.052816,84.308774,84.308774,707.866624,407.713843,300.152782,0.424024,12.110290,12.110290,0.052828,0.000312,0.000285,0.000394,0.000403,0.000406,0.000000,0,true,18.186497,7,objective equals makespan; due-date/tardiness fields are not available in this instance format
fair|M|mixed|43|10.0|SA,2026-06-03T14:53:10,M_mixed_seed43,M,mixed,43,50043,50043,10.0,SA,solved,,27.634281,84.548741,84.548741,681.081471,398.042097,283.039374,0.415573,12.052973,12.052973,27.634301,9.348930,9.348930,9.871004,9.917411,9.929013,0.000000,0,true,18.522890,8,objective equals makespan; due-date/tardiness fields are not available in this instance format
fair|M|mixed|43|10.0|MachineRank,2026-06-03T14:52:30,M_mixed_seed43,M,mixed,43,50043,50043,10.0,MachineRank,solved,,0.032244,87.807628,87.807628,752.428228,408.082794,344.345433,0.457646,13.234129,13.234129,0.032255,0.000068,0.000063,0.000133,0.000136,0.000136,0.000000,0,true,23.091293,9,objective equals makespan; due-date/tardiness fields are not available in this instance format
fair|M|mixed|43|10.0|MOR,2026-06-03T14:52:30,M_mixed_seed43,M,mixed,43,50043,50043,10.0,MOR,solved,,0.025147,104.804078,104.804078,720.997799,394.883241,326.114557,0.452310,11.596137,11.596137,0.025157,0.000008,0.000008,0.000010,0.000010,0.000010,0.000000,0,true,46.917412,10,objective equals makespan; due-date/tardiness fields are not available in this instance format
fair|M|mixed|44|0.1|B-CORE,2026-06-03T14:52:46,M_mixed_seed44,M,mixed,44,50044,50044,0.1,B-CORE,solved,,0.045444,68.507587,68.507587,558.821468,341.593332,217.228135,0.388725,10.679346,10.679346,0.045457,0.000309,0.000318,0.000318,0.000318,0.000318,0.000000,0,true,0.000000,1,objective equals makespan; due-date/tardiness fields are not available in this instance format
fair|M|mixed|44|0.1|B-CORE-no-graph,2026-06-03T14:52:46,M_mixed_seed44,M,mixed,44,50044,50044,0.1,B-CORE-no-graph,solved,,0.045552,68.507587,68.507587,558.821468,341.593332,217.228135,0.388725,10.679346,10.679346,0.045562,0.000302,0.000303,0.000307,0.000307,0.000307,0.000000,0,true,0.000000,2,objective equals makespan; due-date/tardiness fields are not available in this instance format
fair|M|mixed|44|0.1|B-CORE-no-bottleneck,2026-06-03T14:52:46,M_mixed_seed44,M,mixed,44,50044,50044,0.1,B-CORE-no-bottleneck,solved,,0.045993,72.163495,72.163495,625.260989,366.394031,258.866957,0.414014,11.382346,11.382346,0.046004,0.000303,0.000301,0.000312,0.000313,0.000313,0.000000,0,true,5.336501,3,objective equals makespan; due-date/tardiness fields are not available in this instance format
fair|M|mixed|44|0.1|LNS,2026-06-03T14:52:46,M_mixed_seed44,M,mixed,44,50044,50044,0.1,LNS,solved,,0.445011,78.598071,78.598071,620.967281,357.925324,263.041957,0.423600,11.650467,11.650467,0.445025,0.106291,0.104612,0.112385,0.113076,0.113249,1.000000,4,true,14.729002,4,objective equals makespan; due-date/tardiness fields are not available in this instance format
fair|M|mixed|44|0.1|DCGA,2026-06-03T14:52:46,M_mixed_seed44,M,mixed,44,50044,50044,0.1,DCGA,solved,,0.457686,83.922558,83.922558,692.646240,373.577302,319.068938,0.460652,12.497137,12.497137,0.457697,0.109492,0.106656,0.115612,0.116408,0.116607,1.000000,4,true,22.501115,5,objective equals makespan; due-date/tardiness fields are not available in this instance format
fair|M|mixed|44|0.1|MOEA-NSGA2,2026-06-03T14:52:47,M_mixed_seed44,M,mixed,44,50044,50044,0.1,MOEA-NSGA2,solved,,0.865068,84.959308,84.959308,705.114546,408.017685,297.096861,0.421346,12.939826,12.939826,0.865081,0.207645,0.212240,0.226934,0.228240,0.228567,1.000000,4,true,24.014451,6,objective equals makespan; due-date/tardiness fields are not available in this instance format
fair|M|mixed|44|0.1|MachineRank,2026-06-03T14:52:46,M_mixed_seed44,M,mixed,44,50044,50044,0.1,MachineRank,solved,,0.027900,87.311774,87.311774,635.030531,370.316434,264.714097,0.416853,12.269847,12.269847,0.027911,0.000086,0.000112,0.000131,0.000132,0.000133,0.000000,0,true,27.448328,7,objective equals makespan; due-date/tardiness fields are not available in this instance format
fair|M|mixed|44|0.1|SA,2026-06-03T14:52:47,M_mixed_seed44,M,mixed,44,50044,50044,0.1,SA,solved,,0.447036,89.253629,89.253629,665.393624,362.993939,302.399685,0.454467,12.042373,12.042373,0.447049,0.106851,0.105474,0.112289,0.112895,0.113046,1.000000,4,true,30.282839,8,objective equals makespan; due-date/tardiness fields are not available in this instance format
fair|M|mixed|44|0.1|GA,2026-06-03T14:52:46,M_mixed_seed44,M,mixed,44,50044,50044,0.1,GA,solved,,0.455790,91.908865,91.908865,736.366104,414.122991,322.243113,0.437613,12.233299,12.233299,0.455802,0.109038,0.106706,0.114399,0.115083,0.115254,1.000000,4,true,34.158666,9,objective equals makespan; due-date/tardiness fields are not available in this instance format
fair|M|mixed|44|0.1|MOR,2026-06-03T14:52:46,M_mixed_seed44,M,mixed,44,50044,50044,0.1,MOR,solved,,0.021628,96.466701,96.466701,619.762908,340.882763,278.880145,0.449979,10.199403,10.199403,0.021640,0.000009,0.000009,0.000010,0.000010,0.000010,0.000000,0,true,40.811705,10,objective equals makespan; due-date/tardiness fields are not available in this instance format
fair|M|mixed|44|0.5|DCGA,2026-06-03T14:52:49,M_mixed_seed44,M,mixed,44,50044,50044,0.5,DCGA,solved,,2.046394,67.924869,67.924869,576.380321,333.083469,243.296852,0.422112,11.279916,11.279916,2.046404,0.507608,0.505133,0.512176,0.512802,0.512958,1.000000,4,true,0.000000,1,objective equals makespan; due-date/tardiness fields are not available in this instance format
fair|M|mixed|44|0.5|B-CORE,2026-06-03T14:52:47,M_mixed_seed44,M,mixed,44,50044,50044,0.5,B-CORE,solved,,0.045227,68.507587,68.507587,558.821468,341.593332,217.228135,0.388725,10.679346,10.679346,0.045246,0.000302,0.000312,0.000314,0.000314,0.000314,0.000000,0,true,0.857886,2,objective equals makespan; due-date/tardiness fields are not available in this instance format
fair|M|mixed|44|0.5|B-CORE-no-graph,2026-06-03T14:52:47,M_mixed_seed44,M,mixed,44,50044,50044,0.5,B-CORE-no-graph,solved,,0.045053,68.507587,68.507587,558.821468,341.593332,217.228135,0.388725,10.679346,10.679346,0.045066,0.000306,0.000313,0.000324,0.000325,0.000325,0.000000,0,true,0.857886,3,objective equals makespan; due-date/tardiness fields are not available in this instance format
fair|M|mixed|44|0.5|B-CORE-no-bottleneck,2026-06-03T14:52:47,M_mixed_seed44,M,mixed,44,50044,50044,0.5,B-CORE-no-bottleneck,solved,,0.045388,72.163495,72.163495,625.260989,366.394031,258.866957,0.414014,11.382346,11.382346,0.045399,0.000313,0.000317,0.000322,0.000322,0.000322,0.000000,0,true,6.240168,4,objective equals makespan; due-date/tardiness fields are not available in this instance format
fair|M|mixed|44|0.5|LNS,2026-06-03T14:52:49,M_mixed_seed44,M,mixed,44,50044,50044,0.5,LNS,solved,,2.035907,75.348539,75.348539,609.376834,340.942522,268.434311,0.440506,11.249089,11.249089,2.035920,0.503888,0.503810,0.504450,0.504507,0.504522,1.000000,4,true,10.929237,5,objective equals makespan; due-date/tardiness fields are not available in this instance format
fair|M|mixed|44|0.5|MOEA-NSGA2,2026-06-03T14:52:50,M_mixed_seed44,M,mixed,44,50044,50044,0.5,MOEA-NSGA2,solved,,2.047169,78.651480,78.651480,595.097535,344.233529,250.864006,0.421551,10.904881,10.904881,2.047178,0.509756,0.506727,0.518716,0.519782,0.520049,1.000000,4,true,15.791876,6,objective equals makespan; due-date/tardiness fields are not available in this instance format
fair|M|mixed|44|0.5|GA,2026-06-03T14:52:49,M_mixed_seed44,M,mixed,44,50044,50044,0.5,GA,solved,,2.067347,79.891160,79.891160,601.733032,341.159297,260.573735,0.433039,10.420742,10.420742,2.067360,0.513472,0.514783,0.517062,0.517265,0.517315,1.000000,4,true,17.616951,7,objective equals makespan; due-date/tardiness fields are not available in this instance format
fair|M|mixed|44|0.5|SA,2026-06-03T14:52:49,M_mixed_seed44,M,mixed,44,50044,50044,0.5,SA,solved,,2.045412,81.837787,81.837787,657.631129,365.692413,291.938716,0.443925,11.384059,11.384059,2.045425,0.504933,0.501821,0.510768,0.511563,0.511762,1.000000,4,true,20.482804,8,objective equals makespan; due-date/tardiness fields are not available in this instance format
fair|M|mixed|44|0.5|MachineRank,2026-06-03T14:52:47,M_mixed_seed44,M,mixed,44,50044,50044,0.5,MachineRank,solved,,0.026776,87.311774,87.311774,635.030531,370.316434,264.714097,0.416853,12.269847,12.269847,0.026787,0.000085,0.000120,0.000122,0.000123,0.000123,0.000000,0,true,28.541689,9,objective equals makespan; due-date/tardiness fields are not available in this instance format
fair|M|mixed|44|0.5|MOR,2026-06-03T14:52:47,M_mixed_seed44,M,mixed,44,50044,50044,0.5,MOR,solved,,0.021510,96.466701,96.466701,619.762908,340.882763,278.880145,0.449979,10.199403,10.199403,0.021522,0.000009,0.000010,0.000011,0.000011,0.000011,0.000000,0,true,42.019709,10,objective equals makespan; due-date/tardiness fields are not available in this instance format
fair|M|mixed|44|1.0|DCGA,2026-06-03T14:52:53,M_mixed_seed44,M,mixed,44,50044,50044,1.0,DCGA,solved,,4.046370,67.482294,67.482294,597.264477,339.990207,257.274270,0.430754,10.877852,10.877852,4.046382,1.008161,1.010488,1.010533,1.010537,1.010538,1.000000,4,true,0.000000,1,objective equals makespan; due-date/tardiness fields are not available in this instance format
fair|M|mixed|44|1.0|B-CORE,2026-06-03T14:52:48,M_mixed_seed44,M,mixed,44,50044,50044,1.0,B-CORE,solved,,0.044444,68.507587,68.507587,558.821468,341.593332,217.228135,0.388725,10.679346,10.679346,0.044457,0.000302,0.000305,0.000318,0.000319,0.000319,0.000000,0,true,1.519351,2,objective equals makespan; due-date/tardiness fields are not available in this instance format
fair|M|mixed|44|1.0|B-CORE-no-graph,2026-06-03T14:52:48,M_mixed_seed44,M,mixed,44,50044,50044,1.0,B-CORE-no-graph,solved,,0.049210,68.507587,68.507587,558.821468,341.593332,217.228135,0.388725,10.679346,10.679346,0.049222,0.000298,0.000297,0.000315,0.000316,0.000317,0.000000,0,true,1.519351,3,objective equals makespan; due-date/tardiness fields are not available in this instance format
fair|M|mixed|44|1.0|MOEA-NSGA2,2026-06-03T14:52:53,M_mixed_seed44,M,mixed,44,50044,50044,1.0,MOEA-NSGA2,solved,,4.056935,72.100677,72.100677,560.230216,311.372210,248.858006,0.444207,9.072407,9.072407,4.056949,1.007974,1.005614,1.012405,1.013009,1.013160,1.000000,4,true,6.843844,4,objective equals makespan; due-date/tardiness fields are not available in this instance format
fair|M|mixed|44|1.0|B-CORE-no-bottleneck,2026-06-03T14:52:48,M_mixed_seed44,M,mixed,44,50044,50044,1.0,B-CORE-no-bottleneck,solved,,0.045398,72.163495,72.163495,625.260989,366.394031,258.866957,0.414014,11.382346,11.382346,0.045409,0.000302,0.000304,0.000307,0.000307,0.000307,0.000000,0,true,6.936932,5,objective equals makespan; due-date/tardiness fields are not available in this instance format
fair|M|mixed|44|1.0|LNS,2026-06-03T14:52:53,M_mixed_seed44,M,mixed,44,50044,50044,1.0,LNS,solved,,4.074117,74.789163,74.789163,619.662160,332.166905,287.495254,0.463955,10.573914,10.573914,4.074128,1.013555,1.014674,1.016195,1.016330,1.016364,1.000000,4,true,10.827831,6,objective equals makespan; due-date/tardiness fields are not available in this instance format
fair|M|mixed|44|1.0|GA,2026-06-03T14:52:53,M_mixed_seed44,M,mixed,44,50044,50044,1.0,GA,solved,,4.054955,76.430439,76.430439,618.796292,315.481607,303.314684,0.490169,11.603632,11.603632,4.054969,1.010791,1.010670,1.012485,1.012646,1.012687,1.000000,4,true,13.259989,7,objective equals makespan; due-date/tardiness fields are not available in this instance format
fair|M|mixed|44|1.0|SA,2026-06-03T14:52:53,M_mixed_seed44,M,mixed,44,50044,50044,1.0,SA,solved,,4.057086,78.627925,78.627925,609.459061,355.170637,254.288424,0.417236,10.746922,10.746922,4.057099,1.008748,1.009620,1.013012,1.013314,1.013389,1.000000,4,true,16.516378,8,objective equals makespan; due-date/tardiness fields are not available in this instance format
fair|M|mixed|44|1.0|MachineRank,2026-06-03T14:52:49,M_mixed_seed44,M,mixed,44,50044,50044,1.0,MachineRank,solved,,0.027980,87.311774,87.311774,635.030531,370.316434,264.714097,0.416853,12.269847,12.269847,0.027992,0.000086,0.000117,0.000128,0.000129,0.000129,0.000000,0,true,29.384715,9,objective equals makespan; due-date/tardiness fields are not available in this instance format
fair|M|mixed|44|1.0|MOR,2026-06-03T14:52:49,M_mixed_seed44,M,mixed,44,50044,50044,1.0,MOR,solved,,0.022426,96.466701,96.466701,619.762908,340.882763,278.880145,0.449979,10.199403,10.199403,0.022440,0.000010,0.000011,0.000012,0.000012,0.000012,0.000000,0,true,42.951129,10,objective equals makespan; due-date/tardiness fields are not available in this instance format
fair|M|mixed|44|5.0|GA,2026-06-03T14:53:13,M_mixed_seed44,M,mixed,44,50044,50044,5.0,GA,solved,,20.058591,64.500396,64.500396,526.805802,292.781234,234.024569,0.444233,8.950891,8.950891,20.058605,5.007916,5.008226,5.009587,5.009708,5.009738,1.000000,4,true,0.000000,1,objective equals makespan; due-date/tardiness fields are not available in this instance format
fair|M|mixed|44|5.0|MOEA-NSGA2,2026-06-03T14:53:13,M_mixed_seed44,M,mixed,44,50044,50044,5.0,MOEA-NSGA2,solved,,20.053029,66.975730,66.975730,548.370701,320.931672,227.439029,0.414754,9.954741,9.954741,20.053043,5.009715,5.009411,5.016896,5.017561,5.017727,1.000000,4,true,3.837704,2,objective equals makespan; due-date/tardiness fields are not available in this instance format
fair|M|mixed|44|5.0|DCGA,2026-06-03T14:53:13,M_mixed_seed44,M,mixed,44,50044,50044,5.0,DCGA,solved,,20.035206,67.327307,67.327307,520.476723,312.243357,208.233366,0.400082,9.513477,9.513477,20.035220,5.004780,5.000830,5.011609,5.012567,5.012806,1.000000,4,true,4.382781,3,objective equals makespan; due-date/tardiness fields are not available in this instance format
fair|M|mixed|44|5.0|B-CORE,2026-06-03T14:52:50,M_mixed_seed44,M,mixed,44,50044,50044,5.0,B-CORE,solved,,0.038741,68.507587,68.507587,558.821468,341.593332,217.228135,0.388725,10.679346,10.679346,0.038749,0.000199,0.000202,0.000204,0.000204,0.000205,0.000000,0,true,6.212661,4,objective equals makespan; due-date/tardiness fields are not available in this instance format
fair|M|mixed|44|5.0|B-CORE-no-graph,2026-06-03T14:52:50,M_mixed_seed44,M,mixed,44,50044,50044,5.0,B-CORE-no-graph,solved,,0.031921,68.507587,68.507587,558.821468,341.593332,217.228135,0.388725,10.679346,10.679346,0.031930,0.000204,0.000203,0.000208,0.000209,0.000209,0.000000,0,true,6.212661,5,objective equals makespan; due-date/tardiness fields are not available in this instance format
fair|M|mixed|44|5.0|LNS,2026-06-03T14:53:10,M_mixed_seed44,M,mixed,44,50044,50044,5.0,LNS,solved,,20.063272,71.430876,71.430876,577.212350,340.942522,236.269827,0.409329,10.279041,10.279041,20.063287,5.009666,5.011864,5.014164,5.014368,5.014420,1.000000,4,true,10.744864,6,objective equals makespan; due-date/tardiness fields are not available in this instance format
fair|M|mixed|44|5.0|B-CORE-no-bottleneck,2026-06-03T14:52:50,M_mixed_seed44,M,mixed,44,50044,50044,5.0,B-CORE-no-bottleneck,solved,,0.031358,72.163495,72.163495,625.260989,366.394031,258.866957,0.414014,11.382346,11.382346,0.031367,0.000206,0.000209,0.000215,0.000216,0.000216,0.000000,0,true,11.880701,7,objective equals makespan; due-date/tardiness fields are not available in this instance format
fair|M|mixed|44|5.0|SA,2026-06-03T14:53:13,M_mixed_seed44,M,mixed,44,50044,50044,5.0,SA,solved,,20.069331,81.507204,81.507204,612.314029,343.454908,268.859120,0.439087,11.264430,11.264430,20.069346,5.012330,5.011919,5.015074,5.015354,5.015424,1.000000,4,true,26.366982,8,objective equals makespan; due-date/tardiness fields are not available in this instance format
fair|M|mixed|44|5.0|MachineRank,2026-06-03T14:52:50,M_mixed_seed44,M,mixed,44,50044,50044,5.0,MachineRank,solved,,0.020312,87.311774,87.311774,635.030531,370.316434,264.714097,0.416853,12.269847,12.269847,0.020321,0.000063,0.000088,0.000091,0.000092,0.000092,0.000000,0,true,35.366260,9,objective equals makespan; due-date/tardiness fields are not available in this instance format
fair|M|mixed|44|5.0|MOR,2026-06-03T14:52:50,M_mixed_seed44,M,mixed,44,50044,50044,5.0,MOR,solved,,0.015720,96.466701,96.466701,619.762908,340.882763,278.880145,0.449979,10.199403,10.199403,0.015730,0.000007,0.000007,0.000008,0.000008,0.000008,0.000000,0,true,49.559859,10,objective equals makespan; due-date/tardiness fields are not available in this instance format
fair|M|mixed|44|10.0|GA,2026-06-03T14:53:34,M_mixed_seed44,M,mixed,44,50044,50044,10.0,GA,solved,,40.044753,59.691160,59.691160,484.333453,290.710166,193.623288,0.399773,8.358961,8.358961,40.044768,10.005629,10.005531,10.009090,10.009407,10.009486,1.000000,4,true,0.000000,1,objective equals makespan; due-date/tardiness fields are not available in this instance format
fair|M|mixed|44|10.0|DCGA,2026-06-03T14:53:40,M_mixed_seed44,M,mixed,44,50044,50044,10.0,DCGA,solved,,40.045502,60.997776,60.997776,516.995050,294.178819,222.816231,0.430983,9.408581,9.408581,40.045513,10.003359,10.003206,10.004279,10.004374,10.004398,1.000000,4,true,2.188961,2,objective equals makespan; due-date/tardiness fields are not available in this instance format
fair|M|mixed|44|10.0|B-CORE,2026-06-03T14:52:53,M_mixed_seed44,M,mixed,44,50044,50044,10.0,B-CORE,solved,,0.040642,68.507587,68.507587,558.821468,341.593332,217.228135,0.388725,10.679346,10.679346,0.040652,0.000308,0.000309,0.000327,0.000329,0.000330,0.000000,0,true,14.770071,3,objective equals makespan; due-date/tardiness fields are not available in this instance format
fair|M|mixed|44|10.0|B-CORE-no-graph,2026-06-03T14:52:54,M_mixed_seed44,M,mixed,44,50044,50044,10.0,B-CORE-no-graph,solved,,0.029811,68.507587,68.507587,558.821468,341.593332,217.228135,0.388725,10.679346,10.679346,0.029820,0.000200,0.000206,0.000209,0.000209,0.000209,0.000000,0,true,14.770071,4,objective equals makespan; due-date/tardiness fields are not available in this instance format
fair|M|mixed|44|10.0|MOEA-NSGA2,2026-06-03T14:53:50,M_mixed_seed44,M,mixed,44,50044,50044,10.0,MOEA-NSGA2,solved,,40.074844,72.043790,72.043790,602.956346,332.191477,270.764869,0.449062,9.665064,9.665064,40.074857,10.013029,10.017234,10.017386,10.017399,10.017402,1.000000,4,true,20.694237,5,objective equals makespan; due-date/tardiness fields are not available in this instance format
fair|M|mixed|44|10.0|B-CORE-no-bottleneck,2026-06-03T14:52:54,M_mixed_seed44,M,mixed,44,50044,50044,10.0,B-CORE-no-bottleneck,solved,,0.030417,72.163495,72.163495,625.260989,366.394031,258.866957,0.414014,11.382346,11.382346,0.030425,0.000202,0.000202,0.000213,0.000214,0.000215,0.000000,0,true,20.894777,6,objective equals makespan; due-date/tardiness fields are not available in this instance format
fair|M|mixed|44|10.0|LNS,2026-06-03T14:53:25,M_mixed_seed44,M,mixed,44,50044,50044,10.0,LNS,solved,,31.841681,75.579333,75.579333,639.221622,375.696745,263.524877,0.412259,11.209920,11.209920,31.841692,7.908815,7.967902,9.087835,9.187384,9.212272,0.000000,0,true,26.617296,7,objective equals makespan; due-date/tardiness fields are not available in this instance format
fair|M|mixed|44|10.0|SA,2026-06-03T14:53:37,M_mixed_seed44,M,mixed,44,50044,50044,10.0,SA,solved,,31.705436,77.764647,77.764647,646.357340,361.094229,285.263111,0.441340,11.541906,11.541906,31.705450,7.950864,7.827964,8.711725,8.790281,8.809921,0.000000,0,true,30.278331,8,objective equals makespan; due-date/tardiness fields are not available in this instance format
fair|M|mixed|44|10.0|MachineRank,2026-06-03T14:52:54,M_mixed_seed44,M,mixed,44,50044,50044,10.0,MachineRank,solved,,0.018774,87.311774,87.311774,635.030531,370.316434,264.714097,0.416853,12.269847,12.269847,0.018782,0.000058,0.000078,0.000088,0.000089,0.000089,0.000000,0,true,46.272537,9,objective equals makespan; due-date/tardiness fields are not available in this instance format
fair|M|mixed|44|10.0|MOR,2026-06-03T14:52:54,M_mixed_seed44,M,mixed,44,50044,50044,10.0,MOR,solved,,0.021360,96.466701,96.466701,619.762908,340.882763,278.880145,0.449979,10.199403,10.199403,0.021372,0.000009,0.000010,0.000011,0.000011,0.000011,0.000000,0,true,61.609694,10,objective equals makespan; due-date/tardiness fields are not available in this instance format
fair|M|mixed|45|0.1|B-CORE,2026-06-03T14:53:10,M_mixed_seed45,M,mixed,45,50045,50045,0.1,B-CORE,solved,,0.049082,72.616860,72.616860,583.637257,347.086301,236.550955,0.405305,9.479875,9.479875,0.049095,0.000282,0.000310,0.000321,0.000321,0.000322,0.000000,0,true,0.000000,1,objective equals makespan; due-date/tardiness fields are not available in this instance format
fair|M|mixed|45|0.1|B-CORE-no-graph,2026-06-03T14:53:10,M_mixed_seed45,M,mixed,45,50045,50045,0.1,B-CORE-no-graph,solved,,0.049599,72.616860,72.616860,583.637257,347.086301,236.550955,0.405305,9.479875,9.479875,0.049613,0.000302,0.000306,0.000323,0.000324,0.000325,0.000000,0,true,0.000000,2,objective equals makespan; due-date/tardiness fields are not available in this instance format
fair|M|mixed|45|0.1|B-CORE-no-bottleneck,2026-06-03T14:53:10,M_mixed_seed45,M,mixed,45,50045,50045,0.1,B-CORE-no-bottleneck,solved,,0.051618,73.016504,73.016504,633.641188,380.725912,252.915277,0.399146,11.852146,11.852146,0.051632,0.000330,0.000330,0.000334,0.000334,0.000334,0.000000,0,true,0.550346,3,objective equals makespan; due-date/tardiness fields are not available in this instance format
fair|M|mixed|45|0.1|MachineRank,2026-06-03T14:53:10,M_mixed_seed45,M,mixed,45,50045,50045,0.1,MachineRank,solved,,0.030603,90.063806,90.063806,697.678148,385.671130,312.007018,0.447208,12.047070,12.047070,0.030616,0.000077,0.000077,0.000132,0.000137,0.000139,0.000000,0,true,24.026026,4,objective equals makespan; due-date/tardiness fields are not available in this instance format
fair|M|mixed|45|0.1|SA,2026-06-03T14:53:12,M_mixed_seed45,M,mixed,45,50045,50045,0.1,SA,solved,,0.347674,96.615375,96.615375,728.564281,414.021362,314.542919,0.431730,12.168960,12.168960,0.347687,0.102970,0.102970,0.103531,0.103581,0.103593,1.000000,3,true,33.048131,5,objective equals makespan; due-date/tardiness fields are not available in this instance format
fair|M|mixed|45|0.1|DCGA,2026-06-03T14:53:11,M_mixed_seed45,M,mixed,45,50045,50045,0.1,DCGA,solved,,0.329363,96.882902,96.882902,743.682991,401.814688,341.868302,0.459696,12.087364,12.087364,0.329373,0.104660,0.104660,0.104920,0.104943,0.104949,1.000000,3,true,33.416540,6,objective equals makespan; due-date/tardiness fields are not available in this instance format
fair|M|mixed|45|0.1|MOEA-NSGA2,2026-06-03T14:53:12,M_mixed_seed45,M,mixed,45,50045,50045,0.1,MOEA-NSGA2,solved,,0.640792,100.442254,100.442254,745.202578,421.708603,323.493975,0.434102,11.608708,11.608708,0.640804,0.198114,0.198114,0.212263,0.213520,0.213835,1.000000,3,true,38.318090,7,objective equals makespan; due-date/tardiness fields are not available in this instance format
fair|M|mixed|45|0.1|GA,2026-06-03T14:53:11,M_mixed_seed45,M,mixed,45,50045,50045,0.1,GA,solved,,0.344656,101.992114,101.992114,759.730058,414.560558,345.169500,0.454332,11.509255,11.509255,0.344665,0.106754,0.106754,0.110305,0.110621,0.110699,1.000000,3,true,40.452388,8,objective equals makespan; due-date/tardiness fields are not available in this instance format
fair|M|mixed|45|0.1|LNS,2026-06-03T14:53:11,M_mixed_seed45,M,mixed,45,50045,50045,0.1,LNS,solved,,0.348016,103.010081,103.010081,736.280342,424.021362,312.258979,0.424103,12.484682,12.484682,0.348030,0.107602,0.107602,0.108108,0.108153,0.108164,1.000000,3,true,41.854221,9,objective equals makespan; due-date/tardiness fields are not available in this instance format
fair|M|mixed|45|0.1|MOR,2026-06-03T14:53:10,M_mixed_seed45,M,mixed,45,50045,50045,0.1,MOR,solved,,0.026613,105.642759,105.642759,657.374088,387.979191,269.394897,0.409805,8.449544,8.449544,0.026627,0.000013,0.000013,0.000014,0.000014,0.000014,0.000000,0,true,45.479657,10,objective equals makespan; due-date/tardiness fields are not available in this instance format
fair|M|mixed|45|0.5|B-CORE,2026-06-03T14:53:12,M_mixed_seed45,M,mixed,45,50045,50045,0.5,B-CORE,solved,,0.050695,72.616860,72.616860,583.637257,347.086301,236.550955,0.405305,9.479875,9.479875,0.050708,0.000289,0.000307,0.000337,0.000339,0.000340,0.000000,0,true,0.000000,1,objective equals makespan; due-date/tardiness fields are not available in this instance format
fair|M|mixed|45|0.5|B-CORE-no-graph,2026-06-03T14:53:12,M_mixed_seed45,M,mixed,45,50045,50045,0.5,B-CORE-no-graph,solved,,0.048176,72.616860,72.616860,583.637257,347.086301,236.550955,0.405305,9.479875,9.479875,0.048187,0.000278,0.000295,0.000319,0.000321,0.000322,0.000000,0,true,0.000000,2,objective equals makespan; due-date/tardiness fields are not available in this instance format
fair|M|mixed|45|0.5|B-CORE-no-bottleneck,2026-06-03T14:53:12,M_mixed_seed45,M,mixed,45,50045,50045,0.5,B-CORE-no-bottleneck,solved,,0.049546,73.016504,73.016504,633.641188,380.725912,252.915277,0.399146,11.852146,11.852146,0.049557,0.000317,0.000317,0.000332,0.000334,0.000334,0.000000,0,true,0.550346,3,objective equals makespan; due-date/tardiness fields are not available in this instance format
fair|M|mixed|45|0.5|LNS,2026-06-03T14:53:14,M_mixed_seed45,M,mixed,45,50045,50045,0.5,LNS,solved,,1.561703,86.337938,86.337938,713.072936,412.467931,300.605005,0.421563,11.867362,11.867362,1.561717,0.511658,0.511658,0.516701,0.517149,0.517261,1.000000,3,true,18.895168,4,objective equals makespan; due-date/tardiness fields are not available in this instance format
fair|M|mixed|45|0.5|GA,2026-06-03T14:53:14,M_mixed_seed45,M,mixed,45,50045,50045,0.5,GA,solved,,1.558508,87.501497,87.501497,719.177796,406.005938,313.171858,0.435458,10.297805,10.297805,1.558524,0.514014,0.514014,0.517579,0.517895,0.517975,1.000000,3,true,20.497495,5,objective equals makespan; due-date/tardiness fields are not available in this instance format
fair|M|mixed|45|0.5|DCGA,2026-06-03T14:53:14,M_mixed_seed45,M,mixed,45,50045,50045,0.5,DCGA,solved,,1.575916,89.099835,89.099835,703.045861,410.247065,292.798796,0.416472,11.631111,11.631111,1.575929,0.518727,0.518727,0.521319,0.521549,0.521607,1.000000,3,true,22.698551,6,objective equals makespan; due-date/tardiness fields are not available in this instance format
fair|M|mixed|45|0.5|MachineRank,2026-06-03T14:53:12,M_mixed_seed45,M,mixed,45,50045,50045,0.5,MachineRank,solved,,0.029679,90.063806,90.063806,697.678148,385.671130,312.007018,0.447208,12.047070,12.047070,0.029691,0.000072,0.000072,0.000125,0.000129,0.000131,0.000000,0,true,24.026026,7,objective equals makespan; due-date/tardiness fields are not available in this instance format
fair|M|mixed|45|0.5|SA,2026-06-03T14:53:14,M_mixed_seed45,M,mixed,45,50045,50045,0.5,SA,solved,,1.538596,92.508158,92.508158,699.777814,398.031810,301.746004,0.431203,11.946446,11.946446,1.538608,0.504126,0.504126,0.505725,0.505867,0.505903,1.000000,3,true,27.392121,8,objective equals makespan; due-date/tardiness fields are not available in this instance format
fair|M|mixed|45|0.5|MOEA-NSGA2,2026-06-03T14:53:15,M_mixed_seed45,M,mixed,45,50045,50045,0.5,MOEA-NSGA2,solved,,1.541485,94.068825,94.068825,758.494002,448.933276,309.560726,0.408125,11.896610,11.896610,1.541498,0.506982,0.506982,0.512138,0.512596,0.512711,1.000000,3,true,29.541301,9,objective equals makespan; due-date/tardiness fields are not available in this instance format
fair|M|mixed|45|0.5|MOR,2026-06-03T14:53:12,M_mixed_seed45,M,mixed,45,50045,50045,0.5,MOR,solved,,0.024367,105.642759,105.642759,657.374088,387.979191,269.394897,0.409805,8.449544,8.449544,0.024380,0.000010,0.000010,0.000011,0.000011,0.000011,0.000000,0,true,45.479657,10,objective equals makespan; due-date/tardiness fields are not available in this instance format
fair|M|mixed|45|1.0|B-CORE,2026-06-03T14:53:14,M_mixed_seed45,M,mixed,45,50045,50045,1.0,B-CORE,solved,,0.051032,72.616860,72.616860,583.637257,347.086301,236.550955,0.405305,9.479875,9.479875,0.051045,0.000296,0.000307,0.000334,0.000336,0.000337,0.000000,0,true,0.000000,1,objective equals makespan; due-date/tardiness fields are not available in this instance format
fair|M|mixed|45|1.0|B-CORE-no-graph,2026-06-03T14:53:14,M_mixed_seed45,M,mixed,45,50045,50045,1.0,B-CORE-no-graph,solved,,0.050075,72.616860,72.616860,583.637257,347.086301,236.550955,0.405305,9.479875,9.479875,0.050089,0.000289,0.000313,0.000326,0.000327,0.000327,0.000000,0,true,0.000000,2,objective equals makespan; due-date/tardiness fields are not available in this instance format
fair|M|mixed|45|1.0|B-CORE-no-bottleneck,2026-06-03T14:53:14,M_mixed_seed45,M,mixed,45,50045,50045,1.0,B-CORE-no-bottleneck,solved,,0.051128,73.016504,73.016504,633.641188,380.725912,252.915277,0.399146,11.852146,11.852146,0.051142,0.000336,0.000336,0.000354,0.000355,0.000356,0.000000,0,true,0.550346,3,objective equals makespan; due-date/tardiness fields are not available in this instance format
fair|M|mixed|45|1.0|GA,2026-06-03T14:53:17,M_mixed_seed45,M,mixed,45,50045,50045,1.0,GA,solved,,3.046511,83.088602,83.088602,669.505767,360.449365,309.056402,0.461619,10.179791,10.179791,3.046523,1.008762,1.008762,1.014029,1.014497,1.014614,1.000000,3,true,14.420538,4,objective equals makespan; due-date/tardiness fields are not available in this instance format
fair|M|mixed|45|1.0|LNS,2026-06-03T14:53:17,M_mixed_seed45,M,mixed,45,50045,50045,1.0,LNS,solved,,3.051632,86.337938,86.337938,713.072936,412.467931,300.605005,0.421563,11.867362,11.867362,3.051646,1.013777,1.013777,1.018232,1.018628,1.018727,1.000000,3,true,18.895168,5,objective equals makespan; due-date/tardiness fields are not available in this instance format
fair|M|mixed|45|1.0|DCGA,2026-06-03T14:53:17,M_mixed_seed45,M,mixed,45,50045,50045,1.0,DCGA,solved,,3.051524,86.456580,86.456580,727.520788,446.869841,280.650947,0.385763,10.780531,10.780531,3.051537,1.009293,1.009293,1.012606,1.012900,1.012974,1.000000,3,true,19.058549,6,objective equals makespan; due-date/tardiness fields are not available in this instance format
fair|M|mixed|45|1.0|MOEA-NSGA2,2026-06-03T14:53:17,M_mixed_seed45,M,mixed,45,50045,50045,1.0,MOEA-NSGA2,solved,,3.048189,87.443477,87.443477,723.097182,411.370537,311.726645,0.431099,11.967350,11.967350,3.048203,1.011353,1.011353,1.015926,1.016333,1.016435,1.000000,3,true,20.417596,7,objective equals makespan; due-date/tardiness fields are not available in this instance format
fair|M|mixed|45|1.0|MachineRank,2026-06-03T14:53:14,M_mixed_seed45,M,mixed,45,50045,50045,1.0,MachineRank,solved,,0.030906,90.063806,90.063806,697.678148,385.671130,312.007018,0.447208,12.047070,12.047070,0.030919,0.000080,0.000080,0.000138,0.000143,0.000144,0.000000,0,true,24.026026,8,objective equals makespan; due-date/tardiness fields are not available in this instance format
fair|M|mixed|45|1.0|SA,2026-06-03T14:53:17,M_mixed_seed45,M,mixed,45,50045,50045,1.0,SA,solved,,3.055761,92.508158,92.508158,699.777814,398.031810,301.746004,0.431203,11.946446,11.946446,3.055775,1.008123,1.008123,1.012192,1.012554,1.012644,1.000000,3,true,27.392121,9,objective equals makespan; due-date/tardiness fields are not available in this instance format
fair|M|mixed|45|1.0|MOR,2026-06-03T14:53:14,M_mixed_seed45,M,mixed,45,50045,50045,1.0,MOR,solved,,0.019815,105.642759,105.642759,657.374088,387.979191,269.394897,0.409805,8.449544,8.449544,0.019825,0.000011,0.000011,0.000011,0.000011,0.000012,0.000000,0,true,45.479657,10,objective equals makespan; due-date/tardiness fields are not available in this instance format
fair|M|mixed|45|5.0|B-CORE,2026-06-03T14:53:15,M_mixed_seed45,M,mixed,45,50045,50045,5.0,B-CORE,solved,,0.049483,72.616860,72.616860,583.637257,347.086301,236.550955,0.405305,9.479875,9.479875,0.049498,0.000289,0.000309,0.000323,0.000324,0.000324,0.000000,0,true,0.000000,1,objective equals makespan; due-date/tardiness fields are not available in this instance format
fair|M|mixed|45|5.0|B-CORE-no-graph,2026-06-03T14:53:15,M_mixed_seed45,M,mixed,45,50045,50045,5.0,B-CORE-no-graph,solved,,0.048822,72.616860,72.616860,583.637257,347.086301,236.550955,0.405305,9.479875,9.479875,0.048837,0.000277,0.000297,0.000317,0.000319,0.000320,0.000000,0,true,0.000000,2,objective equals makespan; due-date/tardiness fields are not available in this instance format
fair|M|mixed|45|5.0|B-CORE-no-bottleneck,2026-06-03T14:53:15,M_mixed_seed45,M,mixed,45,50045,50045,5.0,B-CORE-no-bottleneck,solved,,0.052013,73.016504,73.016504,633.641188,380.725912,252.915277,0.399146,11.852146,11.852146,0.052026,0.000347,0.000347,0.000363,0.000364,0.000365,0.000000,0,true,0.550346,3,objective equals makespan; due-date/tardiness fields are not available in this instance format
fair|M|mixed|45|5.0|LNS,2026-06-03T14:53:35,M_mixed_seed45,M,mixed,45,50045,50045,5.0,LNS,solved,,20.052185,76.551486,76.551486,670.969626,384.014956,286.954670,0.427672,9.470740,9.470740,20.052197,5.008597,5.006920,5.012301,5.012779,5.012899,1.000000,4,true,5.418337,4,objective equals makespan; due-date/tardiness fields are not available in this instance format
fair|M|mixed|45|5.0|GA,2026-06-03T14:53:32,M_mixed_seed45,M,mixed,45,50045,50045,5.0,GA,solved,,15.047636,76.691160,76.691160,632.432363,351.744893,280.687470,0.443822,10.647900,10.647900,15.047650,5.007264,5.007264,5.008935,5.009083,5.009120,1.000000,3,true,5.610680,5,objective equals makespan; due-date/tardiness fields are not available in this instance format
fair|M|mixed|45|5.0|MOEA-NSGA2,2026-06-03T14:53:32,M_mixed_seed45,M,mixed,45,50045,50045,5.0,MOEA-NSGA2,solved,,15.058994,79.352393,79.352393,609.812276,358.950481,250.861794,0.411375,9.429342,9.429342,15.059005,5.012003,5.012003,5.013102,5.013200,5.013224,1.000000,3,true,9.275440,6,objective equals makespan; due-date/tardiness fields are not available in this instance format
fair|M|mixed|45|5.0|DCGA,2026-06-03T14:53:32,M_mixed_seed45,M,mixed,45,50045,50045,5.0,DCGA,solved,,15.047228,81.651804,81.651804,683.627684,395.056277,288.571407,0.422118,11.254398,11.254398,15.047242,5.007151,5.007151,5.008844,5.008994,5.009032,1.000000,3,true,12.441937,7,objective equals makespan; due-date/tardiness fields are not available in this instance format
fair|M|mixed|45|5.0|SA,2026-06-03T14:53:32,M_mixed_seed45,M,mixed,45,50045,50045,5.0,SA,solved,,15.043963,89.125782,89.125782,764.374197,444.758510,319.615686,0.418140,11.728337,11.728337,15.043973,5.011424,5.011424,5.014027,5.014258,5.014316,1.000000,3,true,22.734282,8,objective equals makespan; due-date/tardiness fields are not available in this instance format
fair|M|mixed|45|5.0|MachineRank,2026-06-03T14:53:15,M_mixed_seed45,M,mixed,45,50045,50045,5.0,MachineRank,solved,,0.029953,90.063806,90.063806,697.678148,385.671130,312.007018,0.447208,12.047070,12.047070,0.029967,0.000071,0.000071,0.000125,0.000130,0.000131,0.000000,0,true,24.026026,9,objective equals makespan; due-date/tardiness fields are not available in this instance format
fair|M|mixed|45|5.0|MOR,2026-06-03T14:53:15,M_mixed_seed45,M,mixed,45,50045,50045,5.0,MOR,solved,,0.024578,105.642759,105.642759,657.374088,387.979191,269.394897,0.409805,8.449544,8.449544,0.024591,0.000012,0.000012,0.000014,0.000014,0.000014,0.000000,0,true,45.479657,10,objective equals makespan; due-date/tardiness fields are not available in this instance format
fair|M|mixed|45|10.0|B-CORE,2026-06-03T14:53:17,M_mixed_seed45,M,mixed,45,50045,50045,10.0,B-CORE,solved,,0.048786,72.616860,72.616860,583.637257,347.086301,236.550955,0.405305,9.479875,9.479875,0.048797,0.000279,0.000302,0.000323,0.000325,0.000325,0.000000,0,true,0.000000,1,objective equals makespan; due-date/tardiness fields are not available in this instance format
fair|M|mixed|45|10.0|B-CORE-no-graph,2026-06-03T14:53:18,M_mixed_seed45,M,mixed,45,50045,50045,10.0,B-CORE-no-graph,solved,,0.049634,72.616860,72.616860,583.637257,347.086301,236.550955,0.405305,9.479875,9.479875,0.049647,0.000280,0.000295,0.000323,0.000325,0.000326,0.000000,0,true,0.000000,2,objective equals makespan; due-date/tardiness fields are not available in this instance format
fair|M|mixed|45|10.0|B-CORE-no-bottleneck,2026-06-03T14:53:18,M_mixed_seed45,M,mixed,45,50045,50045,10.0,B-CORE-no-bottleneck,solved,,0.050065,73.016504,73.016504,633.641188,380.725912,252.915277,0.399146,11.852146,11.852146,0.050078,0.000315,0.000315,0.000325,0.000326,0.000326,0.000000,0,true,0.550346,3,objective equals makespan; due-date/tardiness fields are not available in this instance format
fair|M|mixed|45|10.0|MOEA-NSGA2,2026-06-03T14:54:02,M_mixed_seed45,M,mixed,45,50045,50045,10.0,MOEA-NSGA2,solved,,30.046187,73.208495,73.208495,568.757489,319.512654,249.244835,0.438227,10.261710,10.261710,30.046202,10.006940,10.006940,10.008941,10.009119,10.009163,1.000000,3,true,0.814735,4,objective equals makespan; due-date/tardiness fields are not available in this instance format
fair|M|mixed|45|10.0|LNS,2026-06-03T14:53:52,M_mixed_seed45,M,mixed,45,50045,50045,10.0,LNS,solved,,33.924249,76.551486,76.551486,670.969626,384.014956,286.954670,0.427672,9.470740,9.470740,33.924263,8.460053,8.047508,9.292826,9.403521,9.431194,0.000000,0,true,5.418337,5,objective equals makespan; due-date/tardiness fields are not available in this instance format
fair|M|mixed|45|10.0|DCGA,2026-06-03T14:53:55,M_mixed_seed45,M,mixed,45,50045,50045,10.0,DCGA,solved,,30.060744,77.067318,77.067318,633.688257,383.929937,249.758320,0.394134,11.040068,11.040068,30.060755,10.014679,10.014679,10.018250,10.018568,10.018647,1.000000,3,true,6.128684,6,objective equals makespan; due-date/tardiness fields are not available in this instance format
fair|M|mixed|45|10.0|SA,2026-06-03T14:53:59,M_mixed_seed45,M,mixed,45,50045,50045,10.0,SA,solved,,27.010367,80.593930,80.593930,706.098205,394.780403,311.317802,0.440899,11.187525,11.187525,27.010382,9.215325,9.215325,9.915116,9.977320,9.992871,0.000000,0,true,10.985149,7,objective equals makespan; due-date/tardiness fields are not available in this instance format
fair|M|mixed|45|10.0|GA,2026-06-03T14:53:48,M_mixed_seed45,M,mixed,45,50045,50045,10.0,GA,solved,,30.060828,82.618727,82.618727,703.271703,414.466232,288.805471,0.410660,10.575011,10.575011,30.060842,10.012471,10.012471,10.015293,10.015544,10.015607,1.000000,3,true,13.773478,8,objective equals makespan; due-date/tardiness fields are not available in this instance format
fair|M|mixed|45|10.0|MachineRank,2026-06-03T14:53:18,M_mixed_seed45,M,mixed,45,50045,50045,10.0,MachineRank,solved,,0.029837,90.063806,90.063806,697.678148,385.671130,312.007018,0.447208,12.047070,12.047070,0.029849,0.000079,0.000079,0.000138,0.000143,0.000144,0.000000,0,true,24.026026,9,objective equals makespan; due-date/tardiness fields are not available in this instance format
fair|M|mixed|45|10.0|MOR,2026-06-03T14:53:18,M_mixed_seed45,M,mixed,45,50045,50045,10.0,MOR,solved,,0.024352,105.642759,105.642759,657.374088,387.979191,269.394897,0.409805,8.449544,8.449544,0.024364,0.000010,0.000010,0.000010,0.000010,0.000010,0.000000,0,true,45.479657,10,objective equals makespan; due-date/tardiness fields are not available in this instance format
fair|M|mixed|46|0.1|B-CORE,2026-06-03T14:53:32,M_mixed_seed46,M,mixed,46,50046,50046,0.1,B-CORE,solved,,0.038723,77.839603,77.839603,662.974875,440.395286,222.579589,0.335729,11.684352,11.684352,0.038735,0.000222,0.000222,0.000225,0.000226,0.000226,0.000000,0,true,0.000000,1,objective equals makespan; due-date/tardiness fields are not available in this instance format
fair|M|mixed|46|0.1|B-CORE-no-graph,2026-06-03T14:53:32,M_mixed_seed46,M,mixed,46,50046,50046,0.1,B-CORE-no-graph,solved,,0.054363,77.839603,77.839603,662.974875,440.395286,222.579589,0.335729,11.684352,11.684352,0.054376,0.002773,0.002773,0.004962,0.005156,0.005205,0.000000,0,true,0.000000,2,objective equals makespan; due-date/tardiness fields are not available in this instance format
fair|M|mixed|46|0.1|B-CORE-no-bottleneck,2026-06-03T14:53:32,M_mixed_seed46,M,mixed,46,50046,50046,0.1,B-CORE-no-bottleneck,solved,,0.050531,80.873666,80.873666,739.485277,420.352232,319.133046,0.431561,14.724439,14.724439,0.050543,0.000341,0.000341,0.000367,0.000369,0.000370,0.000000,0,true,3.897840,3,objective equals makespan; due-date/tardiness fields are not available in this instance format
fair|M|mixed|46|0.1|MachineRank,2026-06-03T14:53:32,M_mixed_seed46,M,mixed,46,50046,50046,0.1,MachineRank,solved,,0.024935,87.874390,87.874390,764.393673,426.189552,338.204121,0.442448,16.180616,16.180616,0.024945,0.000072,0.000072,0.000127,0.000132,0.000133,0.000000,0,true,12.891622,4,objective equals makespan; due-date/tardiness fields are not available in this instance format
fair|M|mixed|46|0.1|LNS,2026-06-03T14:53:33,M_mixed_seed46,M,mixed,46,50046,50046,0.1,LNS,solved,,0.338393,95.101543,95.101543,841.459776,456.472358,384.987418,0.457523,15.579722,15.579722,0.338406,0.106232,0.106232,0.108909,0.109147,0.109207,1.000000,3,true,22.176295,5,objective equals makespan; due-date/tardiness fields are not available in this instance format
fair|M|mixed|46|0.1|MOEA-NSGA2,2026-06-03T14:53:34,M_mixed_seed46,M,mixed,46,50046,50046,0.1,MOEA-NSGA2,solved,,0.546272,95.717324,95.717324,734.684712,419.586919,315.097793,0.428888,13.000046,13.000046,0.546287,0.169265,0.169265,0.191724,0.193720,0.194219,1.000000,3,true,22.967385,6,objective equals makespan; due-date/tardiness fields are not available in this instance format
fair|M|mixed|46|0.1|GA,2026-06-03T14:53:33,M_mixed_seed46,M,mixed,46,50046,50046,0.1,GA,solved,,0.445060,95.870996,95.870996,749.498064,405.036917,344.461147,0.459589,11.548685,11.548685,0.445072,0.106624,0.106663,0.110533,0.110877,0.110963,1.000000,4,true,23.164806,7,objective equals makespan; due-date/tardiness fields are not available in this instance format
fair|M|mixed|46|0.1|SA,2026-06-03T14:53:33,M_mixed_seed46,M,mixed,46,50046,50046,0.1,SA,solved,,0.352473,98.476906,98.476906,792.640745,464.723766,327.916980,0.413702,14.132389,14.132389,0.352483,0.109087,0.109087,0.112003,0.112263,0.112327,1.000000,3,true,26.512601,8,objective equals makespan; due-date/tardiness fields are not available in this instance format
fair|M|mixed|46|0.1|MOR,2026-06-03T14:53:33,M_mixed_seed46,M,mixed,46,50046,50046,0.1,MOR,solved,,0.023373,100.122255,100.122255,667.958316,368.487667,299.470648,0.448337,9.812413,9.812413,0.023384,0.000008,0.000009,0.000009,0.000009,0.000009,0.000000,0,true,28.626369,9,objective equals makespan; due-date/tardiness fields are not available in this instance format
fair|M|mixed|46|0.1|DCGA,2026-06-03T14:53:33,M_mixed_seed46,M,mixed,46,50046,50046,0.1,DCGA,solved,,0.461493,103.105628,103.105628,902.220122,502.272608,399.947514,0.443293,16.029188,16.029188,0.461506,0.108817,0.109426,0.112055,0.112289,0.112347,1.000000,4,true,32.459088,10,objective equals makespan; due-date/tardiness fields are not available in this instance format
fair|M|mixed|46|0.5|B-CORE,2026-06-03T14:53:33,M_mixed_seed46,M,mixed,46,50046,50046,0.5,B-CORE,solved,,0.049964,77.839603,77.839603,662.974875,440.395286,222.579589,0.335729,11.684352,11.684352,0.049977,0.000347,0.000347,0.000360,0.000361,0.000362,0.000000,0,true,0.000000,1,objective equals makespan; due-date/tardiness fields are not available in this instance format
fair|M|mixed|46|0.5|B-CORE-no-graph,2026-06-03T14:53:33,M_mixed_seed46,M,mixed,46,50046,50046,0.5,B-CORE-no-graph,solved,,0.049036,77.839603,77.839603,662.974875,440.395286,222.579589,0.335729,11.684352,11.684352,0.049049,0.000338,0.000338,0.000351,0.000352,0.000352,0.000000,0,true,0.000000,2,objective equals makespan; due-date/tardiness fields are not available in this instance format
fair|M|mixed|46|0.5|B-CORE-no-bottleneck,2026-06-03T14:53:33,M_mixed_seed46,M,mixed,46,50046,50046,0.5,B-CORE-no-bottleneck,solved,,0.049719,80.873666,80.873666,739.485277,420.352232,319.133046,0.431561,14.724439,14.724439,0.049730,0.000301,0.000301,0.000303,0.000303,0.000303,0.000000,0,true,3.897840,3,objective equals makespan; due-date/tardiness fields are not available in this instance format
fair|M|mixed|46|0.5|MOEA-NSGA2,2026-06-03T14:53:37,M_mixed_seed46,M,mixed,46,50046,50046,0.5,MOEA-NSGA2,solved,,1.559722,85.232733,85.232733,711.700101,418.683567,293.016534,0.411713,12.662358,12.662358,1.559735,0.514181,0.514181,0.518621,0.519015,0.519114,1.000000,3,true,9.497903,4,objective equals makespan; due-date/tardiness fields are not available in this instance format
fair|M|mixed|46|0.5|MachineRank,2026-06-03T14:53:33,M_mixed_seed46,M,mixed,46,50046,50046,0.5,MachineRank,solved,,0.029151,87.874390,87.874390,764.393673,426.189552,338.204121,0.442448,16.180616,16.180616,0.029162,0.000073,0.000073,0.000123,0.000128,0.000129,0.000000,0,true,12.891622,5,objective equals makespan; due-date/tardiness fields are not available in this instance format
fair|M|mixed|46|0.5|DCGA,2026-06-03T14:53:36,M_mixed_seed46,M,mixed,46,50046,50046,0.5,DCGA,solved,,2.071677,88.088526,88.088526,786.121992,449.959352,336.162641,0.427621,13.846428,13.846428,2.071691,0.510543,0.508702,0.515751,0.516377,0.516534,1.000000,4,true,13.166721,6,objective equals makespan; due-date/tardiness fields are not available in this instance format
fair|M|mixed|46|0.5|LNS,2026-06-03T14:53:35,M_mixed_seed46,M,mixed,46,50046,50046,0.5,LNS,solved,,1.550216,88.738690,88.738690,819.290639,454.223881,365.066757,0.445589,14.195996,14.195996,1.550229,0.511297,0.511297,0.515245,0.515596,0.515684,1.000000,3,true,14.001982,7,objective equals makespan; due-date/tardiness fields are not available in this instance format
fair|M|mixed|46|0.5|SA,2026-06-03T14:53:36,M_mixed_seed46,M,mixed,46,50046,50046,0.5,SA,solved,,1.565424,89.270458,89.270458,746.670986,468.181184,278.489801,0.372975,13.896878,13.896878,1.565438,0.517154,0.517154,0.518841,0.518991,0.519028,1.000000,3,true,14.685140,8,objective equals makespan; due-date/tardiness fields are not available in this instance format
fair|M|mixed|46|0.5|GA,2026-06-03T14:53:35,M_mixed_seed46,M,mixed,46,50046,50046,0.5,GA,solved,,1.554141,93.331336,93.331336,696.855359,370.438733,326.416626,0.468414,12.779063,12.779063,1.554155,0.513052,0.513052,0.514418,0.514540,0.514570,1.000000,3,true,19.902122,9,objective equals makespan; due-date/tardiness fields are not available in this instance format
fair|M|mixed|46|0.5|MOR,2026-06-03T14:53:34,M_mixed_seed46,M,mixed,46,50046,50046,0.5,MOR,solved,,0.023243,100.122255,100.122255,667.958316,368.487667,299.470648,0.448337,9.812413,9.812413,0.023255,0.000008,0.000009,0.000009,0.000009,0.000009,0.000000,0,true,28.626369,10,objective equals makespan; due-date/tardiness fields are not available in this instance format
fair|M|mixed|46|1.0|DCGA,2026-06-03T14:53:39,M_mixed_seed46,M,mixed,46,50046,50046,1.0,DCGA,solved,,3.053875,75.197757,75.197757,665.651482,385.622580,280.028902,0.420684,10.965008,10.965008,3.053887,1.009026,1.009026,1.014087,1.014537,1.014649,1.000000,3,true,0.000000,1,objective equals makespan; due-date/tardiness fields are not available in this instance format
fair|M|mixed|46|1.0|B-CORE,2026-06-03T14:53:35,M_mixed_seed46,M,mixed,46,50046,50046,1.0,B-CORE,solved,,0.049718,77.839603,77.839603,662.974875,440.395286,222.579589,0.335729,11.684352,11.684352,0.049731,0.000342,0.000342,0.000358,0.000359,0.000359,0.000000,0,true,3.513198,2,objective equals makespan; due-date/tardiness fields are not available in this instance format
fair|M|mixed|46|1.0|B-CORE-no-graph,2026-06-03T14:53:35,M_mixed_seed46,M,mixed,46,50046,50046,1.0,B-CORE-no-graph,solved,,0.049926,77.839603,77.839603,662.974875,440.395286,222.579589,0.335729,11.684352,11.684352,0.049939,0.000346,0.000346,0.000349,0.000349,0.000349,0.000000,0,true,3.513198,3,objective equals makespan; due-date/tardiness fields are not available in this instance format
fair|M|mixed|46|1.0|MOEA-NSGA2,2026-06-03T14:53:40,M_mixed_seed46,M,mixed,46,50046,50046,1.0,MOEA-NSGA2,solved,,3.046356,78.798519,78.798519,715.127240,400.201702,314.925538,0.440377,13.180529,13.180529,3.046370,1.010648,1.010648,1.017691,1.018317,1.018473,1.000000,3,true,4.788390,4,objective equals makespan; due-date/tardiness fields are not available in this instance format
fair|M|mixed|46|1.0|B-CORE-no-bottleneck,2026-06-03T14:53:36,M_mixed_seed46,M,mixed,46,50046,50046,1.0,B-CORE-no-bottleneck,solved,,0.049881,80.873666,80.873666,739.485277,420.352232,319.133046,0.431561,14.724439,14.724439,0.049894,0.000306,0.000306,0.000310,0.000310,0.000310,0.000000,0,true,7.547976,5,objective equals makespan; due-date/tardiness fields are not available in this instance format
fair|M|mixed|46|1.0|LNS,2026-06-03T14:53:39,M_mixed_seed46,M,mixed,46,50046,50046,1.0,LNS,solved,,3.058109,86.880214,86.880214,720.286997,423.681920,296.605077,0.411787,13.905447,13.905447,3.058123,1.009738,1.009738,1.015711,1.016242,1.016374,1.000000,3,true,15.535646,6,objective equals makespan; due-date/tardiness fields are not available in this instance format
fair|M|mixed|46|1.0|MachineRank,2026-06-03T14:53:36,M_mixed_seed46,M,mixed,46,50046,50046,1.0,MachineRank,solved,,0.029579,87.874390,87.874390,764.393673,426.189552,338.204121,0.442448,16.180616,16.180616,0.029592,0.000075,0.000075,0.000127,0.000132,0.000133,0.000000,0,true,16.857728,7,objective equals makespan; due-date/tardiness fields are not available in this instance format
fair|M|mixed|46|1.0|SA,2026-06-03T14:53:40,M_mixed_seed46,M,mixed,46,50046,50046,1.0,SA,solved,,3.064743,89.270458,89.270458,746.670986,468.181184,278.489801,0.372975,13.896878,13.896878,3.064757,1.012869,1.012869,1.016164,1.016457,1.016530,1.000000,3,true,18.714256,8,objective equals makespan; due-date/tardiness fields are not available in this instance format
fair|M|mixed|46|1.0|GA,2026-06-03T14:53:39,M_mixed_seed46,M,mixed,46,50046,50046,1.0,GA,solved,,3.034039,91.318970,91.318970,732.528787,406.923782,325.605005,0.444494,11.323459,11.323459,3.034052,1.004399,1.004399,1.007047,1.007282,1.007341,1.000000,3,true,21.438423,9,objective equals makespan; due-date/tardiness fields are not available in this instance format
fair|M|mixed|46|1.0|MOR,2026-06-03T14:53:36,M_mixed_seed46,M,mixed,46,50046,50046,1.0,MOR,solved,,0.024099,100.122255,100.122255,667.958316,368.487667,299.470648,0.448337,9.812413,9.812413,0.024112,0.000008,0.000008,0.000009,0.000009,0.000010,0.000000,0,true,33.145268,10,objective equals makespan; due-date/tardiness fields are not available in this instance format
fair|M|mixed|46|5.0|DCGA,2026-06-03T14:53:55,M_mixed_seed46,M,mixed,46,50046,50046,5.0,DCGA,solved,,15.046840,69.981017,69.981017,595.180322,366.625745,228.554577,0.384009,9.406691,9.406691,15.046853,5.011172,5.011172,5.015273,5.015638,5.015729,1.000000,3,true,0.000000,1,objective equals makespan; due-date/tardiness fields are not available in this instance format
fair|M|mixed|46|5.0|LNS,2026-06-03T14:53:54,M_mixed_seed46,M,mixed,46,50046,50046,5.0,LNS,solved,,15.041497,70.360716,70.360716,511.811511,323.258103,188.553408,0.368404,8.283306,8.283306,15.041509,5.004562,5.004562,5.005772,5.005880,5.005907,1.000000,3,true,0.542574,2,objective equals makespan; due-date/tardiness fields are not available in this instance format
fair|M|mixed|46|5.0|GA,2026-06-03T14:53:54,M_mixed_seed46,M,mixed,46,50046,50046,5.0,GA,solved,,15.055795,73.998665,73.998665,605.532961,339.640009,265.892951,0.439106,9.776767,9.776767,15.055809,5.014933,5.014933,5.019160,5.019536,5.019630,1.000000,3,true,5.741054,3,objective equals makespan; due-date/tardiness fields are not available in this instance format
fair|M|mixed|46|5.0|MOEA-NSGA2,2026-06-03T14:53:55,M_mixed_seed46,M,mixed,46,50046,50046,5.0,MOEA-NSGA2,solved,,15.059886,77.769470,77.769470,652.828899,383.965225,268.863673,0.411844,10.504237,10.504237,15.059899,5.012580,5.012580,5.019059,5.019635,5.019779,1.000000,3,true,11.129380,4,objective equals makespan; due-date/tardiness fields are not available in this instance format
fair|M|mixed|46|5.0|B-CORE,2026-06-03T14:53:39,M_mixed_seed46,M,mixed,46,50046,50046,5.0,B-CORE,solved,,0.049522,77.839603,77.839603,662.974875,440.395286,222.579589,0.335729,11.684352,11.684352,0.049535,0.000337,0.000337,0.000349,0.000350,0.000350,0.000000,0,true,11.229597,5,objective equals makespan; due-date/tardiness fields are not available in this instance format
fair|M|mixed|46|5.0|B-CORE-no-graph,2026-06-03T14:53:39,M_mixed_seed46,M,mixed,46,50046,50046,5.0,B-CORE-no-graph,solved,,0.049543,77.839603,77.839603,662.974875,440.395286,222.579589,0.335729,11.684352,11.684352,0.049555,0.000351,0.000351,0.000360,0.000360,0.000361,0.000000,0,true,11.229597,6,objective equals makespan; due-date/tardiness fields are not available in this instance format
fair|M|mixed|46|5.0|B-CORE-no-bottleneck,2026-06-03T14:53:39,M_mixed_seed46,M,mixed,46,50046,50046,5.0,B-CORE-no-bottleneck,solved,,0.049962,80.873666,80.873666,739.485277,420.352232,319.133046,0.431561,14.724439,14.724439,0.049973,0.000303,0.000303,0.000306,0.000306,0.000306,0.000000,0,true,15.565148,7,objective equals makespan; due-date/tardiness fields are not available in this instance format
fair|M|mixed|46|5.0|MachineRank,2026-06-03T14:53:39,M_mixed_seed46,M,mixed,46,50046,50046,5.0,MachineRank,solved,,0.029326,87.874390,87.874390,764.393673,426.189552,338.204121,0.442448,16.180616,16.180616,0.029337,0.000076,0.000076,0.000129,0.000134,0.000135,0.000000,0,true,25.568895,8,objective equals makespan; due-date/tardiness fields are not available in this instance format
fair|M|mixed|46|5.0|SA,2026-06-03T14:53:55,M_mixed_seed46,M,mixed,46,50046,50046,5.0,SA,solved,,15.031773,90.293022,90.293022,696.167717,406.979682,289.188035,0.415400,11.793660,11.793660,15.031784,5.002571,5.002571,5.003275,5.003338,5.003354,1.000000,3,true,29.025021,9,objective equals makespan; due-date/tardiness fields are not available in this instance format
fair|M|mixed|46|5.0|MOR,2026-06-03T14:53:39,M_mixed_seed46,M,mixed,46,50046,50046,5.0,MOR,solved,,0.015687,100.122255,100.122255,667.958316,368.487667,299.470648,0.448337,9.812413,9.812413,0.015696,0.000006,0.000006,0.000006,0.000006,0.000006,0.000000,0,true,43.070592,10,objective equals makespan; due-date/tardiness fields are not available in this instance format
fair|M|mixed|46|10.0|GA,2026-06-03T14:54:29,M_mixed_seed46,M,mixed,46,50046,50046,10.0,GA,solved,,40.046942,67.587282,67.587282,523.075522,300.802764,222.272759,0.424934,9.229154,9.229154,40.046957,10.005275,10.002461,10.011501,10.012305,10.012506,1.000000,4,true,0.000000,1,objective equals makespan; due-date/tardiness fields are not available in this instance format
fair|M|mixed|46|10.0|DCGA,2026-06-03T14:54:20,M_mixed_seed46,M,mixed,46,50046,50046,10.0,DCGA,solved,,30.055382,68.270279,68.270279,558.084061,333.084104,224.999957,0.403165,9.277597,9.277597,30.055395,10.009191,10.009191,10.016407,10.017048,10.017209,1.000000,3,true,1.010541,2,objective equals makespan; due-date/tardiness fields are not available in this instance format
fair|M|mixed|46|10.0|LNS,2026-06-03T14:54:07,M_mixed_seed46,M,mixed,46,50046,50046,10.0,LNS,solved,,26.688823,70.360716,70.360716,511.811511,323.258103,188.553408,0.368404,8.283306,8.283306,26.688837,9.143960,9.143960,9.926330,9.995874,10.013260,0.333333,1,true,4.103485,3,objective equals makespan; due-date/tardiness fields are not available in this instance format
fair|M|mixed|46|10.0|MOEA-NSGA2,2026-06-03T14:54:24,M_mixed_seed46,M,mixed,46,50046,50046,10.0,MOEA-NSGA2,solved,,30.054065,70.510258,70.510258,570.949553,323.858877,247.090676,0.432771,9.668991,9.668991,30.054079,10.013372,10.013372,10.014443,10.014538,10.014562,1.000000,3,true,4.324743,4,objective equals makespan; due-date/tardiness fields are not available in this instance format
fair|M|mixed|46|10.0|SA,2026-06-03T14:54:19,M_mixed_seed46,M,mixed,46,50046,50046,10.0,SA,solved,,27.194844,76.467628,76.467628,584.851683,359.373993,225.477690,0.385530,11.948984,11.948984,27.194858,9.585689,9.585689,9.973815,10.008315,10.016940,0.333333,1,true,13.139078,5,objective equals makespan; due-date/tardiness fields are not available in this instance format
fair|M|mixed|46|10.0|B-CORE,2026-06-03T14:53:40,M_mixed_seed46,M,mixed,46,50046,50046,10.0,B-CORE,solved,,0.033189,77.839603,77.839603,662.974875,440.395286,222.579589,0.335729,11.684352,11.684352,0.033198,0.000217,0.000217,0.000220,0.000221,0.000221,0.000000,0,true,15.169009,6,objective equals makespan; due-date/tardiness fields are not available in this instance format
fair|M|mixed|46|10.0|B-CORE-no-graph,2026-06-03T14:53:40,M_mixed_seed46,M,mixed,46,50046,50046,10.0,B-CORE-no-graph,solved,,0.032722,77.839603,77.839603,662.974875,440.395286,222.579589,0.335729,11.684352,11.684352,0.032731,0.000219,0.000219,0.000229,0.000229,0.000230,0.000000,0,true,15.169009,7,objective equals makespan; due-date/tardiness fields are not available in this instance format
fair|M|mixed|46|10.0|B-CORE-no-bottleneck,2026-06-03T14:53:40,M_mixed_seed46,M,mixed,46,50046,50046,10.0,B-CORE-no-bottleneck,solved,,0.034665,80.873666,80.873666,739.485277,420.352232,319.133046,0.431561,14.724439,14.724439,0.034674,0.000202,0.000202,0.000204,0.000204,0.000204,0.000000,0,true,19.658113,8,objective equals makespan; due-date/tardiness fields are not available in this instance format
fair|M|mixed|46|10.0|MachineRank,2026-06-03T14:53:40,M_mixed_seed46,M,mixed,46,50046,50046,10.0,MachineRank,solved,,0.020260,87.874390,87.874390,764.393673,426.189552,338.204121,0.442448,16.180616,16.180616,0.020269,0.000050,0.000050,0.000085,0.000088,0.000089,0.000000,0,true,30.016162,9,objective equals makespan; due-date/tardiness fields are not available in this instance format
fair|M|mixed|46|10.0|MOR,2026-06-03T14:53:40,M_mixed_seed46,M,mixed,46,50046,50046,10.0,MOR,solved,,0.015917,100.122255,100.122255,667.958316,368.487667,299.470648,0.448337,9.812413,9.812413,0.015926,0.000006,0.000006,0.000007,0.000007,0.000007,0.000000,0,true,48.137715,10,objective equals makespan; due-date/tardiness fields are not available in this instance format
fair|L|breakdown|42|0.1|B-CORE,2026-06-03T14:53:55,L_breakdown_seed42,L,breakdown,42,30042,30042,0.1,B-CORE,solved,,0.183039,157.391420,157.391420,2177.436444,1348.947403,828.489040,0.380488,22.186863,22.186863,0.183053,0.000392,0.000408,0.000426,0.000428,0.000428,0.000000,0,true,0.000000,1,objective equals makespan; due-date/tardiness fields are not available in this instance format
fair|L|breakdown|42|0.1|B-CORE-no-graph,2026-06-03T14:53:55,L_breakdown_seed42,L,breakdown,42,30042,30042,0.1,B-CORE-no-graph,solved,,0.157874,157.391420,157.391420,2177.436444,1348.947403,828.489040,0.380488,22.186863,22.186863,0.157886,0.000408,0.000419,0.000470,0.000475,0.000476,0.000000,0,true,0.000000,2,objective equals makespan; due-date/tardiness fields are not available in this instance format
fair|L|breakdown|42|0.1|B-CORE-no-bottleneck,2026-06-03T14:53:55,L_breakdown_seed42,L,breakdown,42,30042,30042,0.1,B-CORE-no-bottleneck,solved,,0.184251,173.799398,173.799398,2511.629535,1519.342275,992.287259,0.395077,28.279573,28.279573,0.184263,0.000423,0.000410,0.000463,0.000467,0.000468,0.000000,0,true,10.424951,3,objective equals makespan; due-date/tardiness fields are not available in this instance format
fair|L|breakdown|42|0.1|MOR,2026-06-03T14:53:55,L_breakdown_seed42,L,breakdown,42,30042,30042,0.1,MOR,solved,,0.083252,191.158843,191.158843,2534.105592,1398.186889,1135.918703,0.448252,23.381976,23.381976,0.083261,0.000016,0.000016,0.000016,0.000016,0.000016,0.000000,0,true,21.454424,4,objective equals makespan; due-date/tardiness fields are not available in this instance format
fair|L|breakdown|42|0.1|MachineRank,2026-06-03T14:53:55,L_breakdown_seed42,L,breakdown,42,30042,30042,0.1,MachineRank,solved,,0.121388,205.552260,205.552260,2817.725665,1566.846049,1250.879616,0.443932,28.914975,28.914975,0.121401,0.000182,0.000225,0.000241,0.000243,0.000243,0.000000,0,true,30.599406,5,objective equals makespan; due-date/tardiness fields are not available in this instance format
fair|L|breakdown|42|0.1|GA,2026-06-03T14:53:56,L_breakdown_seed42,L,breakdown,42,30042,30042,0.1,GA,solved,,0.751016,222.221373,222.221373,2998.746037,1697.292597,1301.453440,0.433999,27.322263,27.322263,0.751028,0.165460,0.171481,0.174925,0.175231,0.175307,1.000000,4,true,41.190271,6,objective equals makespan; due-date/tardiness fields are not available in this instance format
fair|L|breakdown|42|0.1|MOEA-NSGA2,2026-06-03T14:54:00,L_breakdown_seed42,L,breakdown,42,30042,30042,0.1,MOEA-NSGA2,solved,,4.903672,224.556855,224.556855,2922.968408,1601.803370,1321.165039,0.451994,27.131418,27.131418,4.903686,0.948846,1.015910,1.056740,1.059067,1.059648,1.000000,5,true,42.674140,7,objective equals makespan; due-date/tardiness fields are not available in this instance format
fair|L|breakdown|42|0.1|SA,2026-06-03T14:53:56,L_breakdown_seed42,L,breakdown,42,30042,30042,0.1,SA,solved,,0.687382,246.721505,246.721505,3342.188899,1788.309010,1553.879888,0.464929,32.665929,32.665929,0.687393,0.160710,0.173186,0.177940,0.178362,0.178468,1.000000,4,true,56.756642,8,objective equals makespan; due-date/tardiness fields are not available in this instance format
fair|L|breakdown|42|0.1|DCGA,2026-06-03T14:53:56,L_breakdown_seed42,L,breakdown,42,30042,30042,0.1,DCGA,solved,,0.738571,255.283010,255.283010,3232.047653,1768.230548,1463.817105,0.452907,31.052352,31.052352,0.738582,0.163417,0.174859,0.176307,0.176436,0.176468,1.000000,4,true,62.196268,9,objective equals makespan; due-date/tardiness fields are not available in this instance format
fair|L|breakdown|42|0.1|LNS,2026-06-03T14:53:55,L_breakdown_seed42,L,breakdown,42,30042,30042,0.1,LNS,solved,,0.696844,265.281654,265.281654,3257.713624,1779.554908,1478.158716,0.453741,30.714217,30.714217,0.696858,0.164163,0.174757,0.174855,0.174863,0.174865,1.000000,4,true,68.548993,10,objective equals makespan; due-date/tardiness fields are not available in this instance format
fair|L|breakdown|42|0.5|B-CORE,2026-06-03T14:53:56,L_breakdown_seed42,L,breakdown,42,30042,30042,0.5,B-CORE,solved,,0.177175,157.391420,157.391420,2177.436444,1348.947403,828.489040,0.380488,22.186863,22.186863,0.177189,0.000407,0.000417,0.000447,0.000450,0.000450,0.000000,0,true,0.000000,1,objective equals makespan; due-date/tardiness fields are not available in this instance format
fair|L|breakdown|42|0.5|B-CORE-no-graph,2026-06-03T14:53:56,L_breakdown_seed42,L,breakdown,42,30042,30042,0.5,B-CORE-no-graph,solved,,0.157921,157.391420,157.391420,2177.436444,1348.947403,828.489040,0.380488,22.186863,22.186863,0.157930,0.000410,0.000410,0.000455,0.000459,0.000460,0.000000,0,true,0.000000,2,objective equals makespan; due-date/tardiness fields are not available in this instance format
fair|L|breakdown|42|0.5|B-CORE-no-bottleneck,2026-06-03T14:53:56,L_breakdown_seed42,L,breakdown,42,30042,30042,0.5,B-CORE-no-bottleneck,solved,,0.178839,173.799398,173.799398,2511.629535,1519.342275,992.287259,0.395077,28.279573,28.279573,0.178849,0.000427,0.000427,0.000458,0.000461,0.000462,0.000000,0,true,10.424951,3,objective equals makespan; due-date/tardiness fields are not available in this instance format
fair|L|breakdown|42|0.5|MOR,2026-06-03T14:53:56,L_breakdown_seed42,L,breakdown,42,30042,30042,0.5,MOR,solved,,0.090588,191.158843,191.158843,2534.105592,1398.186889,1135.918703,0.448252,23.381976,23.381976,0.090598,0.000009,0.000009,0.000009,0.000009,0.000009,0.000000,0,true,21.454424,4,objective equals makespan; due-date/tardiness fields are not available in this instance format
fair|L|breakdown|42|0.5|MachineRank,2026-06-03T14:53:56,L_breakdown_seed42,L,breakdown,42,30042,30042,0.5,MachineRank,solved,,0.117474,205.552260,205.552260,2817.725665,1566.846049,1250.879616,0.443932,28.914975,28.914975,0.117486,0.000189,0.000233,0.000256,0.000258,0.000259,0.000000,0,true,30.599406,5,objective equals makespan; due-date/tardiness fields are not available in this instance format
fair|L|breakdown|42|0.5|GA,2026-06-03T14:53:58,L_breakdown_seed42,L,breakdown,42,30042,30042,0.5,GA,solved,,2.234247,210.501175,210.501175,2907.974613,1603.062094,1304.912519,0.448736,26.282218,26.282218,2.234259,0.536117,0.522044,0.567547,0.571592,0.572603,1.000000,4,true,33.743742,6,objective equals makespan; due-date/tardiness fields are not available in this instance format
fair|L|breakdown|42|0.5|MOEA-NSGA2,2026-06-03T14:54:03,L_breakdown_seed42,L,breakdown,42,30042,30042,0.5,MOEA-NSGA2,solved,,5.095483,224.556855,224.556855,2922.968408,1601.803370,1321.165039,0.451994,27.131418,27.131418,5.095499,0.997402,1.020975,1.072908,1.073600,1.073773,1.000000,5,true,42.674140,7,objective equals makespan; due-date/tardiness fields are not available in this instance format
fair|L|breakdown|42|0.5|LNS,2026-06-03T14:53:58,L_breakdown_seed42,L,breakdown,42,30042,30042,0.5,LNS,solved,,2.214459,228.445020,228.445020,3183.344658,1720.227345,1463.117313,0.459616,31.429440,31.429440,2.214473,0.518009,0.521662,0.523122,0.523252,0.523284,1.000000,4,true,45.144519,8,objective equals makespan; due-date/tardiness fields are not available in this instance format
fair|L|breakdown|42|0.5|SA,2026-06-03T14:53:58,L_breakdown_seed42,L,breakdown,42,30042,30042,0.5,SA,solved,,2.214745,235.150500,235.150500,3148.133911,1779.577387,1368.556524,0.434720,29.885612,29.885612,2.214758,0.514586,0.505816,0.531571,0.533860,0.534432,1.000000,4,true,49.404904,9,objective equals makespan; due-date/tardiness fields are not available in this instance format
fair|L|breakdown|42|0.5|DCGA,2026-06-03T14:53:58,L_breakdown_seed42,L,breakdown,42,30042,30042,0.5,DCGA,solved,,2.246541,240.851733,240.851733,3082.736378,1718.946262,1363.790116,0.442396,28.145544,28.145544,2.246558,0.541378,0.541805,0.548467,0.549059,0.549207,1.000000,4,true,53.027232,10,objective equals makespan; due-date/tardiness fields are not available in this instance format
fair|L|breakdown|42|1.0|B-CORE,2026-06-03T14:53:58,L_breakdown_seed42,L,breakdown,42,30042,30042,1.0,B-CORE,solved,,0.186826,157.391420,157.391420,2177.436444,1348.947403,828.489040,0.380488,22.186863,22.186863,0.186840,0.000431,0.000426,0.000479,0.000483,0.000485,0.000000,0,true,0.000000,1,objective equals makespan; due-date/tardiness fields are not available in this instance format
fair|L|breakdown|42|1.0|B-CORE-no-graph,2026-06-03T14:53:58,L_breakdown_seed42,L,breakdown,42,30042,30042,1.0,B-CORE-no-graph,solved,,0.186453,157.391420,157.391420,2177.436444,1348.947403,828.489040,0.380488,22.186863,22.186863,0.186467,0.000399,0.000391,0.000459,0.000465,0.000467,0.000000,0,true,0.000000,2,objective equals makespan; due-date/tardiness fields are not available in this instance format
fair|L|breakdown|42|1.0|B-CORE-no-bottleneck,2026-06-03T14:53:58,L_breakdown_seed42,L,breakdown,42,30042,30042,1.0,B-CORE-no-bottleneck,solved,,0.188352,173.799398,173.799398,2511.629535,1519.342275,992.287259,0.395077,28.279573,28.279573,0.188365,0.000429,0.000407,0.000469,0.000474,0.000475,0.000000,0,true,10.424951,3,objective equals makespan; due-date/tardiness fields are not available in this instance format
fair|L|breakdown|42|1.0|MOR,2026-06-03T14:53:58,L_breakdown_seed42,L,breakdown,42,30042,30042,1.0,MOR,solved,,0.098323,191.158843,191.158843,2534.105592,1398.186889,1135.918703,0.448252,23.381976,23.381976,0.098338,0.000012,0.000012,0.000012,0.000012,0.000012,0.000000,0,true,21.454424,4,objective equals makespan; due-date/tardiness fields are not available in this instance format
fair|L|breakdown|42|1.0|MachineRank,2026-06-03T14:53:58,L_breakdown_seed42,L,breakdown,42,30042,30042,1.0,MachineRank,solved,,0.124098,205.552260,205.552260,2817.725665,1566.846049,1250.879616,0.443932,28.914975,28.914975,0.124111,0.000195,0.000239,0.000263,0.000264,0.000264,0.000000,0,true,30.599406,5,objective equals makespan; due-date/tardiness fields are not available in this instance format
fair|L|breakdown|42|1.0|DCGA,2026-06-03T14:54:03,L_breakdown_seed42,L,breakdown,42,30042,30042,1.0,DCGA,solved,,4.319408,209.178600,209.178600,2812.678196,1523.525141,1289.153054,0.458336,25.254455,25.254455,4.319424,1.069192,1.070005,1.078908,1.079699,1.079897,1.000000,4,true,32.903433,6,objective equals makespan; due-date/tardiness fields are not available in this instance format
fair|L|breakdown|42|1.0|GA,2026-06-03T14:54:04,L_breakdown_seed42,L,breakdown,42,30042,30042,1.0,GA,solved,,5.324443,222.976406,222.976406,2626.721998,1441.012356,1185.709642,0.451403,24.182007,24.182007,5.324460,1.051247,1.051379,1.073495,1.074192,1.074366,1.000000,5,true,41.669988,7,objective equals makespan; due-date/tardiness fields are not available in this instance format
fair|L|breakdown|42|1.0|MOEA-NSGA2,2026-06-03T14:54:06,L_breakdown_seed42,L,breakdown,42,30042,30042,1.0,MOEA-NSGA2,solved,,5.412322,224.556855,224.556855,2922.968408,1601.803370,1321.165039,0.451994,27.131418,27.131418,5.412335,1.074561,1.060532,1.119723,1.126619,1.128343,1.000000,5,true,42.674140,8,objective equals makespan; due-date/tardiness fields are not available in this instance format
fair|L|breakdown|42|1.0|LNS,2026-06-03T14:54:03,L_breakdown_seed42,L,breakdown,42,30042,30042,1.0,LNS,solved,,4.316690,228.445020,228.445020,3183.344658,1720.227345,1463.117313,0.459616,31.429440,31.429440,4.316702,1.068732,1.070837,1.073856,1.074125,1.074192,1.000000,4,true,45.144519,9,objective equals makespan; due-date/tardiness fields are not available in this instance format
fair|L|breakdown|42|1.0|SA,2026-06-03T14:54:03,L_breakdown_seed42,L,breakdown,42,30042,30042,1.0,SA,solved,,4.239166,233.868512,233.868512,3176.581290,1799.454498,1377.126791,0.433525,30.172173,30.172173,4.239182,1.041169,1.036532,1.080138,1.084014,1.084983,1.000000,4,true,48.590382,10,objective equals makespan; due-date/tardiness fields are not available in this instance format
fair|L|breakdown|42|5.0|B-CORE,2026-06-03T14:54:02,L_breakdown_seed42,L,breakdown,42,30042,30042,5.0,B-CORE,solved,,0.189129,157.391420,157.391420,2177.436444,1348.947403,828.489040,0.380488,22.186863,22.186863,0.189144,0.000393,0.000410,0.000447,0.000450,0.000451,0.000000,0,true,0.000000,1,objective equals makespan; due-date/tardiness fields are not available in this instance format
fair|L|breakdown|42|5.0|B-CORE-no-graph,2026-06-03T14:54:03,L_breakdown_seed42,L,breakdown,42,30042,30042,5.0,B-CORE-no-graph,solved,,0.186476,157.391420,157.391420,2177.436444,1348.947403,828.489040,0.380488,22.186863,22.186863,0.186491,0.000408,0.000409,0.000461,0.000465,0.000467,0.000000,0,true,0.000000,2,objective equals makespan; due-date/tardiness fields are not available in this instance format
fair|L|breakdown|42|5.0|B-CORE-no-bottleneck,2026-06-03T14:54:03,L_breakdown_seed42,L,breakdown,42,30042,30042,5.0,B-CORE-no-bottleneck,solved,,0.209123,173.799398,173.799398,2511.629535,1519.342275,992.287259,0.395077,28.279573,28.279573,0.209139,0.000454,0.000464,0.000465,0.000465,0.000465,0.000000,0,true,10.424951,3,objective equals makespan; due-date/tardiness fields are not available in this instance format
fair|L|breakdown|42|5.0|MOR,2026-06-03T14:54:03,L_breakdown_seed42,L,breakdown,42,30042,30042,5.0,MOR,solved,,0.110541,191.158843,191.158843,2534.105592,1398.186889,1135.918703,0.448252,23.381976,23.381976,0.110556,0.000026,0.000022,0.000035,0.000036,0.000036,0.000000,0,true,21.454424,4,objective equals makespan; due-date/tardiness fields are not available in this instance format
fair|L|breakdown|42|5.0|MachineRank,2026-06-03T14:54:03,L_breakdown_seed42,L,breakdown,42,30042,30042,5.0,MachineRank,solved,,0.134996,205.552260,205.552260,2817.725665,1566.846049,1250.879616,0.443932,28.914975,28.914975,0.135012,0.000204,0.000253,0.000270,0.000271,0.000271,0.000000,0,true,30.599406,5,objective equals makespan; due-date/tardiness fields are not available in this instance format
fair|L|breakdown|42|5.0|GA,2026-06-03T14:54:28,L_breakdown_seed42,L,breakdown,42,30042,30042,5.0,GA,solved,,25.335763,208.865924,208.865924,2833.559692,1593.836071,1239.723622,0.437515,25.434531,25.434531,25.335777,5.053162,5.051820,5.071546,5.072561,5.072815,1.000000,5,true,32.704771,6,objective equals makespan; due-date/tardiness fields are not available in this instance format
fair|L|breakdown|42|5.0|MOEA-NSGA2,2026-06-03T14:54:29,L_breakdown_seed42,L,breakdown,42,30042,30042,5.0,MOEA-NSGA2,solved,,25.257079,213.059970,213.059970,2819.788493,1584.638379,1235.150114,0.438029,25.209907,25.209907,25.257105,5.032385,5.039871,5.043136,5.043190,5.043204,1.000000,5,true,35.369495,7,objective equals makespan; due-date/tardiness fields are not available in this instance format
fair|L|breakdown|42|5.0|DCGA,2026-06-03T14:54:23,L_breakdown_seed42,L,breakdown,42,30042,30042,5.0,DCGA,solved,,20.268845,214.328464,214.328464,2819.609616,1542.000584,1277.609032,0.453116,27.316179,27.316179,20.268860,5.040446,5.058649,5.060074,5.060201,5.060232,1.000000,4,true,36.175443,8,objective equals makespan; due-date/tardiness fields are not available in this instance format
fair|L|breakdown|42|5.0|LNS,2026-06-03T14:54:23,L_breakdown_seed42,L,breakdown,42,30042,30042,5.0,LNS,solved,,20.203221,217.524908,217.524908,3070.887562,1670.384260,1400.503302,0.456058,28.987187,28.987187,20.203236,5.029814,5.019558,5.063648,5.067567,5.068547,1.000000,4,true,38.206332,9,objective equals makespan; due-date/tardiness fields are not available in this instance format
fair|L|breakdown|42|5.0|SA,2026-06-03T14:54:23,L_breakdown_seed42,L,breakdown,42,30042,30042,5.0,SA,solved,,20.335870,223.170460,223.170460,3092.145673,1747.658991,1344.486682,0.434807,29.025882,29.025882,20.335884,5.065678,5.057070,5.090107,5.093044,5.093778,1.000000,4,true,41.793282,10,objective equals makespan; due-date/tardiness fields are not available in this instance format
fair|L|breakdown|42|10.0|B-CORE,2026-06-03T14:54:04,L_breakdown_seed42,L,breakdown,42,30042,30042,10.0,B-CORE,solved,,0.200766,157.391420,157.391420,2177.436444,1348.947403,828.489040,0.380488,22.186863,22.186863,0.200781,0.000409,0.000416,0.000469,0.000474,0.000475,0.000000,0,true,0.000000,1,objective equals makespan; due-date/tardiness fields are not available in this instance format
fair|L|breakdown|42|10.0|B-CORE-no-graph,2026-06-03T14:54:04,L_breakdown_seed42,L,breakdown,42,30042,30042,10.0,B-CORE-no-graph,solved,,0.199448,157.391420,157.391420,2177.436444,1348.947403,828.489040,0.380488,22.186863,22.186863,0.199461,0.000491,0.000484,0.000581,0.000590,0.000592,0.000000,0,true,0.000000,2,objective equals makespan; due-date/tardiness fields are not available in this instance format
fair|L|breakdown|42|10.0|B-CORE-no-bottleneck,2026-06-03T14:54:04,L_breakdown_seed42,L,breakdown,42,30042,30042,10.0,B-CORE-no-bottleneck,solved,,0.204932,173.799398,173.799398,2511.629535,1519.342275,992.287259,0.395077,28.279573,28.279573,0.204947,0.000468,0.000456,0.000497,0.000500,0.000501,0.000000,0,true,10.424951,3,objective equals makespan; due-date/tardiness fields are not available in this instance format
fair|L|breakdown|42|10.0|MOR,2026-06-03T14:54:04,L_breakdown_seed42,L,breakdown,42,30042,30042,10.0,MOR,solved,,0.108448,191.158843,191.158843,2534.105592,1398.186889,1135.918703,0.448252,23.381976,23.381976,0.108466,0.000014,0.000014,0.000016,0.000016,0.000016,0.000000,0,true,21.454424,4,objective equals makespan; due-date/tardiness fields are not available in this instance format
fair|L|breakdown|42|10.0|MOEA-NSGA2,2026-06-03T14:55:10,L_breakdown_seed42,L,breakdown,42,30042,30042,10.0,MOEA-NSGA2,solved,,50.285925,191.752820,191.752820,2716.235533,1434.737852,1281.497681,0.471792,25.916517,25.916517,50.285943,10.042402,10.043632,10.047555,10.048048,10.048172,1.000000,5,true,21.831813,5,objective equals makespan; due-date/tardiness fields are not available in this instance format
fair|L|breakdown|42|10.0|MachineRank,2026-06-03T14:54:04,L_breakdown_seed42,L,breakdown,42,30042,30042,10.0,MachineRank,solved,,0.152977,205.552260,205.552260,2817.725665,1566.846049,1250.879616,0.443932,28.914975,28.914975,0.152993,0.000237,0.000278,0.000340,0.000343,0.000344,0.000000,0,true,30.599406,6,objective equals makespan; due-date/tardiness fields are not available in this instance format
fair|L|breakdown|42|10.0|GA,2026-06-03T14:54:56,L_breakdown_seed42,L,breakdown,42,30042,30042,10.0,GA,solved,,50.360743,209.487524,209.487524,2897.162769,1512.945707,1384.217061,0.477784,27.060326,27.060326,50.360760,10.055896,10.058676,10.080595,10.081884,10.082206,1.000000,5,true,33.099710,7,objective equals makespan; due-date/tardiness fields are not available in this instance format
fair|L|breakdown|42|10.0|DCGA,2026-06-03T14:54:47,L_breakdown_seed42,L,breakdown,42,30042,30042,10.0,DCGA,solved,,40.237677,214.328464,214.328464,2819.609616,1542.000584,1277.609032,0.453116,27.316179,27.316179,40.237694,10.025855,10.031374,10.042061,10.043011,10.043249,1.000000,4,true,36.175443,8,objective equals makespan; due-date/tardiness fields are not available in this instance format
fair|L|breakdown|42|10.0|LNS,2026-06-03T14:54:45,L_breakdown_seed42,L,breakdown,42,30042,30042,10.0,LNS,solved,,40.282176,216.608489,216.608489,3112.145925,1751.536620,1360.609305,0.437193,29.891961,29.891961,40.282190,10.040639,10.038745,10.076999,10.080400,10.081250,1.000000,4,true,37.624077,9,objective equals makespan; due-date/tardiness fields are not available in this instance format
fair|L|breakdown|42|10.0|SA,2026-06-03T14:54:59,L_breakdown_seed42,L,breakdown,42,30042,30042,10.0,SA,solved,,40.259394,223.170460,223.170460,3092.145673,1747.658991,1344.486682,0.434807,29.025882,29.025882,40.259411,10.050313,10.040847,10.084861,10.088773,10.089751,1.000000,4,true,41.793282,10,objective equals makespan; due-date/tardiness fields are not available in this instance format
fair|L|breakdown|43|0.1|B-CORE,2026-06-03T14:54:23,L_breakdown_seed43,L,breakdown,43,30043,30043,0.1,B-CORE,solved,,0.197328,148.770709,148.770709,2155.941384,1442.975740,712.965644,0.330698,21.769182,21.769182,0.197342,0.000439,0.000439,0.000450,0.000451,0.000452,0.000000,0,true,0.000000,1,objective equals makespan; due-date/tardiness fields are not available in this instance format
fair|L|breakdown|43|0.1|B-CORE-no-graph,2026-06-03T14:54:23,L_breakdown_seed43,L,breakdown,43,30043,30043,0.1,B-CORE-no-graph,solved,,0.198246,148.770709,148.770709,2155.941384,1442.975740,712.965644,0.330698,21.769182,21.769182,0.198260,0.000444,0.000444,0.000449,0.000449,0.000450,0.000000,0,true,0.000000,2,objective equals makespan; due-date/tardiness fields are not available in this instance format
fair|L|breakdown|43|0.1|B-CORE-no-bottleneck,2026-06-03T14:54:23,L_breakdown_seed43,L,breakdown,43,30043,30043,0.1,B-CORE-no-bottleneck,solved,,0.197080,169.065726,169.065726,2390.451871,1511.877196,878.574676,0.367535,27.196550,27.196550,0.197095,0.000515,0.000515,0.000524,0.000525,0.000525,0.000000,0,true,13.641810,3,objective equals makespan; due-date/tardiness fields are not available in this instance format
fair|L|breakdown|43|0.1|MOR,2026-06-03T14:54:23,L_breakdown_seed43,L,breakdown,43,30043,30043,0.1,MOR,solved,,0.099242,170.464416,170.464416,2315.283678,1256.358524,1058.925153,0.457363,22.029077,22.029077,0.099256,0.000015,0.000015,0.000017,0.000017,0.000017,0.000000,0,true,14.581975,4,objective equals makespan; due-date/tardiness fields are not available in this instance format
fair|L|breakdown|43|0.1|MachineRank,2026-06-03T14:54:23,L_breakdown_seed43,L,breakdown,43,30043,30043,0.1,MachineRank,solved,,0.129020,201.415838,201.415838,2893.649130,1553.038914,1340.610215,0.463294,30.013700,30.013700,0.129035,0.000160,0.000160,0.000252,0.000260,0.000262,0.000000,0,true,35.386757,5,objective equals makespan; due-date/tardiness fields are not available in this instance format
fair|L|breakdown|43|0.1|SA,2026-06-03T14:54:25,L_breakdown_seed43,L,breakdown,43,30043,30043,0.1,SA,solved,,0.629760,208.148938,208.148938,2961.930962,1633.938569,1327.992394,0.448354,30.422268,30.422268,0.629776,0.173832,0.173832,0.176400,0.176629,0.176686,1.000000,3,true,39.912581,6,objective equals makespan; due-date/tardiness fields are not available in this instance format
fair|L|breakdown|43|0.1|MOEA-NSGA2,2026-06-03T14:54:27,L_breakdown_seed43,L,breakdown,43,30043,30043,0.1,MOEA-NSGA2,solved,,3.284171,221.649046,221.649046,2968.779967,1554.882507,1413.897460,0.476255,29.559284,29.559284,3.284187,1.076995,1.076995,1.123360,1.127482,1.128512,1.000000,3,true,48.987020,7,objective equals makespan; due-date/tardiness fields are not available in this instance format
fair|L|breakdown|43|0.1|LNS,2026-06-03T14:54:24,L_breakdown_seed43,L,breakdown,43,30043,30043,0.1,LNS,solved,,0.624025,225.034805,225.034805,3119.425285,1651.976939,1467.448346,0.470423,29.586535,29.586535,0.624041,0.174880,0.174880,0.175239,0.175271,0.175279,1.000000,3,true,51.262844,8,objective equals makespan; due-date/tardiness fields are not available in this instance format
fair|L|breakdown|43|0.1|DCGA,2026-06-03T14:54:24,L_breakdown_seed43,L,breakdown,43,30043,30043,0.1,DCGA,solved,,0.625047,225.034805,225.034805,3119.425285,1651.976939,1467.448346,0.470423,29.586535,29.586535,0.625062,0.174159,0.174159,0.179203,0.179651,0.179763,1.000000,3,true,51.262844,9,objective equals makespan; due-date/tardiness fields are not available in this instance format
fair|L|breakdown|43|0.1|GA,2026-06-03T14:54:24,L_breakdown_seed43,L,breakdown,43,30043,30043,0.1,GA,solved,,0.618495,227.907083,227.907083,2933.544723,1631.183602,1302.361121,0.443955,27.505054,27.505054,0.618512,0.173078,0.173078,0.174065,0.174152,0.174174,1.000000,3,true,53.193518,10,objective equals makespan; due-date/tardiness fields are not available in this instance format
fair|L|breakdown|43|0.5|B-CORE,2026-06-03T14:54:24,L_breakdown_seed43,L,breakdown,43,30043,30043,0.5,B-CORE,solved,,0.207342,148.770709,148.770709,2155.941384,1442.975740,712.965644,0.330698,21.769182,21.769182,0.207359,0.000466,0.000466,0.000488,0.000490,0.000490,0.000000,0,true,0.000000,1,objective equals makespan; due-date/tardiness fields are not available in this instance format
fair|L|breakdown|43|0.5|B-CORE-no-graph,2026-06-03T14:54:24,L_breakdown_seed43,L,breakdown,43,30043,30043,0.5,B-CORE-no-graph,solved,,0.207430,148.770709,148.770709,2155.941384,1442.975740,712.965644,0.330698,21.769182,21.769182,0.207445,0.000463,0.000463,0.000478,0.000480,0.000480,0.000000,0,true,0.000000,2,objective equals makespan; due-date/tardiness fields are not available in this instance format
fair|L|breakdown|43|0.5|B-CORE-no-bottleneck,2026-06-03T14:54:24,L_breakdown_seed43,L,breakdown,43,30043,30043,0.5,B-CORE-no-bottleneck,solved,,0.196191,169.065726,169.065726,2390.451871,1511.877196,878.574676,0.367535,27.196550,27.196550,0.196205,0.000522,0.000522,0.000552,0.000554,0.000555,0.000000,0,true,13.641810,3,objective equals makespan; due-date/tardiness fields are not available in this instance format
fair|L|breakdown|43|0.5|MOR,2026-06-03T14:54:24,L_breakdown_seed43,L,breakdown,43,30043,30043,0.5,MOR,solved,,0.097035,170.464416,170.464416,2315.283678,1256.358524,1058.925153,0.457363,22.029077,22.029077,0.097050,0.000013,0.000013,0.000014,0.000014,0.000014,0.000000,0,true,14.581975,4,objective equals makespan; due-date/tardiness fields are not available in this instance format
fair|L|breakdown|43|0.5|MachineRank,2026-06-03T14:54:24,L_breakdown_seed43,L,breakdown,43,30043,30043,0.5,MachineRank,solved,,0.128169,201.415838,201.415838,2893.649130,1553.038914,1340.610215,0.463294,30.013700,30.013700,0.128185,0.000159,0.000159,0.000256,0.000264,0.000266,0.000000,0,true,35.386757,5,objective equals makespan; due-date/tardiness fields are not available in this instance format
fair|L|breakdown|43|0.5|SA,2026-06-03T14:54:28,L_breakdown_seed43,L,breakdown,43,30043,30043,0.5,SA,solved,,1.782426,219.630288,219.630288,3120.815493,1655.379131,1465.436362,0.469568,30.724625,30.724625,1.782441,0.569124,0.569124,0.583077,0.584318,0.584628,1.000000,3,true,47.630061,6,objective equals makespan; due-date/tardiness fields are not available in this instance format
fair|L|breakdown|43|0.5|MOEA-NSGA2,2026-06-03T14:54:29,L_breakdown_seed43,L,breakdown,43,30043,30043,0.5,MOEA-NSGA2,solved,,3.253116,221.649046,221.649046,2968.779967,1554.882507,1413.897460,0.476255,29.559284,29.559284,3.253131,1.017943,1.017943,1.038065,1.039853,1.040300,1.000000,3,true,48.987020,7,objective equals makespan; due-date/tardiness fields are not available in this instance format
fair|L|breakdown|43|0.5|DCGA,2026-06-03T14:54:26,L_breakdown_seed43,L,breakdown,43,30043,30043,0.5,DCGA,solved,,1.687993,222.921843,222.921843,2975.942685,1577.468164,1398.474521,0.469927,29.707388,29.707388,1.688011,0.534880,0.534880,0.536055,0.536160,0.536186,1.000000,3,true,49.842563,8,objective equals makespan; due-date/tardiness fields are not available in this instance format
fair|L|breakdown|43|0.5|GA,2026-06-03T14:54:26,L_breakdown_seed43,L,breakdown,43,30043,30043,0.5,GA,solved,,1.664572,223.820954,223.820954,2925.069961,1574.504204,1350.565757,0.461721,28.886597,28.886597,1.664588,0.526726,0.526726,0.536934,0.537841,0.538068,1.000000,3,true,50.446923,9,objective equals makespan; due-date/tardiness fields are not available in this instance format
fair|L|breakdown|43|0.5|LNS,2026-06-03T14:54:26,L_breakdown_seed43,L,breakdown,43,30043,30043,0.5,LNS,solved,,1.696386,225.034805,225.034805,3119.425285,1651.976939,1467.448346,0.470423,29.586535,29.586535,1.696402,0.537409,0.537409,0.547698,0.548613,0.548841,1.000000,3,true,51.262844,10,objective equals makespan; due-date/tardiness fields are not available in this instance format
fair|L|breakdown|43|1.0|B-CORE,2026-06-03T14:54:26,L_breakdown_seed43,L,breakdown,43,30043,30043,1.0,B-CORE,solved,,0.201783,148.770709,148.770709,2155.941384,1442.975740,712.965644,0.330698,21.769182,21.769182,0.201796,0.000529,0.000529,0.000557,0.000560,0.000561,0.000000,0,true,0.000000,1,objective equals makespan; due-date/tardiness fields are not available in this instance format
fair|L|breakdown|43|1.0|B-CORE-no-graph,2026-06-03T14:54:27,L_breakdown_seed43,L,breakdown,43,30043,30043,1.0,B-CORE-no-graph,solved,,0.207921,148.770709,148.770709,2155.941384,1442.975740,712.965644,0.330698,21.769182,21.769182,0.207936,0.000475,0.000475,0.000498,0.000500,0.000501,0.000000,0,true,0.000000,2,objective equals makespan; due-date/tardiness fields are not available in this instance format
fair|L|breakdown|43|1.0|B-CORE-no-bottleneck,2026-06-03T14:54:27,L_breakdown_seed43,L,breakdown,43,30043,30043,1.0,B-CORE-no-bottleneck,solved,,0.239094,169.065726,169.065726,2390.451871,1511.877196,878.574676,0.367535,27.196550,27.196550,0.239113,0.000758,0.000758,0.000821,0.000827,0.000828,0.000000,0,true,13.641810,3,objective equals makespan; due-date/tardiness fields are not available in this instance format
fair|L|breakdown|43|1.0|MOR,2026-06-03T14:54:27,L_breakdown_seed43,L,breakdown,43,30043,30043,1.0,MOR,solved,,0.100774,170.464416,170.464416,2315.283678,1256.358524,1058.925153,0.457363,22.029077,22.029077,0.100790,0.000014,0.000014,0.000016,0.000016,0.000016,0.000000,0,true,14.581975,4,objective equals makespan; due-date/tardiness fields are not available in this instance format
fair|L|breakdown|43|1.0|MachineRank,2026-06-03T14:54:27,L_breakdown_seed43,L,breakdown,43,30043,30043,1.0,MachineRank,solved,,0.147664,201.415838,201.415838,2893.649130,1553.038914,1340.610215,0.463294,30.013700,30.013700,0.147678,0.000203,0.000203,0.000321,0.000332,0.000335,0.000000,0,true,35.386757,5,objective equals makespan; due-date/tardiness fields are not available in this instance format
fair|L|breakdown|43|1.0|GA,2026-06-03T14:54:31,L_breakdown_seed43,L,breakdown,43,30043,30043,1.0,GA,solved,,3.269598,211.533325,211.533325,2842.889238,1554.117007,1288.772230,0.453332,28.283689,28.283689,3.269617,1.062591,1.062591,1.078620,1.080045,1.080401,1.000000,3,true,42.187482,6,objective equals makespan; due-date/tardiness fields are not available in this instance format
fair|L|breakdown|43|1.0|DCGA,2026-06-03T14:54:31,L_breakdown_seed43,L,breakdown,43,30043,30043,1.0,DCGA,solved,,3.228613,215.660906,215.660906,2893.783107,1589.361562,1304.421544,0.450767,28.276415,28.276415,3.228630,1.039307,1.039307,1.066672,1.069105,1.069713,1.000000,3,true,44.961940,7,objective equals makespan; due-date/tardiness fields are not available in this instance format
fair|L|breakdown|43|1.0|LNS,2026-06-03T14:54:30,L_breakdown_seed43,L,breakdown,43,30043,30043,1.0,LNS,solved,,3.190146,217.388289,217.388289,3057.504724,1682.746834,1374.757890,0.449634,28.998115,28.998115,3.190161,1.024946,1.024946,1.041965,1.043478,1.043856,1.000000,3,true,46.123044,8,objective equals makespan; due-date/tardiness fields are not available in this instance format
fair|L|breakdown|43|1.0|SA,2026-06-03T14:54:31,L_breakdown_seed43,L,breakdown,43,30043,30043,1.0,SA,solved,,3.268376,220.925484,220.925484,3174.342488,1689.366656,1484.975832,0.467806,31.126829,31.126829,3.268393,1.054371,1.054371,1.073051,1.074711,1.075127,1.000000,3,true,48.500659,9,objective equals makespan; due-date/tardiness fields are not available in this instance format
fair|L|breakdown|43|1.0|MOEA-NSGA2,2026-06-03T14:54:32,L_breakdown_seed43,L,breakdown,43,30043,30043,1.0,MOEA-NSGA2,solved,,3.189953,221.649046,221.649046,2968.779967,1554.882507,1413.897460,0.476255,29.559284,29.559284,3.189968,1.027654,1.027654,1.045641,1.047239,1.047639,1.000000,3,true,48.987020,10,objective equals makespan; due-date/tardiness fields are not available in this instance format
fair|L|breakdown|43|5.0|B-CORE,2026-06-03T14:54:29,L_breakdown_seed43,L,breakdown,43,30043,30043,5.0,B-CORE,solved,,0.198004,148.770709,148.770709,2155.941384,1442.975740,712.965644,0.330698,21.769182,21.769182,0.198019,0.000447,0.000447,0.000454,0.000454,0.000454,0.000000,0,true,0.000000,1,objective equals makespan; due-date/tardiness fields are not available in this instance format
fair|L|breakdown|43|5.0|B-CORE-no-graph,2026-06-03T14:54:29,L_breakdown_seed43,L,breakdown,43,30043,30043,5.0,B-CORE-no-graph,solved,,0.197199,148.770709,148.770709,2155.941384,1442.975740,712.965644,0.330698,21.769182,21.769182,0.197213,0.000485,0.000485,0.000501,0.000502,0.000503,0.000000,0,true,0.000000,2,objective equals makespan; due-date/tardiness fields are not available in this instance format
fair|L|breakdown|43|5.0|B-CORE-no-bottleneck,2026-06-03T14:54:29,L_breakdown_seed43,L,breakdown,43,30043,30043,5.0,B-CORE-no-bottleneck,solved,,0.197070,169.065726,169.065726,2390.451871,1511.877196,878.574676,0.367535,27.196550,27.196550,0.197086,0.000479,0.000479,0.000482,0.000482,0.000482,0.000000,0,true,13.641810,3,objective equals makespan; due-date/tardiness fields are not available in this instance format
fair|L|breakdown|43|5.0|MOR,2026-06-03T14:54:29,L_breakdown_seed43,L,breakdown,43,30043,30043,5.0,MOR,solved,,0.098073,170.464416,170.464416,2315.283678,1256.358524,1058.925153,0.457363,22.029077,22.029077,0.098088,0.000016,0.000016,0.000020,0.000020,0.000020,0.000000,0,true,14.581975,4,objective equals makespan; due-date/tardiness fields are not available in this instance format
fair|L|breakdown|43|5.0|MOEA-NSGA2,2026-06-03T14:54:46,L_breakdown_seed43,L,breakdown,43,30043,30043,5.0,MOEA-NSGA2,solved,,15.175778,186.715915,186.715915,2696.462352,1475.746071,1220.716281,0.452710,25.790912,25.790912,15.175803,5.012410,5.012410,5.013756,5.013875,5.013905,1.000000,3,true,25.505831,5,objective equals makespan; due-date/tardiness fields are not available in this instance format
fair|L|breakdown|43|5.0|GA,2026-06-03T14:54:45,L_breakdown_seed43,L,breakdown,43,30043,30043,5.0,GA,solved,,15.219647,189.170315,189.170315,2703.694044,1473.987619,1229.706425,0.454825,26.706784,26.706784,15.219663,5.023721,5.023721,5.036183,5.037290,5.037567,1.000000,3,true,27.155618,6,objective equals makespan; due-date/tardiness fields are not available in this instance format
fair|L|breakdown|43|5.0|MachineRank,2026-06-03T14:54:29,L_breakdown_seed43,L,breakdown,43,30043,30043,5.0,MachineRank,solved,,0.125231,201.415838,201.415838,2893.649130,1553.038914,1340.610215,0.463294,30.013700,30.013700,0.125246,0.000147,0.000147,0.000240,0.000248,0.000250,0.000000,0,true,35.386757,7,objective equals makespan; due-date/tardiness fields are not available in this instance format
fair|L|breakdown|43|5.0|LNS,2026-06-03T14:54:44,L_breakdown_seed43,L,breakdown,43,30043,30043,5.0,LNS,solved,,15.151472,202.337791,202.337791,2889.805451,1607.399888,1282.405563,0.443769,28.172558,28.172558,15.151487,5.018591,5.018591,5.028637,5.029530,5.029754,1.000000,3,true,36.006471,8,objective equals makespan; due-date/tardiness fields are not available in this instance format
fair|L|breakdown|43|5.0|DCGA,2026-06-03T14:54:46,L_breakdown_seed43,L,breakdown,43,30043,30043,5.0,DCGA,solved,,15.207030,205.726477,205.726477,2906.270080,1647.657139,1258.612941,0.433068,26.684121,26.684121,15.207045,5.043681,5.043681,5.069503,5.071799,5.072372,1.000000,3,true,38.284262,9,objective equals makespan; due-date/tardiness fields are not available in this instance format
fair|L|breakdown|43|5.0|SA,2026-06-03T14:54:46,L_breakdown_seed43,L,breakdown,43,30043,30043,5.0,SA,solved,,15.206708,214.797918,214.797918,3026.797865,1682.867271,1343.930595,0.444011,29.853660,29.853660,15.206722,5.036892,5.036892,5.043338,5.043912,5.044055,1.000000,3,true,44.381861,10,objective equals makespan; due-date/tardiness fields are not available in this instance format
fair|L|breakdown|43|10.0|B-CORE,2026-06-03T14:54:32,L_breakdown_seed43,L,breakdown,43,30043,30043,10.0,B-CORE,solved,,0.194818,148.770709,148.770709,2155.941384,1442.975740,712.965644,0.330698,21.769182,21.769182,0.194832,0.000437,0.000437,0.000441,0.000441,0.000441,0.000000,0,true,0.000000,1,objective equals makespan; due-date/tardiness fields are not available in this instance format
fair|L|breakdown|43|10.0|B-CORE-no-graph,2026-06-03T14:54:32,L_breakdown_seed43,L,breakdown,43,30043,30043,10.0,B-CORE-no-graph,solved,,0.196146,148.770709,148.770709,2155.941384,1442.975740,712.965644,0.330698,21.769182,21.769182,0.196160,0.000510,0.000510,0.000555,0.000559,0.000560,0.000000,0,true,0.000000,2,objective equals makespan; due-date/tardiness fields are not available in this instance format
fair|L|breakdown|43|10.0|B-CORE-no-bottleneck,2026-06-03T14:54:32,L_breakdown_seed43,L,breakdown,43,30043,30043,10.0,B-CORE-no-bottleneck,solved,,0.197166,169.065726,169.065726,2390.451871,1511.877196,878.574676,0.367535,27.196550,27.196550,0.197182,0.000500,0.000500,0.000535,0.000538,0.000538,0.000000,0,true,13.641810,3,objective equals makespan; due-date/tardiness fields are not available in this instance format
fair|L|breakdown|43|10.0|MOR,2026-06-03T14:54:32,L_breakdown_seed43,L,breakdown,43,30043,30043,10.0,MOR,solved,,0.099802,170.464416,170.464416,2315.283678,1256.358524,1058.925153,0.457363,22.029077,22.029077,0.099815,0.000015,0.000015,0.000018,0.000018,0.000018,0.000000,0,true,14.581975,4,objective equals makespan; due-date/tardiness fields are not available in this instance format
fair|L|breakdown|43|10.0|DCGA,2026-06-03T14:55:15,L_breakdown_seed43,L,breakdown,43,30043,30043,10.0,DCGA,solved,,30.303533,183.636906,183.636906,2667.765896,1433.628817,1234.137079,0.462611,25.544835,25.544835,30.303548,10.072618,10.072618,10.077754,10.078210,10.078324,1.000000,3,true,23.436197,5,objective equals makespan; due-date/tardiness fields are not available in this instance format
fair|L|breakdown|43|10.0|MOEA-NSGA2,2026-06-03T14:55:15,L_breakdown_seed43,L,breakdown,43,30043,30043,10.0,MOEA-NSGA2,solved,,30.185085,183.775836,183.775836,2657.721877,1512.628945,1145.092932,0.430855,26.391888,26.391888,30.185100,10.012520,10.012520,10.017084,10.017490,10.017591,1.000000,3,true,23.529583,6,objective equals makespan; due-date/tardiness fields are not available in this instance format
fair|L|breakdown|43|10.0|GA,2026-06-03T14:55:02,L_breakdown_seed43,L,breakdown,43,30043,30043,10.0,GA,solved,,30.178487,190.354886,190.354886,2700.749704,1492.400471,1208.349234,0.447413,28.322571,28.322571,30.178501,10.022297,10.022297,10.034661,10.035760,10.036035,1.000000,3,true,27.951858,7,objective equals makespan; due-date/tardiness fields are not available in this instance format
fair|L|breakdown|43|10.0|SA,2026-06-03T14:55:15,L_breakdown_seed43,L,breakdown,43,30043,30043,10.0,SA,solved,,30.299737,198.280497,198.280497,2729.372895,1523.160152,1206.212743,0.441938,26.879516,26.879516,30.299762,10.058430,10.058430,10.062389,10.062741,10.062829,1.000000,3,true,33.279258,8,objective equals makespan; due-date/tardiness fields are not available in this instance format
fair|L|breakdown|43|10.0|MachineRank,2026-06-03T14:54:32,L_breakdown_seed43,L,breakdown,43,30043,30043,10.0,MachineRank,solved,,0.123429,201.415838,201.415838,2893.649130,1553.038914,1340.610215,0.463294,30.013700,30.013700,0.123443,0.000155,0.000155,0.000246,0.000254,0.000256,0.000000,0,true,35.386757,9,objective equals makespan; due-date/tardiness fields are not available in this instance format
fair|L|breakdown|43|10.0|LNS,2026-06-03T14:55:02,L_breakdown_seed43,L,breakdown,43,30043,30043,10.0,LNS,solved,,30.219663,209.779076,209.779076,2860.595153,1577.329086,1283.266067,0.448601,27.704536,27.704536,30.219676,10.044924,10.044924,10.071096,10.073422,10.074003,1.000000,3,true,41.008319,10,objective equals makespan; due-date/tardiness fields are not available in this instance format
fair|L|breakdown|44|0.1|B-CORE,2026-06-03T14:54:46,L_breakdown_seed44,L,breakdown,44,30044,30044,0.1,B-CORE,solved,,0.189685,149.947894,149.947894,2042.813390,1327.083181,715.730209,0.350365,20.971173,20.971173,0.189700,0.000408,0.000435,0.000501,0.000506,0.000508,0.000000,0,true,0.000000,1,objective equals makespan; due-date/tardiness fields are not available in this instance format
fair|L|breakdown|44|0.1|B-CORE-no-graph,2026-06-03T14:54:46,L_breakdown_seed44,L,breakdown,44,30044,30044,0.1,B-CORE-no-graph,solved,,0.199487,149.947894,149.947894,2042.813390,1327.083181,715.730209,0.350365,20.971173,20.971173,0.199510,0.000607,0.000518,0.000968,0.001008,0.001018,0.000000,0,true,0.000000,2,objective equals makespan; due-date/tardiness fields are not available in this instance format
fair|L|breakdown|44|0.1|B-CORE-no-bottleneck,2026-06-03T14:54:46,L_breakdown_seed44,L,breakdown,44,30044,30044,0.1,B-CORE-no-bottleneck,solved,,0.201799,158.012901,158.012901,2261.644137,1374.402174,887.241963,0.392300,26.483219,26.483219,0.201823,0.000392,0.000407,0.000410,0.000410,0.000410,0.000000,0,true,5.378540,3,objective equals makespan; due-date/tardiness fields are not available in this instance format
fair|L|breakdown|44|0.1|MOR,2026-06-03T14:54:46,L_breakdown_seed44,L,breakdown,44,30044,30044,0.1,MOR,solved,,0.105432,176.053621,176.053621,2276.857352,1270.119332,1006.738020,0.442161,21.449493,21.449493,0.105456,0.000014,0.000014,0.000018,0.000018,0.000018,0.000000,0,true,17.409866,4,objective equals makespan; due-date/tardiness fields are not available in this instance format
fair|L|breakdown|44|0.1|MachineRank,2026-06-03T14:54:46,L_breakdown_seed44,L,breakdown,44,30044,30044,0.1,MachineRank,solved,,0.148036,197.761564,197.761564,2601.962881,1404.456684,1197.506196,0.460232,28.267235,28.267235,0.148055,0.000384,0.000427,0.000626,0.000647,0.000653,0.000000,0,true,31.886857,5,objective equals makespan; due-date/tardiness fields are not available in this instance format
fair|L|breakdown|44|0.1|MOEA-NSGA2,2026-06-03T14:54:51,L_breakdown_seed44,L,breakdown,44,30044,30044,0.1,MOEA-NSGA2,solved,,3.925263,208.970969,208.970969,2925.639636,1574.511711,1351.127925,0.461823,27.783659,27.783659,3.925276,0.933299,0.925427,0.972634,0.976830,0.977879,1.000000,4,true,39.362390,6,objective equals makespan; due-date/tardiness fields are not available in this instance format
fair|L|breakdown|44|0.1|GA,2026-06-03T14:54:47,L_breakdown_seed44,L,breakdown,44,30044,30044,0.1,GA,solved,,0.694386,212.350353,212.350353,2833.728966,1500.854387,1332.874579,0.470361,25.767756,25.767756,0.694401,0.160513,0.173125,0.177194,0.177556,0.177646,1.000000,4,true,41.616096,7,objective equals makespan; due-date/tardiness fields are not available in this instance format
fair|L|breakdown|44|0.1|LNS,2026-06-03T14:54:47,L_breakdown_seed44,L,breakdown,44,30044,30044,0.1,LNS,solved,,0.514553,215.550106,215.550106,3102.976540,1712.169046,1390.807494,0.448217,29.067505,29.067505,0.514569,0.147775,0.147775,0.174539,0.176918,0.177513,1.000000,3,true,43.750006,8,objective equals makespan; due-date/tardiness fields are not available in this instance format
fair|L|breakdown|44|0.1|DCGA,2026-06-03T14:54:47,L_breakdown_seed44,L,breakdown,44,30044,30044,0.1,DCGA,solved,,0.573396,215.550106,215.550106,3102.976540,1712.169046,1390.807494,0.448217,29.067505,29.067505,0.573411,0.173047,0.173047,0.183374,0.184292,0.184521,1.000000,3,true,43.750006,9,objective equals makespan; due-date/tardiness fields are not available in this instance format
fair|L|breakdown|44|0.1|SA,2026-06-03T14:54:47,L_breakdown_seed44,L,breakdown,44,30044,30044,0.1,SA,solved,,0.555846,226.637234,226.637234,3095.553653,1732.563059,1362.990594,0.440306,28.492671,28.492671,0.555861,0.140371,0.140371,0.173481,0.176424,0.177160,1.000000,3,true,51.143993,10,objective equals makespan; due-date/tardiness fields are not available in this instance format
fair|L|breakdown|44|0.5|B-CORE,2026-06-03T14:54:47,L_breakdown_seed44,L,breakdown,44,30044,30044,0.5,B-CORE,solved,,0.197127,149.947894,149.947894,2042.813390,1327.083181,715.730209,0.350365,20.971173,20.971173,0.197142,0.000519,0.000488,0.000698,0.000717,0.000721,0.000000,0,true,0.000000,1,objective equals makespan; due-date/tardiness fields are not available in this instance format
fair|L|breakdown|44|0.5|B-CORE-no-graph,2026-06-03T14:54:47,L_breakdown_seed44,L,breakdown,44,30044,30044,0.5,B-CORE-no-graph,solved,,0.196487,149.947894,149.947894,2042.813390,1327.083181,715.730209,0.350365,20.971173,20.971173,0.196500,0.000463,0.000545,0.000545,0.000545,0.000545,0.000000,0,true,0.000000,2,objective equals makespan; due-date/tardiness fields are not available in this instance format
fair|L|breakdown|44|0.5|B-CORE-no-bottleneck,2026-06-03T14:54:47,L_breakdown_seed44,L,breakdown,44,30044,30044,0.5,B-CORE-no-bottleneck,solved,,0.189607,158.012901,158.012901,2261.644137,1374.402174,887.241963,0.392300,26.483219,26.483219,0.189621,0.000459,0.000453,0.000521,0.000527,0.000528,0.000000,0,true,5.378540,3,objective equals makespan; due-date/tardiness fields are not available in this instance format
fair|L|breakdown|44|0.5|MOR,2026-06-03T14:54:47,L_breakdown_seed44,L,breakdown,44,30044,30044,0.5,MOR,solved,,0.091842,176.053621,176.053621,2276.857352,1270.119332,1006.738020,0.442161,21.449493,21.449493,0.091857,0.000012,0.000012,0.000013,0.000013,0.000013,0.000000,0,true,17.409866,4,objective equals makespan; due-date/tardiness fields are not available in this instance format
fair|L|breakdown|44|0.5|MachineRank,2026-06-03T14:54:47,L_breakdown_seed44,L,breakdown,44,30044,30044,0.5,MachineRank,solved,,0.117356,197.761564,197.761564,2601.962881,1404.456684,1197.506196,0.460232,28.267235,28.267235,0.117371,0.000191,0.000239,0.000264,0.000267,0.000268,0.000000,0,true,31.886857,5,objective equals makespan; due-date/tardiness fields are not available in this instance format
fair|L|breakdown|44|0.5|DCGA,2026-06-03T14:54:50,L_breakdown_seed44,L,breakdown,44,30044,30044,0.5,DCGA,solved,,2.297918,202.225621,202.225621,2679.682558,1480.469350,1199.213208,0.447521,23.804403,23.804403,2.297932,0.543383,0.547898,0.557844,0.558728,0.558949,1.000000,4,true,34.863929,6,objective equals makespan; due-date/tardiness fields are not available in this instance format
fair|L|breakdown|44|0.5|GA,2026-06-03T14:54:49,L_breakdown_seed44,L,breakdown,44,30044,30044,0.5,GA,solved,,1.751388,204.182907,204.182907,2635.166119,1393.553126,1241.612993,0.471171,25.698989,25.698989,1.751403,0.542472,0.542472,0.546548,0.546910,0.547000,1.000000,3,true,36.169240,7,objective equals makespan; due-date/tardiness fields are not available in this instance format
fair|L|breakdown|44|0.5|LNS,2026-06-03T14:54:49,L_breakdown_seed44,L,breakdown,44,30044,30044,0.5,LNS,solved,,1.723077,208.709490,208.709490,3102.533203,1690.669661,1411.863542,0.455068,29.356362,29.356362,1.723091,0.560102,0.560102,0.560225,0.560236,0.560239,1.000000,3,true,39.188010,8,objective equals makespan; due-date/tardiness fields are not available in this instance format
fair|L|breakdown|44|0.5|MOEA-NSGA2,2026-06-03T14:54:53,L_breakdown_seed44,L,breakdown,44,30044,30044,0.5,MOEA-NSGA2,solved,,4.024753,208.970969,208.970969,2925.639636,1574.511711,1351.127925,0.461823,27.783659,27.783659,4.024768,0.982811,0.954648,1.036690,1.043983,1.045806,1.000000,4,true,39.362390,9,objective equals makespan; due-date/tardiness fields are not available in this instance format
fair|L|breakdown|44|0.5|SA,2026-06-03T14:54:51,L_breakdown_seed44,L,breakdown,44,30044,30044,0.5,SA,solved,,1.769630,215.600292,215.600292,2937.510354,1708.578731,1228.931623,0.418358,27.817161,27.817161,1.769652,0.547525,0.547525,0.569523,0.571479,0.571968,1.000000,3,true,43.783475,10,objective equals makespan; due-date/tardiness fields are not available in this instance format
fair|L|breakdown|44|1.0|B-CORE,2026-06-03T14:54:50,L_breakdown_seed44,L,breakdown,44,30044,30044,1.0,B-CORE,solved,,0.176910,149.947894,149.947894,2042.813390,1327.083181,715.730209,0.350365,20.971173,20.971173,0.176923,0.000392,0.000409,0.000494,0.000502,0.000504,0.000000,0,true,0.000000,1,objective equals makespan; due-date/tardiness fields are not available in this instance format
fair|L|breakdown|44|1.0|B-CORE-no-graph,2026-06-03T14:54:50,L_breakdown_seed44,L,breakdown,44,30044,30044,1.0,B-CORE-no-graph,solved,,0.174933,149.947894,149.947894,2042.813390,1327.083181,715.730209,0.350365,20.971173,20.971173,0.174948,0.000403,0.000428,0.000499,0.000505,0.000507,0.000000,0,true,0.000000,2,objective equals makespan; due-date/tardiness fields are not available in this instance format
fair|L|breakdown|44|1.0|B-CORE-no-bottleneck,2026-06-03T14:54:50,L_breakdown_seed44,L,breakdown,44,30044,30044,1.0,B-CORE-no-bottleneck,solved,,0.175079,158.012901,158.012901,2261.644137,1374.402174,887.241963,0.392300,26.483219,26.483219,0.175094,0.000400,0.000418,0.000427,0.000428,0.000428,0.000000,0,true,5.378540,3,objective equals makespan; due-date/tardiness fields are not available in this instance format
fair|L|breakdown|44|1.0|MOR,2026-06-03T14:54:50,L_breakdown_seed44,L,breakdown,44,30044,30044,1.0,MOR,solved,,0.088046,176.053621,176.053621,2276.857352,1270.119332,1006.738020,0.442161,21.449493,21.449493,0.088093,0.000014,0.000014,0.000015,0.000015,0.000015,0.000000,0,true,17.409866,4,objective equals makespan; due-date/tardiness fields are not available in this instance format
fair|L|breakdown|44|1.0|MachineRank,2026-06-03T14:54:50,L_breakdown_seed44,L,breakdown,44,30044,30044,1.0,MachineRank,solved,,0.115985,197.761564,197.761564,2601.962881,1404.456684,1197.506196,0.460232,28.267235,28.267235,0.115999,0.000185,0.000235,0.000249,0.000249,0.000250,0.000000,0,true,31.886857,5,objective equals makespan; due-date/tardiness fields are not available in this instance format
fair|L|breakdown|44|1.0|DCGA,2026-06-03T14:54:55,L_breakdown_seed44,L,breakdown,44,30044,30044,1.0,DCGA,solved,,4.328756,202.225621,202.225621,2679.682558,1480.469350,1199.213208,0.447521,23.804403,23.804403,4.328772,1.049488,1.043478,1.068137,1.070329,1.070877,1.000000,4,true,34.863929,6,objective equals makespan; due-date/tardiness fields are not available in this instance format
fair|L|breakdown|44|1.0|MOEA-NSGA2,2026-06-03T14:54:58,L_breakdown_seed44,L,breakdown,44,30044,30044,1.0,MOEA-NSGA2,solved,,4.323729,203.337259,203.337259,2976.123412,1604.057224,1372.066188,0.461025,28.350375,28.350375,4.323744,1.039178,1.027439,1.075316,1.079572,1.080636,1.000000,4,true,35.605278,7,objective equals makespan; due-date/tardiness fields are not available in this instance format
fair|L|breakdown|44|1.0|LNS,2026-06-03T14:54:53,L_breakdown_seed44,L,breakdown,44,30044,30044,1.0,LNS,solved,,3.198786,207.824235,207.824235,3109.549490,1690.669661,1418.879828,0.456298,29.382712,29.382712,3.198803,1.046575,1.046575,1.051306,1.051727,1.051832,1.000000,3,true,38.597635,8,objective equals makespan; due-date/tardiness fields are not available in this instance format
fair|L|breakdown|44|1.0|GA,2026-06-03T14:54:55,L_breakdown_seed44,L,breakdown,44,30044,30044,1.0,GA,solved,,4.288798,214.737584,214.737584,2803.264814,1526.821070,1276.443744,0.455342,26.707638,26.707638,4.288812,1.060124,1.062009,1.066539,1.066941,1.067042,1.000000,4,true,43.208136,9,objective equals makespan; due-date/tardiness fields are not available in this instance format
fair|L|breakdown|44|1.0|SA,2026-06-03T14:54:56,L_breakdown_seed44,L,breakdown,44,30044,30044,1.0,SA,solved,,3.278348,215.600292,215.600292,2937.510354,1708.578731,1228.931623,0.418358,27.817161,27.817161,3.278366,1.069389,1.069389,1.082401,1.083557,1.083846,1.000000,3,true,43.783475,10,objective equals makespan; due-date/tardiness fields are not available in this instance format
fair|L|breakdown|44|5.0|B-CORE,2026-06-03T14:54:55,L_breakdown_seed44,L,breakdown,44,30044,30044,5.0,B-CORE,solved,,0.195256,149.947894,149.947894,2042.813390,1327.083181,715.730209,0.350365,20.971173,20.971173,0.195272,0.000470,0.000490,0.000611,0.000622,0.000625,0.000000,0,true,0.000000,1,objective equals makespan; due-date/tardiness fields are not available in this instance format
fair|L|breakdown|44|5.0|B-CORE-no-graph,2026-06-03T14:54:55,L_breakdown_seed44,L,breakdown,44,30044,30044,5.0,B-CORE-no-graph,solved,,0.191277,149.947894,149.947894,2042.813390,1327.083181,715.730209,0.350365,20.971173,20.971173,0.191293,0.000484,0.000438,0.000681,0.000702,0.000708,0.000000,0,true,0.000000,2,objective equals makespan; due-date/tardiness fields are not available in this instance format
fair|L|breakdown|44|5.0|B-CORE-no-bottleneck,2026-06-03T14:54:55,L_breakdown_seed44,L,breakdown,44,30044,30044,5.0,B-CORE-no-bottleneck,solved,,0.197622,158.012901,158.012901,2261.644137,1374.402174,887.241963,0.392300,26.483219,26.483219,0.197637,0.000473,0.000480,0.000508,0.000510,0.000511,0.000000,0,true,5.378540,3,objective equals makespan; due-date/tardiness fields are not available in this instance format
fair|L|breakdown|44|5.0|MOR,2026-06-03T14:54:55,L_breakdown_seed44,L,breakdown,44,30044,30044,5.0,MOR,solved,,0.090341,176.053621,176.053621,2276.857352,1270.119332,1006.738020,0.442161,21.449493,21.449493,0.090355,0.000021,0.000021,0.000028,0.000028,0.000028,0.000000,0,true,17.409866,4,objective equals makespan; due-date/tardiness fields are not available in this instance format
fair|L|breakdown|44|5.0|GA,2026-06-03T14:55:21,L_breakdown_seed44,L,breakdown,44,30044,30044,5.0,GA,solved,,25.265668,192.795556,192.795556,2625.751434,1486.070709,1139.680725,0.434040,26.027514,26.027514,25.265693,5.042791,5.043251,5.078079,5.080218,5.080753,1.000000,5,true,28.575034,5,objective equals makespan; due-date/tardiness fields are not available in this instance format
fair|L|breakdown|44|5.0|MOEA-NSGA2,2026-06-03T14:55:18,L_breakdown_seed44,L,breakdown,44,30044,30044,5.0,MOEA-NSGA2,solved,,20.279873,196.735445,196.735445,2507.524423,1373.899486,1133.624937,0.452089,23.240169,23.240169,20.279887,5.033308,5.031100,5.060250,5.062841,5.063489,1.000000,4,true,31.202540,6,objective equals makespan; due-date/tardiness fields are not available in this instance format
fair|L|breakdown|44|5.0|MachineRank,2026-06-03T14:54:55,L_breakdown_seed44,L,breakdown,44,30044,30044,5.0,MachineRank,solved,,0.119244,197.761564,197.761564,2601.962881,1404.456684,1197.506196,0.460232,28.267235,28.267235,0.119260,0.000199,0.000238,0.000293,0.000299,0.000301,0.000000,0,true,31.886857,7,objective equals makespan; due-date/tardiness fields are not available in this instance format
fair|L|breakdown|44|5.0|DCGA,2026-06-03T14:55:11,L_breakdown_seed44,L,breakdown,44,30044,30044,5.0,DCGA,solved,,15.271537,202.506669,202.506669,2801.923861,1604.647883,1197.275978,0.427305,24.915867,24.915867,15.271551,5.046564,5.046564,5.057000,5.057927,5.058159,1.000000,3,true,35.051359,8,objective equals makespan; due-date/tardiness fields are not available in this instance format
fair|L|breakdown|44|5.0|LNS,2026-06-03T14:55:11,L_breakdown_seed44,L,breakdown,44,30044,30044,5.0,LNS,solved,,15.204438,207.824235,207.824235,3109.549490,1690.669661,1418.879828,0.456298,29.382712,29.382712,15.204452,5.051472,5.051472,5.062432,5.063406,5.063650,1.000000,3,true,38.597635,9,objective equals makespan; due-date/tardiness fields are not available in this instance format
fair|L|breakdown|44|5.0|SA,2026-06-03T14:55:11,L_breakdown_seed44,L,breakdown,44,30044,30044,5.0,SA,solved,,15.166340,221.696988,221.696988,2995.573021,1693.652283,1301.920739,0.434615,28.363365,28.363365,15.166355,5.032376,5.032376,5.051634,5.053346,5.053774,1.000000,3,true,47.849351,10,objective equals makespan; due-date/tardiness fields are not available in this instance format
fair|L|breakdown|44|10.0|B-CORE,2026-06-03T14:54:59,L_breakdown_seed44,L,breakdown,44,30044,30044,10.0,B-CORE,solved,,0.183493,149.947894,149.947894,2042.813390,1327.083181,715.730209,0.350365,20.971173,20.971173,0.183508,0.000454,0.000519,0.000557,0.000561,0.000562,0.000000,0,true,0.000000,1,objective equals makespan; due-date/tardiness fields are not available in this instance format
fair|L|breakdown|44|10.0|B-CORE-no-graph,2026-06-03T14:54:59,L_breakdown_seed44,L,breakdown,44,30044,30044,10.0,B-CORE-no-graph,solved,,0.180265,149.947894,149.947894,2042.813390,1327.083181,715.730209,0.350365,20.971173,20.971173,0.180278,0.000417,0.000453,0.000508,0.000513,0.000514,0.000000,0,true,0.000000,2,objective equals makespan; due-date/tardiness fields are not available in this instance format
fair|L|breakdown|44|10.0|B-CORE-no-bottleneck,2026-06-03T14:55:00,L_breakdown_seed44,L,breakdown,44,30044,30044,10.0,B-CORE-no-bottleneck,solved,,0.183341,158.012901,158.012901,2261.644137,1374.402174,887.241963,0.392300,26.483219,26.483219,0.183355,0.000403,0.000391,0.000438,0.000442,0.000443,0.000000,0,true,5.378540,3,objective equals makespan; due-date/tardiness fields are not available in this instance format
fair|L|breakdown|44|10.0|MOR,2026-06-03T14:55:00,L_breakdown_seed44,L,breakdown,44,30044,30044,10.0,MOR,solved,,0.092133,176.053621,176.053621,2276.857352,1270.119332,1006.738020,0.442161,21.449493,21.449493,0.092149,0.000014,0.000014,0.000016,0.000016,0.000016,0.000000,0,true,17.409866,4,objective equals makespan; due-date/tardiness fields are not available in this instance format
fair|L|breakdown|44|10.0|MOEA-NSGA2,2026-06-03T14:55:51,L_breakdown_seed44,L,breakdown,44,30044,30044,10.0,MOEA-NSGA2,solved,,40.270513,180.624193,180.624193,2440.111604,1362.348097,1077.763507,0.441686,22.185596,22.185596,40.270529,10.049898,10.049476,10.061998,10.063112,10.063390,1.000000,4,true,20.457973,5,objective equals makespan; due-date/tardiness fields are not available in this instance format
fair|L|breakdown|44|10.0|GA,2026-06-03T14:55:42,L_breakdown_seed44,L,breakdown,44,30044,30044,10.0,GA,solved,,40.263078,182.726080,182.726080,2616.971756,1466.415879,1150.555877,0.439652,23.412853,23.412853,40.263089,10.059190,10.060246,10.061085,10.061160,10.061179,1.000000,4,true,21.859717,6,objective equals makespan; due-date/tardiness fields are not available in this instance format
fair|L|breakdown|44|10.0|DCGA,2026-06-03T14:55:42,L_breakdown_seed44,L,breakdown,44,30044,30044,10.0,DCGA,solved,,40.260661,185.619212,185.619212,2426.741058,1363.758115,1062.982943,0.438029,22.210535,22.210535,40.260674,10.035716,10.043193,10.053036,10.053911,10.054130,1.000000,4,true,23.789142,7,objective equals makespan; due-date/tardiness fields are not available in this instance format
fair|L|breakdown|44|10.0|LNS,2026-06-03T14:55:30,L_breakdown_seed44,L,breakdown,44,30044,30044,10.0,LNS,solved,,30.173111,190.261734,190.261734,2864.625250,1536.894373,1327.730877,0.463492,28.344762,28.344762,30.173126,10.014738,10.014738,10.017060,10.017267,10.017318,1.000000,3,true,26.885233,8,objective equals makespan; due-date/tardiness fields are not available in this instance format
fair|L|breakdown|44|10.0|MachineRank,2026-06-03T14:55:00,L_breakdown_seed44,L,breakdown,44,30044,30044,10.0,MachineRank,solved,,0.118123,197.761564,197.761564,2601.962881,1404.456684,1197.506196,0.460232,28.267235,28.267235,0.118137,0.000217,0.000254,0.000333,0.000339,0.000341,0.000000,0,true,31.886857,9,objective equals makespan; due-date/tardiness fields are not available in this instance format
fair|L|breakdown|44|10.0|SA,2026-06-03T14:55:40,L_breakdown_seed44,L,breakdown,44,30044,30044,10.0,SA,solved,,30.194052,212.802007,212.802007,2889.845574,1634.790843,1255.054731,0.434298,27.511810,27.511810,30.194063,10.040613,10.040613,10.061536,10.063395,10.063860,1.000000,3,true,41.917303,10,objective equals makespan; due-date/tardiness fields are not available in this instance format
fair|L|breakdown|45|0.1|B-CORE,2026-06-03T14:55:12,L_breakdown_seed45,L,breakdown,45,30045,30045,0.1,B-CORE,solved,,0.196071,170.287718,170.287718,2391.819663,1490.909560,900.910102,0.376663,25.605945,25.605945,0.196086,0.000562,0.000607,0.000617,0.000618,0.000618,0.000000,0,true,0.000000,1,objective equals makespan; due-date/tardiness fields are not available in this instance format
fair|L|breakdown|45|0.1|B-CORE-no-graph,2026-06-03T14:55:12,L_breakdown_seed45,L,breakdown,45,30045,30045,0.1,B-CORE-no-graph,solved,,0.195379,170.287718,170.287718,2391.819663,1490.909560,900.910102,0.376663,25.605945,25.605945,0.195394,0.000432,0.000416,0.000498,0.000505,0.000507,0.000000,0,true,0.000000,2,objective equals makespan; due-date/tardiness fields are not available in this instance format
fair|L|breakdown|45|0.1|B-CORE-no-bottleneck,2026-06-03T14:55:12,L_breakdown_seed45,L,breakdown,45,30045,30045,0.1,B-CORE-no-bottleneck,solved,,0.215858,176.243080,176.243080,2525.033830,1590.798079,934.235750,0.369989,28.639659,28.639659,0.215874,0.000499,0.000520,0.000567,0.000571,0.000572,0.000000,0,true,3.497235,3,objective equals makespan; due-date/tardiness fields are not available in this instance format
fair|L|breakdown|45|0.1|MOR,2026-06-03T14:55:12,L_breakdown_seed45,L,breakdown,45,30045,30045,0.1,MOR,solved,,0.100963,192.292674,192.292674,2732.820612,1479.636215,1253.184397,0.458568,26.148376,26.148376,0.100978,0.000016,0.000016,0.000020,0.000020,0.000020,0.000000,0,true,12.922221,4,objective equals makespan; due-date/tardiness fields are not available in this instance format
fair|L|breakdown|45|0.1|MachineRank,2026-06-03T14:55:12,L_breakdown_seed45,L,breakdown,45,30045,30045,0.1,MachineRank,solved,,0.128433,199.453873,199.453873,2790.234371,1549.382185,1240.852187,0.444713,31.572308,31.572308,0.128453,0.000025,0.000025,0.000026,0.000026,0.000026,0.000000,0,true,17.127574,5,objective equals makespan; due-date/tardiness fields are not available in this instance format
fair|L|breakdown|45|0.1|MOEA-NSGA2,2026-06-03T14:55:18,L_breakdown_seed45,L,breakdown,45,30045,30045,0.1,MOEA-NSGA2,solved,,3.997840,218.706450,218.706450,2916.305769,1629.581347,1286.724422,0.441217,28.154720,28.154720,3.997854,1.371850,1.371850,1.651793,1.676677,1.682898,1.000000,3,true,28.433485,6,objective equals makespan; due-date/tardiness fields are not available in this instance format
fair|L|breakdown|45|0.1|SA,2026-06-03T14:55:14,L_breakdown_seed45,L,breakdown,45,30045,30045,0.1,SA,solved,,1.069012,231.357728,231.357728,3218.074907,1798.365429,1419.709477,0.441167,31.172981,31.172981,1.069027,0.181742,0.190928,0.192150,0.192278,0.192310,1.000000,5,true,35.862839,7,objective equals makespan; due-date/tardiness fields are not available in this instance format
fair|L|breakdown|45|0.1|DCGA,2026-06-03T14:55:14,L_breakdown_seed45,L,breakdown,45,30045,30045,0.1,DCGA,solved,,1.075334,234.305384,234.305384,3149.134484,1810.326063,1338.808421,0.425135,30.950859,30.950859,1.075350,0.182864,0.188801,0.198288,0.199253,0.199495,1.000000,5,true,37.593825,8,objective equals makespan; due-date/tardiness fields are not available in this instance format
fair|L|breakdown|45|0.1|LNS,2026-06-03T14:55:13,L_breakdown_seed45,L,breakdown,45,30045,30045,0.1,LNS,solved,,1.145007,245.961642,245.961642,3170.028712,1803.379490,1366.649221,0.431116,31.881172,31.881172,1.145027,0.188544,0.188555,0.214781,0.216456,0.216875,1.000000,5,true,44.438862,9,objective equals makespan; due-date/tardiness fields are not available in this instance format
fair|L|breakdown|45|0.1|GA,2026-06-03T14:55:13,L_breakdown_seed45,L,breakdown,45,30045,30045,0.1,GA,solved,,0.931700,246.459400,246.459400,3082.050829,1623.646466,1458.404363,0.473193,28.143708,28.143708,0.931719,0.181145,0.172781,0.208388,0.211553,0.212345,1.000000,4,true,44.731166,10,objective equals makespan; due-date/tardiness fields are not available in this instance format
fair|L|breakdown|45|0.5|B-CORE,2026-06-03T14:55:14,L_breakdown_seed45,L,breakdown,45,30045,30045,0.5,B-CORE,solved,,0.204541,170.287718,170.287718,2391.819663,1490.909560,900.910102,0.376663,25.605945,25.605945,0.204556,0.000418,0.000430,0.000468,0.000471,0.000472,0.000000,0,true,0.000000,1,objective equals makespan; due-date/tardiness fields are not available in this instance format
fair|L|breakdown|45|0.5|B-CORE-no-graph,2026-06-03T14:55:14,L_breakdown_seed45,L,breakdown,45,30045,30045,0.5,B-CORE-no-graph,solved,,0.206347,170.287718,170.287718,2391.819663,1490.909560,900.910102,0.376663,25.605945,25.605945,0.206361,0.000415,0.000407,0.000458,0.000463,0.000464,0.000000,0,true,0.000000,2,objective equals makespan; due-date/tardiness fields are not available in this instance format
fair|L|breakdown|45|0.5|B-CORE-no-bottleneck,2026-06-03T14:55:15,L_breakdown_seed45,L,breakdown,45,30045,30045,0.5,B-CORE-no-bottleneck,solved,,0.215302,176.243080,176.243080,2525.033830,1590.798079,934.235750,0.369989,28.639659,28.639659,0.215316,0.000483,0.000474,0.000531,0.000536,0.000538,0.000000,0,true,3.497235,3,objective equals makespan; due-date/tardiness fields are not available in this instance format
fair|L|breakdown|45|0.5|MOR,2026-06-03T14:55:15,L_breakdown_seed45,L,breakdown,45,30045,30045,0.5,MOR,solved,,0.113996,192.292674,192.292674,2732.820612,1479.636215,1253.184397,0.458568,26.148376,26.148376,0.114008,0.000018,0.000017,0.000022,0.000022,0.000022,0.000000,0,true,12.922221,4,objective equals makespan; due-date/tardiness fields are not available in this instance format
fair|L|breakdown|45|0.5|MachineRank,2026-06-03T14:55:15,L_breakdown_seed45,L,breakdown,45,30045,30045,0.5,MachineRank,solved,,0.135553,199.453873,199.453873,2790.234371,1549.382185,1240.852187,0.444713,31.572308,31.572308,0.135568,0.000025,0.000027,0.000031,0.000031,0.000032,0.000000,0,true,17.127574,5,objective equals makespan; due-date/tardiness fields are not available in this instance format
fair|L|breakdown|45|0.5|DCGA,2026-06-03T14:55:17,L_breakdown_seed45,L,breakdown,45,30045,30045,0.5,DCGA,solved,,2.482513,218.334048,218.334048,3046.532318,1721.017802,1325.514517,0.435090,30.181376,30.181376,2.482535,0.567966,0.541367,0.631090,0.639066,0.641060,1.000000,4,true,28.214795,6,objective equals makespan; due-date/tardiness fields are not available in this instance format
fair|L|breakdown|45|0.5|MOEA-NSGA2,2026-06-03T14:55:20,L_breakdown_seed45,L,breakdown,45,30045,30045,0.5,MOEA-NSGA2,solved,,3.477381,218.706450,218.706450,2916.305769,1629.581347,1286.724422,0.441217,28.154720,28.154720,3.477398,0.917085,0.917085,0.997304,1.004435,1.006217,1.000000,3,true,28.433485,7,objective equals makespan; due-date/tardiness fields are not available in this instance format
fair|L|breakdown|45|0.5|GA,2026-06-03T14:55:17,L_breakdown_seed45,L,breakdown,45,30045,30045,0.5,GA,solved,,1.877951,228.383986,228.383986,3048.479137,1660.134774,1388.344363,0.455422,29.816941,29.816941,1.877973,0.534973,0.534973,0.538030,0.538302,0.538370,1.000000,3,true,34.116534,8,objective equals makespan; due-date/tardiness fields are not available in this instance format
fair|L|breakdown|45|0.5|SA,2026-06-03T14:55:18,L_breakdown_seed45,L,breakdown,45,30045,30045,0.5,SA,solved,,3.061455,231.357728,231.357728,3218.074907,1798.365429,1419.709477,0.441167,31.172981,31.172981,3.061470,0.589170,0.562353,0.685432,0.698497,0.701763,1.000000,5,true,35.862839,9,objective equals makespan; due-date/tardiness fields are not available in this instance format
fair|L|breakdown|45|0.5|LNS,2026-06-03T14:55:18,L_breakdown_seed45,L,breakdown,45,30045,30045,0.5,LNS,solved,,2.963452,239.244307,239.244307,3147.639990,1788.171749,1359.468241,0.431901,31.421106,31.421106,2.963468,0.566693,0.570505,0.612930,0.618840,0.620317,1.000000,5,true,40.494165,10,objective equals makespan; due-date/tardiness fields are not available in this instance format
fair|L|breakdown|45|1.0|B-CORE,2026-06-03T14:55:18,L_breakdown_seed45,L,breakdown,45,30045,30045,1.0,B-CORE,solved,,0.250410,170.287718,170.287718,2391.819663,1490.909560,900.910102,0.376663,25.605945,25.605945,0.250425,0.000434,0.000451,0.000452,0.000452,0.000452,0.000000,0,true,0.000000,1,objective equals makespan; due-date/tardiness fields are not available in this instance format
fair|L|breakdown|45|1.0|B-CORE-no-graph,2026-06-03T14:55:18,L_breakdown_seed45,L,breakdown,45,30045,30045,1.0,B-CORE-no-graph,solved,,0.204906,170.287718,170.287718,2391.819663,1490.909560,900.910102,0.376663,25.605945,25.605945,0.204919,0.000410,0.000414,0.000457,0.000461,0.000461,0.000000,0,true,0.000000,2,objective equals makespan; due-date/tardiness fields are not available in this instance format
fair|L|breakdown|45|1.0|B-CORE-no-bottleneck,2026-06-03T14:55:18,L_breakdown_seed45,L,breakdown,45,30045,30045,1.0,B-CORE-no-bottleneck,solved,,0.214505,176.243080,176.243080,2525.033830,1590.798079,934.235750,0.369989,28.639659,28.639659,0.214520,0.000510,0.000565,0.000579,0.000580,0.000581,0.000000,0,true,3.497235,3,objective equals makespan; due-date/tardiness fields are not available in this instance format
fair|L|breakdown|45|1.0|MOR,2026-06-03T14:55:18,L_breakdown_seed45,L,breakdown,45,30045,30045,1.0,MOR,solved,,0.110478,192.292674,192.292674,2732.820612,1479.636215,1253.184397,0.458568,26.148376,26.148376,0.110491,0.000016,0.000015,0.000021,0.000022,0.000022,0.000000,0,true,12.922221,4,objective equals makespan; due-date/tardiness fields are not available in this instance format
fair|L|breakdown|45|1.0|MachineRank,2026-06-03T14:55:18,L_breakdown_seed45,L,breakdown,45,30045,30045,1.0,MachineRank,solved,,0.133674,199.453873,199.453873,2790.234371,1549.382185,1240.852187,0.444713,31.572308,31.572308,0.133686,0.000018,0.000020,0.000020,0.000020,0.000020,0.000000,0,true,17.127574,5,objective equals makespan; due-date/tardiness fields are not available in this instance format
fair|L|breakdown|45|1.0|GA,2026-06-03T14:55:21,L_breakdown_seed45,L,breakdown,45,30045,30045,1.0,GA,solved,,3.407858,218.706450,218.706450,2916.305769,1629.581347,1286.724422,0.441217,28.154720,28.154720,3.407899,1.082868,1.082868,1.142950,1.148290,1.149626,1.000000,3,true,28.433485,6,objective equals makespan; due-date/tardiness fields are not available in this instance format
fair|L|breakdown|45|1.0|MOEA-NSGA2,2026-06-03T14:55:22,L_breakdown_seed45,L,breakdown,45,30045,30045,1.0,MOEA-NSGA2,solved,,3.487300,218.706450,218.706450,2916.305769,1629.581347,1286.724422,0.441217,28.154720,28.154720,3.487315,1.085175,1.085175,1.154334,1.160481,1.162018,1.000000,3,true,28.433485,7,objective equals makespan; due-date/tardiness fields are not available in this instance format
fair|L|breakdown|45|1.0|SA,2026-06-03T14:55:24,L_breakdown_seed45,L,breakdown,45,30045,30045,1.0,SA,solved,,5.511079,220.472412,220.472412,3031.196723,1692.166882,1339.029840,0.441750,29.810018,29.810018,5.511091,1.084154,1.062351,1.153786,1.165811,1.168817,1.000000,5,true,29.470531,8,objective equals makespan; due-date/tardiness fields are not available in this instance format
fair|L|breakdown|45|1.0|DCGA,2026-06-03T14:55:22,L_breakdown_seed45,L,breakdown,45,30045,30045,1.0,DCGA,solved,,4.308138,228.423294,228.423294,3086.203527,1740.932268,1345.271260,0.435898,30.973218,30.973218,4.308152,1.048799,1.034875,1.093201,1.098386,1.099682,1.000000,4,true,34.139618,9,objective equals makespan; due-date/tardiness fields are not available in this instance format
fair|L|breakdown|45|1.0|LNS,2026-06-03T14:55:23,L_breakdown_seed45,L,breakdown,45,30045,30045,1.0,LNS,solved,,5.348493,235.957430,235.957430,3138.331565,1765.392867,1372.938699,0.437474,31.125753,31.125753,5.348506,1.061487,1.033725,1.137677,1.151981,1.155557,1.000000,5,true,38.563974,10,objective equals makespan; due-date/tardiness fields are not available in this instance format
fair|L|breakdown|45|5.0|B-CORE,2026-06-03T14:55:20,L_breakdown_seed45,L,breakdown,45,30045,30045,5.0,B-CORE,solved,,0.146814,170.287718,170.287718,2391.819663,1490.909560,900.910102,0.376663,25.605945,25.605945,0.146825,0.000443,0.000465,0.000471,0.000472,0.000472,0.000000,0,true,0.000000,1,objective equals makespan; due-date/tardiness fields are not available in this instance format
fair|L|breakdown|45|5.0|B-CORE-no-graph,2026-06-03T14:55:21,L_breakdown_seed45,L,breakdown,45,30045,30045,5.0,B-CORE-no-graph,solved,,0.158351,170.287718,170.287718,2391.819663,1490.909560,900.910102,0.376663,25.605945,25.605945,0.158371,0.000297,0.000275,0.000356,0.000363,0.000365,0.000000,0,true,0.000000,2,objective equals makespan; due-date/tardiness fields are not available in this instance format
fair|L|breakdown|45|5.0|B-CORE-no-bottleneck,2026-06-03T14:55:21,L_breakdown_seed45,L,breakdown,45,30045,30045,5.0,B-CORE-no-bottleneck,solved,,0.181269,176.243080,176.243080,2525.033830,1590.798079,934.235750,0.369989,28.639659,28.639659,0.181283,0.000377,0.000383,0.000384,0.000384,0.000384,0.000000,0,true,3.497235,3,objective equals makespan; due-date/tardiness fields are not available in this instance format
fair|L|breakdown|45|5.0|MOR,2026-06-03T14:55:21,L_breakdown_seed45,L,breakdown,45,30045,30045,5.0,MOR,solved,,0.098722,192.292674,192.292674,2732.820612,1479.636215,1253.184397,0.458568,26.148376,26.148376,0.098737,0.000017,0.000016,0.000021,0.000021,0.000022,0.000000,0,true,12.922221,4,objective equals makespan; due-date/tardiness fields are not available in this instance format
fair|L|breakdown|45|5.0|MOEA-NSGA2,2026-06-03T14:55:37,L_breakdown_seed45,L,breakdown,45,30045,30045,5.0,MOEA-NSGA2,solved,,15.187264,197.379736,197.379736,2845.200230,1594.692949,1250.507281,0.439515,27.671682,27.671682,15.187274,5.035288,5.035288,5.054397,5.056095,5.056520,1.000000,3,true,15.909555,5,objective equals makespan; due-date/tardiness fields are not available in this instance format
fair|L|breakdown|45|5.0|SA,2026-06-03T14:55:47,L_breakdown_seed45,L,breakdown,45,30045,30045,5.0,SA,solved,,25.273983,197.992256,197.992256,2996.915679,1739.800268,1257.115411,0.419470,28.538775,28.538775,25.273994,5.031496,5.028821,5.058006,5.059646,5.060056,1.000000,5,true,16.269252,6,objective equals makespan; due-date/tardiness fields are not available in this instance format
fair|L|breakdown|45|5.0|MachineRank,2026-06-03T14:55:21,L_breakdown_seed45,L,breakdown,45,30045,30045,5.0,MachineRank,solved,,0.119102,199.453873,199.453873,2790.234371,1549.382185,1240.852187,0.444713,31.572308,31.572308,0.119113,0.000018,0.000020,0.000023,0.000023,0.000023,0.000000,0,true,17.127574,7,objective equals makespan; due-date/tardiness fields are not available in this instance format
fair|L|breakdown|45|5.0|DCGA,2026-06-03T14:55:42,L_breakdown_seed45,L,breakdown,45,30045,30045,5.0,DCGA,solved,,20.222115,201.781878,201.781878,2847.237485,1559.607977,1287.629508,0.452238,27.690442,27.690442,20.222129,5.036160,5.044721,5.046225,5.046359,5.046392,1.000000,4,true,18.494675,8,objective equals makespan; due-date/tardiness fields are not available in this instance format
fair|L|breakdown|45|5.0|GA,2026-06-03T14:55:36,L_breakdown_seed45,L,breakdown,45,30045,30045,5.0,GA,solved,,15.255852,202.166535,202.166535,2811.051213,1679.971399,1131.079814,0.402369,27.057998,27.057998,15.255863,5.034804,5.034804,5.054873,5.056657,5.057103,1.000000,3,true,18.720562,9,objective equals makespan; due-date/tardiness fields are not available in this instance format
fair|L|breakdown|45|5.0|LNS,2026-06-03T14:55:46,L_breakdown_seed45,L,breakdown,45,30045,30045,5.0,LNS,solved,,25.335010,211.551274,211.551274,3076.414415,1845.926334,1230.488081,0.399975,31.137370,31.137370,25.335021,5.022684,5.023349,5.032406,5.032986,5.033131,1.000000,5,true,24.231669,10,objective equals makespan; due-date/tardiness fields are not available in this instance format
fair|L|breakdown|45|10.0|B-CORE,2026-06-03T14:55:24,L_breakdown_seed45,L,breakdown,45,30045,30045,10.0,B-CORE,solved,,0.175831,170.287718,170.287718,2391.819663,1490.909560,900.910102,0.376663,25.605945,25.605945,0.175845,0.000393,0.000378,0.000476,0.000485,0.000487,0.000000,0,true,0.000000,1,objective equals makespan; due-date/tardiness fields are not available in this instance format
fair|L|breakdown|45|10.0|B-CORE-no-graph,2026-06-03T14:55:24,L_breakdown_seed45,L,breakdown,45,30045,30045,10.0,B-CORE-no-graph,solved,,0.172177,170.287718,170.287718,2391.819663,1490.909560,900.910102,0.376663,25.605945,25.605945,0.172188,0.000469,0.000466,0.000486,0.000488,0.000488,0.000000,0,true,0.000000,2,objective equals makespan; due-date/tardiness fields are not available in this instance format
fair|L|breakdown|45|10.0|B-CORE-no-bottleneck,2026-06-03T14:55:24,L_breakdown_seed45,L,breakdown,45,30045,30045,10.0,B-CORE-no-bottleneck,solved,,0.184692,176.243080,176.243080,2525.033830,1590.798079,934.235750,0.369989,28.639659,28.639659,0.184705,0.000428,0.000388,0.000526,0.000538,0.000541,0.000000,0,true,3.497235,3,objective equals makespan; due-date/tardiness fields are not available in this instance format
fair|L|breakdown|45|10.0|MOR,2026-06-03T14:55:24,L_breakdown_seed45,L,breakdown,45,30045,30045,10.0,MOR,solved,,0.087818,192.292674,192.292674,2732.820612,1479.636215,1253.184397,0.458568,26.148376,26.148376,0.087827,0.000015,0.000015,0.000017,0.000017,0.000017,0.000000,0,true,12.922221,4,objective equals makespan; due-date/tardiness fields are not available in this instance format
fair|L|breakdown|45|10.0|LNS,2026-06-03T14:56:14,L_breakdown_seed45,L,breakdown,45,30045,30045,10.0,LNS,solved,,50.277262,194.162910,194.162910,2794.951616,1625.733213,1169.218403,0.418332,28.716151,28.716151,50.277277,10.038732,10.037805,10.061513,10.063805,10.064377,1.000000,5,true,14.020501,5,objective equals makespan; due-date/tardiness fields are not available in this instance format
fair|L|breakdown|45|10.0|MachineRank,2026-06-03T14:55:24,L_breakdown_seed45,L,breakdown,45,30045,30045,10.0,MachineRank,solved,,0.107645,199.453873,199.453873,2790.234371,1549.382185,1240.852187,0.444713,31.572308,31.572308,0.107656,0.000016,0.000015,0.000021,0.000021,0.000021,0.000000,0,true,17.127574,6,objective equals makespan; due-date/tardiness fields are not available in this instance format
fair|L|breakdown|45|10.0|GA,2026-06-03T14:55:54,L_breakdown_seed45,L,breakdown,45,30045,30045,10.0,GA,solved,,30.148250,205.375686,205.375686,2850.247422,1573.723173,1276.524249,0.447864,26.987313,26.987313,30.148266,10.019309,10.019309,10.026784,10.027448,10.027615,1.000000,3,true,20.605108,7,objective equals makespan; due-date/tardiness fields are not available in this instance format
fair|L|breakdown|45|10.0|DCGA,2026-06-03T14:56:00,L_breakdown_seed45,L,breakdown,45,30045,30045,10.0,DCGA,solved,,30.233892,207.543421,207.543421,3103.200745,1684.273000,1418.927745,0.457247,31.232631,31.232631,30.233908,10.055802,10.055802,10.060412,10.060822,10.060924,1.000000,3,true,21.878092,8,objective equals makespan; due-date/tardiness fields are not available in this instance format
fair|L|breakdown|45|10.0|MOEA-NSGA2,2026-06-03T14:56:08,L_breakdown_seed45,L,breakdown,45,30045,30045,10.0,MOEA-NSGA2,solved,,30.184271,212.044461,212.044461,3069.949159,1737.773463,1332.175696,0.433941,29.236459,29.236459,30.184285,10.034928,10.034928,10.051328,10.052785,10.053150,1.000000,3,true,24.521289,9,objective equals makespan; due-date/tardiness fields are not available in this instance format
fair|L|breakdown|45|10.0|SA,2026-06-03T14:56:16,L_breakdown_seed45,L,breakdown,45,30045,30045,10.0,SA,solved,,40.272190,215.949829,215.949829,3155.649429,1810.828424,1344.821005,0.426163,30.729649,30.729649,40.272206,10.047602,10.051674,10.082132,10.084840,10.085516,1.000000,4,true,26.814683,10,objective equals makespan; due-date/tardiness fields are not available in this instance format
fair|L|breakdown|46|0.1|B-CORE,2026-06-03T14:55:40,L_breakdown_seed46,L,breakdown,46,30046,30046,0.1,B-CORE,solved,,0.139776,146.363584,146.363584,1879.448210,1183.852255,695.595955,0.370106,20.672320,20.672320,0.139789,0.000561,0.000561,0.000575,0.000576,0.000576,0.000000,0,true,0.000000,1,objective equals makespan; due-date/tardiness fields are not available in this instance format
fair|L|breakdown|46|0.1|B-CORE-no-graph,2026-06-03T14:55:41,L_breakdown_seed46,L,breakdown,46,30046,30046,0.1,B-CORE-no-graph,solved,,0.151953,146.363584,146.363584,1879.448210,1183.852255,695.595955,0.370106,20.672320,20.672320,0.151966,0.000436,0.000436,0.000448,0.000449,0.000449,0.000000,0,true,0.000000,2,objective equals makespan; due-date/tardiness fields are not available in this instance format
fair|L|breakdown|46|0.1|B-CORE-no-bottleneck,2026-06-03T14:55:41,L_breakdown_seed46,L,breakdown,46,30046,30046,0.1,B-CORE-no-bottleneck,solved,,0.149565,155.072570,155.072570,2187.653480,1308.173461,879.480020,0.402020,25.796037,25.796037,0.149579,0.000455,0.000462,0.000579,0.000589,0.000592,0.000000,0,true,5.950241,3,objective equals makespan; due-date/tardiness fields are not available in this instance format
fair|L|breakdown|46|0.1|MOEA-NSGA2,2026-06-03T14:55:44,L_breakdown_seed46,L,breakdown,46,30046,30046,0.1,MOEA-NSGA2,solved,,2.361399,208.463059,208.463059,2567.039169,1478.673695,1088.365473,0.423977,24.689665,24.689665,2.361414,0.759995,0.759995,0.767199,0.767839,0.767999,1.000000,3,true,42.428228,4,objective equals makespan; due-date/tardiness fields are not available in this instance format
fair|L|breakdown|46|0.1|MOR,2026-06-03T14:55:41,L_breakdown_seed46,L,breakdown,46,30046,30046,0.1,MOR,solved,,0.078185,217.528578,217.528578,2296.209525,1264.189531,1032.019993,0.449445,23.898815,23.898815,0.078196,0.000017,0.000013,0.000030,0.000031,0.000031,0.000000,0,true,48.622063,5,objective equals makespan; due-date/tardiness fields are not available in this instance format
fair|L|breakdown|46|0.1|SA,2026-06-03T14:55:42,L_breakdown_seed46,L,breakdown,46,30046,30046,0.1,SA,solved,,0.448916,219.602557,219.602557,2697.171488,1541.628048,1155.543440,0.428428,27.579715,27.579715,0.448926,0.126115,0.126115,0.127554,0.127682,0.127714,1.000000,3,true,50.039068,6,objective equals makespan; due-date/tardiness fields are not available in this instance format
fair|L|breakdown|46|0.1|DCGA,2026-06-03T14:55:42,L_breakdown_seed46,L,breakdown,46,30046,30046,0.1,DCGA,solved,,0.431725,221.546241,221.546241,2897.157359,1590.695760,1306.461598,0.450946,30.043269,30.043269,0.431740,0.119588,0.119588,0.120825,0.120935,0.120962,1.000000,3,true,51.367051,7,objective equals makespan; due-date/tardiness fields are not available in this instance format
fair|L|breakdown|46|0.1|LNS,2026-06-03T14:55:41,L_breakdown_seed46,L,breakdown,46,30046,30046,0.1,LNS,solved,,0.457325,223.594642,223.594642,2803.088324,1569.301632,1233.786692,0.440153,28.663011,28.663011,0.457338,0.125540,0.125540,0.136194,0.137142,0.137378,1.000000,3,true,52.766580,8,objective equals makespan; due-date/tardiness fields are not available in this instance format
fair|L|breakdown|46|0.1|GA,2026-06-03T14:55:42,L_breakdown_seed46,L,breakdown,46,30046,30046,0.1,GA,solved,,0.455271,224.099162,224.099162,2852.098112,1610.603523,1241.494589,0.435292,28.691773,28.691773,0.455282,0.125188,0.125188,0.127009,0.127171,0.127211,1.000000,3,true,53.111283,9,objective equals makespan; due-date/tardiness fields are not available in this instance format
fair|L|breakdown|46|0.1|MachineRank,2026-06-03T14:55:41,L_breakdown_seed46,L,breakdown,46,30046,30046,0.1,MachineRank,solved,,0.094454,226.797932,226.797932,2698.957506,1482.458931,1216.498575,0.450729,29.102808,29.102808,0.094464,0.000191,0.000240,0.000257,0.000258,0.000258,0.000000,0,true,54.955164,10,objective equals makespan; due-date/tardiness fields are not available in this instance format
fair|L|breakdown|46|0.5|B-CORE,2026-06-03T14:55:42,L_breakdown_seed46,L,breakdown,46,30046,30046,0.5,B-CORE,solved,,0.138970,146.363584,146.363584,1879.448210,1183.852255,695.595955,0.370106,20.672320,20.672320,0.138980,0.000350,0.000350,0.000403,0.000408,0.000409,0.000000,0,true,0.000000,1,objective equals makespan; due-date/tardiness fields are not available in this instance format
fair|L|breakdown|46|0.5|B-CORE-no-graph,2026-06-03T14:55:43,L_breakdown_seed46,L,breakdown,46,30046,30046,0.5,B-CORE-no-graph,solved,,0.143704,146.363584,146.363584,1879.448210,1183.852255,695.595955,0.370106,20.672320,20.672320,0.143713,0.000424,0.000424,0.000436,0.000437,0.000438,0.000000,0,true,0.000000,2,objective equals makespan; due-date/tardiness fields are not available in this instance format
fair|L|breakdown|46|0.5|B-CORE-no-bottleneck,2026-06-03T14:55:43,L_breakdown_seed46,L,breakdown,46,30046,30046,0.5,B-CORE-no-bottleneck,solved,,0.137152,155.072570,155.072570,2187.653480,1308.173461,879.480020,0.402020,25.796037,25.796037,0.137164,0.000357,0.000329,0.000472,0.000485,0.000488,0.000000,0,true,5.950241,3,objective equals makespan; due-date/tardiness fields are not available in this instance format
fair|L|breakdown|46|0.5|SA,2026-06-03T14:55:46,L_breakdown_seed46,L,breakdown,46,30046,30046,0.5,SA,solved,,1.619991,190.504845,190.504845,2768.254866,1571.740847,1196.514020,0.432227,28.434857,28.434857,1.620005,0.507954,0.507954,0.510368,0.510583,0.510637,1.000000,3,true,30.158636,4,objective equals makespan; due-date/tardiness fields are not available in this instance format
fair|L|breakdown|46|0.5|GA,2026-06-03T14:55:44,L_breakdown_seed46,L,breakdown,46,30046,30046,0.5,GA,solved,,1.635846,193.444201,193.444201,2657.681707,1502.442685,1155.239021,0.434679,25.583183,25.583183,1.635856,0.509802,0.509802,0.516003,0.516554,0.516692,1.000000,3,true,32.166893,5,objective equals makespan; due-date/tardiness fields are not available in this instance format
fair|L|breakdown|46|0.5|DCGA,2026-06-03T14:55:44,L_breakdown_seed46,L,breakdown,46,30046,30046,0.5,DCGA,solved,,1.597829,199.516899,199.516899,2809.817618,1556.997429,1252.820189,0.445872,27.971068,27.971068,1.597838,0.509726,0.509726,0.513250,0.513563,0.513641,1.000000,3,true,36.315942,6,objective equals makespan; due-date/tardiness fields are not available in this instance format
fair|L|breakdown|46|0.5|MOEA-NSGA2,2026-06-03T14:55:47,L_breakdown_seed46,L,breakdown,46,30046,30046,0.5,MOEA-NSGA2,solved,,2.395311,208.463059,208.463059,2567.039169,1478.673695,1088.365473,0.423977,24.689665,24.689665,2.395324,0.775698,0.775698,0.784803,0.785612,0.785814,1.000000,3,true,42.428228,7,objective equals makespan; due-date/tardiness fields are not available in this instance format
fair|L|breakdown|46|0.5|MOR,2026-06-03T14:55:43,L_breakdown_seed46,L,breakdown,46,30046,30046,0.5,MOR,solved,,0.074220,217.528578,217.528578,2296.209525,1264.189531,1032.019993,0.449445,23.898815,23.898815,0.074230,0.000016,0.000019,0.000020,0.000020,0.000020,0.000000,0,true,48.622063,8,objective equals makespan; due-date/tardiness fields are not available in this instance format
fair|L|breakdown|46|0.5|LNS,2026-06-03T14:55:44,L_breakdown_seed46,L,breakdown,46,30046,30046,0.5,LNS,solved,,1.677141,223.438473,223.438473,2850.858298,1573.645385,1277.212913,0.448010,28.936150,28.936150,1.677154,0.544524,0.544524,0.553498,0.554296,0.554495,1.000000,3,true,52.659881,9,objective equals makespan; due-date/tardiness fields are not available in this instance format
fair|L|breakdown|46|0.5|MachineRank,2026-06-03T14:55:43,L_breakdown_seed46,L,breakdown,46,30046,30046,0.5,MachineRank,solved,,0.097346,226.797932,226.797932,2698.957506,1482.458931,1216.498575,0.450729,29.102808,29.102808,0.097358,0.000143,0.000160,0.000221,0.000228,0.000230,0.000000,0,true,54.955164,10,objective equals makespan; due-date/tardiness fields are not available in this instance format
fair|L|breakdown|46|1.0|B-CORE,2026-06-03T14:55:44,L_breakdown_seed46,L,breakdown,46,30046,30046,1.0,B-CORE,solved,,0.143520,146.363584,146.363584,1879.448210,1183.852255,695.595955,0.370106,20.672320,20.672320,0.143531,0.000404,0.000404,0.000501,0.000510,0.000512,0.000000,0,true,0.000000,1,objective equals makespan; due-date/tardiness fields are not available in this instance format
fair|L|breakdown|46|1.0|B-CORE-no-graph,2026-06-03T14:55:44,L_breakdown_seed46,L,breakdown,46,30046,30046,1.0,B-CORE-no-graph,solved,,0.155430,146.363584,146.363584,1879.448210,1183.852255,695.595955,0.370106,20.672320,20.672320,0.155440,0.000367,0.000367,0.000439,0.000446,0.000447,0.000000,0,true,0.000000,2,objective equals makespan; due-date/tardiness fields are not available in this instance format
fair|L|breakdown|46|1.0|B-CORE-no-bottleneck,2026-06-03T14:55:45,L_breakdown_seed46,L,breakdown,46,30046,30046,1.0,B-CORE-no-bottleneck,solved,,0.150718,155.072570,155.072570,2187.653480,1308.173461,879.480020,0.402020,25.796037,25.796037,0.150734,0.000376,0.000307,0.000528,0.000548,0.000553,0.000000,0,true,5.950241,3,objective equals makespan; due-date/tardiness fields are not available in this instance format
fair|L|breakdown|46|1.0|SA,2026-06-03T14:55:49,L_breakdown_seed46,L,breakdown,46,30046,30046,1.0,SA,solved,,3.214685,190.504845,190.504845,2768.254866,1571.740847,1196.514020,0.432227,28.434857,28.434857,3.214695,1.049295,1.049295,1.064491,1.065842,1.066179,1.000000,3,true,30.158636,4,objective equals makespan; due-date/tardiness fields are not available in this instance format
fair|L|breakdown|46|1.0|DCGA,2026-06-03T14:55:49,L_breakdown_seed46,L,breakdown,46,30046,30046,1.0,DCGA,solved,,3.183312,197.597136,197.597136,2830.022279,1561.258014,1268.764265,0.448323,30.412106,30.412106,3.183323,1.025646,1.025646,1.027366,1.027519,1.027557,1.000000,3,true,35.004303,5,objective equals makespan; due-date/tardiness fields are not available in this instance format
fair|L|breakdown|46|1.0|LNS,2026-06-03T14:55:48,L_breakdown_seed46,L,breakdown,46,30046,30046,1.0,LNS,solved,,3.205466,207.401888,207.401888,2717.267854,1500.750446,1216.517408,0.447699,27.826593,27.826593,3.205484,1.036058,1.036058,1.054087,1.055690,1.056091,1.000000,3,true,41.703204,6,objective equals makespan; due-date/tardiness fields are not available in this instance format
fair|L|breakdown|46|1.0|GA,2026-06-03T14:55:48,L_breakdown_seed46,L,breakdown,46,30046,30046,1.0,GA,solved,,3.159559,208.070844,208.070844,2776.390888,1560.565665,1215.825224,0.437916,25.316391,25.316391,3.159573,1.018183,1.018183,1.026756,1.027518,1.027708,1.000000,3,true,42.160255,7,objective equals makespan; due-date/tardiness fields are not available in this instance format
fair|L|breakdown|46|1.0|MOEA-NSGA2,2026-06-03T14:55:50,L_breakdown_seed46,L,breakdown,46,30046,30046,1.0,MOEA-NSGA2,solved,,3.160414,208.463059,208.463059,2567.039169,1478.673695,1088.365473,0.423977,24.689665,24.689665,3.160428,1.048652,1.048652,1.053414,1.053837,1.053943,1.000000,3,true,42.428228,8,objective equals makespan; due-date/tardiness fields are not available in this instance format
fair|L|breakdown|46|1.0|MOR,2026-06-03T14:55:45,L_breakdown_seed46,L,breakdown,46,30046,30046,1.0,MOR,solved,,0.075420,217.528578,217.528578,2296.209525,1264.189531,1032.019993,0.449445,23.898815,23.898815,0.075435,0.000014,0.000008,0.000027,0.000029,0.000029,0.000000,0,true,48.622063,9,objective equals makespan; due-date/tardiness fields are not available in this instance format
fair|L|breakdown|46|1.0|MachineRank,2026-06-03T14:55:45,L_breakdown_seed46,L,breakdown,46,30046,30046,1.0,MachineRank,solved,,0.096505,226.797932,226.797932,2698.957506,1482.458931,1216.498575,0.450729,29.102808,29.102808,0.096516,0.000124,0.000158,0.000166,0.000167,0.000167,0.000000,0,true,54.955164,10,objective equals makespan; due-date/tardiness fields are not available in this instance format
fair|L|breakdown|46|5.0|B-CORE,2026-06-03T14:55:47,L_breakdown_seed46,L,breakdown,46,30046,30046,5.0,B-CORE,solved,,0.149428,146.363584,146.363584,1879.448210,1183.852255,695.595955,0.370106,20.672320,20.672320,0.149442,0.000459,0.000459,0.000473,0.000475,0.000475,0.000000,0,true,0.000000,1,objective equals makespan; due-date/tardiness fields are not available in this instance format
fair|L|breakdown|46|5.0|B-CORE-no-graph,2026-06-03T14:55:47,L_breakdown_seed46,L,breakdown,46,30046,30046,5.0,B-CORE-no-graph,solved,,0.142168,146.363584,146.363584,1879.448210,1183.852255,695.595955,0.370106,20.672320,20.672320,0.142182,0.000325,0.000325,0.000370,0.000374,0.000375,0.000000,0,true,0.000000,2,objective equals makespan; due-date/tardiness fields are not available in this instance format
fair|L|breakdown|46|5.0|B-CORE-no-bottleneck,2026-06-03T14:55:47,L_breakdown_seed46,L,breakdown,46,30046,30046,5.0,B-CORE-no-bottleneck,solved,,0.152574,155.072570,155.072570,2187.653480,1308.173461,879.480020,0.402020,25.796037,25.796037,0.152589,0.000284,0.000291,0.000309,0.000311,0.000311,0.000000,0,true,5.950241,3,objective equals makespan; due-date/tardiness fields are not available in this instance format
fair|L|breakdown|46|5.0|DCGA,2026-06-03T14:56:03,L_breakdown_seed46,L,breakdown,46,30046,30046,5.0,DCGA,solved,,15.219671,186.328808,186.328808,2750.493809,1523.199616,1227.294194,0.446209,29.034312,29.034312,15.219686,5.034493,5.034493,5.046982,5.048092,5.048370,1.000000,3,true,27.305442,4,objective equals makespan; due-date/tardiness fields are not available in this instance format
fair|L|breakdown|46|5.0|SA,2026-06-03T14:56:09,L_breakdown_seed46,L,breakdown,46,30046,30046,5.0,SA,solved,,20.156912,188.056098,188.056098,2677.364116,1577.072639,1100.291477,0.410961,27.591929,27.591929,20.156924,5.018335,5.014566,5.033692,5.035392,5.035817,1.000000,4,true,28.485579,5,objective equals makespan; due-date/tardiness fields are not available in this instance format
fair|L|breakdown|46|5.0|GA,2026-06-03T14:56:03,L_breakdown_seed46,L,breakdown,46,30046,30046,5.0,GA,solved,,15.239282,189.062687,189.062687,2559.352577,1427.154216,1132.198361,0.442377,24.646307,24.646307,15.239298,5.047252,5.047252,5.049973,5.050215,5.050275,1.000000,3,true,29.173311,6,objective equals makespan; due-date/tardiness fields are not available in this instance format
fair|L|breakdown|46|5.0|MOEA-NSGA2,2026-06-03T14:56:05,L_breakdown_seed46,L,breakdown,46,30046,30046,5.0,MOEA-NSGA2,solved,,15.228772,189.359145,189.359145,2578.013064,1419.111887,1158.901177,0.449533,25.647844,25.647844,15.228787,5.034605,5.034605,5.047842,5.049019,5.049313,1.000000,3,true,29.375860,7,objective equals makespan; due-date/tardiness fields are not available in this instance format
fair|L|breakdown|46|5.0|LNS,2026-06-03T14:56:03,L_breakdown_seed46,L,breakdown,46,30046,30046,5.0,LNS,solved,,15.155960,189.833519,189.833519,2659.407642,1499.806487,1159.601155,0.436037,27.636609,27.636609,15.155971,5.034750,5.034750,5.038458,5.038788,5.038870,1.000000,3,true,29.699966,8,objective equals makespan; due-date/tardiness fields are not available in this instance format
fair|L|breakdown|46|5.0|MOR,2026-06-03T14:55:47,L_breakdown_seed46,L,breakdown,46,30046,30046,5.0,MOR,solved,,0.075856,217.528578,217.528578,2296.209525,1264.189531,1032.019993,0.449445,23.898815,23.898815,0.075867,0.000012,0.000011,0.000017,0.000018,0.000018,0.000000,0,true,48.622063,9,objective equals makespan; due-date/tardiness fields are not available in this instance format
fair|L|breakdown|46|5.0|MachineRank,2026-06-03T14:55:47,L_breakdown_seed46,L,breakdown,46,30046,30046,5.0,MachineRank,solved,,0.093908,226.797932,226.797932,2698.957506,1482.458931,1216.498575,0.450729,29.102808,29.102808,0.093924,0.000179,0.000213,0.000263,0.000266,0.000267,0.000000,0,true,54.955164,10,objective equals makespan; due-date/tardiness fields are not available in this instance format
fair|L|breakdown|46|10.0|B-CORE,2026-06-03T14:55:50,L_breakdown_seed46,L,breakdown,46,30046,30046,10.0,B-CORE,solved,,0.160515,146.363584,146.363584,1879.448210,1183.852255,695.595955,0.370106,20.672320,20.672320,0.160530,0.000378,0.000378,0.000427,0.000432,0.000433,0.000000,0,true,0.000000,1,objective equals makespan; due-date/tardiness fields are not available in this instance format
fair|L|breakdown|46|10.0|B-CORE-no-graph,2026-06-03T14:55:50,L_breakdown_seed46,L,breakdown,46,30046,30046,10.0,B-CORE-no-graph,solved,,0.107809,146.363584,146.363584,1879.448210,1183.852255,695.595955,0.370106,20.672320,20.672320,0.107820,0.000283,0.000283,0.000294,0.000295,0.000295,0.000000,0,true,0.000000,2,objective equals makespan; due-date/tardiness fields are not available in this instance format
fair|L|breakdown|46|10.0|B-CORE-no-bottleneck,2026-06-03T14:55:50,L_breakdown_seed46,L,breakdown,46,30046,30046,10.0,B-CORE-no-bottleneck,solved,,0.111920,155.072570,155.072570,2187.653480,1308.173461,879.480020,0.402020,25.796037,25.796037,0.111933,0.000283,0.000283,0.000301,0.000303,0.000303,0.000000,0,true,5.950241,3,objective equals makespan; due-date/tardiness fields are not available in this instance format
fair|L|breakdown|46|10.0|DCGA,2026-06-03T14:56:24,L_breakdown_seed46,L,breakdown,46,30046,30046,10.0,DCGA,solved,,30.209037,181.413368,181.413368,2559.309209,1421.080942,1138.228267,0.444740,25.503576,25.503576,30.209052,10.033384,10.033384,10.055542,10.057512,10.058004,1.000000,3,true,23.947066,4,objective equals makespan; due-date/tardiness fields are not available in this instance format
fair|L|breakdown|46|10.0|GA,2026-06-03T14:56:21,L_breakdown_seed46,L,breakdown,46,30046,30046,10.0,GA,solved,,30.160265,183.048021,183.048021,2533.630434,1453.453700,1080.176734,0.426336,24.139662,24.139662,30.160280,10.029088,10.029088,10.039981,10.040950,10.041192,1.000000,3,true,25.063910,5,objective equals makespan; due-date/tardiness fields are not available in this instance format
fair|L|breakdown|46|10.0|SA,2026-06-03T14:56:30,L_breakdown_seed46,L,breakdown,46,30046,30046,10.0,SA,solved,,30.200378,186.115626,186.115626,2459.716360,1423.115854,1036.600506,0.421431,25.528277,25.528277,30.200394,10.024126,10.024126,10.037543,10.038736,10.039034,1.000000,3,true,27.159790,6,objective equals makespan; due-date/tardiness fields are not available in this instance format
fair|L|breakdown|46|10.0|LNS,2026-06-03T14:56:21,L_breakdown_seed46,L,breakdown,46,30046,30046,10.0,LNS,solved,,30.286196,187.808546,187.808546,2631.803191,1420.766837,1211.036354,0.460155,26.472507,26.472507,30.286211,10.058603,10.058603,10.062904,10.063286,10.063382,1.000000,3,true,28.316444,7,objective equals makespan; due-date/tardiness fields are not available in this instance format
fair|L|breakdown|46|10.0|MOEA-NSGA2,2026-06-03T14:56:33,L_breakdown_seed46,L,breakdown,46,30046,30046,10.0,MOEA-NSGA2,solved,,30.188757,192.838510,192.838510,2653.899773,1413.630813,1240.268959,0.467338,26.107728,26.107728,30.188771,10.045502,10.045502,10.065026,10.066761,10.067195,1.000000,3,true,31.753066,8,objective equals makespan; due-date/tardiness fields are not available in this instance format
fair|L|breakdown|46|10.0|MOR,2026-06-03T14:55:50,L_breakdown_seed46,L,breakdown,46,30046,30046,10.0,MOR,solved,,0.069180,217.528578,217.528578,2296.209525,1264.189531,1032.019993,0.449445,23.898815,23.898815,0.069194,0.000009,0.000007,0.000014,0.000015,0.000015,0.000000,0,true,48.622063,9,objective equals makespan; due-date/tardiness fields are not available in this instance format
fair|L|breakdown|46|10.0|MachineRank,2026-06-03T14:55:50,L_breakdown_seed46,L,breakdown,46,30046,30046,10.0,MachineRank,solved,,0.077709,226.797932,226.797932,2698.957506,1482.458931,1216.498575,0.450729,29.102808,29.102808,0.077719,0.000154,0.000189,0.000226,0.000227,0.000227,0.000000,0,true,54.955164,10,objective equals makespan; due-date/tardiness fields are not available in this instance format
fair|L|rush_job|42|0.1|B-CORE-no-graph,2026-06-03T14:56:03,L_rush_job_seed42,L,rush_job,42,40042,40042,0.1,B-CORE-no-graph,solved,,0.203815,149.108961,149.108961,2214.001370,1358.183647,855.817722,0.386548,23.490518,23.490518,0.203830,0.000434,0.000427,0.000525,0.000531,0.000533,0.000000,0,true,0.000000,1,objective equals makespan; due-date/tardiness fields are not available in this instance format
fair|L|rush_job|42|0.1|B-CORE,2026-06-03T14:56:03,L_rush_job_seed42,L,rush_job,42,40042,40042,0.1,B-CORE,solved,,0.218566,149.108961,149.108961,2214.001370,1358.183647,855.817722,0.386548,23.490518,23.490518,0.218579,0.000456,0.000444,0.000561,0.000572,0.000575,0.000000,0,true,0.000000,2,objective equals makespan; due-date/tardiness fields are not available in this instance format
fair|L|rush_job|42|0.1|B-CORE-no-bottleneck,2026-06-03T14:56:03,L_rush_job_seed42,L,rush_job,42,40042,40042,0.1,B-CORE-no-bottleneck,solved,,0.194363,167.056539,167.056539,2472.729669,1526.012544,946.717125,0.382863,27.521293,27.521293,0.194373,0.000807,0.000476,0.001649,0.001815,0.001856,0.000000,0,true,12.036552,3,objective equals makespan; due-date/tardiness fields are not available in this instance format
fair|L|rush_job|42|0.1|MOR,2026-06-03T14:56:03,L_rush_job_seed42,L,rush_job,42,40042,40042,0.1,MOR,solved,,0.087408,194.570813,194.570813,2563.787072,1365.527475,1198.259597,0.467379,23.761844,23.761844,0.087419,0.000013,0.000012,0.000019,0.000019,0.000020,0.000000,0,true,30.489014,4,objective equals makespan; due-date/tardiness fields are not available in this instance format
fair|L|rush_job|42|0.1|MachineRank,2026-06-03T14:56:03,L_rush_job_seed42,L,rush_job,42,40042,40042,0.1,MachineRank,solved,,0.126885,206.048214,206.048214,2912.147108,1600.975601,1311.171507,0.450242,30.316376,30.316376,0.126910,0.000215,0.000261,0.000274,0.000274,0.000274,0.000000,0,true,38.186339,5,objective equals makespan; due-date/tardiness fields are not available in this instance format
fair|L|rush_job|42|0.1|MOEA-NSGA2,2026-06-03T14:56:10,L_rush_job_seed42,L,rush_job,42,40042,40042,0.1,MOEA-NSGA2,solved,,5.100366,221.152926,221.152926,2970.848307,1605.603491,1365.244817,0.459547,28.777037,28.777037,5.100378,0.988647,0.981742,1.040834,1.045794,1.047033,1.000000,5,true,48.316322,6,objective equals makespan; due-date/tardiness fields are not available in this instance format
fair|L|rush_job|42|0.1|GA,2026-06-03T14:56:04,L_rush_job_seed42,L,rush_job,42,40042,40042,0.1,GA,solved,,0.892601,239.292768,239.292768,2888.335090,1615.830009,1272.505081,0.440567,28.715302,28.715302,0.892615,0.161151,0.161487,0.178998,0.181212,0.181766,1.000000,5,true,60.481816,7,objective equals makespan; due-date/tardiness fields are not available in this instance format
fair|L|rush_job|42|0.1|DCGA,2026-06-03T14:56:05,L_rush_job_seed42,L,rush_job,42,40042,40042,0.1,DCGA,solved,,0.798197,248.263925,248.263925,3165.935808,1742.425984,1423.509825,0.449633,30.096823,30.096823,0.798211,0.173056,0.171643,0.180513,0.181302,0.181499,1.000000,4,true,66.498327,8,objective equals makespan; due-date/tardiness fields are not available in this instance format
fair|L|rush_job|42|0.1|LNS,2026-06-03T14:56:04,L_rush_job_seed42,L,rush_job,42,40042,40042,0.1,LNS,solved,,0.719856,253.736055,253.736055,3256.946733,1738.720309,1518.226424,0.466150,30.602310,30.602310,0.719873,0.158126,0.150873,0.176500,0.178778,0.179347,1.000000,4,true,70.168213,9,objective equals makespan; due-date/tardiness fields are not available in this instance format
fair|L|rush_job|42|0.1|SA,2026-06-03T14:56:05,L_rush_job_seed42,L,rush_job,42,40042,40042,0.1,SA,solved,,0.791391,259.471215,259.471215,3242.313772,1743.643066,1498.670706,0.462223,31.816615,31.816615,0.791408,0.170918,0.172601,0.173265,0.173324,0.173339,1.000000,4,true,74.014501,10,objective equals makespan; due-date/tardiness fields are not available in this instance format
fair|L|rush_job|42|0.5|B-CORE,2026-06-03T14:56:05,L_rush_job_seed42,L,rush_job,42,40042,40042,0.5,B-CORE,solved,,0.194589,149.108961,149.108961,2214.001370,1358.183647,855.817722,0.386548,23.490518,23.490518,0.194603,0.000465,0.000467,0.000522,0.000525,0.000525,0.000000,0,true,0.000000,1,objective equals makespan; due-date/tardiness fields are not available in this instance format
fair|L|rush_job|42|0.5|B-CORE-no-graph,2026-06-03T14:56:05,L_rush_job_seed42,L,rush_job,42,40042,40042,0.5,B-CORE-no-graph,solved,,0.192815,149.108961,149.108961,2214.001370,1358.183647,855.817722,0.386548,23.490518,23.490518,0.192830,0.000427,0.000410,0.000528,0.000539,0.000542,0.000000,0,true,0.000000,2,objective equals makespan; due-date/tardiness fields are not available in this instance format
fair|L|rush_job|42|0.5|B-CORE-no-bottleneck,2026-06-03T14:56:05,L_rush_job_seed42,L,rush_job,42,40042,40042,0.5,B-CORE-no-bottleneck,solved,,0.196282,167.056539,167.056539,2472.729669,1526.012544,946.717125,0.382863,27.521293,27.521293,0.196297,0.000450,0.000454,0.000507,0.000509,0.000509,0.000000,0,true,12.036552,3,objective equals makespan; due-date/tardiness fields are not available in this instance format
fair|L|rush_job|42|0.5|MOR,2026-06-03T14:56:05,L_rush_job_seed42,L,rush_job,42,40042,40042,0.5,MOR,solved,,0.100953,194.570813,194.570813,2563.787072,1365.527475,1198.259597,0.467379,23.761844,23.761844,0.100967,0.000014,0.000014,0.000017,0.000018,0.000018,0.000000,0,true,30.489014,4,objective equals makespan; due-date/tardiness fields are not available in this instance format
fair|L|rush_job|42|0.5|MachineRank,2026-06-03T14:56:05,L_rush_job_seed42,L,rush_job,42,40042,40042,0.5,MachineRank,solved,,0.129021,206.048214,206.048214,2912.147108,1600.975601,1311.171507,0.450242,30.316376,30.316376,0.129035,0.000220,0.000242,0.000343,0.000353,0.000356,0.000000,0,true,38.186339,5,objective equals makespan; due-date/tardiness fields are not available in this instance format
fair|L|rush_job|42|0.5|GA,2026-06-03T14:56:08,L_rush_job_seed42,L,rush_job,42,40042,40042,0.5,GA,solved,,2.748150,221.152926,221.152926,2970.848307,1605.603491,1365.244817,0.459547,28.777037,28.777037,2.748164,0.530612,0.517681,0.576319,0.582778,0.584393,1.000000,5,true,48.316322,6,objective equals makespan; due-date/tardiness fields are not available in this instance format
fair|L|rush_job|42|0.5|MOEA-NSGA2,2026-06-03T14:56:13,L_rush_job_seed42,L,rush_job,42,40042,40042,0.5,MOEA-NSGA2,solved,,5.105574,221.152926,221.152926,2970.848307,1605.603491,1365.244817,0.459547,28.777037,28.777037,5.105585,0.990765,1.000096,1.036927,1.039210,1.039781,1.000000,5,true,48.316322,7,objective equals makespan; due-date/tardiness fields are not available in this instance format
fair|L|rush_job|42|0.5|LNS,2026-06-03T14:56:08,L_rush_job_seed42,L,rush_job,42,40042,40042,0.5,LNS,solved,,2.219127,232.036032,232.036032,3225.817312,1731.220309,1494.597003,0.463324,30.397592,30.397592,2.219141,0.531012,0.513261,0.568140,0.573018,0.574238,1.000000,4,true,55.615082,8,objective equals makespan; due-date/tardiness fields are not available in this instance format
fair|L|rush_job|42|0.5|DCGA,2026-06-03T14:56:11,L_rush_job_seed42,L,rush_job,42,40042,40042,0.5,DCGA,solved,,2.844134,239.714186,239.714186,2893.415363,1535.398139,1358.017224,0.469347,26.710704,26.710704,2.844148,0.558111,0.563611,0.576275,0.577038,0.577229,1.000000,5,true,60.764440,9,objective equals makespan; due-date/tardiness fields are not available in this instance format
fair|L|rush_job|42|0.5|SA,2026-06-03T14:56:10,L_rush_job_seed42,L,rush_job,42,40042,40042,0.5,SA,solved,,2.186421,254.312578,254.312578,3194.033976,1749.856270,1444.177707,0.452149,31.281574,31.281574,2.186437,0.528424,0.505358,0.569023,0.574682,0.576097,1.000000,4,true,70.554859,10,objective equals makespan; due-date/tardiness fields are not available in this instance format
fair|L|rush_job|42|1.0|B-CORE,2026-06-03T14:56:09,L_rush_job_seed42,L,rush_job,42,40042,40042,1.0,B-CORE,solved,,0.196234,149.108961,149.108961,2214.001370,1358.183647,855.817722,0.386548,23.490518,23.490518,0.196250,0.000421,0.000401,0.000515,0.000530,0.000534,0.000000,0,true,0.000000,1,objective equals makespan; due-date/tardiness fields are not available in this instance format
fair|L|rush_job|42|1.0|B-CORE-no-graph,2026-06-03T14:56:10,L_rush_job_seed42,L,rush_job,42,40042,40042,1.0,B-CORE-no-graph,solved,,0.188843,149.108961,149.108961,2214.001370,1358.183647,855.817722,0.386548,23.490518,23.490518,0.188853,0.000437,0.000418,0.000550,0.000567,0.000572,0.000000,0,true,0.000000,2,objective equals makespan; due-date/tardiness fields are not available in this instance format
fair|L|rush_job|42|1.0|B-CORE-no-bottleneck,2026-06-03T14:56:10,L_rush_job_seed42,L,rush_job,42,40042,40042,1.0,B-CORE-no-bottleneck,solved,,0.189954,167.056539,167.056539,2472.729669,1526.012544,946.717125,0.382863,27.521293,27.521293,0.189967,0.000316,0.000316,0.000360,0.000360,0.000360,0.000000,0,true,12.036552,3,objective equals makespan; due-date/tardiness fields are not available in this instance format
fair|L|rush_job|42|1.0|MOR,2026-06-03T14:56:10,L_rush_job_seed42,L,rush_job,42,40042,40042,1.0,MOR,solved,,0.088413,194.570813,194.570813,2563.787072,1365.527475,1198.259597,0.467379,23.761844,23.761844,0.088426,0.000015,0.000013,0.000026,0.000027,0.000028,0.000000,0,true,30.489014,4,objective equals makespan; due-date/tardiness fields are not available in this instance format
fair|L|rush_job|42|1.0|MachineRank,2026-06-03T14:56:10,L_rush_job_seed42,L,rush_job,42,40042,40042,1.0,MachineRank,solved,,0.119312,206.048214,206.048214,2912.147108,1600.975601,1311.171507,0.450242,30.316376,30.316376,0.119326,0.000195,0.000244,0.000245,0.000245,0.000245,0.000000,0,true,38.186339,5,objective equals makespan; due-date/tardiness fields are not available in this instance format
fair|L|rush_job|42|1.0|DCGA,2026-06-03T14:56:15,L_rush_job_seed42,L,rush_job,42,40042,40042,1.0,DCGA,solved,,5.419885,219.323926,219.323926,2837.699932,1497.947434,1339.752498,0.472126,26.577700,26.577700,5.419900,1.063858,1.064128,1.075993,1.077496,1.077871,1.000000,5,true,47.089702,6,objective equals makespan; due-date/tardiness fields are not available in this instance format
fair|L|rush_job|42|1.0|GA,2026-06-03T14:56:15,L_rush_job_seed42,L,rush_job,42,40042,40042,1.0,GA,solved,,5.389753,221.152926,221.152926,2970.848307,1605.603491,1365.244817,0.459547,28.777037,28.777037,5.389769,1.057150,1.052902,1.070427,1.072591,1.073132,1.000000,5,true,48.316322,7,objective equals makespan; due-date/tardiness fields are not available in this instance format
fair|L|rush_job|42|1.0|MOEA-NSGA2,2026-06-03T14:56:19,L_rush_job_seed42,L,rush_job,42,40042,40042,1.0,MOEA-NSGA2,solved,,5.278549,221.152926,221.152926,2970.848307,1605.603491,1365.244817,0.459547,28.777037,28.777037,5.278564,1.038515,1.025997,1.089084,1.095356,1.096923,1.000000,5,true,48.316322,8,objective equals makespan; due-date/tardiness fields are not available in this instance format
fair|L|rush_job|42|1.0|LNS,2026-06-03T14:56:14,L_rush_job_seed42,L,rush_job,42,40042,40042,1.0,LNS,solved,,4.278076,225.105097,225.105097,3200.422971,1724.323031,1476.099940,0.461220,31.504545,31.504545,4.278090,1.034881,1.027703,1.069566,1.073287,1.074217,1.000000,4,true,50.966847,9,objective equals makespan; due-date/tardiness fields are not available in this instance format
fair|L|rush_job|42|1.0|SA,2026-06-03T14:56:15,L_rush_job_seed42,L,rush_job,42,40042,40042,1.0,SA,solved,,4.303399,246.943332,246.943332,3106.784562,1719.806974,1386.977588,0.446435,31.304780,31.304780,4.303415,1.053559,1.064049,1.069263,1.069727,1.069842,1.000000,4,true,65.612670,10,objective equals makespan; due-date/tardiness fields are not available in this instance format
fair|L|rush_job|42|5.0|B-CORE,2026-06-03T14:56:14,L_rush_job_seed42,L,rush_job,42,40042,40042,5.0,B-CORE,solved,,0.193855,149.108961,149.108961,2214.001370,1358.183647,855.817722,0.386548,23.490518,23.490518,0.193870,0.000415,0.000397,0.000484,0.000494,0.000496,0.000000,0,true,0.000000,1,objective equals makespan; due-date/tardiness fields are not available in this instance format
fair|L|rush_job|42|5.0|B-CORE-no-graph,2026-06-03T14:56:14,L_rush_job_seed42,L,rush_job,42,40042,40042,5.0,B-CORE-no-graph,solved,,0.198948,149.108961,149.108961,2214.001370,1358.183647,855.817722,0.386548,23.490518,23.490518,0.198964,0.000471,0.000459,0.000590,0.000597,0.000599,0.000000,0,true,0.000000,2,objective equals makespan; due-date/tardiness fields are not available in this instance format
fair|L|rush_job|42|5.0|B-CORE-no-bottleneck,2026-06-03T14:56:14,L_rush_job_seed42,L,rush_job,42,40042,40042,5.0,B-CORE-no-bottleneck,solved,,0.200923,167.056539,167.056539,2472.729669,1526.012544,946.717125,0.382863,27.521293,27.521293,0.200936,0.000501,0.000508,0.000538,0.000539,0.000540,0.000000,0,true,12.036552,3,objective equals makespan; due-date/tardiness fields are not available in this instance format
fair|L|rush_job|42|5.0|DCGA,2026-06-03T14:56:40,L_rush_job_seed42,L,rush_job,42,40042,40042,5.0,DCGA,solved,,25.225333,192.187497,192.187497,2744.658306,1534.438594,1210.219712,0.440936,27.156925,27.156925,25.225347,5.023234,5.023993,5.035555,5.035769,5.035822,1.000000,5,true,28.890642,4,objective equals makespan; due-date/tardiness fields are not available in this instance format
fair|L|rush_job|42|5.0|MOR,2026-06-03T14:56:15,L_rush_job_seed42,L,rush_job,42,40042,40042,5.0,MOR,solved,,0.102047,194.570813,194.570813,2563.787072,1365.527475,1198.259597,0.467379,23.761844,23.761844,0.102062,0.000026,0.000028,0.000034,0.000034,0.000034,0.000000,0,true,30.489014,5,objective equals makespan; due-date/tardiness fields are not available in this instance format
fair|L|rush_job|42|5.0|MOEA-NSGA2,2026-06-03T14:56:41,L_rush_job_seed42,L,rush_job,42,40042,40042,5.0,MOEA-NSGA2,solved,,25.239438,205.638708,205.638708,2692.821926,1416.577070,1276.244856,0.473943,25.650943,25.650943,25.239453,5.025894,5.016866,5.059706,5.065078,5.066421,1.000000,5,true,37.911703,6,objective equals makespan; due-date/tardiness fields are not available in this instance format
fair|L|rush_job|42|5.0|MachineRank,2026-06-03T14:56:14,L_rush_job_seed42,L,rush_job,42,40042,40042,5.0,MachineRank,solved,,0.128778,206.048214,206.048214,2912.147108,1600.975601,1311.171507,0.450242,30.316376,30.316376,0.128793,0.000192,0.000238,0.000257,0.000260,0.000260,0.000000,0,true,38.186339,7,objective equals makespan; due-date/tardiness fields are not available in this instance format
fair|L|rush_job|42|5.0|GA,2026-06-03T14:56:40,L_rush_job_seed42,L,rush_job,42,40042,40042,5.0,GA,solved,,25.375015,211.810182,211.810182,2861.046951,1561.152093,1299.894858,0.454342,26.658822,26.658822,25.375030,5.055314,5.055145,5.074208,5.075617,5.075969,1.000000,5,true,42.050606,8,objective equals makespan; due-date/tardiness fields are not available in this instance format
fair|L|rush_job|42|5.0|LNS,2026-06-03T14:56:35,L_rush_job_seed42,L,rush_job,42,40042,40042,5.0,LNS,solved,,20.254011,215.707784,215.707784,3043.396578,1630.337984,1413.058594,0.464303,31.069201,31.069201,20.254026,5.043730,5.033554,5.074666,5.078320,5.079234,1.000000,4,true,44.664534,9,objective equals makespan; due-date/tardiness fields are not available in this instance format
fair|L|rush_job|42|5.0|SA,2026-06-03T14:56:35,L_rush_job_seed42,L,rush_job,42,40042,40042,5.0,SA,solved,,20.281239,237.561969,237.561969,3224.715084,1721.863666,1502.851419,0.466042,31.996264,31.996264,20.281254,5.047640,5.053550,5.064652,5.065639,5.065886,1.000000,4,true,59.321054,10,objective equals makespan; due-date/tardiness fields are not available in this instance format
fair|L|rush_job|42|10.0|B-CORE,2026-06-03T14:56:17,L_rush_job_seed42,L,rush_job,42,40042,40042,10.0,B-CORE,solved,,0.201966,149.108961,149.108961,2214.001370,1358.183647,855.817722,0.386548,23.490518,23.490518,0.201981,0.000480,0.000453,0.000614,0.000633,0.000638,0.000000,0,true,0.000000,1,objective equals makespan; due-date/tardiness fields are not available in this instance format
fair|L|rush_job|42|10.0|B-CORE-no-graph,2026-06-03T14:56:17,L_rush_job_seed42,L,rush_job,42,40042,40042,10.0,B-CORE-no-graph,solved,,0.197539,149.108961,149.108961,2214.001370,1358.183647,855.817722,0.386548,23.490518,23.490518,0.197556,0.000421,0.000406,0.000487,0.000495,0.000497,0.000000,0,true,0.000000,2,objective equals makespan; due-date/tardiness fields are not available in this instance format
fair|L|rush_job|42|10.0|B-CORE-no-bottleneck,2026-06-03T14:56:17,L_rush_job_seed42,L,rush_job,42,40042,40042,10.0,B-CORE-no-bottleneck,solved,,0.202451,167.056539,167.056539,2472.729669,1526.012544,946.717125,0.382863,27.521293,27.521293,0.202467,0.000464,0.000465,0.000523,0.000527,0.000528,0.000000,0,true,12.036552,3,objective equals makespan; due-date/tardiness fields are not available in this instance format
fair|L|rush_job|42|10.0|GA,2026-06-03T14:57:09,L_rush_job_seed42,L,rush_job,42,40042,40042,10.0,GA,solved,,50.286217,192.172593,192.172593,2675.763397,1529.261548,1146.501849,0.428477,23.995758,23.995758,50.286233,10.031185,10.027223,10.063342,10.066585,10.067395,1.000000,5,true,28.880647,4,objective equals makespan; due-date/tardiness fields are not available in this instance format
fair|L|rush_job|42|10.0|MOR,2026-06-03T14:56:17,L_rush_job_seed42,L,rush_job,42,40042,40042,10.0,MOR,solved,,0.099502,194.570813,194.570813,2563.787072,1365.527475,1198.259597,0.467379,23.761844,23.761844,0.099519,0.000017,0.000016,0.000022,0.000022,0.000022,0.000000,0,true,30.489014,5,objective equals makespan; due-date/tardiness fields are not available in this instance format
fair|L|rush_job|42|10.0|DCGA,2026-06-03T14:57:11,L_rush_job_seed42,L,rush_job,42,40042,40042,10.0,DCGA,solved,,50.256256,196.579877,196.579877,2738.655861,1517.247795,1221.408066,0.445988,25.903540,25.903540,50.256271,10.029046,10.030209,10.032136,10.032185,10.032197,1.000000,5,true,31.836394,6,objective equals makespan; due-date/tardiness fields are not available in this instance format
fair|L|rush_job|42|10.0|MOEA-NSGA2,2026-06-03T14:57:14,L_rush_job_seed42,L,rush_job,42,40042,40042,10.0,MOEA-NSGA2,solved,,50.304579,203.557332,203.557332,2657.399840,1446.806116,1210.593724,0.455556,26.020042,26.020042,50.304593,10.038432,10.037764,10.052966,10.055031,10.055547,1.000000,5,true,36.515828,7,objective equals makespan; due-date/tardiness fields are not available in this instance format
fair|L|rush_job|42|10.0|LNS,2026-06-03T14:57:08,L_rush_job_seed42,L,rush_job,42,40042,40042,10.0,LNS,solved,,50.311035,205.398496,205.398496,3053.527490,1650.473389,1403.054101,0.459486,29.159574,29.159574,50.311050,10.038162,10.038726,10.063916,10.066966,10.067729,1.000000,5,true,37.750605,8,objective equals makespan; due-date/tardiness fields are not available in this instance format
fair|L|rush_job|42|10.0|MachineRank,2026-06-03T14:56:17,L_rush_job_seed42,L,rush_job,42,40042,40042,10.0,MachineRank,solved,,0.130165,206.048214,206.048214,2912.147108,1600.975601,1311.171507,0.450242,30.316376,30.316376,0.130180,0.000272,0.000280,0.000461,0.000484,0.000490,0.000000,0,true,38.186339,9,objective equals makespan; due-date/tardiness fields are not available in this instance format
fair|L|rush_job|42|10.0|SA,2026-06-03T14:57:01,L_rush_job_seed42,L,rush_job,42,40042,40042,10.0,SA,solved,,40.291686,220.312042,220.312042,2926.609491,1594.240693,1332.368798,0.455260,28.644115,28.644115,40.291700,10.045906,10.045932,10.050020,10.050384,10.050475,1.000000,4,true,47.752382,10,objective equals makespan; due-date/tardiness fields are not available in this instance format
fair|L|rush_job|43|0.1|B-CORE,2026-06-03T14:56:31,L_rush_job_seed43,L,rush_job,43,40043,40043,0.1,B-CORE,solved,,0.206885,153.875131,153.875131,2206.564485,1418.438335,788.126150,0.357173,22.398490,22.398490,0.206899,0.000518,0.000587,0.000610,0.000612,0.000613,0.000000,0,true,0.000000,1,objective equals makespan; due-date/tardiness fields are not available in this instance format
fair|L|rush_job|43|0.1|B-CORE-no-graph,2026-06-03T14:56:31,L_rush_job_seed43,L,rush_job,43,40043,40043,0.1,B-CORE-no-graph,solved,,0.197496,153.875131,153.875131,2206.564485,1418.438335,788.126150,0.357173,22.398490,22.398490,0.197510,0.000456,0.000445,0.000515,0.000521,0.000523,0.000000,0,true,0.000000,2,objective equals makespan; due-date/tardiness fields are not available in this instance format
fair|L|rush_job|43|0.1|B-CORE-no-bottleneck,2026-06-03T14:56:31,L_rush_job_seed43,L,rush_job,43,40043,40043,0.1,B-CORE-no-bottleneck,solved,,0.197276,168.610479,168.610479,2434.930594,1498.749864,936.180730,0.384479,28.305128,28.305128,0.197290,0.000497,0.000485,0.000538,0.000543,0.000544,0.000000,0,true,9.576173,3,objective equals makespan; due-date/tardiness fields are not available in this instance format
fair|L|rush_job|43|0.1|MachineRank,2026-06-03T14:56:31,L_rush_job_seed43,L,rush_job,43,40043,40043,0.1,MachineRank,solved,,0.121093,199.074877,199.074877,2926.554145,1576.805292,1349.748853,0.461208,31.092747,31.092747,0.121106,0.000168,0.000168,0.000274,0.000284,0.000286,0.000000,0,true,29.374302,4,objective equals makespan; due-date/tardiness fields are not available in this instance format
fair|L|rush_job|43|0.1|MOR,2026-06-03T14:56:31,L_rush_job_seed43,L,rush_job,43,40043,40043,0.1,MOR,solved,,0.097408,211.776469,211.776469,2586.223546,1399.560026,1186.663519,0.458840,24.292924,24.292924,0.097418,0.000016,0.000016,0.000018,0.000018,0.000018,0.000000,0,true,37.628782,5,objective equals makespan; due-date/tardiness fields are not available in this instance format
fair|L|rush_job|43|0.1|MOEA-NSGA2,2026-06-03T14:56:36,L_rush_job_seed43,L,rush_job,43,40043,40043,0.1,MOEA-NSGA2,solved,,3.555666,212.262578,212.262578,2809.915783,1535.729230,1274.186553,0.453461,26.835528,26.835528,3.555681,0.877168,0.917712,0.970919,0.975649,0.976831,1.000000,4,true,37.944694,6,objective equals makespan; due-date/tardiness fields are not available in this instance format
fair|L|rush_job|43|0.1|DCGA,2026-06-03T14:56:33,L_rush_job_seed43,L,rush_job,43,40043,40043,0.1,DCGA,solved,,0.456344,229.742808,229.742808,2988.497998,1609.231307,1379.266691,0.461525,28.834579,28.834579,0.456355,0.125712,0.125712,0.137574,0.138629,0.138892,1.000000,3,true,49.304703,7,objective equals makespan; due-date/tardiness fields are not available in this instance format
fair|L|rush_job|43|0.1|LNS,2026-06-03T14:56:32,L_rush_job_seed43,L,rush_job,43,40043,40043,0.1,LNS,solved,,0.566004,233.891798,233.891798,3000.888431,1616.582926,1384.305505,0.461299,27.641335,27.641335,0.566015,0.156648,0.156648,0.161055,0.161446,0.161544,1.000000,3,true,52.001039,8,objective equals makespan; due-date/tardiness fields are not available in this instance format
fair|L|rush_job|43|0.1|GA,2026-06-03T14:56:32,L_rush_job_seed43,L,rush_job,43,40043,40043,0.1,GA,solved,,0.501080,244.052834,244.052834,3012.013856,1719.003913,1293.009943,0.429284,29.675396,29.675396,0.501109,0.135812,0.135812,0.137505,0.137655,0.137693,1.000000,3,true,58.604469,9,objective equals makespan; due-date/tardiness fields are not available in this instance format
fair|L|rush_job|43|0.1|SA,2026-06-03T14:56:33,L_rush_job_seed43,L,rush_job,43,40043,40043,0.1,SA,solved,,0.485006,256.810300,256.810300,2921.277144,1638.815680,1282.461464,0.439007,29.485030,29.485030,0.485021,0.127830,0.127830,0.128674,0.128749,0.128768,1.000000,3,true,66.895260,10,objective equals makespan; due-date/tardiness fields are not available in this instance format
fair|L|rush_job|43|0.5|B-CORE,2026-06-03T14:56:33,L_rush_job_seed43,L,rush_job,43,40043,40043,0.5,B-CORE,solved,,0.175878,153.875131,153.875131,2206.564485,1418.438335,788.126150,0.357173,22.398490,22.398490,0.175889,0.000421,0.000463,0.000487,0.000489,0.000490,0.000000,0,true,0.000000,1,objective equals makespan; due-date/tardiness fields are not available in this instance format
fair|L|rush_job|43|0.5|B-CORE-no-graph,2026-06-03T14:56:34,L_rush_job_seed43,L,rush_job,43,40043,40043,0.5,B-CORE-no-graph,solved,,0.140817,153.875131,153.875131,2206.564485,1418.438335,788.126150,0.357173,22.398490,22.398490,0.140831,0.000268,0.000303,0.000304,0.000304,0.000304,0.000000,0,true,0.000000,2,objective equals makespan; due-date/tardiness fields are not available in this instance format
fair|L|rush_job|43|0.5|B-CORE-no-bottleneck,2026-06-03T14:56:34,L_rush_job_seed43,L,rush_job,43,40043,40043,0.5,B-CORE-no-bottleneck,solved,,0.169665,168.610479,168.610479,2434.930594,1498.749864,936.180730,0.384479,28.305128,28.305128,0.169675,0.000521,0.000442,0.000660,0.000680,0.000684,0.000000,0,true,9.576173,3,objective equals makespan; due-date/tardiness fields are not available in this instance format
fair|L|rush_job|43|0.5|MachineRank,2026-06-03T14:56:34,L_rush_job_seed43,L,rush_job,43,40043,40043,0.5,MachineRank,solved,,0.111640,199.074877,199.074877,2926.554145,1576.805292,1349.748853,0.461208,31.092747,31.092747,0.111655,0.000153,0.000153,0.000254,0.000263,0.000265,0.000000,0,true,29.374302,4,objective equals makespan; due-date/tardiness fields are not available in this instance format
fair|L|rush_job|43|0.5|MOR,2026-06-03T14:56:34,L_rush_job_seed43,L,rush_job,43,40043,40043,0.5,MOR,solved,,0.079760,211.776469,211.776469,2586.223546,1399.560026,1186.663519,0.458840,24.292924,24.292924,0.079771,0.000014,0.000014,0.000017,0.000017,0.000017,0.000000,0,true,37.628782,5,objective equals makespan; due-date/tardiness fields are not available in this instance format
fair|L|rush_job|43|0.5|MOEA-NSGA2,2026-06-03T14:56:40,L_rush_job_seed43,L,rush_job,43,40043,40043,0.5,MOEA-NSGA2,solved,,3.895037,212.262578,212.262578,2809.915783,1535.729230,1274.186553,0.453461,26.835528,26.835528,3.895052,0.942033,0.974399,0.984395,0.985284,0.985506,1.000000,4,true,37.944694,6,objective equals makespan; due-date/tardiness fields are not available in this instance format
fair|L|rush_job|43|0.5|GA,2026-06-03T14:56:37,L_rush_job_seed43,L,rush_job,43,40043,40043,0.5,GA,solved,,2.182142,217.081957,217.081957,2744.183535,1504.968908,1239.214626,0.451579,26.239257,26.239257,2.182157,0.525453,0.513745,0.554336,0.557944,0.558846,1.000000,4,true,41.076700,7,objective equals makespan; due-date/tardiness fields are not available in this instance format
fair|L|rush_job|43|0.5|LNS,2026-06-03T14:56:36,L_rush_job_seed43,L,rush_job,43,40043,40043,0.5,LNS,solved,,1.707748,233.891798,233.891798,3000.888431,1616.582926,1384.305505,0.461299,27.641335,27.641335,1.707763,0.540200,0.540200,0.567676,0.570118,0.570729,1.000000,3,true,52.001039,8,objective equals makespan; due-date/tardiness fields are not available in this instance format
fair|L|rush_job|43|0.5|DCGA,2026-06-03T14:56:37,L_rush_job_seed43,L,rush_job,43,40043,40043,0.5,DCGA,solved,,1.739923,234.336091,234.336091,2990.319350,1652.208588,1338.110762,0.447481,31.102879,31.102879,1.739937,0.561707,0.561707,0.574418,0.575547,0.575830,1.000000,3,true,52.289775,9,objective equals makespan; due-date/tardiness fields are not available in this instance format
fair|L|rush_job|43|0.5|SA,2026-06-03T14:56:37,L_rush_job_seed43,L,rush_job,43,40043,40043,0.5,SA,solved,,1.649613,251.373571,251.373571,3032.386229,1672.388405,1359.997823,0.448491,30.208229,30.208229,1.649628,0.512191,0.512191,0.516050,0.516393,0.516479,1.000000,3,true,63.362052,10,objective equals makespan; due-date/tardiness fields are not available in this instance format
fair|L|rush_job|43|1.0|B-CORE,2026-06-03T14:56:37,L_rush_job_seed43,L,rush_job,43,40043,40043,1.0,B-CORE,solved,,0.194995,153.875131,153.875131,2206.564485,1418.438335,788.126150,0.357173,22.398490,22.398490,0.195010,0.000411,0.000461,0.000468,0.000468,0.000468,0.000000,0,true,0.000000,1,objective equals makespan; due-date/tardiness fields are not available in this instance format
fair|L|rush_job|43|1.0|B-CORE-no-graph,2026-06-03T14:56:37,L_rush_job_seed43,L,rush_job,43,40043,40043,1.0,B-CORE-no-graph,solved,,0.193033,153.875131,153.875131,2206.564485,1418.438335,788.126150,0.357173,22.398490,22.398490,0.193046,0.000545,0.000490,0.000788,0.000814,0.000821,0.000000,0,true,0.000000,2,objective equals makespan; due-date/tardiness fields are not available in this instance format
fair|L|rush_job|43|1.0|B-CORE-no-bottleneck,2026-06-03T14:56:37,L_rush_job_seed43,L,rush_job,43,40043,40043,1.0,B-CORE-no-bottleneck,solved,,0.186899,168.610479,168.610479,2434.930594,1498.749864,936.180730,0.384479,28.305128,28.305128,0.186913,0.000511,0.000461,0.000604,0.000617,0.000620,0.000000,0,true,9.576173,3,objective equals makespan; due-date/tardiness fields are not available in this instance format
fair|L|rush_job|43|1.0|MOEA-NSGA2,2026-06-03T14:56:44,L_rush_job_seed43,L,rush_job,43,40043,40043,1.0,MOEA-NSGA2,solved,,4.286228,194.919475,194.919475,2705.454447,1482.117551,1223.336896,0.452174,25.299783,25.299783,4.286242,1.056213,1.068608,1.073127,1.073528,1.073629,1.000000,4,true,26.673800,4,objective equals makespan; due-date/tardiness fields are not available in this instance format
fair|L|rush_job|43|1.0|MachineRank,2026-06-03T14:56:37,L_rush_job_seed43,L,rush_job,43,40043,40043,1.0,MachineRank,solved,,0.121128,199.074877,199.074877,2926.554145,1576.805292,1349.748853,0.461208,31.092747,31.092747,0.121143,0.000162,0.000162,0.000264,0.000273,0.000275,0.000000,0,true,29.374302,5,objective equals makespan; due-date/tardiness fields are not available in this instance format
fair|L|rush_job|43|1.0|MOR,2026-06-03T14:56:37,L_rush_job_seed43,L,rush_job,43,40043,40043,1.0,MOR,solved,,0.094055,211.776469,211.776469,2586.223546,1399.560026,1186.663519,0.458840,24.292924,24.292924,0.094067,0.000014,0.000014,0.000015,0.000015,0.000015,0.000000,0,true,37.628782,6,objective equals makespan; due-date/tardiness fields are not available in this instance format
fair|L|rush_job|43|1.0|GA,2026-06-03T14:56:42,L_rush_job_seed43,L,rush_job,43,40043,40043,1.0,GA,solved,,4.258380,213.433578,213.433578,2828.601184,1529.259623,1299.341561,0.459358,27.088177,27.088177,4.258395,1.037225,1.015144,1.075832,1.081226,1.082575,1.000000,4,true,38.705700,7,objective equals makespan; due-date/tardiness fields are not available in this instance format
fair|L|rush_job|43|1.0|LNS,2026-06-03T14:56:41,L_rush_job_seed43,L,rush_job,43,40043,40043,1.0,LNS,solved,,3.220786,224.935458,224.935458,2958.570330,1609.389176,1349.181154,0.456025,26.863865,26.863865,3.220801,1.031423,1.031423,1.039014,1.039688,1.039857,1.000000,3,true,46.180514,8,objective equals makespan; due-date/tardiness fields are not available in this instance format
fair|L|rush_job|43|1.0|DCGA,2026-06-03T14:56:41,L_rush_job_seed43,L,rush_job,43,40043,40043,1.0,DCGA,solved,,3.230372,226.904143,226.904143,2945.090363,1628.266168,1316.824195,0.447125,30.500564,30.500564,3.230385,1.033219,1.033219,1.043841,1.044785,1.045021,1.000000,3,true,47.459919,9,objective equals makespan; due-date/tardiness fields are not available in this instance format
fair|L|rush_job|43|1.0|SA,2026-06-03T14:56:43,L_rush_job_seed43,L,rush_job,43,40043,40043,1.0,SA,solved,,3.224185,250.724492,250.724492,3007.158253,1650.392537,1356.765715,0.451179,30.209795,30.209795,3.224199,1.048719,1.048719,1.067955,1.069665,1.070093,1.000000,3,true,62.940230,10,objective equals makespan; due-date/tardiness fields are not available in this instance format
fair|L|rush_job|43|5.0|B-CORE,2026-06-03T14:56:40,L_rush_job_seed43,L,rush_job,43,40043,40043,5.0,B-CORE,solved,,0.194426,153.875131,153.875131,2206.564485,1418.438335,788.126150,0.357173,22.398490,22.398490,0.194440,0.000456,0.000492,0.000518,0.000520,0.000521,0.000000,0,true,0.000000,1,objective equals makespan; due-date/tardiness fields are not available in this instance format
fair|L|rush_job|43|5.0|B-CORE-no-graph,2026-06-03T14:56:41,L_rush_job_seed43,L,rush_job,43,40043,40043,5.0,B-CORE-no-graph,solved,,0.188202,153.875131,153.875131,2206.564485,1418.438335,788.126150,0.357173,22.398490,22.398490,0.188217,0.000417,0.000478,0.000497,0.000499,0.000499,0.000000,0,true,0.000000,2,objective equals makespan; due-date/tardiness fields are not available in this instance format
fair|L|rush_job|43|5.0|B-CORE-no-bottleneck,2026-06-03T14:56:41,L_rush_job_seed43,L,rush_job,43,40043,40043,5.0,B-CORE-no-bottleneck,solved,,0.183718,168.610479,168.610479,2434.930594,1498.749864,936.180730,0.384479,28.305128,28.305128,0.183733,0.000447,0.000430,0.000499,0.000505,0.000506,0.000000,0,true,9.576173,3,objective equals makespan; due-date/tardiness fields are not available in this instance format
fair|L|rush_job|43|5.0|DCGA,2026-06-03T14:56:56,L_rush_job_seed43,L,rush_job,43,40043,40043,5.0,DCGA,solved,,15.181166,196.998016,196.998016,2693.246448,1483.500295,1209.746153,0.449178,27.196470,27.196470,15.181179,5.038753,5.038753,5.046284,5.046953,5.047120,1.000000,3,true,28.024597,4,objective equals makespan; due-date/tardiness fields are not available in this instance format
fair|L|rush_job|43|5.0|GA,2026-06-03T14:56:56,L_rush_job_seed43,L,rush_job,43,40043,40043,5.0,GA,solved,,15.196091,198.358406,198.358406,2731.626162,1518.707712,1212.918450,0.444028,26.757968,26.757968,15.196105,5.009753,5.009753,5.016052,5.016612,5.016752,1.000000,3,true,28.908684,5,objective equals makespan; due-date/tardiness fields are not available in this instance format
fair|L|rush_job|43|5.0|MachineRank,2026-06-03T14:56:41,L_rush_job_seed43,L,rush_job,43,40043,40043,5.0,MachineRank,solved,,0.121122,199.074877,199.074877,2926.554145,1576.805292,1349.748853,0.461208,31.092747,31.092747,0.121138,0.000142,0.000142,0.000222,0.000229,0.000231,0.000000,0,true,29.374302,6,objective equals makespan; due-date/tardiness fields are not available in this instance format
fair|L|rush_job|43|5.0|MOEA-NSGA2,2026-06-03T14:56:57,L_rush_job_seed43,L,rush_job,43,40043,40043,5.0,MOEA-NSGA2,solved,,15.241471,205.729426,205.729426,2832.937004,1485.719500,1347.217504,0.475555,28.194397,28.194397,15.241493,5.035033,5.035033,5.052948,5.054541,5.054939,1.000000,3,true,33.698945,7,objective equals makespan; due-date/tardiness fields are not available in this instance format
fair|L|rush_job|43|5.0|MOR,2026-06-03T14:56:41,L_rush_job_seed43,L,rush_job,43,40043,40043,5.0,MOR,solved,,0.095104,211.776469,211.776469,2586.223546,1399.560026,1186.663519,0.458840,24.292924,24.292924,0.095119,0.000013,0.000013,0.000014,0.000014,0.000014,0.000000,0,true,37.628782,8,objective equals makespan; due-date/tardiness fields are not available in this instance format
fair|L|rush_job|43|5.0|LNS,2026-06-03T14:56:56,L_rush_job_seed43,L,rush_job,43,40043,40043,5.0,LNS,solved,,15.264436,217.665347,217.665347,2979.337295,1677.975962,1301.361333,0.436796,28.780182,28.780182,15.264452,5.054591,5.054591,5.076973,5.078963,5.079460,1.000000,3,true,41.455832,9,objective equals makespan; due-date/tardiness fields are not available in this instance format
fair|L|rush_job|43|5.0|SA,2026-06-03T14:56:56,L_rush_job_seed43,L,rush_job,43,40043,40043,5.0,SA,solved,,15.202190,229.547436,229.547436,3046.487715,1665.192177,1381.295538,0.453406,30.149563,30.149563,15.202204,5.043825,5.043825,5.061655,5.063240,5.063637,1.000000,3,true,49.177736,10,objective equals makespan; due-date/tardiness fields are not available in this instance format
fair|L|rush_job|43|10.0|B-CORE,2026-06-03T14:56:43,L_rush_job_seed43,L,rush_job,43,40043,40043,10.0,B-CORE,solved,,0.187117,153.875131,153.875131,2206.564485,1418.438335,788.126150,0.357173,22.398490,22.398490,0.187133,0.000405,0.000451,0.000466,0.000468,0.000468,0.000000,0,true,0.000000,1,objective equals makespan; due-date/tardiness fields are not available in this instance format
fair|L|rush_job|43|10.0|B-CORE-no-graph,2026-06-03T14:56:43,L_rush_job_seed43,L,rush_job,43,40043,40043,10.0,B-CORE-no-graph,solved,,0.191009,153.875131,153.875131,2206.564485,1418.438335,788.126150,0.357173,22.398490,22.398490,0.191023,0.000406,0.000459,0.000467,0.000467,0.000467,0.000000,0,true,0.000000,2,objective equals makespan; due-date/tardiness fields are not available in this instance format
fair|L|rush_job|43|10.0|B-CORE-no-bottleneck,2026-06-03T14:56:44,L_rush_job_seed43,L,rush_job,43,40043,40043,10.0,B-CORE-no-bottleneck,solved,,0.187309,168.610479,168.610479,2434.930594,1498.749864,936.180730,0.384479,28.305128,28.305128,0.187323,0.000469,0.000442,0.000524,0.000531,0.000533,0.000000,0,true,9.576173,3,objective equals makespan; due-date/tardiness fields are not available in this instance format
fair|L|rush_job|43|10.0|DCGA,2026-06-03T14:57:36,L_rush_job_seed43,L,rush_job,43,40043,40043,10.0,DCGA,solved,,40.311539,184.719892,184.719892,2587.565114,1413.953626,1173.611489,0.453558,25.649396,25.649396,40.311555,10.058212,10.057672,10.059508,10.059671,10.059711,1.000000,4,true,20.045319,4,objective equals makespan; due-date/tardiness fields are not available in this instance format
fair|L|rush_job|43|10.0|GA,2026-06-03T14:57:15,L_rush_job_seed43,L,rush_job,43,40043,40043,10.0,GA,solved,,30.244567,190.487463,190.487463,2612.136422,1453.749600,1158.386822,0.443463,25.494806,25.494806,30.244581,10.057054,10.057054,10.066744,10.067606,10.067821,1.000000,3,true,23.793534,5,objective equals makespan; due-date/tardiness fields are not available in this instance format
fair|L|rush_job|43|10.0|MOEA-NSGA2,2026-06-03T14:57:26,L_rush_job_seed43,L,rush_job,43,40043,40043,10.0,MOEA-NSGA2,solved,,30.215853,195.505391,195.505391,2592.530305,1454.453017,1138.077288,0.438983,25.062442,25.062442,30.215867,10.032870,10.032870,10.058686,10.060981,10.061555,1.000000,3,true,27.054573,6,objective equals makespan; due-date/tardiness fields are not available in this instance format
fair|L|rush_job|43|10.0|MachineRank,2026-06-03T14:56:44,L_rush_job_seed43,L,rush_job,43,40043,40043,10.0,MachineRank,solved,,0.119778,199.074877,199.074877,2926.554145,1576.805292,1349.748853,0.461208,31.092747,31.092747,0.119791,0.000148,0.000148,0.000236,0.000243,0.000245,0.000000,0,true,29.374302,7,objective equals makespan; due-date/tardiness fields are not available in this instance format
fair|L|rush_job|43|10.0|MOR,2026-06-03T14:56:44,L_rush_job_seed43,L,rush_job,43,40043,40043,10.0,MOR,solved,,0.095120,211.776469,211.776469,2586.223546,1399.560026,1186.663519,0.458840,24.292924,24.292924,0.095135,0.000015,0.000015,0.000018,0.000018,0.000018,0.000000,0,true,37.628782,8,objective equals makespan; due-date/tardiness fields are not available in this instance format
fair|L|rush_job|43|10.0|LNS,2026-06-03T14:57:14,L_rush_job_seed43,L,rush_job,43,40043,40043,10.0,LNS,solved,,30.227014,217.665347,217.665347,2979.337295,1677.975962,1301.361333,0.436796,28.780182,28.780182,30.227029,10.062350,10.062350,10.067930,10.068426,10.068550,1.000000,3,true,41.455832,9,objective equals makespan; due-date/tardiness fields are not available in this instance format
fair|L|rush_job|43|10.0|SA,2026-06-03T14:57:26,L_rush_job_seed43,L,rush_job,43,40043,40043,10.0,SA,solved,,30.193010,218.015820,218.015820,3042.904410,1646.581443,1396.322967,0.458878,29.752233,29.752233,30.193025,10.035329,10.035329,10.049250,10.050487,10.050796,1.000000,3,true,41.683597,10,objective equals makespan; due-date/tardiness fields are not available in this instance format
fair|L|rush_job|44|0.1|B-CORE,2026-06-03T14:56:56,L_rush_job_seed44,L,rush_job,44,40044,40044,0.1,B-CORE,solved,,0.178924,154.354225,154.354225,2118.945929,1344.580688,774.365240,0.365448,22.275669,22.275669,0.178939,0.000453,0.000453,0.000473,0.000475,0.000475,0.000000,0,true,0.000000,1,objective equals makespan; due-date/tardiness fields are not available in this instance format
fair|L|rush_job|44|0.1|B-CORE-no-graph,2026-06-03T14:56:56,L_rush_job_seed44,L,rush_job,44,40044,40044,0.1,B-CORE-no-graph,solved,,0.172874,154.354225,154.354225,2118.945929,1344.580688,774.365240,0.365448,22.275669,22.275669,0.172887,0.000479,0.000479,0.000504,0.000506,0.000506,0.000000,0,true,0.000000,2,objective equals makespan; due-date/tardiness fields are not available in this instance format
fair|L|rush_job|44|0.1|B-CORE-no-bottleneck,2026-06-03T14:56:56,L_rush_job_seed44,L,rush_job,44,40044,40044,0.1,B-CORE-no-bottleneck,solved,,0.176332,173.335125,173.335125,2372.046771,1402.934347,969.112424,0.408555,27.534114,27.534114,0.176346,0.000333,0.000333,0.000340,0.000341,0.000341,0.000000,0,true,12.296975,3,objective equals makespan; due-date/tardiness fields are not available in this instance format
fair|L|rush_job|44|0.1|MachineRank,2026-06-03T14:56:57,L_rush_job_seed44,L,rush_job,44,40044,40044,0.1,MachineRank,solved,,0.092322,189.917220,189.917220,2709.479346,1439.332313,1270.147033,0.468779,29.448544,29.448544,0.092334,0.000230,0.000230,0.000268,0.000271,0.000272,0.000000,0,true,23.039858,4,objective equals makespan; due-date/tardiness fields are not available in this instance format
fair|L|rush_job|44|0.1|MOR,2026-06-03T14:56:57,L_rush_job_seed44,L,rush_job,44,40044,40044,0.1,MOR,solved,,0.084078,199.586105,199.586105,2274.581464,1239.570787,1035.010677,0.455033,23.957808,23.957808,0.084092,0.000011,0.000011,0.000013,0.000013,0.000013,0.000000,0,true,29.303947,5,objective equals makespan; due-date/tardiness fields are not available in this instance format
fair|L|rush_job|44|0.1|GA,2026-06-03T14:56:57,L_rush_job_seed44,L,rush_job,44,40044,40044,0.1,GA,solved,,0.573027,215.839235,215.839235,2807.824872,1466.362623,1341.462249,0.477759,26.765098,26.765098,0.573040,0.157394,0.157394,0.158736,0.158855,0.158885,1.000000,3,true,39.833707,6,objective equals makespan; due-date/tardiness fields are not available in this instance format
fair|L|rush_job|44|0.1|MOEA-NSGA2,2026-06-03T14:57:01,L_rush_job_seed44,L,rush_job,44,40044,40044,0.1,MOEA-NSGA2,solved,,2.788967,218.974996,218.974996,3065.267327,1680.780560,1384.486767,0.451669,28.918441,28.918441,2.788982,0.861761,0.861761,0.870672,0.871465,0.871663,1.000000,3,true,41.865243,7,objective equals makespan; due-date/tardiness fields are not available in this instance format
fair|L|rush_job|44|0.1|DCGA,2026-06-03T14:56:58,L_rush_job_seed44,L,rush_job,44,40044,40044,0.1,DCGA,solved,,0.554170,221.661392,221.661392,3029.459710,1645.811605,1383.648104,0.456731,28.806845,28.806845,0.554185,0.151329,0.151329,0.155337,0.155693,0.155782,1.000000,3,true,43.605653,8,objective equals makespan; due-date/tardiness fields are not available in this instance format
fair|L|rush_job|44|0.1|LNS,2026-06-03T14:56:57,L_rush_job_seed44,L,rush_job,44,40044,40044,0.1,LNS,solved,,0.560441,235.435124,235.435124,3179.506364,1679.638456,1499.867907,0.471730,29.736647,29.736647,0.560457,0.151358,0.151358,0.156265,0.156701,0.156810,1.000000,3,true,52.529109,9,objective equals makespan; due-date/tardiness fields are not available in this instance format
fair|L|rush_job|44|0.1|SA,2026-06-03T14:56:58,L_rush_job_seed44,L,rush_job,44,40044,40044,0.1,SA,solved,,0.566701,275.021944,275.021944,2998.609369,1651.310376,1347.298994,0.449308,28.182132,28.182132,0.566715,0.152064,0.152064,0.156924,0.157356,0.157464,1.000000,3,true,78.175845,10,objective equals makespan; due-date/tardiness fields are not available in this instance format
fair|L|rush_job|44|0.5|B-CORE,2026-06-03T14:56:58,L_rush_job_seed44,L,rush_job,44,40044,40044,0.5,B-CORE,solved,,0.179868,154.354225,154.354225,2118.945929,1344.580688,774.365240,0.365448,22.275669,22.275669,0.179882,0.000457,0.000457,0.000499,0.000503,0.000504,0.000000,0,true,0.000000,1,objective equals makespan; due-date/tardiness fields are not available in this instance format
fair|L|rush_job|44|0.5|B-CORE-no-graph,2026-06-03T14:56:58,L_rush_job_seed44,L,rush_job,44,40044,40044,0.5,B-CORE-no-graph,solved,,0.180398,154.354225,154.354225,2118.945929,1344.580688,774.365240,0.365448,22.275669,22.275669,0.180412,0.000455,0.000455,0.000487,0.000490,0.000491,0.000000,0,true,0.000000,2,objective equals makespan; due-date/tardiness fields are not available in this instance format
fair|L|rush_job|44|0.5|B-CORE-no-bottleneck,2026-06-03T14:56:59,L_rush_job_seed44,L,rush_job,44,40044,40044,0.5,B-CORE-no-bottleneck,solved,,0.186096,173.335125,173.335125,2372.046771,1402.934347,969.112424,0.408555,27.534114,27.534114,0.186111,0.000413,0.000413,0.000420,0.000421,0.000421,0.000000,0,true,12.296975,3,objective equals makespan; due-date/tardiness fields are not available in this instance format
fair|L|rush_job|44|0.5|MachineRank,2026-06-03T14:56:59,L_rush_job_seed44,L,rush_job,44,40044,40044,0.5,MachineRank,solved,,0.112264,189.917220,189.917220,2709.479346,1439.332313,1270.147033,0.468779,29.448544,29.448544,0.112277,0.000259,0.000259,0.000270,0.000271,0.000271,0.000000,0,true,23.039858,4,objective equals makespan; due-date/tardiness fields are not available in this instance format
fair|L|rush_job|44|0.5|MOR,2026-06-03T14:56:59,L_rush_job_seed44,L,rush_job,44,40044,40044,0.5,MOR,solved,,0.087737,199.586105,199.586105,2274.581464,1239.570787,1035.010677,0.455033,23.957808,23.957808,0.087752,0.000010,0.000010,0.000010,0.000010,0.000010,0.000000,0,true,29.303947,5,objective equals makespan; due-date/tardiness fields are not available in this instance format
fair|L|rush_job|44|0.5|LNS,2026-06-03T14:57:00,L_rush_job_seed44,L,rush_job,44,40044,40044,0.5,LNS,solved,,1.691779,208.556331,208.556331,2907.511435,1579.253954,1328.257480,0.456837,27.693568,27.693568,1.691795,0.514763,0.514763,0.520720,0.521250,0.521382,1.000000,3,true,35.115402,6,objective equals makespan; due-date/tardiness fields are not available in this instance format
fair|L|rush_job|44|0.5|GA,2026-06-03T14:57:02,L_rush_job_seed44,L,rush_job,44,40044,40044,0.5,GA,solved,,1.715634,216.518163,216.518163,2811.740355,1512.164323,1299.576032,0.462196,25.419075,25.419075,1.715649,0.524189,0.524189,0.540962,0.542453,0.542825,1.000000,3,true,40.273558,7,objective equals makespan; due-date/tardiness fields are not available in this instance format
fair|L|rush_job|44|0.5|MOEA-NSGA2,2026-06-03T14:57:05,L_rush_job_seed44,L,rush_job,44,40044,40044,0.5,MOEA-NSGA2,solved,,3.043965,218.974996,218.974996,3065.267327,1680.780560,1384.486767,0.451669,28.918441,28.918441,3.043981,0.980015,0.980015,0.991540,0.992564,0.992820,1.000000,3,true,41.865243,8,objective equals makespan; due-date/tardiness fields are not available in this instance format
fair|L|rush_job|44|0.5|DCGA,2026-06-03T14:57:02,L_rush_job_seed44,L,rush_job,44,40044,40044,0.5,DCGA,solved,,1.714039,221.286839,221.286839,3210.453702,1707.680706,1502.772996,0.468087,30.491278,30.491278,1.714056,0.525859,0.525859,0.538968,0.540133,0.540425,1.000000,3,true,43.362994,9,objective equals makespan; due-date/tardiness fields are not available in this instance format
fair|L|rush_job|44|0.5|SA,2026-06-03T14:57:03,L_rush_job_seed44,L,rush_job,44,40044,40044,0.5,SA,solved,,1.678274,243.435388,243.435388,3105.036097,1754.885634,1350.150463,0.434826,28.577019,28.577019,1.678288,0.539746,0.539746,0.552125,0.553225,0.553500,1.000000,3,true,57.712164,10,objective equals makespan; due-date/tardiness fields are not available in this instance format
fair|L|rush_job|44|1.0|B-CORE,2026-06-03T14:57:02,L_rush_job_seed44,L,rush_job,44,40044,40044,1.0,B-CORE,solved,,0.176584,154.354225,154.354225,2118.945929,1344.580688,774.365240,0.365448,22.275669,22.275669,0.176598,0.000498,0.000498,0.000540,0.000544,0.000545,0.000000,0,true,0.000000,1,objective equals makespan; due-date/tardiness fields are not available in this instance format
fair|L|rush_job|44|1.0|B-CORE-no-graph,2026-06-03T14:57:03,L_rush_job_seed44,L,rush_job,44,40044,40044,1.0,B-CORE-no-graph,solved,,0.177193,154.354225,154.354225,2118.945929,1344.580688,774.365240,0.365448,22.275669,22.275669,0.177208,0.000492,0.000492,0.000522,0.000524,0.000525,0.000000,0,true,0.000000,2,objective equals makespan; due-date/tardiness fields are not available in this instance format
fair|L|rush_job|44|1.0|B-CORE-no-bottleneck,2026-06-03T14:57:03,L_rush_job_seed44,L,rush_job,44,40044,40044,1.0,B-CORE-no-bottleneck,solved,,0.181212,173.335125,173.335125,2372.046771,1402.934347,969.112424,0.408555,27.534114,27.534114,0.181228,0.000452,0.000452,0.000498,0.000502,0.000503,0.000000,0,true,12.296975,3,objective equals makespan; due-date/tardiness fields are not available in this instance format
fair|L|rush_job|44|1.0|MachineRank,2026-06-03T14:57:03,L_rush_job_seed44,L,rush_job,44,40044,40044,1.0,MachineRank,solved,,0.111647,189.917220,189.917220,2709.479346,1439.332313,1270.147033,0.468779,29.448544,29.448544,0.111661,0.000232,0.000232,0.000235,0.000235,0.000235,0.000000,0,true,23.039858,4,objective equals makespan; due-date/tardiness fields are not available in this instance format
fair|L|rush_job|44|1.0|MOR,2026-06-03T14:57:03,L_rush_job_seed44,L,rush_job,44,40044,40044,1.0,MOR,solved,,0.086807,199.586105,199.586105,2274.581464,1239.570787,1035.010677,0.455033,23.957808,23.957808,0.086822,0.000011,0.000011,0.000012,0.000012,0.000012,0.000000,0,true,29.303947,5,objective equals makespan; due-date/tardiness fields are not available in this instance format
fair|L|rush_job|44|1.0|GA,2026-06-03T14:57:06,L_rush_job_seed44,L,rush_job,44,40044,40044,1.0,GA,solved,,3.224330,207.415058,207.415058,2660.232408,1492.039639,1168.192769,0.439132,24.569009,24.569009,3.224346,1.055715,1.055715,1.069947,1.071212,1.071528,1.000000,3,true,34.376016,6,objective equals makespan; due-date/tardiness fields are not available in this instance format
fair|L|rush_job|44|1.0|LNS,2026-06-03T14:57:06,L_rush_job_seed44,L,rush_job,44,40044,40044,1.0,LNS,solved,,3.160665,207.671076,207.671076,2868.794352,1579.253954,1289.540398,0.449506,27.489794,27.489794,3.160681,1.005304,1.005304,1.006086,1.006155,1.006172,1.000000,3,true,34.541880,7,objective equals makespan; due-date/tardiness fields are not available in this instance format
fair|L|rush_job|44|1.0|DCGA,2026-06-03T14:57:08,L_rush_job_seed44,L,rush_job,44,40044,40044,1.0,DCGA,solved,,3.245174,214.186318,214.186318,3074.019976,1728.330191,1345.689785,0.437762,29.085804,29.085804,3.245189,1.034359,1.034359,1.048837,1.050123,1.050445,1.000000,3,true,38.762848,8,objective equals makespan; due-date/tardiness fields are not available in this instance format
fair|L|rush_job|44|1.0|MOEA-NSGA2,2026-06-03T14:57:09,L_rush_job_seed44,L,rush_job,44,40044,40044,1.0,MOEA-NSGA2,solved,,3.234666,218.974996,218.974996,3065.267327,1680.780560,1384.486767,0.451669,28.918441,28.918441,3.234681,1.040701,1.040701,1.072912,1.075775,1.076491,1.000000,3,true,41.865243,9,objective equals makespan; due-date/tardiness fields are not available in this instance format
fair|L|rush_job|44|1.0|SA,2026-06-03T14:57:09,L_rush_job_seed44,L,rush_job,44,40044,40044,1.0,SA,solved,,3.128065,243.435388,243.435388,3105.036097,1754.885634,1350.150463,0.434826,28.577019,28.577019,3.128080,1.017197,1.017197,1.029468,1.030559,1.030832,1.000000,3,true,57.712164,10,objective equals makespan; due-date/tardiness fields are not available in this instance format
fair|L|rush_job|44|5.0|B-CORE,2026-06-03T14:57:08,L_rush_job_seed44,L,rush_job,44,40044,40044,5.0,B-CORE,solved,,0.178430,154.354225,154.354225,2118.945929,1344.580688,774.365240,0.365448,22.275669,22.275669,0.178444,0.000461,0.000461,0.000478,0.000479,0.000480,0.000000,0,true,0.000000,1,objective equals makespan; due-date/tardiness fields are not available in this instance format
fair|L|rush_job|44|5.0|B-CORE-no-graph,2026-06-03T14:57:08,L_rush_job_seed44,L,rush_job,44,40044,40044,5.0,B-CORE-no-graph,solved,,0.177346,154.354225,154.354225,2118.945929,1344.580688,774.365240,0.365448,22.275669,22.275669,0.177360,0.000482,0.000482,0.000516,0.000519,0.000519,0.000000,0,true,0.000000,2,objective equals makespan; due-date/tardiness fields are not available in this instance format
fair|L|rush_job|44|5.0|B-CORE-no-bottleneck,2026-06-03T14:57:08,L_rush_job_seed44,L,rush_job,44,40044,40044,5.0,B-CORE-no-bottleneck,solved,,0.158540,173.335125,173.335125,2372.046771,1402.934347,969.112424,0.408555,27.534114,27.534114,0.158554,0.000287,0.000287,0.000293,0.000293,0.000293,0.000000,0,true,12.296975,3,objective equals makespan; due-date/tardiness fields are not available in this instance format
fair|L|rush_job|44|5.0|MachineRank,2026-06-03T14:57:08,L_rush_job_seed44,L,rush_job,44,40044,40044,5.0,MachineRank,solved,,0.112934,189.917220,189.917220,2709.479346,1439.332313,1270.147033,0.468779,29.448544,29.448544,0.112948,0.000282,0.000282,0.000335,0.000340,0.000341,0.000000,0,true,23.039858,4,objective equals makespan; due-date/tardiness fields are not available in this instance format
fair|L|rush_job|44|5.0|LNS,2026-06-03T14:57:23,L_rush_job_seed44,L,rush_job,44,40044,40044,5.0,LNS,solved,,15.217839,191.227014,191.227014,2713.832403,1517.186972,1196.645431,0.440943,26.586891,26.586891,15.217849,5.034087,5.034087,5.049941,5.051350,5.051703,1.000000,3,true,23.888422,5,objective equals makespan; due-date/tardiness fields are not available in this instance format
fair|L|rush_job|44|5.0|DCGA,2026-06-03T14:57:24,L_rush_job_seed44,L,rush_job,44,40044,40044,5.0,DCGA,solved,,15.248694,191.636644,191.636644,2781.663729,1496.041380,1285.622349,0.462177,26.481404,26.481404,15.248708,5.055980,5.055980,5.058848,5.059103,5.059167,1.000000,3,true,24.153805,6,objective equals makespan; due-date/tardiness fields are not available in this instance format
fair|L|rush_job|44|5.0|MOEA-NSGA2,2026-06-03T14:57:25,L_rush_job_seed44,L,rush_job,44,40044,40044,5.0,MOEA-NSGA2,solved,,15.186986,193.666077,193.666077,2687.923606,1467.015135,1220.908471,0.454220,27.074930,27.074930,15.186997,5.038355,5.038355,5.055863,5.057419,5.057808,1.000000,3,true,25.468595,7,objective equals makespan; due-date/tardiness fields are not available in this instance format
fair|L|rush_job|44|5.0|MOR,2026-06-03T14:57:08,L_rush_job_seed44,L,rush_job,44,40044,40044,5.0,MOR,solved,,0.084257,199.586105,199.586105,2274.581464,1239.570787,1035.010677,0.455033,23.957808,23.957808,0.084272,0.000011,0.000011,0.000011,0.000011,0.000011,0.000000,0,true,29.303947,8,objective equals makespan; due-date/tardiness fields are not available in this instance format
fair|L|rush_job|44|5.0|GA,2026-06-03T14:57:24,L_rush_job_seed44,L,rush_job,44,40044,40044,5.0,GA,solved,,15.177372,199.699387,199.699387,2592.892706,1385.068581,1207.824124,0.465821,24.414996,24.414996,15.177386,5.031250,5.031250,5.045480,5.046745,5.047061,1.000000,3,true,29.377338,9,objective equals makespan; due-date/tardiness fields are not available in this instance format
fair|L|rush_job|44|5.0|SA,2026-06-03T14:57:25,L_rush_job_seed44,L,rush_job,44,40044,40044,5.0,SA,solved,,15.271456,230.393678,230.393678,2942.457072,1669.056587,1273.400485,0.432768,28.852974,28.852974,15.271469,5.065419,5.065419,5.066050,5.066106,5.066120,1.000000,3,true,49.262955,10,objective equals makespan; due-date/tardiness fields are not available in this instance format
fair|L|rush_job|44|10.0|B-CORE,2026-06-03T14:57:11,L_rush_job_seed44,L,rush_job,44,40044,40044,10.0,B-CORE,solved,,0.209107,154.354225,154.354225,2118.945929,1344.580688,774.365240,0.365448,22.275669,22.275669,0.209122,0.000564,0.000564,0.000619,0.000624,0.000625,0.000000,0,true,0.000000,1,objective equals makespan; due-date/tardiness fields are not available in this instance format
fair|L|rush_job|44|10.0|B-CORE-no-graph,2026-06-03T14:57:11,L_rush_job_seed44,L,rush_job,44,40044,40044,10.0,B-CORE-no-graph,solved,,0.182289,154.354225,154.354225,2118.945929,1344.580688,774.365240,0.365448,22.275669,22.275669,0.182303,0.000468,0.000468,0.000495,0.000497,0.000498,0.000000,0,true,0.000000,2,objective equals makespan; due-date/tardiness fields are not available in this instance format
fair|L|rush_job|44|10.0|B-CORE-no-bottleneck,2026-06-03T14:57:11,L_rush_job_seed44,L,rush_job,44,40044,40044,10.0,B-CORE-no-bottleneck,solved,,0.187243,173.335125,173.335125,2372.046771,1402.934347,969.112424,0.408555,27.534114,27.534114,0.187257,0.000453,0.000453,0.000470,0.000471,0.000472,0.000000,0,true,12.296975,3,objective equals makespan; due-date/tardiness fields are not available in this instance format
fair|L|rush_job|44|10.0|GA,2026-06-03T14:57:44,L_rush_job_seed44,L,rush_job,44,40044,40044,10.0,GA,solved,,30.207257,183.345664,183.345664,2527.215434,1372.099977,1155.115457,0.457070,25.195599,25.195599,30.207271,10.046740,10.046740,10.059861,10.061028,10.061319,1.000000,3,true,18.782407,4,objective equals makespan; due-date/tardiness fields are not available in this instance format
fair|L|rush_job|44|10.0|LNS,2026-06-03T14:57:42,L_rush_job_seed44,L,rush_job,44,40044,40044,10.0,LNS,solved,,30.220811,186.346324,186.346324,2703.220174,1553.975963,1149.244211,0.425139,25.852609,25.852609,30.220826,10.037405,10.037405,10.068664,10.071443,10.072137,1.000000,3,true,20.726416,5,objective equals makespan; due-date/tardiness fields are not available in this instance format
fair|L|rush_job|44|10.0|MachineRank,2026-06-03T14:57:12,L_rush_job_seed44,L,rush_job,44,40044,40044,10.0,MachineRank,solved,,0.113388,189.917220,189.917220,2709.479346,1439.332313,1270.147033,0.468779,29.448544,29.448544,0.113404,0.000262,0.000262,0.000268,0.000269,0.000269,0.000000,0,true,23.039858,6,objective equals makespan; due-date/tardiness fields are not available in this instance format
fair|L|rush_job|44|10.0|MOEA-NSGA2,2026-06-03T14:57:54,L_rush_job_seed44,L,rush_job,44,40044,40044,10.0,MOEA-NSGA2,solved,,30.194837,194.945006,194.945006,2641.361514,1478.694295,1162.667219,0.440177,25.102222,25.102222,30.194852,10.034735,10.034735,10.052104,10.053648,10.054034,1.000000,3,true,26.297162,7,objective equals makespan; due-date/tardiness fields are not available in this instance format
fair|L|rush_job|44|10.0|DCGA,2026-06-03T14:57:45,L_rush_job_seed44,L,rush_job,44,40044,40044,10.0,DCGA,solved,,30.264609,197.837497,197.837497,2777.339820,1485.212579,1292.127242,0.465239,26.601424,26.601424,30.264623,10.059099,10.059099,10.070379,10.071382,10.071633,1.000000,3,true,28.171093,8,objective equals makespan; due-date/tardiness fields are not available in this instance format
fair|L|rush_job|44|10.0|MOR,2026-06-03T14:57:12,L_rush_job_seed44,L,rush_job,44,40044,40044,10.0,MOR,solved,,0.087445,199.586105,199.586105,2274.581464,1239.570787,1035.010677,0.455033,23.957808,23.957808,0.087459,0.000011,0.000011,0.000011,0.000011,0.000011,0.000000,0,true,29.303947,9,objective equals makespan; due-date/tardiness fields are not available in this instance format
fair|L|rush_job|44|10.0|SA,2026-06-03T14:57:45,L_rush_job_seed44,L,rush_job,44,40044,40044,10.0,SA,solved,,30.214613,214.412999,214.412999,2919.828993,1639.492001,1280.336992,0.438497,27.621245,27.621245,30.214627,10.033688,10.033688,10.039098,10.039579,10.039699,1.000000,3,true,38.909705,10,objective equals makespan; due-date/tardiness fields are not available in this instance format
fair|L|rush_job|45|0.1|B-CORE-no-bottleneck,2026-06-03T14:57:24,L_rush_job_seed45,L,rush_job,45,40045,40045,0.1,B-CORE-no-bottleneck,solved,,0.188462,164.216131,164.216131,2327.012078,1484.808806,842.203271,0.361925,27.023471,27.023471,0.188473,0.000436,0.000427,0.000503,0.000509,0.000510,0.000000,0,true,0.000000,1,objective equals makespan; due-date/tardiness fields are not available in this instance format
fair|L|rush_job|45|0.1|B-CORE,2026-06-03T14:57:24,L_rush_job_seed45,L,rush_job,45,40045,40045,0.1,B-CORE,solved,,0.182283,166.055345,166.055345,2390.380543,1530.657285,859.723257,0.359660,25.978237,25.978237,0.182297,0.000505,0.000515,0.000601,0.000609,0.000611,0.000000,0,true,1.119996,2,objective equals makespan; due-date/tardiness fields are not available in this instance format
fair|L|rush_job|45|0.1|B-CORE-no-graph,2026-06-03T14:57:24,L_rush_job_seed45,L,rush_job,45,40045,40045,0.1,B-CORE-no-graph,solved,,0.190670,166.055345,166.055345,2390.380543,1530.657285,859.723257,0.359660,25.978237,25.978237,0.190684,0.000448,0.000438,0.000468,0.000471,0.000471,0.000000,0,true,1.119996,3,objective equals makespan; due-date/tardiness fields are not available in this instance format
fair|L|rush_job|45|0.1|MOEA-NSGA2,2026-06-03T14:57:28,L_rush_job_seed45,L,rush_job,45,40045,40045,0.1,MOEA-NSGA2,solved,,3.059992,210.800413,210.800413,2920.560681,1644.335986,1276.224695,0.436979,27.415350,27.415350,3.060007,0.957806,0.957806,0.976302,0.977946,0.978357,1.000000,3,true,28.367665,4,objective equals makespan; due-date/tardiness fields are not available in this instance format
fair|L|rush_job|45|0.1|MachineRank,2026-06-03T14:57:24,L_rush_job_seed45,L,rush_job,45,40045,40045,0.1,MachineRank,solved,,0.105480,221.266728,221.266728,2943.616513,1611.336185,1332.280328,0.452600,32.464290,32.464290,0.105489,0.000204,0.000235,0.000315,0.000326,0.000329,0.000000,0,true,34.741165,5,objective equals makespan; due-date/tardiness fields are not available in this instance format
fair|L|rush_job|45|0.1|MOR,2026-06-03T14:57:24,L_rush_job_seed45,L,rush_job,45,40045,40045,0.1,MOR,solved,,0.087379,228.845450,228.845450,2876.164034,1559.536243,1316.627791,0.457772,27.825448,27.825448,0.087392,0.000018,0.000014,0.000028,0.000029,0.000030,0.000000,0,true,39.356255,6,objective equals makespan; due-date/tardiness fields are not available in this instance format
fair|L|rush_job|45|0.1|LNS,2026-06-03T14:57:25,L_rush_job_seed45,L,rush_job,45,40045,40045,0.1,LNS,solved,,0.540597,238.556964,238.556964,3106.321966,1811.942253,1294.379713,0.416692,31.379332,31.379332,0.540615,0.144041,0.144041,0.145588,0.145726,0.145760,1.000000,3,true,45.270116,7,objective equals makespan; due-date/tardiness fields are not available in this instance format
fair|L|rush_job|45|0.1|DCGA,2026-06-03T14:57:25,L_rush_job_seed45,L,rush_job,45,40045,40045,0.1,DCGA,solved,,0.586582,240.828691,240.828691,3242.293575,1716.855973,1525.437603,0.470481,32.589333,32.589333,0.586595,0.167401,0.167401,0.169525,0.169714,0.169762,1.000000,3,true,46.653492,8,objective equals makespan; due-date/tardiness fields are not available in this instance format
fair|L|rush_job|45|0.1|SA,2026-06-03T14:57:25,L_rush_job_seed45,L,rush_job,45,40045,40045,0.1,SA,solved,,0.600627,243.812945,243.812945,3285.934014,1799.585210,1486.348804,0.452337,31.654289,31.654289,0.600639,0.167409,0.167409,0.169621,0.169817,0.169867,1.000000,3,true,48.470764,9,objective equals makespan; due-date/tardiness fields are not available in this instance format
fair|L|rush_job|45|0.1|GA,2026-06-03T14:57:25,L_rush_job_seed45,L,rush_job,45,40045,40045,0.1,GA,solved,,0.557120,249.100589,249.100589,2965.305435,1657.352346,1307.953089,0.441085,29.085838,29.085838,0.557136,0.156730,0.156730,0.165943,0.166762,0.166967,1.000000,3,true,51.690694,10,objective equals makespan; due-date/tardiness fields are not available in this instance format
fair|L|rush_job|45|0.5|B-CORE-no-bottleneck,2026-06-03T14:57:25,L_rush_job_seed45,L,rush_job,45,40045,40045,0.5,B-CORE-no-bottleneck,solved,,0.185772,164.216131,164.216131,2327.012078,1484.808806,842.203271,0.361925,27.023471,27.023471,0.185786,0.000432,0.000433,0.000481,0.000483,0.000483,0.000000,0,true,0.000000,1,objective equals makespan; due-date/tardiness fields are not available in this instance format
fair|L|rush_job|45|0.5|B-CORE,2026-06-03T14:57:25,L_rush_job_seed45,L,rush_job,45,40045,40045,0.5,B-CORE,solved,,0.189870,166.055345,166.055345,2390.380543,1530.657285,859.723257,0.359660,25.978237,25.978237,0.189885,0.000420,0.000421,0.000459,0.000463,0.000464,0.000000,0,true,1.119996,2,objective equals makespan; due-date/tardiness fields are not available in this instance format
fair|L|rush_job|45|0.5|B-CORE-no-graph,2026-06-03T14:57:25,L_rush_job_seed45,L,rush_job,45,40045,40045,0.5,B-CORE-no-graph,solved,,0.186712,166.055345,166.055345,2390.380543,1530.657285,859.723257,0.359660,25.978237,25.978237,0.186727,0.000413,0.000422,0.000451,0.000454,0.000454,0.000000,0,true,1.119996,3,objective equals makespan; due-date/tardiness fields are not available in this instance format
fair|L|rush_job|45|0.5|MOEA-NSGA2,2026-06-03T14:57:29,L_rush_job_seed45,L,rush_job,45,40045,40045,0.5,MOEA-NSGA2,solved,,2.982408,210.800413,210.800413,2920.560681,1644.335986,1276.224695,0.436979,27.415350,27.415350,2.982421,0.922659,0.922659,0.969207,0.973344,0.974379,1.000000,3,true,28.367665,4,objective equals makespan; due-date/tardiness fields are not available in this instance format
fair|L|rush_job|45|0.5|DCGA,2026-06-03T14:57:27,L_rush_job_seed45,L,rush_job,45,40045,40045,0.5,DCGA,solved,,1.701389,216.947432,216.947432,2940.772790,1635.914016,1304.858774,0.443713,27.164627,27.164627,1.701405,0.538373,0.538373,0.565380,0.567780,0.568380,1.000000,3,true,32.110914,5,objective equals makespan; due-date/tardiness fields are not available in this instance format
fair|L|rush_job|45|0.5|GA,2026-06-03T14:57:27,L_rush_job_seed45,L,rush_job,45,40045,40045,0.5,GA,solved,,1.750206,217.640629,217.640629,2900.962245,1598.315009,1302.647236,0.449040,28.467376,28.467376,1.750220,0.568811,0.568811,0.574702,0.575226,0.575357,1.000000,3,true,32.533039,6,objective equals makespan; due-date/tardiness fields are not available in this instance format
fair|L|rush_job|45|0.5|MachineRank,2026-06-03T14:57:25,L_rush_job_seed45,L,rush_job,45,40045,40045,0.5,MachineRank,solved,,0.118820,221.266728,221.266728,2943.616513,1611.336185,1332.280328,0.452600,32.464290,32.464290,0.118833,0.000179,0.000232,0.000237,0.000238,0.000238,0.000000,0,true,34.741165,7,objective equals makespan; due-date/tardiness fields are not available in this instance format
fair|L|rush_job|45|0.5|MOR,2026-06-03T14:57:25,L_rush_job_seed45,L,rush_job,45,40045,40045,0.5,MOR,solved,,0.098297,228.845450,228.845450,2876.164034,1559.536243,1316.627791,0.457772,27.825448,27.825448,0.098311,0.000010,0.000010,0.000012,0.000012,0.000012,0.000000,0,true,39.356255,8,objective equals makespan; due-date/tardiness fields are not available in this instance format
fair|L|rush_job|45|0.5|SA,2026-06-03T14:57:28,L_rush_job_seed45,L,rush_job,45,40045,40045,0.5,SA,solved,,1.699709,233.175026,233.175026,3161.038047,1796.646913,1364.391134,0.431628,30.363411,30.363411,1.699723,0.538133,0.538133,0.569234,0.571998,0.572689,1.000000,3,true,41.992766,9,objective equals makespan; due-date/tardiness fields are not available in this instance format
fair|L|rush_job|45|0.5|LNS,2026-06-03T14:57:27,L_rush_job_seed45,L,rush_job,45,40045,40045,0.5,LNS,solved,,1.701636,238.556964,238.556964,3106.321966,1811.942253,1294.379713,0.416692,31.379332,31.379332,1.701649,0.536489,0.536489,0.567458,0.570211,0.570899,1.000000,3,true,45.270116,10,objective equals makespan; due-date/tardiness fields are not available in this instance format
fair|L|rush_job|45|1.0|B-CORE-no-bottleneck,2026-06-03T14:57:27,L_rush_job_seed45,L,rush_job,45,40045,40045,1.0,B-CORE-no-bottleneck,solved,,0.173823,164.216131,164.216131,2327.012078,1484.808806,842.203271,0.361925,27.023471,27.023471,0.173831,0.000425,0.000433,0.000477,0.000477,0.000477,0.000000,0,true,0.000000,1,objective equals makespan; due-date/tardiness fields are not available in this instance format
fair|L|rush_job|45|1.0|B-CORE,2026-06-03T14:57:27,L_rush_job_seed45,L,rush_job,45,40045,40045,1.0,B-CORE,solved,,0.188552,166.055345,166.055345,2390.380543,1530.657285,859.723257,0.359660,25.978237,25.978237,0.188566,0.000440,0.000447,0.000471,0.000473,0.000474,0.000000,0,true,1.119996,2,objective equals makespan; due-date/tardiness fields are not available in this instance format
fair|L|rush_job|45|1.0|B-CORE-no-graph,2026-06-03T14:57:27,L_rush_job_seed45,L,rush_job,45,40045,40045,1.0,B-CORE-no-graph,solved,,0.189512,166.055345,166.055345,2390.380543,1530.657285,859.723257,0.359660,25.978237,25.978237,0.189525,0.000424,0.000455,0.000461,0.000462,0.000462,0.000000,0,true,1.119996,3,objective equals makespan; due-date/tardiness fields are not available in this instance format
fair|L|rush_job|45|1.0|MOEA-NSGA2,2026-06-03T14:57:31,L_rush_job_seed45,L,rush_job,45,40045,40045,1.0,MOEA-NSGA2,solved,,3.128725,210.800413,210.800413,2920.560681,1644.335986,1276.224695,0.436979,27.415350,27.415350,3.128740,1.010567,1.010567,1.018893,1.019633,1.019818,1.000000,3,true,28.367665,4,objective equals makespan; due-date/tardiness fields are not available in this instance format
fair|L|rush_job|45|1.0|DCGA,2026-06-03T14:57:31,L_rush_job_seed45,L,rush_job,45,40045,40045,1.0,DCGA,solved,,3.268185,216.947432,216.947432,2940.772790,1635.914016,1304.858774,0.443713,27.164627,27.164627,3.268199,1.041353,1.041353,1.062930,1.064848,1.065327,1.000000,3,true,32.110914,5,objective equals makespan; due-date/tardiness fields are not available in this instance format
fair|L|rush_job|45|1.0|GA,2026-06-03T14:57:30,L_rush_job_seed45,L,rush_job,45,40045,40045,1.0,GA,solved,,3.135038,220.674224,220.674224,2794.807284,1551.630237,1243.177047,0.444817,26.409268,26.409268,3.135053,1.016304,1.016304,1.017646,1.017766,1.017796,1.000000,3,true,34.380358,6,objective equals makespan; due-date/tardiness fields are not available in this instance format
fair|L|rush_job|45|1.0|MachineRank,2026-06-03T14:57:27,L_rush_job_seed45,L,rush_job,45,40045,40045,1.0,MachineRank,solved,,0.100697,221.266728,221.266728,2943.616513,1611.336185,1332.280328,0.452600,32.464290,32.464290,0.100707,0.000189,0.000243,0.000253,0.000253,0.000253,0.000000,0,true,34.741165,7,objective equals makespan; due-date/tardiness fields are not available in this instance format
fair|L|rush_job|45|1.0|SA,2026-06-03T14:57:31,L_rush_job_seed45,L,rush_job,45,40045,40045,1.0,SA,solved,,3.235158,223.237959,223.237959,3113.562056,1754.606761,1358.955295,0.436463,30.092196,30.092196,3.235172,1.040521,1.040521,1.053149,1.054272,1.054552,1.000000,3,true,35.941553,8,objective equals makespan; due-date/tardiness fields are not available in this instance format
fair|L|rush_job|45|1.0|LNS,2026-06-03T14:57:31,L_rush_job_seed45,L,rush_job,45,40045,40045,1.0,LNS,solved,,3.260561,225.194751,225.194751,3031.636998,1784.297896,1247.339102,0.411441,29.692406,29.692406,3.260577,1.065705,1.065705,1.079502,1.080729,1.081036,1.000000,3,true,37.133149,9,objective equals makespan; due-date/tardiness fields are not available in this instance format
fair|L|rush_job|45|1.0|MOR,2026-06-03T14:57:27,L_rush_job_seed45,L,rush_job,45,40045,40045,1.0,MOR,solved,,0.090389,228.845450,228.845450,2876.164034,1559.536243,1316.627791,0.457772,27.825448,27.825448,0.090403,0.000012,0.000013,0.000014,0.000014,0.000014,0.000000,0,true,39.356255,10,objective equals makespan; due-date/tardiness fields are not available in this instance format
fair|L|rush_job|45|5.0|B-CORE-no-bottleneck,2026-06-03T14:57:30,L_rush_job_seed45,L,rush_job,45,40045,40045,5.0,B-CORE-no-bottleneck,solved,,0.185723,164.216131,164.216131,2327.012078,1484.808806,842.203271,0.361925,27.023471,27.023471,0.185736,0.000426,0.000418,0.000483,0.000489,0.000490,0.000000,0,true,0.000000,1,objective equals makespan; due-date/tardiness fields are not available in this instance format
fair|L|rush_job|45|5.0|B-CORE,2026-06-03T14:57:29,L_rush_job_seed45,L,rush_job,45,40045,40045,5.0,B-CORE,solved,,0.185924,166.055345,166.055345,2390.380543,1530.657285,859.723257,0.359660,25.978237,25.978237,0.185938,0.000422,0.000420,0.000464,0.000468,0.000469,0.000000,0,true,1.119996,2,objective equals makespan; due-date/tardiness fields are not available in this instance format
fair|L|rush_job|45|5.0|B-CORE-no-graph,2026-06-03T14:57:29,L_rush_job_seed45,L,rush_job,45,40045,40045,5.0,B-CORE-no-graph,solved,,0.189950,166.055345,166.055345,2390.380543,1530.657285,859.723257,0.359660,25.978237,25.978237,0.189964,0.000429,0.000428,0.000473,0.000477,0.000478,0.000000,0,true,1.119996,3,objective equals makespan; due-date/tardiness fields are not available in this instance format
fair|L|rush_job|45|5.0|DCGA,2026-06-03T14:57:46,L_rush_job_seed45,L,rush_job,45,40045,40045,5.0,DCGA,solved,,15.174384,193.205432,193.205432,2670.144199,1499.171293,1170.972906,0.438543,26.883862,26.883862,15.174399,5.035017,5.035017,5.035408,5.035443,5.035451,1.000000,3,true,17.653138,4,objective equals makespan; due-date/tardiness fields are not available in this instance format
fair|L|rush_job|45|5.0|GA,2026-06-03T14:57:46,L_rush_job_seed45,L,rush_job,45,40045,40045,5.0,GA,solved,,15.145975,194.494613,194.494613,2783.500157,1517.309032,1266.191125,0.454892,25.944916,25.944916,15.145989,5.021077,5.021077,5.023125,5.023307,5.023353,1.000000,3,true,18.438190,5,objective equals makespan; due-date/tardiness fields are not available in this instance format
fair|L|rush_job|45|5.0|MOEA-NSGA2,2026-06-03T14:57:46,L_rush_job_seed45,L,rush_job,45,40045,40045,5.0,MOEA-NSGA2,solved,,15.276647,206.753671,206.753671,3016.475218,1731.166274,1285.308944,0.426096,28.528867,28.528867,15.276662,5.068833,5.068833,5.074701,5.075223,5.075353,1.000000,3,true,25.903387,6,objective equals makespan; due-date/tardiness fields are not available in this instance format
fair|L|rush_job|45|5.0|LNS,2026-06-03T14:57:45,L_rush_job_seed45,L,rush_job,45,40045,40045,5.0,LNS,solved,,15.235173,206.839808,206.839808,3125.514946,1774.752834,1350.762112,0.432173,30.642897,30.642897,15.235188,5.044859,5.044859,5.070610,5.072899,5.073472,1.000000,3,true,25.955840,7,objective equals makespan; due-date/tardiness fields are not available in this instance format
fair|L|rush_job|45|5.0|SA,2026-06-03T14:57:46,L_rush_job_seed45,L,rush_job,45,40045,40045,5.0,SA,solved,,15.185783,208.791610,208.791610,2989.682392,1696.132260,1293.550132,0.432671,28.991517,28.991517,15.185794,5.006714,5.006714,5.010771,5.011132,5.011222,1.000000,3,true,27.144397,8,objective equals makespan; due-date/tardiness fields are not available in this instance format
fair|L|rush_job|45|5.0|MachineRank,2026-06-03T14:57:30,L_rush_job_seed45,L,rush_job,45,40045,40045,5.0,MachineRank,solved,,0.126389,221.266728,221.266728,2943.616513,1611.336185,1332.280328,0.452600,32.464290,32.464290,0.126402,0.000200,0.000259,0.000264,0.000264,0.000264,0.000000,0,true,34.741165,9,objective equals makespan; due-date/tardiness fields are not available in this instance format
fair|L|rush_job|45|5.0|MOR,2026-06-03T14:57:30,L_rush_job_seed45,L,rush_job,45,40045,40045,5.0,MOR,solved,,0.099429,228.845450,228.845450,2876.164034,1559.536243,1316.627791,0.457772,27.825448,27.825448,0.099442,0.000012,0.000011,0.000015,0.000015,0.000015,0.000000,0,true,39.356255,10,objective equals makespan; due-date/tardiness fields are not available in this instance format
fair|L|rush_job|45|10.0|B-CORE-no-bottleneck,2026-06-03T14:57:32,L_rush_job_seed45,L,rush_job,45,40045,40045,10.0,B-CORE-no-bottleneck,solved,,0.187433,164.216131,164.216131,2327.012078,1484.808806,842.203271,0.361925,27.023471,27.023471,0.187445,0.000448,0.000436,0.000525,0.000533,0.000535,0.000000,0,true,0.000000,1,objective equals makespan; due-date/tardiness fields are not available in this instance format
fair|L|rush_job|45|10.0|B-CORE,2026-06-03T14:57:31,L_rush_job_seed45,L,rush_job,45,40045,40045,10.0,B-CORE,solved,,0.189252,166.055345,166.055345,2390.380543,1530.657285,859.723257,0.359660,25.978237,25.978237,0.189266,0.000442,0.000439,0.000467,0.000470,0.000470,0.000000,0,true,1.119996,2,objective equals makespan; due-date/tardiness fields are not available in this instance format
fair|L|rush_job|45|10.0|B-CORE-no-graph,2026-06-03T14:57:31,L_rush_job_seed45,L,rush_job,45,40045,40045,10.0,B-CORE-no-graph,solved,,0.188590,166.055345,166.055345,2390.380543,1530.657285,859.723257,0.359660,25.978237,25.978237,0.188603,0.000487,0.000482,0.000590,0.000600,0.000602,0.000000,0,true,1.119996,3,objective equals makespan; due-date/tardiness fields are not available in this instance format
fair|L|rush_job|45|10.0|GA,2026-06-03T14:58:07,L_rush_job_seed45,L,rush_job,45,40045,40045,10.0,GA,solved,,30.289257,198.252706,198.252706,2653.956173,1503.155471,1150.800702,0.433617,26.707617,26.707617,30.289272,10.075217,10.075217,10.075624,10.075661,10.075670,1.000000,3,true,20.726694,4,objective equals makespan; due-date/tardiness fields are not available in this instance format
fair|L|rush_job|45|10.0|DCGA,2026-06-03T14:58:12,L_rush_job_seed45,L,rush_job,45,40045,40045,10.0,DCGA,solved,,30.221741,203.648988,203.648988,2860.277831,1613.435512,1246.842319,0.435917,26.746064,26.746064,30.221757,10.042318,10.042318,10.075540,10.078493,10.079231,1.000000,3,true,24.012779,5,objective equals makespan; due-date/tardiness fields are not available in this instance format
fair|L|rush_job|45|10.0|LNS,2026-06-03T14:58:02,L_rush_job_seed45,L,rush_job,45,40045,40045,10.0,LNS,solved,,30.326563,206.839808,206.839808,3125.514946,1774.752834,1350.762112,0.432173,30.642897,30.642897,30.326578,10.073845,10.073845,10.085910,10.086982,10.087250,1.000000,3,true,25.955840,6,objective equals makespan; due-date/tardiness fields are not available in this instance format
fair|L|rush_job|45|10.0|MOEA-NSGA2,2026-06-03T14:58:15,L_rush_job_seed45,L,rush_job,45,40045,40045,10.0,MOEA-NSGA2,solved,,30.266895,208.647237,208.647237,2913.323053,1551.944268,1361.378785,0.467294,28.758039,28.758039,30.266910,10.045371,10.045371,10.067737,10.069725,10.070223,1.000000,3,true,27.056481,7,objective equals makespan; due-date/tardiness fields are not available in this instance format
fair|L|rush_job|45|10.0|SA,2026-06-03T14:58:15,L_rush_job_seed45,L,rush_job,45,40045,40045,10.0,SA,solved,,30.257911,209.365210,209.365210,3040.749256,1674.042528,1366.706728,0.449464,29.742273,29.742273,30.257926,10.046602,10.046602,10.059665,10.060827,10.061117,1.000000,3,true,27.493693,8,objective equals makespan; due-date/tardiness fields are not available in this instance format
fair|L|rush_job|45|10.0|MachineRank,2026-06-03T14:57:32,L_rush_job_seed45,L,rush_job,45,40045,40045,10.0,MachineRank,solved,,0.120287,221.266728,221.266728,2943.616513,1611.336185,1332.280328,0.452600,32.464290,32.464290,0.120301,0.000189,0.000240,0.000258,0.000259,0.000259,0.000000,0,true,34.741165,9,objective equals makespan; due-date/tardiness fields are not available in this instance format
fair|L|rush_job|45|10.0|MOR,2026-06-03T14:57:32,L_rush_job_seed45,L,rush_job,45,40045,40045,10.0,MOR,solved,,0.100154,228.845450,228.845450,2876.164034,1559.536243,1316.627791,0.457772,27.825448,27.825448,0.100168,0.000014,0.000015,0.000017,0.000017,0.000017,0.000000,0,true,39.356255,10,objective equals makespan; due-date/tardiness fields are not available in this instance format
fair|L|rush_job|46|0.1|B-CORE,2026-06-03T14:57:45,L_rush_job_seed46,L,rush_job,46,40046,40046,0.1,B-CORE,solved,,0.169003,160.576360,160.576360,2003.645867,1314.969669,688.676198,0.343712,19.851663,19.851663,0.169017,0.000481,0.000480,0.000537,0.000542,0.000543,0.000000,0,true,0.000000,1,objective equals makespan; due-date/tardiness fields are not available in this instance format
fair|L|rush_job|46|0.1|B-CORE-no-graph,2026-06-03T14:57:45,L_rush_job_seed46,L,rush_job,46,40046,40046,0.1,B-CORE-no-graph,solved,,0.169718,160.576360,160.576360,2003.645867,1314.969669,688.676198,0.343712,19.851663,19.851663,0.169733,0.000481,0.000529,0.000531,0.000531,0.000531,0.000000,0,true,0.000000,2,objective equals makespan; due-date/tardiness fields are not available in this instance format
fair|L|rush_job|46|0.1|B-CORE-no-bottleneck,2026-06-03T14:57:45,L_rush_job_seed46,L,rush_job,46,40046,40046,0.1,B-CORE-no-bottleneck,solved,,0.171733,162.254492,162.254492,2297.953241,1377.037959,920.915282,0.400755,26.638658,26.638658,0.171748,0.000456,0.000439,0.000524,0.000532,0.000534,0.000000,0,true,1.045068,3,objective equals makespan; due-date/tardiness fields are not available in this instance format
fair|L|rush_job|46|0.1|MOEA-NSGA2,2026-06-03T14:57:49,L_rush_job_seed46,L,rush_job,46,40046,40046,0.1,MOEA-NSGA2,solved,,2.756097,199.971376,199.971376,2649.696514,1506.667640,1143.028873,0.431381,25.312225,25.312225,2.756111,0.891172,0.891172,0.926079,0.929182,0.929957,1.000000,3,true,24.533509,4,objective equals makespan; due-date/tardiness fields are not available in this instance format
fair|L|rush_job|46|0.1|SA,2026-06-03T14:57:46,L_rush_job_seed46,L,rush_job,46,40046,40046,0.1,SA,solved,,0.639379,201.566774,201.566774,2695.973750,1583.011186,1112.962564,0.412824,25.992320,25.992320,0.639395,0.139328,0.143109,0.150611,0.151278,0.151445,1.000000,4,true,25.527054,5,objective equals makespan; due-date/tardiness fields are not available in this instance format
fair|L|rush_job|46|0.1|DCGA,2026-06-03T14:57:46,L_rush_job_seed46,L,rush_job,46,40046,40046,0.1,DCGA,solved,,0.643347,223.332382,223.332382,2887.902089,1581.934522,1305.967567,0.452220,28.511051,28.511051,0.643361,0.141551,0.149752,0.150641,0.150720,0.150740,1.000000,4,true,39.081732,6,objective equals makespan; due-date/tardiness fields are not available in this instance format
fair|L|rush_job|46|0.1|MOR,2026-06-03T14:57:45,L_rush_job_seed46,L,rush_job,46,40046,40046,0.1,MOR,solved,,0.088562,232.853025,232.853025,2641.159616,1399.165463,1241.994153,0.470246,25.647913,25.647913,0.088577,0.000016,0.000014,0.000023,0.000024,0.000024,0.000000,0,true,45.010776,7,objective equals makespan; due-date/tardiness fields are not available in this instance format
fair|L|rush_job|46|0.1|LNS,2026-06-03T14:57:46,L_rush_job_seed46,L,rush_job,46,40046,40046,0.1,LNS,solved,,0.628839,235.225583,235.225583,2828.228747,1575.461891,1252.766856,0.442951,27.894716,27.894716,0.628852,0.134282,0.136807,0.141692,0.142127,0.142235,1.000000,4,true,46.488302,8,objective equals makespan; due-date/tardiness fields are not available in this instance format
fair|L|rush_job|46|0.1|GA,2026-06-03T14:57:46,L_rush_job_seed46,L,rush_job,46,40046,40046,0.1,GA,solved,,0.512810,247.865651,247.865651,2707.684521,1534.413579,1173.270942,0.433312,26.294448,26.294448,0.512824,0.141492,0.141492,0.142221,0.142286,0.142302,1.000000,3,true,54.359989,9,objective equals makespan; due-date/tardiness fields are not available in this instance format
fair|L|rush_job|46|0.1|MachineRank,2026-06-03T14:57:45,L_rush_job_seed46,L,rush_job,46,40046,40046,0.1,MachineRank,solved,,0.108529,250.283342,250.283342,2688.746867,1438.053277,1250.693590,0.465159,29.321199,29.321199,0.108543,0.000181,0.000230,0.000240,0.000241,0.000241,0.000000,0,true,55.865622,10,objective equals makespan; due-date/tardiness fields are not available in this instance format
fair|L|rush_job|46|0.5|B-CORE,2026-06-03T14:57:46,L_rush_job_seed46,L,rush_job,46,40046,40046,0.5,B-CORE,solved,,0.161277,160.576360,160.576360,2003.645867,1314.969669,688.676198,0.343712,19.851663,19.851663,0.161290,0.000510,0.000477,0.000623,0.000636,0.000639,0.000000,0,true,0.000000,1,objective equals makespan; due-date/tardiness fields are not available in this instance format
fair|L|rush_job|46|0.5|B-CORE-no-graph,2026-06-03T14:57:46,L_rush_job_seed46,L,rush_job,46,40046,40046,0.5,B-CORE-no-graph,solved,,0.162441,160.576360,160.576360,2003.645867,1314.969669,688.676198,0.343712,19.851663,19.851663,0.162451,0.000430,0.000454,0.000465,0.000466,0.000466,0.000000,0,true,0.000000,2,objective equals makespan; due-date/tardiness fields are not available in this instance format
fair|L|rush_job|46|0.5|B-CORE-no-bottleneck,2026-06-03T14:57:46,L_rush_job_seed46,L,rush_job,46,40046,40046,0.5,B-CORE-no-bottleneck,solved,,0.173841,162.254492,162.254492,2297.953241,1377.037959,920.915282,0.400755,26.638658,26.638658,0.173857,0.000429,0.000427,0.000463,0.000467,0.000467,0.000000,0,true,1.045068,3,objective equals makespan; due-date/tardiness fields are not available in this instance format
fair|L|rush_job|46|0.5|MOEA-NSGA2,2026-06-03T14:57:49,L_rush_job_seed46,L,rush_job,46,40046,40046,0.5,MOEA-NSGA2,solved,,2.737058,199.971376,199.971376,2649.696514,1506.667640,1143.028873,0.431381,25.312225,25.312225,2.737074,0.884319,0.884319,0.918207,0.921220,0.921973,1.000000,3,true,24.533509,4,objective equals makespan; due-date/tardiness fields are not available in this instance format
fair|L|rush_job|46|0.5|SA,2026-06-03T14:57:49,L_rush_job_seed46,L,rush_job,46,40046,40046,0.5,SA,solved,,2.253689,201.566774,201.566774,2695.973750,1583.011186,1112.962564,0.412824,25.992320,25.992320,2.253705,0.553205,0.554342,0.574662,0.576468,0.576920,1.000000,4,true,25.527054,5,objective equals makespan; due-date/tardiness fields are not available in this instance format
fair|L|rush_job|46|0.5|GA,2026-06-03T14:57:48,L_rush_job_seed46,L,rush_job,46,40046,40046,0.5,GA,solved,,2.151012,207.865728,207.865728,2668.310527,1477.151228,1191.159299,0.446410,25.218215,25.218215,2.151027,0.514892,0.504634,0.533140,0.535674,0.536307,1.000000,4,true,29.449770,6,objective equals makespan; due-date/tardiness fields are not available in this instance format
fair|L|rush_job|46|0.5|DCGA,2026-06-03T14:57:48,L_rush_job_seed46,L,rush_job,46,40046,40046,0.5,DCGA,solved,,2.215526,209.657969,209.657969,2768.579990,1527.186958,1241.393032,0.448386,26.463054,26.463054,2.215541,0.535031,0.526556,0.572087,0.576134,0.577145,1.000000,4,true,30.565900,7,objective equals makespan; due-date/tardiness fields are not available in this instance format
fair|L|rush_job|46|0.5|LNS,2026-06-03T14:57:48,L_rush_job_seed46,L,rush_job,46,40046,40046,0.5,LNS,solved,,2.243302,214.050667,214.050667,2682.838587,1538.702559,1144.136028,0.426465,26.175588,26.175588,2.243317,0.548143,0.557663,0.562015,0.562402,0.562498,1.000000,4,true,33.301482,8,objective equals makespan; due-date/tardiness fields are not available in this instance format
fair|L|rush_job|46|0.5|MOR,2026-06-03T14:57:46,L_rush_job_seed46,L,rush_job,46,40046,40046,0.5,MOR,solved,,0.091765,232.853025,232.853025,2641.159616,1399.165463,1241.994153,0.470246,25.647913,25.647913,0.091780,0.000017,0.000013,0.000025,0.000027,0.000027,0.000000,0,true,45.010776,9,objective equals makespan; due-date/tardiness fields are not available in this instance format
fair|L|rush_job|46|0.5|MachineRank,2026-06-03T14:57:46,L_rush_job_seed46,L,rush_job,46,40046,40046,0.5,MachineRank,solved,,0.109799,250.283342,250.283342,2688.746867,1438.053277,1250.693590,0.465159,29.321199,29.321199,0.109812,0.000176,0.000217,0.000239,0.000240,0.000241,0.000000,0,true,55.865622,10,objective equals makespan; due-date/tardiness fields are not available in this instance format
fair|L|rush_job|46|1.0|B-CORE,2026-06-03T14:57:49,L_rush_job_seed46,L,rush_job,46,40046,40046,1.0,B-CORE,solved,,0.177854,160.576360,160.576360,2003.645867,1314.969669,688.676198,0.343712,19.851663,19.851663,0.177866,0.000456,0.000463,0.000470,0.000471,0.000471,0.000000,0,true,0.000000,1,objective equals makespan; due-date/tardiness fields are not available in this instance format
fair|L|rush_job|46|1.0|B-CORE-no-graph,2026-06-03T14:57:49,L_rush_job_seed46,L,rush_job,46,40046,40046,1.0,B-CORE-no-graph,solved,,0.173085,160.576360,160.576360,2003.645867,1314.969669,688.676198,0.343712,19.851663,19.851663,0.173099,0.000438,0.000464,0.000474,0.000475,0.000475,0.000000,0,true,0.000000,2,objective equals makespan; due-date/tardiness fields are not available in this instance format
fair|L|rush_job|46|1.0|B-CORE-no-bottleneck,2026-06-03T14:57:49,L_rush_job_seed46,L,rush_job,46,40046,40046,1.0,B-CORE-no-bottleneck,solved,,0.173818,162.254492,162.254492,2297.953241,1377.037959,920.915282,0.400755,26.638658,26.638658,0.173854,0.000424,0.000427,0.000466,0.000470,0.000471,0.000000,0,true,1.045068,3,objective equals makespan; due-date/tardiness fields are not available in this instance format
fair|L|rush_job|46|1.0|MOEA-NSGA2,2026-06-03T14:57:52,L_rush_job_seed46,L,rush_job,46,40046,40046,1.0,MOEA-NSGA2,solved,,3.237016,199.971376,199.971376,2649.696514,1506.667640,1143.028873,0.431381,25.312225,25.312225,3.237030,1.043822,1.043822,1.075995,1.078855,1.079570,1.000000,3,true,24.533509,4,objective equals makespan; due-date/tardiness fields are not available in this instance format
fair|L|rush_job|46|1.0|SA,2026-06-03T14:57:53,L_rush_job_seed46,L,rush_job,46,40046,40046,1.0,SA,solved,,4.236585,201.566774,201.566774,2695.973750,1583.011186,1112.962564,0.412824,25.992320,25.992320,4.236601,1.033555,1.043955,1.051833,1.052533,1.052708,1.000000,4,true,25.527054,5,objective equals makespan; due-date/tardiness fields are not available in this instance format
fair|L|rush_job|46|1.0|DCGA,2026-06-03T14:57:53,L_rush_job_seed46,L,rush_job,46,40046,40046,1.0,DCGA,solved,,4.320848,204.610472,204.610472,2756.858392,1591.580032,1165.278359,0.422683,26.986071,26.986071,4.320865,1.062220,1.061357,1.073924,1.075041,1.075320,1.000000,4,true,27.422537,6,objective equals makespan; due-date/tardiness fields are not available in this instance format
fair|L|rush_job|46|1.0|GA,2026-06-03T14:57:52,L_rush_job_seed46,L,rush_job,46,40046,40046,1.0,GA,solved,,3.203202,206.862375,206.862375,2608.709438,1404.859492,1203.849946,0.461473,25.541743,25.541743,3.203216,1.036541,1.036541,1.067800,1.070578,1.071273,1.000000,3,true,28.824925,7,objective equals makespan; due-date/tardiness fields are not available in this instance format
fair|L|rush_job|46|1.0|LNS,2026-06-03T14:57:53,L_rush_job_seed46,L,rush_job,46,40046,40046,1.0,LNS,solved,,4.246350,213.575953,213.575953,2762.758783,1516.103618,1246.655165,0.451236,27.857613,27.857613,4.246364,1.036294,1.034172,1.065976,1.068803,1.069510,1.000000,4,true,33.005850,8,objective equals makespan; due-date/tardiness fields are not available in this instance format
fair|L|rush_job|46|1.0|MOR,2026-06-03T14:57:49,L_rush_job_seed46,L,rush_job,46,40046,40046,1.0,MOR,solved,,0.089415,232.853025,232.853025,2641.159616,1399.165463,1241.994153,0.470246,25.647913,25.647913,0.089429,0.000014,0.000010,0.000023,0.000025,0.000025,0.000000,0,true,45.010776,9,objective equals makespan; due-date/tardiness fields are not available in this instance format
fair|L|rush_job|46|1.0|MachineRank,2026-06-03T14:57:49,L_rush_job_seed46,L,rush_job,46,40046,40046,1.0,MachineRank,solved,,0.110108,250.283342,250.283342,2688.746867,1438.053277,1250.693590,0.465159,29.321199,29.321199,0.110121,0.000178,0.000221,0.000244,0.000247,0.000247,0.000000,0,true,55.865622,10,objective equals makespan; due-date/tardiness fields are not available in this instance format
fair|L|rush_job|46|5.0|B-CORE,2026-06-03T14:57:49,L_rush_job_seed46,L,rush_job,46,40046,40046,5.0,B-CORE,solved,,0.178254,160.576360,160.576360,2003.645867,1314.969669,688.676198,0.343712,19.851663,19.851663,0.178268,0.000446,0.000458,0.000485,0.000487,0.000488,0.000000,0,true,0.000000,1,objective equals makespan; due-date/tardiness fields are not available in this instance format
fair|L|rush_job|46|5.0|B-CORE-no-graph,2026-06-03T14:57:49,L_rush_job_seed46,L,rush_job,46,40046,40046,5.0,B-CORE-no-graph,solved,,0.178320,160.576360,160.576360,2003.645867,1314.969669,688.676198,0.343712,19.851663,19.851663,0.178335,0.000464,0.000462,0.000540,0.000547,0.000548,0.000000,0,true,0.000000,2,objective equals makespan; due-date/tardiness fields are not available in this instance format
fair|L|rush_job|46|5.0|B-CORE-no-bottleneck,2026-06-03T14:57:50,L_rush_job_seed46,L,rush_job,46,40046,40046,5.0,B-CORE-no-bottleneck,solved,,0.174710,162.254492,162.254492,2297.953241,1377.037959,920.915282,0.400755,26.638658,26.638658,0.174725,0.000433,0.000419,0.000492,0.000499,0.000500,0.000000,0,true,1.045068,3,objective equals makespan; due-date/tardiness fields are not available in this instance format
fair|L|rush_job|46|5.0|DCGA,2026-06-03T14:58:12,L_rush_job_seed46,L,rush_job,46,40046,40046,5.0,DCGA,solved,,20.263093,187.065484,187.065484,2640.412336,1457.040847,1183.371490,0.448177,25.031970,25.031970,20.263108,5.040728,5.042589,5.063079,5.064900,5.065355,1.000000,4,true,16.496279,4,objective equals makespan; due-date/tardiness fields are not available in this instance format
fair|L|rush_job|46|5.0|LNS,2026-06-03T14:58:05,L_rush_job_seed46,L,rush_job,46,40046,40046,5.0,LNS,solved,,15.172277,192.089656,192.089656,2573.929126,1431.224032,1142.705093,0.443954,26.088037,26.088037,15.172292,5.033198,5.033198,5.060865,5.063324,5.063939,1.000000,3,true,19.625115,5,objective equals makespan; due-date/tardiness fields are not available in this instance format
fair|L|rush_job|46|5.0|MOEA-NSGA2,2026-06-03T14:58:13,L_rush_job_seed46,L,rush_job,46,40046,40046,5.0,MOEA-NSGA2,solved,,20.284812,192.986562,192.986562,2611.669911,1363.524001,1248.145910,0.477911,25.143943,25.143943,20.284826,5.040414,5.044860,5.059287,5.060569,5.060890,1.000000,4,true,20.183670,6,objective equals makespan; due-date/tardiness fields are not available in this instance format
fair|L|rush_job|46|5.0|GA,2026-06-03T14:58:07,L_rush_job_seed46,L,rush_job,46,40046,40046,5.0,GA,solved,,15.198686,197.700724,197.700724,2746.827546,1508.310332,1238.517214,0.450890,25.520963,25.520963,15.198701,5.040791,5.040791,5.043296,5.043519,5.043575,1.000000,3,true,23.119445,7,objective equals makespan; due-date/tardiness fields are not available in this instance format
fair|L|rush_job|46|5.0|SA,2026-06-03T14:58:13,L_rush_job_seed46,L,rush_job,46,40046,40046,5.0,SA,solved,,20.249994,200.064740,200.064740,2682.863269,1569.900705,1112.962564,0.414841,25.919484,25.919484,20.250009,5.037582,5.033159,5.062951,5.065599,5.066262,1.000000,4,true,24.591652,8,objective equals makespan; due-date/tardiness fields are not available in this instance format
fair|L|rush_job|46|5.0|MOR,2026-06-03T14:57:50,L_rush_job_seed46,L,rush_job,46,40046,40046,5.0,MOR,solved,,0.093310,232.853025,232.853025,2641.159616,1399.165463,1241.994153,0.470246,25.647913,25.647913,0.093326,0.000019,0.000023,0.000025,0.000025,0.000025,0.000000,0,true,45.010776,9,objective equals makespan; due-date/tardiness fields are not available in this instance format
fair|L|rush_job|46|5.0|MachineRank,2026-06-03T14:57:50,L_rush_job_seed46,L,rush_job,46,40046,40046,5.0,MachineRank,solved,,0.113808,250.283342,250.283342,2688.746867,1438.053277,1250.693590,0.465159,29.321199,29.321199,0.113821,0.000168,0.000209,0.000228,0.000230,0.000230,0.000000,0,true,55.865622,10,objective equals makespan; due-date/tardiness fields are not available in this instance format
fair|L|rush_job|46|10.0|B-CORE,2026-06-03T14:57:53,L_rush_job_seed46,L,rush_job,46,40046,40046,10.0,B-CORE,solved,,0.175624,160.576360,160.576360,2003.645867,1314.969669,688.676198,0.343712,19.851663,19.851663,0.175640,0.000474,0.000479,0.000540,0.000546,0.000547,0.000000,0,true,0.000000,1,objective equals makespan; due-date/tardiness fields are not available in this instance format
fair|L|rush_job|46|10.0|B-CORE-no-graph,2026-06-03T14:57:53,L_rush_job_seed46,L,rush_job,46,40046,40046,10.0,B-CORE-no-graph,solved,,0.182444,160.576360,160.576360,2003.645867,1314.969669,688.676198,0.343712,19.851663,19.851663,0.182460,0.000505,0.000492,0.000602,0.000612,0.000615,0.000000,0,true,0.000000,2,objective equals makespan; due-date/tardiness fields are not available in this instance format
fair|L|rush_job|46|10.0|B-CORE-no-bottleneck,2026-06-03T14:57:53,L_rush_job_seed46,L,rush_job,46,40046,40046,10.0,B-CORE-no-bottleneck,solved,,0.178951,162.254492,162.254492,2297.953241,1377.037959,920.915282,0.400755,26.638658,26.638658,0.178966,0.000455,0.000430,0.000526,0.000535,0.000537,0.000000,0,true,1.045068,3,objective equals makespan; due-date/tardiness fields are not available in this instance format
fair|L|rush_job|46|10.0|MOEA-NSGA2,2026-06-03T14:58:47,L_rush_job_seed46,L,rush_job,46,40046,40046,10.0,MOEA-NSGA2,solved,,40.265323,182.914108,182.914108,2511.406362,1275.809930,1235.596432,0.491994,24.146339,24.146339,40.265338,10.044694,10.040905,10.072729,10.075558,10.076265,1.000000,4,true,13.910982,4,objective equals makespan; due-date/tardiness fields are not available in this instance format
fair|L|rush_job|46|10.0|DCGA,2026-06-03T14:58:42,L_rush_job_seed46,L,rush_job,46,40046,40046,10.0,DCGA,solved,,40.241947,183.259842,183.259842,2394.169229,1328.563129,1065.606100,0.445084,22.063817,22.063817,40.241962,10.045133,10.052929,10.057725,10.058151,10.058258,1.000000,4,true,14.126290,5,objective equals makespan; due-date/tardiness fields are not available in this instance format
fair|L|rush_job|46|10.0|LNS,2026-06-03T14:58:24,L_rush_job_seed46,L,rush_job,46,40046,40046,10.0,LNS,solved,,30.156189,188.884221,188.884221,2530.874796,1473.659221,1057.215575,0.417727,25.232607,25.232607,30.156205,10.021976,10.021976,10.038864,10.040365,10.040741,1.000000,3,true,17.628909,6,objective equals makespan; due-date/tardiness fields are not available in this instance format
fair|L|rush_job|46|10.0|SA,2026-06-03T14:58:45,L_rush_job_seed46,L,rush_job,46,40046,40046,10.0,SA,solved,,40.294759,194.792893,194.792893,2782.828725,1557.752418,1225.076308,0.440227,26.648976,26.648976,40.294774,10.052197,10.059501,10.067734,10.068466,10.068649,1.000000,4,true,21.308574,7,objective equals makespan; due-date/tardiness fields are not available in this instance format
fair|L|rush_job|46|10.0|GA,2026-06-03T14:58:24,L_rush_job_seed46,L,rush_job,46,40046,40046,10.0,GA,solved,,30.147863,195.724414,195.724414,2686.020444,1476.756044,1209.264400,0.450207,26.115407,26.115407,30.147881,10.029543,10.029543,10.047079,10.048638,10.049028,1.000000,3,true,21.888685,8,objective equals makespan; due-date/tardiness fields are not available in this instance format
fair|L|rush_job|46|10.0|MOR,2026-06-03T14:57:54,L_rush_job_seed46,L,rush_job,46,40046,40046,10.0,MOR,solved,,0.090758,232.853025,232.853025,2641.159616,1399.165463,1241.994153,0.470246,25.647913,25.647913,0.090772,0.000014,0.000010,0.000023,0.000024,0.000024,0.000000,0,true,45.010776,9,objective equals makespan; due-date/tardiness fields are not available in this instance format
fair|L|rush_job|46|10.0|MachineRank,2026-06-03T14:57:54,L_rush_job_seed46,L,rush_job,46,40046,40046,10.0,MachineRank,solved,,0.112788,250.283342,250.283342,2688.746867,1438.053277,1250.693590,0.465159,29.321199,29.321199,0.112803,0.000176,0.000219,0.000241,0.000241,0.000241,0.000000,0,true,55.865622,10,objective equals makespan; due-date/tardiness fields are not available in this instance format
fair|L|mixed|42|0.1|B-CORE,2026-06-03T14:58:07,L_mixed_seed42,L,mixed,42,50042,50042,0.1,B-CORE,solved,,0.183438,147.699705,147.699705,2077.377104,1313.554873,763.822231,0.367686,22.394858,22.394858,0.183451,0.000420,0.000433,0.000450,0.000451,0.000452,0.000000,0,true,0.000000,1,objective equals makespan; due-date/tardiness fields are not available in this instance format
fair|L|mixed|42|0.1|B-CORE-no-graph,2026-06-03T14:58:07,L_mixed_seed42,L,mixed,42,50042,50042,0.1,B-CORE-no-graph,solved,,0.187158,147.699705,147.699705,2077.377104,1313.554873,763.822231,0.367686,22.394858,22.394858,0.187172,0.000438,0.000450,0.000495,0.000499,0.000500,0.000000,0,true,0.000000,2,objective equals makespan; due-date/tardiness fields are not available in this instance format
fair|L|mixed|42|0.1|B-CORE-no-bottleneck,2026-06-03T14:58:08,L_mixed_seed42,L,mixed,42,50042,50042,0.1,B-CORE-no-bottleneck,solved,,0.188530,175.482547,175.482547,2485.330945,1490.526832,994.804114,0.400270,28.532069,28.532069,0.188544,0.000463,0.000490,0.000502,0.000503,0.000504,0.000000,0,true,18.810357,3,objective equals makespan; due-date/tardiness fields are not available in this instance format
fair|L|mixed|42|0.1|MOR,2026-06-03T14:58:08,L_mixed_seed42,L,mixed,42,50042,50042,0.1,MOR,solved,,0.092944,185.747423,185.747423,2440.047321,1362.506694,1077.540626,0.441606,23.076072,23.076072,0.092968,0.000020,0.000017,0.000026,0.000027,0.000028,0.000000,0,true,25.760186,4,objective equals makespan; due-date/tardiness fields are not available in this instance format
fair|L|mixed|42|0.1|MachineRank,2026-06-03T14:58:08,L_mixed_seed42,L,mixed,42,50042,50042,0.1,MachineRank,solved,,0.118289,196.946894,196.946894,2758.457657,1506.434216,1252.023441,0.453885,28.612920,28.612920,0.118303,0.000232,0.000231,0.000252,0.000254,0.000255,0.000000,0,true,33.342781,5,objective equals makespan; due-date/tardiness fields are not available in this instance format
fair|L|mixed|42|0.1|SA,2026-06-03T14:58:10,L_mixed_seed42,L,mixed,42,50042,50042,0.1,SA,solved,,0.612842,213.974566,213.974566,3060.457327,1719.467491,1340.989836,0.438166,29.496879,29.496879,0.612856,0.167886,0.167886,0.172121,0.172498,0.172592,1.000000,3,true,44.871356,6,objective equals makespan; due-date/tardiness fields are not available in this instance format
fair|L|mixed|42|0.1|MOEA-NSGA2,2026-06-03T14:58:14,L_mixed_seed42,L,mixed,42,50042,50042,0.1,MOEA-NSGA2,solved,,4.013969,226.490097,226.490097,3006.471910,1643.852724,1362.619186,0.453229,27.943691,27.943691,4.013984,0.963296,0.955271,1.020897,1.026730,1.028188,1.000000,4,true,53.344989,7,objective equals makespan; due-date/tardiness fields are not available in this instance format
fair|L|mixed|42|0.1|GA,2026-06-03T14:58:09,L_mixed_seed42,L,mixed,42,50042,50042,0.1,GA,solved,,0.753330,227.258260,227.258260,2818.339977,1572.655480,1245.684496,0.441992,27.439238,27.439238,0.753351,0.161141,0.162930,0.167831,0.168267,0.168376,1.000000,4,true,53.865074,8,objective equals makespan; due-date/tardiness fields are not available in this instance format
fair|L|mixed|42|0.1|DCGA,2026-06-03T14:58:10,L_mixed_seed42,L,mixed,42,50042,50042,0.1,DCGA,solved,,0.607508,240.757076,240.757076,3076.967162,1715.048370,1361.918792,0.442617,29.053077,29.053077,0.607522,0.168349,0.168349,0.172607,0.172985,0.173080,1.000000,3,true,63.004439,9,objective equals makespan; due-date/tardiness fields are not available in this instance format
fair|L|mixed|42|0.1|LNS,2026-06-03T14:58:08,L_mixed_seed42,L,mixed,42,50042,50042,0.1,LNS,solved,,0.607377,253.174008,253.174008,3160.008731,1769.318231,1390.690501,0.440091,30.993025,30.993025,0.607392,0.167641,0.167641,0.172562,0.172999,0.173109,1.000000,3,true,71.411316,10,objective equals makespan; due-date/tardiness fields are not available in this instance format
fair|L|mixed|42|0.5|B-CORE,2026-06-03T14:58:12,L_mixed_seed42,L,mixed,42,50042,50042,0.5,B-CORE,solved,,0.185231,147.699705,147.699705,2077.377104,1313.554873,763.822231,0.367686,22.394858,22.394858,0.185245,0.000458,0.000488,0.000518,0.000521,0.000522,0.000000,0,true,0.000000,1,objective equals makespan; due-date/tardiness fields are not available in this instance format
fair|L|mixed|42|0.5|B-CORE-no-graph,2026-06-03T14:58:12,L_mixed_seed42,L,mixed,42,50042,50042,0.5,B-CORE-no-graph,solved,,0.189131,147.699705,147.699705,2077.377104,1313.554873,763.822231,0.367686,22.394858,22.394858,0.189145,0.000437,0.000438,0.000492,0.000497,0.000498,0.000000,0,true,0.000000,2,objective equals makespan; due-date/tardiness fields are not available in this instance format
fair|L|mixed|42|0.5|B-CORE-no-bottleneck,2026-06-03T14:58:12,L_mixed_seed42,L,mixed,42,50042,50042,0.5,B-CORE-no-bottleneck,solved,,0.190335,175.482547,175.482547,2485.330945,1490.526832,994.804114,0.400270,28.532069,28.532069,0.190350,0.000464,0.000463,0.000483,0.000484,0.000485,0.000000,0,true,18.810357,3,objective equals makespan; due-date/tardiness fields are not available in this instance format
fair|L|mixed|42|0.5|MOR,2026-06-03T14:58:13,L_mixed_seed42,L,mixed,42,50042,50042,0.5,MOR,solved,,0.095818,185.747423,185.747423,2440.047321,1362.506694,1077.540626,0.441606,23.076072,23.076072,0.095832,0.000017,0.000016,0.000026,0.000027,0.000027,0.000000,0,true,25.760186,4,objective equals makespan; due-date/tardiness fields are not available in this instance format
fair|L|mixed|42|0.5|MachineRank,2026-06-03T14:58:12,L_mixed_seed42,L,mixed,42,50042,50042,0.5,MachineRank,solved,,0.120729,196.946894,196.946894,2758.457657,1506.434216,1252.023441,0.453885,28.612920,28.612920,0.120743,0.000242,0.000239,0.000272,0.000275,0.000276,0.000000,0,true,33.342781,5,objective equals makespan; due-date/tardiness fields are not available in this instance format
fair|L|mixed|42|0.5|SA,2026-06-03T14:58:15,L_mixed_seed42,L,mixed,42,50042,50042,0.5,SA,solved,,1.715136,213.974566,213.974566,3060.457327,1719.467491,1340.989836,0.438166,29.496879,29.496879,1.715150,0.544907,0.544907,0.567746,0.569776,0.570284,1.000000,3,true,44.871356,6,objective equals makespan; due-date/tardiness fields are not available in this instance format
fair|L|mixed|42|0.5|LNS,2026-06-03T14:58:14,L_mixed_seed42,L,mixed,42,50042,50042,0.5,LNS,solved,,1.701479,225.482934,225.482934,3186.846680,1713.650697,1473.195983,0.462274,31.407781,31.407781,1.701495,0.545066,0.545066,0.560787,0.562185,0.562534,1.000000,3,true,52.663090,7,objective equals makespan; due-date/tardiness fields are not available in this instance format
fair|L|mixed|42|0.5|MOEA-NSGA2,2026-06-03T14:58:18,L_mixed_seed42,L,mixed,42,50042,50042,0.5,MOEA-NSGA2,solved,,4.016208,226.490097,226.490097,3006.471910,1643.852724,1362.619186,0.453229,27.943691,27.943691,4.016223,0.963479,0.940830,1.023464,1.030809,1.032646,1.000000,4,true,53.344989,8,objective equals makespan; due-date/tardiness fields are not available in this instance format
fair|L|mixed|42|0.5|GA,2026-06-03T14:58:15,L_mixed_seed42,L,mixed,42,50042,50042,0.5,GA,solved,,2.241524,227.258260,227.258260,2818.339977,1572.655480,1245.684496,0.441992,27.439238,27.439238,2.241536,0.543104,0.537004,0.572336,0.575476,0.576261,1.000000,4,true,53.865074,9,objective equals makespan; due-date/tardiness fields are not available in this instance format
fair|L|mixed|42|0.5|DCGA,2026-06-03T14:58:15,L_mixed_seed42,L,mixed,42,50042,50042,0.5,DCGA,solved,,2.243949,228.624564,228.624564,2953.390076,1547.094030,1406.296046,0.476163,27.457287,27.457287,2.243963,0.542013,0.538463,0.558298,0.560062,0.560502,1.000000,4,true,54.790129,10,objective equals makespan; due-date/tardiness fields are not available in this instance format
fair|L|mixed|42|1.0|B-CORE,2026-06-03T14:58:15,L_mixed_seed42,L,mixed,42,50042,50042,1.0,B-CORE,solved,,0.184065,147.699705,147.699705,2077.377104,1313.554873,763.822231,0.367686,22.394858,22.394858,0.184080,0.000432,0.000453,0.000481,0.000484,0.000484,0.000000,0,true,0.000000,1,objective equals makespan; due-date/tardiness fields are not available in this instance format
fair|L|mixed|42|1.0|B-CORE-no-graph,2026-06-03T14:58:15,L_mixed_seed42,L,mixed,42,50042,50042,1.0,B-CORE-no-graph,solved,,0.179795,147.699705,147.699705,2077.377104,1313.554873,763.822231,0.367686,22.394858,22.394858,0.179810,0.000417,0.000433,0.000457,0.000460,0.000460,0.000000,0,true,0.000000,2,objective equals makespan; due-date/tardiness fields are not available in this instance format
fair|L|mixed|42|1.0|B-CORE-no-bottleneck,2026-06-03T14:58:15,L_mixed_seed42,L,mixed,42,50042,50042,1.0,B-CORE-no-bottleneck,solved,,0.184608,175.482547,175.482547,2485.330945,1490.526832,994.804114,0.400270,28.532069,28.532069,0.184621,0.000514,0.000561,0.000589,0.000592,0.000592,0.000000,0,true,18.810357,3,objective equals makespan; due-date/tardiness fields are not available in this instance format
fair|L|mixed|42|1.0|MOR,2026-06-03T14:58:15,L_mixed_seed42,L,mixed,42,50042,50042,1.0,MOR,solved,,0.097053,185.747423,185.747423,2440.047321,1362.506694,1077.540626,0.441606,23.076072,23.076072,0.097068,0.000021,0.000015,0.000040,0.000044,0.000045,0.000000,0,true,25.760186,4,objective equals makespan; due-date/tardiness fields are not available in this instance format
fair|L|mixed|42|1.0|MachineRank,2026-06-03T14:58:15,L_mixed_seed42,L,mixed,42,50042,50042,1.0,MachineRank,solved,,0.122788,196.946894,196.946894,2758.457657,1506.434216,1252.023441,0.453885,28.612920,28.612920,0.122803,0.000240,0.000238,0.000258,0.000260,0.000261,0.000000,0,true,33.342781,5,objective equals makespan; due-date/tardiness fields are not available in this instance format
fair|L|mixed|42|1.0|SA,2026-06-03T14:58:18,L_mixed_seed42,L,mixed,42,50042,50042,1.0,SA,solved,,3.261960,215.929389,215.929389,3147.845338,1712.431098,1435.414239,0.455999,30.641216,30.641216,3.261975,1.053102,1.053102,1.066094,1.067249,1.067537,1.000000,3,true,46.194868,6,objective equals makespan; due-date/tardiness fields are not available in this instance format
fair|L|mixed|42|1.0|DCGA,2026-06-03T14:58:19,L_mixed_seed42,L,mixed,42,50042,50042,1.0,DCGA,solved,,4.299719,219.201384,219.201384,3011.848402,1707.502870,1304.345532,0.433071,28.769402,28.769402,4.299734,1.055838,1.047871,1.073314,1.075576,1.076141,1.000000,4,true,48.410170,7,objective equals makespan; due-date/tardiness fields are not available in this instance format
fair|L|mixed|42|1.0|GA,2026-06-03T14:58:19,L_mixed_seed42,L,mixed,42,50042,50042,1.0,GA,solved,,4.272787,226.490097,226.490097,3006.471910,1643.852724,1362.619186,0.453229,27.943691,27.943691,4.272807,1.040858,1.054136,1.064922,1.065881,1.066120,1.000000,4,true,53.344989,8,objective equals makespan; due-date/tardiness fields are not available in this instance format
fair|L|mixed|42|1.0|MOEA-NSGA2,2026-06-03T14:58:19,L_mixed_seed42,L,mixed,42,50042,50042,1.0,MOEA-NSGA2,solved,,4.325791,226.490097,226.490097,3006.471910,1643.852724,1362.619186,0.453229,27.943691,27.943691,4.325807,1.059969,1.067589,1.069394,1.069555,1.069595,1.000000,4,true,53.344989,9,objective equals makespan; due-date/tardiness fields are not available in this instance format
fair|L|mixed|42|1.0|LNS,2026-06-03T14:58:19,L_mixed_seed42,L,mixed,42,50042,50042,1.0,LNS,solved,,4.281348,226.526761,226.526761,2948.687032,1672.597896,1276.089136,0.432765,29.344720,29.344720,4.281364,1.053852,1.047140,1.066316,1.068020,1.068447,1.000000,4,true,53.369813,10,objective equals makespan; due-date/tardiness fields are not available in this instance format
fair|L|mixed|42|5.0|B-CORE,2026-06-03T14:58:15,L_mixed_seed42,L,mixed,42,50042,50042,5.0,B-CORE,solved,,0.185111,147.699705,147.699705,2077.377104,1313.554873,763.822231,0.367686,22.394858,22.394858,0.185125,0.000423,0.000450,0.000454,0.000455,0.000455,0.000000,0,true,0.000000,1,objective equals makespan; due-date/tardiness fields are not available in this instance format
fair|L|mixed|42|5.0|B-CORE-no-graph,2026-06-03T14:58:16,L_mixed_seed42,L,mixed,42,50042,50042,5.0,B-CORE-no-graph,solved,,0.186764,147.699705,147.699705,2077.377104,1313.554873,763.822231,0.367686,22.394858,22.394858,0.186779,0.000457,0.000447,0.000480,0.000483,0.000483,0.000000,0,true,0.000000,2,objective equals makespan; due-date/tardiness fields are not available in this instance format
fair|L|mixed|42|5.0|B-CORE-no-bottleneck,2026-06-03T14:58:16,L_mixed_seed42,L,mixed,42,50042,50042,5.0,B-CORE-no-bottleneck,solved,,0.187739,175.482547,175.482547,2485.330945,1490.526832,994.804114,0.400270,28.532069,28.532069,0.187755,0.000466,0.000474,0.000533,0.000538,0.000540,0.000000,0,true,18.810357,3,objective equals makespan; due-date/tardiness fields are not available in this instance format
fair|L|mixed|42|5.0|MOR,2026-06-03T14:58:16,L_mixed_seed42,L,mixed,42,50042,50042,5.0,MOR,solved,,0.099396,185.747423,185.747423,2440.047321,1362.506694,1077.540626,0.441606,23.076072,23.076072,0.099416,0.000015,0.000015,0.000019,0.000020,0.000020,0.000000,0,true,25.760186,4,objective equals makespan; due-date/tardiness fields are not available in this instance format
fair|L|mixed|42|5.0|GA,2026-06-03T14:58:38,L_mixed_seed42,L,mixed,42,50042,50042,5.0,GA,solved,,20.243443,193.405187,193.405187,2805.549918,1504.002609,1301.547310,0.463919,27.374791,27.374791,20.243457,5.027568,5.021322,5.049979,5.052526,5.053163,1.000000,4,true,30.944870,5,objective equals makespan; due-date/tardiness fields are not available in this instance format
fair|L|mixed|42|5.0|MachineRank,2026-06-03T14:58:16,L_mixed_seed42,L,mixed,42,50042,50042,5.0,MachineRank,solved,,0.123890,196.946894,196.946894,2758.457657,1506.434216,1252.023441,0.453885,28.612920,28.612920,0.123903,0.000247,0.000239,0.000274,0.000278,0.000279,0.000000,0,true,33.342781,6,objective equals makespan; due-date/tardiness fields are not available in this instance format
fair|L|mixed|42|5.0|LNS,2026-06-03T14:58:36,L_mixed_seed42,L,mixed,42,50042,50042,5.0,LNS,solved,,20.370860,202.708948,202.708948,2802.952419,1573.954445,1228.997974,0.438466,27.681427,27.681427,20.370875,5.066059,5.067623,5.072520,5.072955,5.073064,1.000000,4,true,37.243976,7,objective equals makespan; due-date/tardiness fields are not available in this instance format
fair|L|mixed|42|5.0|DCGA,2026-06-03T14:58:33,L_mixed_seed42,L,mixed,42,50042,50042,5.0,DCGA,solved,,15.242118,204.559102,204.559102,2967.844076,1621.738424,1346.105651,0.453563,30.249817,30.249817,15.242133,5.063387,5.063387,5.065339,5.065513,5.065556,1.000000,3,true,38.496622,8,objective equals makespan; due-date/tardiness fields are not available in this instance format
fair|L|mixed|42|5.0|MOEA-NSGA2,2026-06-03T14:58:39,L_mixed_seed42,L,mixed,42,50042,50042,5.0,MOEA-NSGA2,solved,,20.332947,207.524547,207.524547,2809.571014,1563.231432,1246.339582,0.443605,26.585988,26.585988,20.332962,5.058618,5.054655,5.074527,5.076293,5.076735,1.000000,4,true,40.504375,9,objective equals makespan; due-date/tardiness fields are not available in this instance format
fair|L|mixed|42|5.0|SA,2026-06-03T14:58:34,L_mixed_seed42,L,mixed,42,50042,50042,5.0,SA,solved,,15.240006,237.471570,237.471570,3089.041569,1732.238308,1356.803261,0.439231,28.788328,28.788328,15.240021,5.027925,5.027925,5.034888,5.035507,5.035662,1.000000,3,true,60.779989,10,objective equals makespan; due-date/tardiness fields are not available in this instance format
fair|L|mixed|42|10.0|B-CORE,2026-06-03T14:58:19,L_mixed_seed42,L,mixed,42,50042,50042,10.0,B-CORE,solved,,0.194416,147.699705,147.699705,2077.377104,1313.554873,763.822231,0.367686,22.394858,22.394858,0.194430,0.000499,0.000490,0.000541,0.000545,0.000546,0.000000,0,true,0.000000,1,objective equals makespan; due-date/tardiness fields are not available in this instance format
fair|L|mixed|42|10.0|B-CORE-no-graph,2026-06-03T14:58:20,L_mixed_seed42,L,mixed,42,50042,50042,10.0,B-CORE-no-graph,solved,,0.194527,147.699705,147.699705,2077.377104,1313.554873,763.822231,0.367686,22.394858,22.394858,0.194542,0.000506,0.000544,0.000544,0.000544,0.000544,0.000000,0,true,0.000000,2,objective equals makespan; due-date/tardiness fields are not available in this instance format
fair|L|mixed|42|10.0|B-CORE-no-bottleneck,2026-06-03T14:58:20,L_mixed_seed42,L,mixed,42,50042,50042,10.0,B-CORE-no-bottleneck,solved,,0.188139,175.482547,175.482547,2485.330945,1490.526832,994.804114,0.400270,28.532069,28.532069,0.188153,0.000477,0.000498,0.000525,0.000528,0.000528,0.000000,0,true,18.810357,3,objective equals makespan; due-date/tardiness fields are not available in this instance format
fair|L|mixed|42|10.0|MOR,2026-06-03T14:58:20,L_mixed_seed42,L,mixed,42,50042,50042,10.0,MOR,solved,,0.098213,185.747423,185.747423,2440.047321,1362.506694,1077.540626,0.441606,23.076072,23.076072,0.098232,0.000016,0.000016,0.000017,0.000017,0.000017,0.000000,0,true,25.760186,4,objective equals makespan; due-date/tardiness fields are not available in this instance format
fair|L|mixed|42|10.0|GA,2026-06-03T14:59:00,L_mixed_seed42,L,mixed,42,50042,50042,10.0,GA,solved,,40.200794,196.636933,196.636933,2574.701601,1462.112260,1112.589341,0.432124,24.162998,24.162998,40.200809,10.030264,10.032332,10.035340,10.035607,10.035674,1.000000,4,true,33.132922,5,objective equals makespan; due-date/tardiness fields are not available in this instance format
fair|L|mixed|42|10.0|LNS,2026-06-03T14:59:00,L_mixed_seed42,L,mixed,42,50042,50042,10.0,LNS,solved,,40.269828,196.713047,196.713047,2813.912101,1597.816097,1216.096004,0.432173,27.666578,27.666578,40.269842,10.055675,10.049104,10.071886,10.073911,10.074417,1.000000,4,true,33.184455,6,objective equals makespan; due-date/tardiness fields are not available in this instance format
fair|L|mixed|42|10.0|MachineRank,2026-06-03T14:58:20,L_mixed_seed42,L,mixed,42,50042,50042,10.0,MachineRank,solved,,0.128535,196.946894,196.946894,2758.457657,1506.434216,1252.023441,0.453885,28.612920,28.612920,0.128560,0.000248,0.000252,0.000265,0.000265,0.000265,0.000000,0,true,33.342781,7,objective equals makespan; due-date/tardiness fields are not available in this instance format
fair|L|mixed|42|10.0|DCGA,2026-06-03T14:59:04,L_mixed_seed42,L,mixed,42,50042,50042,10.0,DCGA,solved,,40.287111,197.889055,197.889055,2799.817147,1567.525413,1232.291735,0.440133,27.404267,27.404267,40.287128,10.038223,10.023584,10.079920,10.084927,10.086179,1.000000,4,true,33.980670,8,objective equals makespan; due-date/tardiness fields are not available in this instance format
fair|L|mixed|42|10.0|MOEA-NSGA2,2026-06-03T14:59:14,L_mixed_seed42,L,mixed,42,50042,50042,10.0,MOEA-NSGA2,solved,,40.194577,202.623565,202.623565,2754.025821,1503.933095,1250.092725,0.453915,27.756276,27.756276,40.194592,10.023186,10.025127,10.028605,10.028915,10.028992,1.000000,4,true,37.186168,9,objective equals makespan; due-date/tardiness fields are not available in this instance format
fair|L|mixed|42|10.0|SA,2026-06-03T14:58:54,L_mixed_seed42,L,mixed,42,50042,50042,10.0,SA,solved,,30.225335,225.059528,225.059528,3020.565256,1659.829686,1360.735570,0.450490,29.648870,29.648870,30.225350,10.047161,10.047161,10.073547,10.075893,10.076479,1.000000,3,true,52.376424,10,objective equals makespan; due-date/tardiness fields are not available in this instance format
fair|L|mixed|43|0.1|B-CORE,2026-06-03T14:58:34,L_mixed_seed43,L,mixed,43,50043,50043,0.1,B-CORE,solved,,0.197943,159.394990,159.394990,2264.262261,1468.299295,795.962966,0.351533,22.779680,22.779680,0.197957,0.000383,0.000364,0.000449,0.000457,0.000459,0.000000,0,true,0.000000,1,objective equals makespan; due-date/tardiness fields are not available in this instance format
fair|L|mixed|43|0.1|B-CORE-no-graph,2026-06-03T14:58:35,L_mixed_seed43,L,mixed,43,50043,50043,0.1,B-CORE-no-graph,solved,,0.201020,159.394990,159.394990,2264.262261,1468.299295,795.962966,0.351533,22.779680,22.779680,0.201036,0.000412,0.000408,0.000468,0.000473,0.000475,0.000000,0,true,0.000000,2,objective equals makespan; due-date/tardiness fields are not available in this instance format
fair|L|mixed|43|0.1|B-CORE-no-bottleneck,2026-06-03T14:58:35,L_mixed_seed43,L,mixed,43,50043,50043,0.1,B-CORE-no-bottleneck,solved,,0.194746,174.836458,174.836458,2531.389198,1577.368084,954.021114,0.376877,29.496911,29.496911,0.194763,0.000475,0.000475,0.000477,0.000477,0.000477,0.000000,0,true,9.687549,3,objective equals makespan; due-date/tardiness fields are not available in this instance format
fair|L|mixed|43|0.1|DCGA,2026-06-03T14:58:37,L_mixed_seed43,L,mixed,43,50043,50043,0.1,DCGA,solved,,0.950595,206.584931,206.584931,2795.905912,1543.068458,1252.837454,0.448097,27.708199,27.708199,0.950610,0.166411,0.164284,0.177966,0.179805,0.180265,1.000000,5,true,29.605661,4,objective equals makespan; due-date/tardiness fields are not available in this instance format
fair|L|mixed|43|0.1|MOR,2026-06-03T14:58:35,L_mixed_seed43,L,mixed,43,50043,50043,0.1,MOR,solved,,0.097894,207.167595,207.167595,2329.930376,1286.624555,1043.305822,0.447784,22.276078,22.276078,0.097909,0.000017,0.000017,0.000017,0.000017,0.000017,0.000000,0,true,29.971209,5,objective equals makespan; due-date/tardiness fields are not available in this instance format
fair|L|mixed|43|0.1|MachineRank,2026-06-03T14:58:35,L_mixed_seed43,L,mixed,43,50043,50043,0.1,MachineRank,solved,,0.122517,209.138758,209.138758,2948.429104,1547.137387,1401.291717,0.475267,31.028118,31.028118,0.122533,0.000136,0.000136,0.000214,0.000221,0.000223,0.000000,0,true,31.207862,6,objective equals makespan; due-date/tardiness fields are not available in this instance format
fair|L|mixed|43|0.1|MOEA-NSGA2,2026-06-03T14:58:40,L_mixed_seed43,L,mixed,43,50043,50043,0.1,MOEA-NSGA2,solved,,3.219265,223.503288,223.503288,2993.648873,1657.014319,1336.634554,0.446490,27.997185,27.997185,3.219279,1.031367,1.031367,1.057747,1.060092,1.060678,1.000000,3,true,40.219770,7,objective equals makespan; due-date/tardiness fields are not available in this instance format
fair|L|mixed|43|0.1|SA,2026-06-03T14:58:37,L_mixed_seed43,L,mixed,43,50043,50043,0.1,SA,solved,,0.626964,233.090071,233.090071,3098.989422,1605.849852,1493.139570,0.481815,31.477095,31.477095,0.626979,0.174978,0.174978,0.178426,0.178732,0.178809,1.000000,3,true,46.234252,8,objective equals makespan; due-date/tardiness fields are not available in this instance format
fair|L|mixed|43|0.1|LNS,2026-06-03T14:58:36,L_mixed_seed43,L,mixed,43,50043,50043,0.1,LNS,solved,,0.616980,234.276013,234.276013,3120.059092,1633.481439,1486.577653,0.476458,28.837042,28.837042,0.616995,0.170056,0.170056,0.175475,0.175957,0.176077,1.000000,3,true,46.978279,9,objective equals makespan; due-date/tardiness fields are not available in this instance format
fair|L|mixed|43|0.1|GA,2026-06-03T14:58:36,L_mixed_seed43,L,mixed,43,50043,50043,0.1,GA,solved,,0.615205,239.979004,239.979004,2882.077138,1555.459014,1326.618123,0.460299,27.888923,27.888923,0.615221,0.172186,0.172186,0.178276,0.178817,0.178952,1.000000,3,true,50.556177,10,objective equals makespan; due-date/tardiness fields are not available in this instance format
fair|L|mixed|43|0.5|B-CORE,2026-06-03T14:58:37,L_mixed_seed43,L,mixed,43,50043,50043,0.5,B-CORE,solved,,0.197067,159.394990,159.394990,2264.262261,1468.299295,795.962966,0.351533,22.779680,22.779680,0.197081,0.000419,0.000390,0.000499,0.000509,0.000511,0.000000,0,true,0.000000,1,objective equals makespan; due-date/tardiness fields are not available in this instance format
fair|L|mixed|43|0.5|B-CORE-no-graph,2026-06-03T14:58:38,L_mixed_seed43,L,mixed,43,50043,50043,0.5,B-CORE-no-graph,solved,,0.202111,159.394990,159.394990,2264.262261,1468.299295,795.962966,0.351533,22.779680,22.779680,0.202126,0.000424,0.000417,0.000438,0.000439,0.000440,0.000000,0,true,0.000000,2,objective equals makespan; due-date/tardiness fields are not available in this instance format
fair|L|mixed|43|0.5|B-CORE-no-bottleneck,2026-06-03T14:58:38,L_mixed_seed43,L,mixed,43,50043,50043,0.5,B-CORE-no-bottleneck,solved,,0.196667,174.836458,174.836458,2531.389198,1577.368084,954.021114,0.376877,29.496911,29.496911,0.196682,0.000507,0.000507,0.000509,0.000509,0.000509,0.000000,0,true,9.687549,3,objective equals makespan; due-date/tardiness fields are not available in this instance format
fair|L|mixed|43|0.5|MOR,2026-06-03T14:58:38,L_mixed_seed43,L,mixed,43,50043,50043,0.5,MOR,solved,,0.099266,207.167595,207.167595,2329.930376,1286.624555,1043.305822,0.447784,22.276078,22.276078,0.099280,0.000019,0.000018,0.000021,0.000021,0.000021,0.000000,0,true,29.971209,4,objective equals makespan; due-date/tardiness fields are not available in this instance format
fair|L|mixed|43|0.5|MachineRank,2026-06-03T14:58:38,L_mixed_seed43,L,mixed,43,50043,50043,0.5,MachineRank,solved,,0.122727,209.138758,209.138758,2948.429104,1547.137387,1401.291717,0.475267,31.028118,31.028118,0.122741,0.000144,0.000144,0.000226,0.000233,0.000235,0.000000,0,true,31.207862,5,objective equals makespan; due-date/tardiness fields are not available in this instance format
fair|L|mixed|43|0.5|DCGA,2026-06-03T14:58:42,L_mixed_seed43,L,mixed,43,50043,50043,0.5,DCGA,solved,,2.873315,217.352556,217.352556,2940.624452,1544.073260,1396.551192,0.474917,29.847650,29.847650,2.873330,0.559517,0.557153,0.578728,0.579972,0.580284,1.000000,5,true,36.360971,6,objective equals makespan; due-date/tardiness fields are not available in this instance format
fair|L|mixed|43|0.5|MOEA-NSGA2,2026-06-03T14:58:43,L_mixed_seed43,L,mixed,43,50043,50043,0.5,MOEA-NSGA2,solved,,3.167250,223.503288,223.503288,2993.648873,1657.014319,1336.634554,0.446490,27.997185,27.997185,3.167264,1.009291,1.009291,1.014211,1.014648,1.014757,1.000000,3,true,40.219770,7,objective equals makespan; due-date/tardiness fields are not available in this instance format
fair|L|mixed|43|0.5|GA,2026-06-03T14:58:40,L_mixed_seed43,L,mixed,43,50043,50043,0.5,GA,solved,,1.676971,223.850461,223.850461,3017.174419,1594.150206,1423.024213,0.471641,27.850872,27.850872,1.676986,0.525046,0.525046,0.541389,0.542842,0.543205,1.000000,3,true,40.437576,8,objective equals makespan; due-date/tardiness fields are not available in this instance format
fair|L|mixed|43|0.5|LNS,2026-06-03T14:58:40,L_mixed_seed43,L,mixed,43,50043,50043,0.5,LNS,solved,,1.718010,227.644347,227.644347,3069.474107,1635.699137,1433.774970,0.467108,29.155046,29.155046,1.718024,0.549899,0.549899,0.570539,0.572374,0.572833,1.000000,3,true,42.817755,9,objective equals makespan; due-date/tardiness fields are not available in this instance format
fair|L|mixed|43|0.5|SA,2026-06-03T14:58:42,L_mixed_seed43,L,mixed,43,50043,50043,0.5,SA,solved,,1.723779,233.090071,233.090071,3098.989422,1605.849852,1493.139570,0.481815,31.477095,31.477095,1.723795,0.551312,0.551312,0.575783,0.577958,0.578502,1.000000,3,true,46.234252,10,objective equals makespan; due-date/tardiness fields are not available in this instance format
fair|L|mixed|43|1.0|B-CORE,2026-06-03T14:58:40,L_mixed_seed43,L,mixed,43,50043,50043,1.0,B-CORE,solved,,0.197508,159.394990,159.394990,2264.262261,1468.299295,795.962966,0.351533,22.779680,22.779680,0.197523,0.000430,0.000455,0.000478,0.000480,0.000480,0.000000,0,true,0.000000,1,objective equals makespan; due-date/tardiness fields are not available in this instance format
fair|L|mixed|43|1.0|B-CORE-no-graph,2026-06-03T14:58:41,L_mixed_seed43,L,mixed,43,50043,50043,1.0,B-CORE-no-graph,solved,,0.195364,159.394990,159.394990,2264.262261,1468.299295,795.962966,0.351533,22.779680,22.779680,0.195379,0.000399,0.000404,0.000447,0.000451,0.000452,0.000000,0,true,0.000000,2,objective equals makespan; due-date/tardiness fields are not available in this instance format
fair|L|mixed|43|1.0|B-CORE-no-bottleneck,2026-06-03T14:58:41,L_mixed_seed43,L,mixed,43,50043,50043,1.0,B-CORE-no-bottleneck,solved,,0.190168,174.836458,174.836458,2531.389198,1577.368084,954.021114,0.376877,29.496911,29.496911,0.190182,0.000474,0.000474,0.000494,0.000496,0.000496,0.000000,0,true,9.687549,3,objective equals makespan; due-date/tardiness fields are not available in this instance format
fair|L|mixed|43|1.0|MOR,2026-06-03T14:58:41,L_mixed_seed43,L,mixed,43,50043,50043,1.0,MOR,solved,,0.098459,207.167595,207.167595,2329.930376,1286.624555,1043.305822,0.447784,22.276078,22.276078,0.098475,0.000013,0.000013,0.000017,0.000017,0.000017,0.000000,0,true,29.971209,4,objective equals makespan; due-date/tardiness fields are not available in this instance format
fair|L|mixed|43|1.0|MachineRank,2026-06-03T14:58:41,L_mixed_seed43,L,mixed,43,50043,50043,1.0,MachineRank,solved,,0.126629,209.138758,209.138758,2948.429104,1547.137387,1401.291717,0.475267,31.028118,31.028118,0.126645,0.000151,0.000151,0.000244,0.000252,0.000254,0.000000,0,true,31.207862,5,objective equals makespan; due-date/tardiness fields are not available in this instance format
fair|L|mixed|43|1.0|DCGA,2026-06-03T14:58:46,L_mixed_seed43,L,mixed,43,50043,50043,1.0,DCGA,solved,,3.234197,220.556983,220.556983,3065.564024,1680.379099,1385.184925,0.451853,30.051591,30.051591,3.234211,1.066313,1.066313,1.079994,1.081210,1.081514,1.000000,3,true,38.371340,6,objective equals makespan; due-date/tardiness fields are not available in this instance format
fair|L|mixed|43|1.0|SA,2026-06-03T14:58:46,L_mixed_seed43,L,mixed,43,50043,50043,1.0,SA,solved,,3.284941,220.643110,220.643110,2980.017016,1620.145709,1359.871306,0.456330,30.588005,30.588005,3.284955,1.055569,1.055569,1.064503,1.065297,1.065496,1.000000,3,true,38.425373,7,objective equals makespan; due-date/tardiness fields are not available in this instance format
fair|L|mixed|43|1.0|GA,2026-06-03T14:58:45,L_mixed_seed43,L,mixed,43,50043,50043,1.0,GA,solved,,3.215907,223.503288,223.503288,2993.648873,1657.014319,1336.634554,0.446490,27.997185,27.997185,3.215921,1.043923,1.043923,1.065908,1.067863,1.068351,1.000000,3,true,40.219770,8,objective equals makespan; due-date/tardiness fields are not available in this instance format
fair|L|mixed|43|1.0|MOEA-NSGA2,2026-06-03T14:58:46,L_mixed_seed43,L,mixed,43,50043,50043,1.0,MOEA-NSGA2,solved,,3.227009,223.503288,223.503288,2993.648873,1657.014319,1336.634554,0.446490,27.997185,27.997185,3.227024,1.033481,1.033481,1.060392,1.062785,1.063383,1.000000,3,true,40.219770,9,objective equals makespan; due-date/tardiness fields are not available in this instance format
fair|L|mixed|43|1.0|LNS,2026-06-03T14:58:44,L_mixed_seed43,L,mixed,43,50043,50043,1.0,LNS,solved,,3.218526,233.098535,233.098535,3006.389672,1627.453042,1378.936630,0.458669,27.869599,27.869599,3.218542,1.041258,1.041258,1.066433,1.068670,1.069230,1.000000,3,true,46.239562,10,objective equals makespan; due-date/tardiness fields are not available in this instance format
fair|L|mixed|43|5.0|B-CORE,2026-06-03T14:58:45,L_mixed_seed43,L,mixed,43,50043,50043,5.0,B-CORE,solved,,0.196839,159.394990,159.394990,2264.262261,1468.299295,795.962966,0.351533,22.779680,22.779680,0.196852,0.000384,0.000377,0.000430,0.000434,0.000436,0.000000,0,true,0.000000,1,objective equals makespan; due-date/tardiness fields are not available in this instance format
fair|L|mixed|43|5.0|B-CORE-no-graph,2026-06-03T14:58:45,L_mixed_seed43,L,mixed,43,50043,50043,5.0,B-CORE-no-graph,solved,,0.197949,159.394990,159.394990,2264.262261,1468.299295,795.962966,0.351533,22.779680,22.779680,0.197964,0.000382,0.000366,0.000454,0.000461,0.000463,0.000000,0,true,0.000000,2,objective equals makespan; due-date/tardiness fields are not available in this instance format
fair|L|mixed|43|5.0|B-CORE-no-bottleneck,2026-06-03T14:58:45,L_mixed_seed43,L,mixed,43,50043,50043,5.0,B-CORE-no-bottleneck,solved,,0.191746,174.836458,174.836458,2531.389198,1577.368084,954.021114,0.376877,29.496911,29.496911,0.191760,0.000496,0.000496,0.000529,0.000531,0.000532,0.000000,0,true,9.687549,3,objective equals makespan; due-date/tardiness fields are not available in this instance format
fair|L|mixed|43|5.0|MOEA-NSGA2,2026-06-03T14:59:01,L_mixed_seed43,L,mixed,43,50043,50043,5.0,MOEA-NSGA2,solved,,15.254965,198.805309,198.805309,2905.886498,1588.442524,1317.443975,0.453371,28.497113,28.497113,15.254981,5.039624,5.039624,5.055323,5.056718,5.057067,1.000000,3,true,24.724942,4,objective equals makespan; due-date/tardiness fields are not available in this instance format
fair|L|mixed|43|5.0|DCGA,2026-06-03T14:59:00,L_mixed_seed43,L,mixed,43,50043,50043,5.0,DCGA,solved,,15.209820,202.362785,202.362785,2934.765938,1596.311617,1338.454322,0.456069,27.455952,27.455952,15.209834,5.024338,5.024338,5.044402,5.046185,5.046631,1.000000,3,true,26.956804,5,objective equals makespan; due-date/tardiness fields are not available in this instance format
fair|L|mixed|43|5.0|GA,2026-06-03T14:59:00,L_mixed_seed43,L,mixed,43,50043,50043,5.0,GA,solved,,15.237889,202.553870,202.553870,2883.933241,1611.442468,1272.490772,0.441234,27.872780,27.872780,15.237909,5.037923,5.037923,5.058069,5.059860,5.060307,1.000000,3,true,27.076685,6,objective equals makespan; due-date/tardiness fields are not available in this instance format
fair|L|mixed|43|5.0|SA,2026-06-03T14:59:01,L_mixed_seed43,L,mixed,43,50043,50043,5.0,SA,solved,,15.216823,205.050123,205.050123,2998.556798,1573.913197,1424.643602,0.475110,29.328292,29.328292,15.216839,5.022570,5.022570,5.023814,5.023925,5.023952,1.000000,3,true,28.642765,7,objective equals makespan; due-date/tardiness fields are not available in this instance format
fair|L|mixed|43|5.0|MOR,2026-06-03T14:58:45,L_mixed_seed43,L,mixed,43,50043,50043,5.0,MOR,solved,,0.097434,207.167595,207.167595,2329.930376,1286.624555,1043.305822,0.447784,22.276078,22.276078,0.097448,0.000011,0.000012,0.000014,0.000014,0.000014,0.000000,0,true,29.971209,8,objective equals makespan; due-date/tardiness fields are not available in this instance format
fair|L|mixed|43|5.0|MachineRank,2026-06-03T14:58:45,L_mixed_seed43,L,mixed,43,50043,50043,5.0,MachineRank,solved,,0.122342,209.138758,209.138758,2948.429104,1547.137387,1401.291717,0.475267,31.028118,31.028118,0.122356,0.000138,0.000138,0.000218,0.000225,0.000226,0.000000,0,true,31.207862,9,objective equals makespan; due-date/tardiness fields are not available in this instance format
fair|L|mixed|43|5.0|LNS,2026-06-03T14:59:00,L_mixed_seed43,L,mixed,43,50043,50043,5.0,LNS,solved,,15.177006,223.166834,223.166834,2948.073571,1562.713876,1385.359695,0.469920,27.461792,27.461792,15.177020,5.008338,5.008338,5.008381,5.008384,5.008385,1.000000,3,true,40.008688,10,objective equals makespan; due-date/tardiness fields are not available in this instance format
fair|L|mixed|43|10.0|B-CORE,2026-06-03T14:58:47,L_mixed_seed43,L,mixed,43,50043,50043,10.0,B-CORE,solved,,0.198133,159.394990,159.394990,2264.262261,1468.299295,795.962966,0.351533,22.779680,22.779680,0.198149,0.000411,0.000438,0.000449,0.000450,0.000450,0.000000,0,true,0.000000,1,objective equals makespan; due-date/tardiness fields are not available in this instance format
fair|L|mixed|43|10.0|B-CORE-no-graph,2026-06-03T14:58:47,L_mixed_seed43,L,mixed,43,50043,50043,10.0,B-CORE-no-graph,solved,,0.199419,159.394990,159.394990,2264.262261,1468.299295,795.962966,0.351533,22.779680,22.779680,0.199433,0.000402,0.000410,0.000447,0.000450,0.000451,0.000000,0,true,0.000000,2,objective equals makespan; due-date/tardiness fields are not available in this instance format
fair|L|mixed|43|10.0|B-CORE-no-bottleneck,2026-06-03T14:58:47,L_mixed_seed43,L,mixed,43,50043,50043,10.0,B-CORE-no-bottleneck,solved,,0.196637,174.836458,174.836458,2531.389198,1577.368084,954.021114,0.376877,29.496911,29.496911,0.196651,0.000479,0.000479,0.000492,0.000494,0.000494,0.000000,0,true,9.687549,3,objective equals makespan; due-date/tardiness fields are not available in this instance format
fair|L|mixed|43|10.0|GA,2026-06-03T14:59:27,L_mixed_seed43,L,mixed,43,50043,50043,10.0,GA,solved,,40.237277,190.838607,190.838607,2672.280651,1465.789749,1206.490901,0.451484,25.706212,25.706212,40.237291,10.045245,10.049554,10.072915,10.074991,10.075510,1.000000,4,true,19.726854,4,objective equals makespan; due-date/tardiness fields are not available in this instance format
fair|L|mixed|43|10.0|DCGA,2026-06-03T14:59:24,L_mixed_seed43,L,mixed,43,50043,50043,10.0,DCGA,solved,,30.171087,195.190292,195.190292,2830.139016,1525.385875,1304.753141,0.461021,27.593392,27.593392,30.171104,10.025733,10.025733,10.044076,10.045706,10.046114,1.000000,3,true,22.456981,5,objective equals makespan; due-date/tardiness fields are not available in this instance format
fair|L|mixed|43|10.0|MOEA-NSGA2,2026-06-03T14:59:30,L_mixed_seed43,L,mixed,43,50043,50043,10.0,MOEA-NSGA2,solved,,30.274867,197.689271,197.689271,2646.625278,1427.544543,1219.080735,0.460617,25.547000,25.547000,30.274882,10.055664,10.055664,10.077033,10.078933,10.079408,1.000000,3,true,24.024771,6,objective equals makespan; due-date/tardiness fields are not available in this instance format
fair|L|mixed|43|10.0|SA,2026-06-03T14:59:30,L_mixed_seed43,L,mixed,43,50043,50043,10.0,SA,solved,,30.251969,198.084951,198.084951,2797.386171,1529.212148,1268.174023,0.453342,28.348613,28.348613,30.251983,10.052164,10.052164,10.054319,10.054511,10.054559,1.000000,3,true,24.273009,7,objective equals makespan; due-date/tardiness fields are not available in this instance format
fair|L|mixed|43|10.0|LNS,2026-06-03T14:59:17,L_mixed_seed43,L,mixed,43,50043,50043,10.0,LNS,solved,,30.211896,204.880087,204.880087,2853.738907,1570.722671,1283.016236,0.449591,27.366555,27.366555,30.211911,10.032124,10.032124,10.054399,10.056379,10.056874,1.000000,3,true,28.536089,8,objective equals makespan; due-date/tardiness fields are not available in this instance format
fair|L|mixed|43|10.0|MOR,2026-06-03T14:58:47,L_mixed_seed43,L,mixed,43,50043,50043,10.0,MOR,solved,,0.098055,207.167595,207.167595,2329.930376,1286.624555,1043.305822,0.447784,22.276078,22.276078,0.098069,0.000015,0.000018,0.000019,0.000019,0.000019,0.000000,0,true,29.971209,9,objective equals makespan; due-date/tardiness fields are not available in this instance format
fair|L|mixed|43|10.0|MachineRank,2026-06-03T14:58:47,L_mixed_seed43,L,mixed,43,50043,50043,10.0,MachineRank,solved,,0.124377,209.138758,209.138758,2948.429104,1547.137387,1401.291717,0.475267,31.028118,31.028118,0.124390,0.000138,0.000138,0.000225,0.000232,0.000234,0.000000,0,true,31.207862,10,objective equals makespan; due-date/tardiness fields are not available in this instance format
fair|L|mixed|44|0.1|B-CORE,2026-06-03T14:59:00,L_mixed_seed44,L,mixed,44,50044,50044,0.1,B-CORE,solved,,0.176077,148.475414,148.475414,1864.547875,1210.023112,654.524763,0.351037,18.717152,18.717152,0.176091,0.000428,0.000457,0.000479,0.000481,0.000482,0.000000,0,true,0.000000,1,objective equals makespan; due-date/tardiness fields are not available in this instance format
fair|L|mixed|44|0.1|B-CORE-no-graph,2026-06-03T14:59:00,L_mixed_seed44,L,mixed,44,50044,50044,0.1,B-CORE-no-graph,solved,,0.179924,148.475414,148.475414,1864.547875,1210.023112,654.524763,0.351037,18.717152,18.717152,0.179939,0.000442,0.000469,0.000487,0.000489,0.000489,0.000000,0,true,0.000000,2,objective equals makespan; due-date/tardiness fields are not available in this instance format
fair|L|mixed|44|0.1|B-CORE-no-bottleneck,2026-06-03T14:59:00,L_mixed_seed44,L,mixed,44,50044,50044,0.1,B-CORE-no-bottleneck,solved,,0.181367,162.541152,162.541152,2397.976411,1382.814140,1015.162271,0.423341,28.042924,28.042924,0.181382,0.000393,0.000394,0.000450,0.000453,0.000454,0.000000,0,true,9.473446,3,objective equals makespan; due-date/tardiness fields are not available in this instance format
fair|L|mixed|44|0.1|MachineRank,2026-06-03T14:59:01,L_mixed_seed44,L,mixed,44,50044,50044,0.1,MachineRank,solved,,0.116042,193.578899,193.578899,2746.818863,1537.621888,1209.196975,0.440217,28.942622,28.942622,0.116057,0.000225,0.000234,0.000237,0.000237,0.000237,0.000000,0,true,30.377747,4,objective equals makespan; due-date/tardiness fields are not available in this instance format
fair|L|mixed|44|0.1|MOR,2026-06-03T14:59:01,L_mixed_seed44,L,mixed,44,50044,50044,0.1,MOR,solved,,0.091807,197.998508,197.998508,2394.372572,1325.353619,1069.018953,0.446471,21.985210,21.985210,0.091824,0.000011,0.000011,0.000012,0.000013,0.000013,0.000000,0,true,33.354407,5,objective equals makespan; due-date/tardiness fields are not available in this instance format
fair|L|mixed|44|0.1|MOEA-NSGA2,2026-06-03T14:59:05,L_mixed_seed44,L,mixed,44,50044,50044,0.1,MOEA-NSGA2,solved,,3.764588,205.107919,205.107919,2701.077750,1532.863967,1168.213783,0.432499,26.752572,26.752572,3.764602,0.896855,0.915601,0.941334,0.943621,0.944193,1.000000,4,true,38.142682,6,objective equals makespan; due-date/tardiness fields are not available in this instance format
fair|L|mixed|44|0.1|LNS,2026-06-03T14:59:01,L_mixed_seed44,L,mixed,44,50044,50044,0.1,LNS,solved,,0.723506,223.558927,223.558927,3112.843526,1748.457041,1364.386485,0.438309,28.678869,28.678869,0.723522,0.153952,0.157198,0.162005,0.162432,0.162539,1.000000,4,true,50.569661,7,objective equals makespan; due-date/tardiness fields are not available in this instance format
fair|L|mixed|44|0.1|GA,2026-06-03T14:59:01,L_mixed_seed44,L,mixed,44,50044,50044,0.1,GA,solved,,0.867446,227.233178,227.233178,2800.860743,1510.130072,1290.730671,0.460834,25.013296,25.013296,0.867459,0.152842,0.154567,0.160757,0.161386,0.161543,1.000000,5,true,53.044313,8,objective equals makespan; due-date/tardiness fields are not available in this instance format
fair|L|mixed|44|0.1|DCGA,2026-06-03T14:59:01,L_mixed_seed44,L,mixed,44,50044,50044,0.1,DCGA,solved,,0.728127,229.479317,229.479317,3081.537010,1732.842681,1348.694329,0.437669,28.870155,28.870155,0.728141,0.154391,0.158833,0.160727,0.160895,0.160938,1.000000,4,true,54.557115,9,objective equals makespan; due-date/tardiness fields are not available in this instance format
fair|L|mixed|44|0.1|SA,2026-06-03T14:59:02,L_mixed_seed44,L,mixed,44,50044,50044,0.1,SA,solved,,0.737076,237.010486,237.010486,3172.546220,1735.695157,1436.851063,0.452902,29.566555,29.566555,0.737089,0.156137,0.159928,0.163001,0.163274,0.163343,1.000000,4,true,59.629449,10,objective equals makespan; due-date/tardiness fields are not available in this instance format
fair|L|mixed|44|0.5|B-CORE,2026-06-03T14:59:01,L_mixed_seed44,L,mixed,44,50044,50044,0.5,B-CORE,solved,,0.177031,148.475414,148.475414,1864.547875,1210.023112,654.524763,0.351037,18.717152,18.717152,0.177046,0.000540,0.000517,0.000586,0.000593,0.000594,0.000000,0,true,0.000000,1,objective equals makespan; due-date/tardiness fields are not available in this instance format
fair|L|mixed|44|0.5|B-CORE-no-graph,2026-06-03T14:59:01,L_mixed_seed44,L,mixed,44,50044,50044,0.5,B-CORE-no-graph,solved,,0.179459,148.475414,148.475414,1864.547875,1210.023112,654.524763,0.351037,18.717152,18.717152,0.179473,0.000459,0.000482,0.000500,0.000502,0.000502,0.000000,0,true,0.000000,2,objective equals makespan; due-date/tardiness fields are not available in this instance format
fair|L|mixed|44|0.5|B-CORE-no-bottleneck,2026-06-03T14:59:02,L_mixed_seed44,L,mixed,44,50044,50044,0.5,B-CORE-no-bottleneck,solved,,0.179018,162.541152,162.541152,2397.976411,1382.814140,1015.162271,0.423341,28.042924,28.042924,0.179032,0.000415,0.000416,0.000465,0.000468,0.000468,0.000000,0,true,9.473446,3,objective equals makespan; due-date/tardiness fields are not available in this instance format
fair|L|mixed|44|0.5|MachineRank,2026-06-03T14:59:02,L_mixed_seed44,L,mixed,44,50044,50044,0.5,MachineRank,solved,,0.115847,193.578899,193.578899,2746.818863,1537.621888,1209.196975,0.440217,28.942622,28.942622,0.115862,0.000221,0.000217,0.000243,0.000246,0.000246,0.000000,0,true,30.377747,4,objective equals makespan; due-date/tardiness fields are not available in this instance format
fair|L|mixed|44|0.5|MOR,2026-06-03T14:59:02,L_mixed_seed44,L,mixed,44,50044,50044,0.5,MOR,solved,,0.091024,197.998508,197.998508,2394.372572,1325.353619,1069.018953,0.446471,21.985210,21.985210,0.091039,0.000013,0.000013,0.000015,0.000015,0.000015,0.000000,0,true,33.354407,5,objective equals makespan; due-date/tardiness fields are not available in this instance format
fair|L|mixed|44|0.5|DCGA,2026-06-03T14:59:04,L_mixed_seed44,L,mixed,44,50044,50044,0.5,DCGA,solved,,2.229251,204.622637,204.622637,2819.914576,1542.130809,1277.783767,0.453129,25.657954,25.657954,2.229265,0.543970,0.554227,0.567683,0.568879,0.569178,1.000000,4,true,37.815839,6,objective equals makespan; due-date/tardiness fields are not available in this instance format
fair|L|mixed|44|0.5|MOEA-NSGA2,2026-06-03T14:59:08,L_mixed_seed44,L,mixed,44,50044,50044,0.5,MOEA-NSGA2,solved,,3.825175,205.107919,205.107919,2701.077750,1532.863967,1168.213783,0.432499,26.752572,26.752572,3.825190,0.912900,0.937893,0.951036,0.952204,0.952496,1.000000,4,true,38.142682,7,objective equals makespan; due-date/tardiness fields are not available in this instance format
fair|L|mixed|44|0.5|LNS,2026-06-03T14:59:04,L_mixed_seed44,L,mixed,44,50044,50044,0.5,LNS,solved,,2.272387,216.707373,216.707373,3170.287460,1685.914408,1484.373052,0.468214,30.232892,30.232892,2.272404,0.535108,0.543117,0.556244,0.557411,0.557703,1.000000,4,true,45.955056,8,objective equals makespan; due-date/tardiness fields are not available in this instance format
fair|L|mixed|44|0.5|GA,2026-06-03T14:59:04,L_mixed_seed44,L,mixed,44,50044,50044,0.5,GA,solved,,2.316537,224.611810,224.611810,2746.234863,1550.144819,1196.090044,0.435538,26.921983,26.921983,2.316551,0.552180,0.550263,0.558828,0.559590,0.559780,1.000000,4,true,51.278790,9,objective equals makespan; due-date/tardiness fields are not available in this instance format
fair|L|mixed|44|0.5|SA,2026-06-03T14:59:04,L_mixed_seed44,L,mixed,44,50044,50044,0.5,SA,solved,,2.232362,229.176203,229.176203,3049.430460,1728.314167,1321.116293,0.433234,28.499755,28.499755,2.232378,0.541199,0.557702,0.561684,0.562038,0.562126,1.000000,4,true,54.352964,10,objective equals makespan; due-date/tardiness fields are not available in this instance format
fair|L|mixed|44|1.0|B-CORE,2026-06-03T14:59:04,L_mixed_seed44,L,mixed,44,50044,50044,1.0,B-CORE,solved,,0.175547,148.475414,148.475414,1864.547875,1210.023112,654.524763,0.351037,18.717152,18.717152,0.175562,0.000474,0.000519,0.000528,0.000528,0.000528,0.000000,0,true,0.000000,1,objective equals makespan; due-date/tardiness fields are not available in this instance format
fair|L|mixed|44|1.0|B-CORE-no-graph,2026-06-03T14:59:04,L_mixed_seed44,L,mixed,44,50044,50044,1.0,B-CORE-no-graph,solved,,0.172225,148.475414,148.475414,1864.547875,1210.023112,654.524763,0.351037,18.717152,18.717152,0.172239,0.000436,0.000454,0.000478,0.000480,0.000481,0.000000,0,true,0.000000,2,objective equals makespan; due-date/tardiness fields are not available in this instance format
fair|L|mixed|44|1.0|B-CORE-no-bottleneck,2026-06-03T14:59:04,L_mixed_seed44,L,mixed,44,50044,50044,1.0,B-CORE-no-bottleneck,solved,,0.179147,162.541152,162.541152,2397.976411,1382.814140,1015.162271,0.423341,28.042924,28.042924,0.179161,0.000417,0.000406,0.000464,0.000469,0.000471,0.000000,0,true,9.473446,3,objective equals makespan; due-date/tardiness fields are not available in this instance format
fair|L|mixed|44|1.0|MachineRank,2026-06-03T14:59:04,L_mixed_seed44,L,mixed,44,50044,50044,1.0,MachineRank,solved,,0.113528,193.578899,193.578899,2746.818863,1537.621888,1209.196975,0.440217,28.942622,28.942622,0.113542,0.000239,0.000240,0.000267,0.000269,0.000270,0.000000,0,true,30.377747,4,objective equals makespan; due-date/tardiness fields are not available in this instance format
fair|L|mixed|44|1.0|MOR,2026-06-03T14:59:04,L_mixed_seed44,L,mixed,44,50044,50044,1.0,MOR,solved,,0.090405,197.998508,197.998508,2394.372572,1325.353619,1069.018953,0.446471,21.985210,21.985210,0.090420,0.000012,0.000012,0.000012,0.000012,0.000012,0.000000,0,true,33.354407,5,objective equals makespan; due-date/tardiness fields are not available in this instance format
fair|L|mixed|44|1.0|GA,2026-06-03T14:59:08,L_mixed_seed44,L,mixed,44,50044,50044,1.0,GA,solved,,4.293154,205.107919,205.107919,2701.077750,1532.863967,1168.213783,0.432499,26.752572,26.752572,4.293169,1.045810,1.043944,1.068718,1.070920,1.071471,1.000000,4,true,38.142682,6,objective equals makespan; due-date/tardiness fields are not available in this instance format
fair|L|mixed|44|1.0|MOEA-NSGA2,2026-06-03T14:59:09,L_mixed_seed44,L,mixed,44,50044,50044,1.0,MOEA-NSGA2,solved,,4.234423,205.107919,205.107919,2701.077750,1532.863967,1168.213783,0.432499,26.752572,26.752572,4.234438,1.024104,1.018609,1.037838,1.039548,1.039975,1.000000,4,true,38.142682,7,objective equals makespan; due-date/tardiness fields are not available in this instance format
fair|L|mixed|44|1.0|DCGA,2026-06-03T14:59:08,L_mixed_seed44,L,mixed,44,50044,50044,1.0,DCGA,solved,,4.307776,205.326029,205.326029,2547.126119,1441.959659,1105.166460,0.433888,24.633280,24.633280,4.307790,1.048347,1.053481,1.066019,1.067133,1.067412,1.000000,4,true,38.289582,8,objective equals makespan; due-date/tardiness fields are not available in this instance format
fair|L|mixed|44|1.0|LNS,2026-06-03T14:59:08,L_mixed_seed44,L,mixed,44,50044,50044,1.0,LNS,solved,,4.181546,216.707373,216.707373,3170.287460,1685.914408,1484.373052,0.468214,30.232892,30.232892,4.181562,1.022754,1.018808,1.040695,1.042641,1.043127,1.000000,4,true,45.955056,9,objective equals makespan; due-date/tardiness fields are not available in this instance format
fair|L|mixed|44|1.0|SA,2026-06-03T14:59:08,L_mixed_seed44,L,mixed,44,50044,50044,1.0,SA,solved,,4.213481,221.948522,221.948522,3013.988929,1734.113020,1279.875908,0.424645,27.796933,27.796933,4.213502,1.035873,1.039570,1.056684,1.058205,1.058585,1.000000,4,true,49.485033,10,objective equals makespan; due-date/tardiness fields are not available in this instance format
fair|L|mixed|44|5.0|B-CORE,2026-06-03T14:59:08,L_mixed_seed44,L,mixed,44,50044,50044,5.0,B-CORE,solved,,0.175196,148.475414,148.475414,1864.547875,1210.023112,654.524763,0.351037,18.717152,18.717152,0.175210,0.000455,0.000497,0.000504,0.000504,0.000505,0.000000,0,true,0.000000,1,objective equals makespan; due-date/tardiness fields are not available in this instance format
fair|L|mixed|44|5.0|B-CORE-no-graph,2026-06-03T14:59:08,L_mixed_seed44,L,mixed,44,50044,50044,5.0,B-CORE-no-graph,solved,,0.178073,148.475414,148.475414,1864.547875,1210.023112,654.524763,0.351037,18.717152,18.717152,0.178086,0.000436,0.000472,0.000473,0.000473,0.000473,0.000000,0,true,0.000000,2,objective equals makespan; due-date/tardiness fields are not available in this instance format
fair|L|mixed|44|5.0|B-CORE-no-bottleneck,2026-06-03T14:59:08,L_mixed_seed44,L,mixed,44,50044,50044,5.0,B-CORE-no-bottleneck,solved,,0.179372,162.541152,162.541152,2397.976411,1382.814140,1015.162271,0.423341,28.042924,28.042924,0.179386,0.000432,0.000441,0.000469,0.000471,0.000471,0.000000,0,true,9.473446,3,objective equals makespan; due-date/tardiness fields are not available in this instance format
fair|L|mixed|44|5.0|MOEA-NSGA2,2026-06-03T14:59:34,L_mixed_seed44,L,mixed,44,50044,50044,5.0,MOEA-NSGA2,solved,,25.308734,186.188517,186.188517,2489.504367,1352.211851,1137.292517,0.456835,23.063685,23.063685,25.308749,5.049483,5.052001,5.061540,5.062089,5.062226,1.000000,5,true,25.400234,4,objective equals makespan; due-date/tardiness fields are not available in this instance format
fair|L|mixed|44|5.0|DCGA,2026-06-03T14:59:29,L_mixed_seed44,L,mixed,44,50044,50044,5.0,DCGA,solved,,20.237301,190.935216,190.935216,2687.125748,1540.744761,1146.380987,0.426620,24.563981,24.563981,20.237316,5.033094,5.045256,5.050574,5.051047,5.051165,1.000000,4,true,28.597194,5,objective equals makespan; due-date/tardiness fields are not available in this instance format
fair|L|mixed|44|5.0|LNS,2026-06-03T14:59:28,L_mixed_seed44,L,mixed,44,50044,50044,5.0,LNS,solved,,20.243420,191.082068,191.082068,2663.963664,1567.873686,1096.089977,0.411451,25.457309,25.457309,20.243434,5.049679,5.049820,5.071276,5.073183,5.073659,1.000000,4,true,28.696100,6,objective equals makespan; due-date/tardiness fields are not available in this instance format
fair|L|mixed|44|5.0|MachineRank,2026-06-03T14:59:08,L_mixed_seed44,L,mixed,44,50044,50044,5.0,MachineRank,solved,,0.116141,193.578899,193.578899,2746.818863,1537.621888,1209.196975,0.440217,28.942622,28.942622,0.116156,0.000252,0.000246,0.000276,0.000279,0.000279,0.000000,0,true,30.377747,7,objective equals makespan; due-date/tardiness fields are not available in this instance format
fair|L|mixed|44|5.0|GA,2026-06-03T14:59:29,L_mixed_seed44,L,mixed,44,50044,50044,5.0,GA,solved,,20.296971,194.292540,194.292540,2451.199997,1351.933843,1099.266155,0.448460,22.656814,22.656814,20.296985,5.048040,5.059870,5.072538,5.073664,5.073945,1.000000,4,true,30.858392,8,objective equals makespan; due-date/tardiness fields are not available in this instance format
fair|L|mixed|44|5.0|MOR,2026-06-03T14:59:08,L_mixed_seed44,L,mixed,44,50044,50044,5.0,MOR,solved,,0.091183,197.998508,197.998508,2394.372572,1325.353619,1069.018953,0.446471,21.985210,21.985210,0.091198,0.000012,0.000012,0.000012,0.000012,0.000012,0.000000,0,true,33.354407,9,objective equals makespan; due-date/tardiness fields are not available in this instance format
fair|L|mixed|44|5.0|SA,2026-06-03T14:59:34,L_mixed_seed44,L,mixed,44,50044,50044,5.0,SA,solved,,25.272128,216.020746,216.020746,3001.767084,1736.148236,1265.618848,0.421625,28.147810,28.147810,25.272143,5.037454,5.042993,5.052624,5.053974,5.054312,1.000000,5,true,45.492604,10,objective equals makespan; due-date/tardiness fields are not available in this instance format
fair|L|mixed|44|10.0|B-CORE,2026-06-03T14:59:09,L_mixed_seed44,L,mixed,44,50044,50044,10.0,B-CORE,solved,,0.180302,148.475414,148.475414,1864.547875,1210.023112,654.524763,0.351037,18.717152,18.717152,0.180317,0.000507,0.000522,0.000618,0.000627,0.000629,0.000000,0,true,0.000000,1,objective equals makespan; due-date/tardiness fields are not available in this instance format
fair|L|mixed|44|10.0|B-CORE-no-graph,2026-06-03T14:59:09,L_mixed_seed44,L,mixed,44,50044,50044,10.0,B-CORE-no-graph,solved,,0.177278,148.475414,148.475414,1864.547875,1210.023112,654.524763,0.351037,18.717152,18.717152,0.177293,0.000481,0.000491,0.000583,0.000592,0.000594,0.000000,0,true,0.000000,2,objective equals makespan; due-date/tardiness fields are not available in this instance format
fair|L|mixed|44|10.0|B-CORE-no-bottleneck,2026-06-03T14:59:09,L_mixed_seed44,L,mixed,44,50044,50044,10.0,B-CORE-no-bottleneck,solved,,0.181464,162.541152,162.541152,2397.976411,1382.814140,1015.162271,0.423341,28.042924,28.042924,0.181478,0.000399,0.000395,0.000460,0.000464,0.000465,0.000000,0,true,9.473446,3,objective equals makespan; due-date/tardiness fields are not available in this instance format
fair|L|mixed|44|10.0|MOEA-NSGA2,2026-06-03T15:00:08,L_mixed_seed44,L,mixed,44,50044,50044,10.0,MOEA-NSGA2,solved,,40.249159,182.481680,182.481680,2496.753765,1418.908723,1077.845042,0.431699,23.081225,23.081225,40.249173,10.042205,10.037916,10.061911,10.064044,10.064577,1.000000,4,true,22.903634,4,objective equals makespan; due-date/tardiness fields are not available in this instance format
fair|L|mixed|44|10.0|DCGA,2026-06-03T15:00:07,L_mixed_seed44,L,mixed,44,50044,50044,10.0,DCGA,solved,,50.302972,184.134192,184.134192,2652.468108,1508.880874,1143.587234,0.431141,25.717546,25.717546,50.302986,10.041113,10.048513,10.060672,10.061185,10.061313,1.000000,5,true,24.016621,5,objective equals makespan; due-date/tardiness fields are not available in this instance format
fair|L|mixed|44|10.0|GA,2026-06-03T14:59:54,L_mixed_seed44,L,mixed,44,50044,50044,10.0,GA,solved,,40.280321,186.690388,186.690388,2708.832988,1461.155286,1247.677702,0.460596,25.385152,25.385152,40.280335,10.044336,10.053293,10.068658,10.070024,10.070365,1.000000,4,true,25.738251,6,objective equals makespan; due-date/tardiness fields are not available in this instance format
fair|L|mixed|44|10.0|LNS,2026-06-03T14:59:50,L_mixed_seed44,L,mixed,44,50044,50044,10.0,LNS,solved,,40.208321,187.145548,187.145548,2743.373896,1552.523319,1190.850577,0.434082,25.912449,25.912449,40.208336,10.035092,10.044998,10.056674,10.057712,10.057972,1.000000,4,true,26.044806,7,objective equals makespan; due-date/tardiness fields are not available in this instance format
fair|L|mixed|44|10.0|MachineRank,2026-06-03T14:59:10,L_mixed_seed44,L,mixed,44,50044,50044,10.0,MachineRank,solved,,0.116253,193.578899,193.578899,2746.818863,1537.621888,1209.196975,0.440217,28.942622,28.942622,0.116267,0.000293,0.000331,0.000346,0.000348,0.000348,0.000000,0,true,30.377747,8,objective equals makespan; due-date/tardiness fields are not available in this instance format
fair|L|mixed|44|10.0|MOR,2026-06-03T14:59:10,L_mixed_seed44,L,mixed,44,50044,50044,10.0,MOR,solved,,0.091402,197.998508,197.998508,2394.372572,1325.353619,1069.018953,0.446471,21.985210,21.985210,0.091417,0.000010,0.000010,0.000011,0.000011,0.000011,0.000000,0,true,33.354407,9,objective equals makespan; due-date/tardiness fields are not available in this instance format
fair|L|mixed|44|10.0|SA,2026-06-03T15:00:15,L_mixed_seed44,L,mixed,44,50044,50044,10.0,SA,solved,,50.307130,207.191115,207.191115,2985.808566,1654.441029,1331.367537,0.445898,27.425648,27.425648,50.307157,10.041966,10.033540,10.067085,10.071570,10.072691,1.000000,5,true,39.545740,10,objective equals makespan; due-date/tardiness fields are not available in this instance format
fair|L|mixed|45|0.1|B-CORE,2026-06-03T14:59:29,L_mixed_seed45,L,mixed,45,50045,50045,0.1,B-CORE,solved,,0.197378,161.132153,161.132153,2298.173680,1484.032539,814.141141,0.354256,24.513536,24.513536,0.197394,0.000468,0.000468,0.000480,0.000481,0.000481,0.000000,0,true,0.000000,1,objective equals makespan; due-date/tardiness fields are not available in this instance format
fair|L|mixed|45|0.1|B-CORE-no-graph,2026-06-03T14:59:29,L_mixed_seed45,L,mixed,45,50045,50045,0.1,B-CORE-no-graph,solved,,0.202579,161.132153,161.132153,2298.173680,1484.032539,814.141141,0.354256,24.513536,24.513536,0.202595,0.000494,0.000494,0.000513,0.000515,0.000515,0.000000,0,true,0.000000,2,objective equals makespan; due-date/tardiness fields are not available in this instance format
fair|L|mixed|45|0.1|B-CORE-no-bottleneck,2026-06-03T14:59:29,L_mixed_seed45,L,mixed,45,50045,50045,0.1,B-CORE-no-bottleneck,solved,,0.205631,163.959725,163.959725,2432.505444,1560.302917,872.202527,0.358561,27.243322,27.243322,0.205646,0.000587,0.000587,0.000621,0.000625,0.000625,0.000000,0,true,1.754816,3,objective equals makespan; due-date/tardiness fields are not available in this instance format
fair|L|mixed|45|0.1|MOR,2026-06-03T14:59:29,L_mixed_seed45,L,mixed,45,50045,50045,0.1,MOR,solved,,0.107244,213.258617,213.258617,2867.350076,1520.034230,1347.315846,0.469882,27.671897,27.671897,0.107259,0.000012,0.000012,0.000016,0.000016,0.000016,0.000000,0,true,32.350132,4,objective equals makespan; due-date/tardiness fields are not available in this instance format
fair|L|mixed|45|0.1|MachineRank,2026-06-03T14:59:29,L_mixed_seed45,L,mixed,45,50045,50045,0.1,MachineRank,solved,,0.127572,215.194755,215.194755,2932.285863,1610.403056,1321.882807,0.450803,32.473354,32.473354,0.127587,0.000102,0.000024,0.000237,0.000256,0.000260,0.000000,0,true,33.551716,5,objective equals makespan; due-date/tardiness fields are not available in this instance format
fair|L|mixed|45|0.1|DCGA,2026-06-03T14:59:30,L_mixed_seed45,L,mixed,45,50045,50045,0.1,DCGA,solved,,0.843726,231.403061,231.403061,3247.207716,1742.392428,1504.815288,0.463418,31.880168,31.880168,0.843741,0.184968,0.187065,0.187899,0.187973,0.187991,1.000000,4,true,43.610730,6,objective equals makespan; due-date/tardiness fields are not available in this instance format
fair|L|mixed|45|0.1|LNS,2026-06-03T14:59:30,L_mixed_seed45,L,mixed,45,50045,50045,0.1,LNS,solved,,0.833078,236.276495,236.276495,3194.704619,1736.930534,1457.774085,0.456310,30.233726,30.233726,0.833093,0.182562,0.184954,0.185217,0.185241,0.185247,1.000000,4,true,46.635225,7,objective equals makespan; due-date/tardiness fields are not available in this instance format
fair|L|mixed|45|0.1|MOEA-NSGA2,2026-06-03T14:59:33,L_mixed_seed45,L,mixed,45,50045,50045,0.1,MOEA-NSGA2,solved,,3.345624,238.093222,238.093222,3067.349726,1635.891394,1431.458332,0.466676,27.660666,27.660666,3.345639,1.084165,1.084165,1.111299,1.113711,1.114314,1.000000,3,true,47.762701,8,objective equals makespan; due-date/tardiness fields are not available in this instance format
fair|L|mixed|45|0.1|GA,2026-06-03T14:59:29,L_mixed_seed45,L,mixed,45,50045,50045,0.1,GA,solved,,0.644121,238.414303,238.414303,2997.384995,1580.670966,1416.714030,0.472650,27.255815,27.255815,0.644136,0.181737,0.181737,0.187066,0.187539,0.187658,1.000000,3,true,47.961967,9,objective equals makespan; due-date/tardiness fields are not available in this instance format
fair|L|mixed|45|0.1|SA,2026-06-03T14:59:30,L_mixed_seed45,L,mixed,45,50045,50045,0.1,SA,solved,,0.830162,248.316280,248.316280,3235.047605,1744.729485,1490.318120,0.460679,31.056822,31.056822,0.830178,0.182127,0.181443,0.183593,0.183784,0.183832,1.000000,4,true,54.107219,10,objective equals makespan; due-date/tardiness fields are not available in this instance format
fair|L|mixed|45|0.5|B-CORE,2026-06-03T14:59:30,L_mixed_seed45,L,mixed,45,50045,50045,0.5,B-CORE,solved,,0.199185,161.132153,161.132153,2298.173680,1484.032539,814.141141,0.354256,24.513536,24.513536,0.199201,0.000507,0.000507,0.000551,0.000555,0.000556,0.000000,0,true,0.000000,1,objective equals makespan; due-date/tardiness fields are not available in this instance format
fair|L|mixed|45|0.5|B-CORE-no-graph,2026-06-03T14:59:30,L_mixed_seed45,L,mixed,45,50045,50045,0.5,B-CORE-no-graph,solved,,0.203207,161.132153,161.132153,2298.173680,1484.032539,814.141141,0.354256,24.513536,24.513536,0.203219,0.000499,0.000499,0.000530,0.000532,0.000533,0.000000,0,true,0.000000,2,objective equals makespan; due-date/tardiness fields are not available in this instance format
fair|L|mixed|45|0.5|B-CORE-no-bottleneck,2026-06-03T14:59:30,L_mixed_seed45,L,mixed,45,50045,50045,0.5,B-CORE-no-bottleneck,solved,,0.201930,163.959725,163.959725,2432.505444,1560.302917,872.202527,0.358561,27.243322,27.243322,0.201943,0.000582,0.000582,0.000684,0.000694,0.000696,0.000000,0,true,1.754816,3,objective equals makespan; due-date/tardiness fields are not available in this instance format
fair|L|mixed|45|0.5|MOR,2026-06-03T14:59:30,L_mixed_seed45,L,mixed,45,50045,50045,0.5,MOR,solved,,0.106813,213.258617,213.258617,2867.350076,1520.034230,1347.315846,0.469882,27.671897,27.671897,0.106828,0.000013,0.000012,0.000017,0.000018,0.000018,0.000000,0,true,32.350132,4,objective equals makespan; due-date/tardiness fields are not available in this instance format
fair|L|mixed|45|0.5|MachineRank,2026-06-03T14:59:30,L_mixed_seed45,L,mixed,45,50045,50045,0.5,MachineRank,solved,,0.130875,215.194755,215.194755,2932.285863,1610.403056,1321.882807,0.450803,32.473354,32.473354,0.130891,0.000119,0.000033,0.000277,0.000299,0.000304,0.000000,0,true,33.551716,5,objective equals makespan; due-date/tardiness fields are not available in this instance format
fair|L|mixed|45|0.5|DCGA,2026-06-03T14:59:33,L_mixed_seed45,L,mixed,45,50045,50045,0.5,DCGA,solved,,2.295930,231.112376,231.112376,3052.671759,1700.060552,1352.611207,0.443091,28.877337,28.877337,2.295945,0.548803,0.548972,0.558783,0.559655,0.559873,1.000000,4,true,43.430328,6,objective equals makespan; due-date/tardiness fields are not available in this instance format
fair|L|mixed|45|0.5|LNS,2026-06-03T14:59:33,L_mixed_seed45,L,mixed,45,50045,50045,0.5,LNS,solved,,2.292634,236.276495,236.276495,3194.704619,1736.930534,1457.774085,0.456310,30.233726,30.233726,2.292651,0.545348,0.550632,0.552432,0.552592,0.552632,1.000000,4,true,46.635225,7,objective equals makespan; due-date/tardiness fields are not available in this instance format
fair|L|mixed|45|0.5|GA,2026-06-03T14:59:32,L_mixed_seed45,L,mixed,45,50045,50045,0.5,GA,solved,,1.704841,238.093222,238.093222,3067.349726,1635.891394,1431.458332,0.466676,27.660666,27.660666,1.704855,0.536236,0.536236,0.553660,0.555209,0.555596,1.000000,3,true,47.762701,8,objective equals makespan; due-date/tardiness fields are not available in this instance format
fair|L|mixed|45|0.5|MOEA-NSGA2,2026-06-03T14:59:35,L_mixed_seed45,L,mixed,45,50045,50045,0.5,MOEA-NSGA2,solved,,3.348241,238.093222,238.093222,3067.349726,1635.891394,1431.458332,0.466676,27.660666,27.660666,3.348255,1.089747,1.089747,1.118794,1.121376,1.122022,1.000000,3,true,47.762701,9,objective equals makespan; due-date/tardiness fields are not available in this instance format
fair|L|mixed|45|0.5|SA,2026-06-03T14:59:33,L_mixed_seed45,L,mixed,45,50045,50045,0.5,SA,solved,,2.264550,248.316280,248.316280,3235.047605,1744.729485,1490.318120,0.460679,31.056822,31.056822,2.264565,0.539632,0.542850,0.549213,0.549778,0.549920,1.000000,4,true,54.107219,10,objective equals makespan; due-date/tardiness fields are not available in this instance format
fair|L|mixed|45|1.0|B-CORE,2026-06-03T14:59:33,L_mixed_seed45,L,mixed,45,50045,50045,1.0,B-CORE,solved,,0.201458,161.132153,161.132153,2298.173680,1484.032539,814.141141,0.354256,24.513536,24.513536,0.201473,0.000477,0.000477,0.000506,0.000508,0.000509,0.000000,0,true,0.000000,1,objective equals makespan; due-date/tardiness fields are not available in this instance format
fair|L|mixed|45|1.0|B-CORE-no-graph,2026-06-03T14:59:33,L_mixed_seed45,L,mixed,45,50045,50045,1.0,B-CORE-no-graph,solved,,0.196251,161.132153,161.132153,2298.173680,1484.032539,814.141141,0.354256,24.513536,24.513536,0.196265,0.000508,0.000508,0.000552,0.000556,0.000557,0.000000,0,true,0.000000,2,objective equals makespan; due-date/tardiness fields are not available in this instance format
fair|L|mixed|45|1.0|B-CORE-no-bottleneck,2026-06-03T14:59:33,L_mixed_seed45,L,mixed,45,50045,50045,1.0,B-CORE-no-bottleneck,solved,,0.204190,163.959725,163.959725,2432.505444,1560.302917,872.202527,0.358561,27.243322,27.243322,0.204204,0.000535,0.000535,0.000610,0.000617,0.000618,0.000000,0,true,1.754816,3,objective equals makespan; due-date/tardiness fields are not available in this instance format
fair|L|mixed|45|1.0|MOR,2026-06-03T14:59:33,L_mixed_seed45,L,mixed,45,50045,50045,1.0,MOR,solved,,0.103937,213.258617,213.258617,2867.350076,1520.034230,1347.315846,0.469882,27.671897,27.671897,0.103952,0.000014,0.000012,0.000020,0.000021,0.000021,0.000000,0,true,32.350132,4,objective equals makespan; due-date/tardiness fields are not available in this instance format
fair|L|mixed|45|1.0|MachineRank,2026-06-03T14:59:33,L_mixed_seed45,L,mixed,45,50045,50045,1.0,MachineRank,solved,,0.131390,215.194755,215.194755,2932.285863,1610.403056,1321.882807,0.450803,32.473354,32.473354,0.131404,0.000105,0.000025,0.000244,0.000263,0.000268,0.000000,0,true,33.551716,5,objective equals makespan; due-date/tardiness fields are not available in this instance format
fair|L|mixed|45|1.0|LNS,2026-06-03T14:59:37,L_mixed_seed45,L,mixed,45,50045,50045,1.0,LNS,solved,,4.295267,225.871421,225.871421,3131.666285,1723.733920,1407.932365,0.449579,29.981964,29.981964,4.295282,1.062754,1.079292,1.090869,1.091898,1.092156,1.000000,4,true,40.177747,6,objective equals makespan; due-date/tardiness fields are not available in this instance format
fair|L|mixed|45|1.0|DCGA,2026-06-03T14:59:37,L_mixed_seed45,L,mixed,45,50045,50045,1.0,DCGA,solved,,4.242429,227.987828,227.987828,2885.258918,1592.255617,1293.003301,0.448141,27.666981,27.666981,4.242444,1.021140,1.005073,1.050149,1.054155,1.055157,1.000000,4,true,41.491207,7,objective equals makespan; due-date/tardiness fields are not available in this instance format
fair|L|mixed|45|1.0|GA,2026-06-03T14:59:36,L_mixed_seed45,L,mixed,45,50045,50045,1.0,GA,solved,,3.248461,238.093222,238.093222,3067.349726,1635.891394,1431.458332,0.466676,27.660666,27.660666,3.248477,1.038958,1.038958,1.061487,1.063490,1.063991,1.000000,3,true,47.762701,8,objective equals makespan; due-date/tardiness fields are not available in this instance format
fair|L|mixed|45|1.0|MOEA-NSGA2,2026-06-03T14:59:37,L_mixed_seed45,L,mixed,45,50045,50045,1.0,MOEA-NSGA2,solved,,3.362093,238.093222,238.093222,3067.349726,1635.891394,1431.458332,0.466676,27.660666,27.660666,3.362108,1.089121,1.089121,1.118230,1.120817,1.121464,1.000000,3,true,47.762701,9,objective equals makespan; due-date/tardiness fields are not available in this instance format
fair|L|mixed|45|1.0|SA,2026-06-03T14:59:37,L_mixed_seed45,L,mixed,45,50045,50045,1.0,SA,solved,,4.431459,248.316280,248.316280,3235.047605,1744.729485,1490.318120,0.460679,31.056822,31.056822,4.431473,1.079870,1.081207,1.082010,1.082081,1.082099,1.000000,4,true,54.107219,10,objective equals makespan; due-date/tardiness fields are not available in this instance format
fair|L|mixed|45|5.0|B-CORE,2026-06-03T14:59:34,L_mixed_seed45,L,mixed,45,50045,50045,5.0,B-CORE,solved,,0.198812,161.132153,161.132153,2298.173680,1484.032539,814.141141,0.354256,24.513536,24.513536,0.198828,0.000513,0.000513,0.000528,0.000529,0.000529,0.000000,0,true,0.000000,1,objective equals makespan; due-date/tardiness fields are not available in this instance format
fair|L|mixed|45|5.0|B-CORE-no-graph,2026-06-03T14:59:34,L_mixed_seed45,L,mixed,45,50045,50045,5.0,B-CORE-no-graph,solved,,0.195624,161.132153,161.132153,2298.173680,1484.032539,814.141141,0.354256,24.513536,24.513536,0.195638,0.000511,0.000511,0.000518,0.000518,0.000518,0.000000,0,true,0.000000,2,objective equals makespan; due-date/tardiness fields are not available in this instance format
fair|L|mixed|45|5.0|B-CORE-no-bottleneck,2026-06-03T14:59:34,L_mixed_seed45,L,mixed,45,50045,50045,5.0,B-CORE-no-bottleneck,solved,,0.202434,163.959725,163.959725,2432.505444,1560.302917,872.202527,0.358561,27.243322,27.243322,0.202450,0.000555,0.000555,0.000635,0.000642,0.000644,0.000000,0,true,1.754816,3,objective equals makespan; due-date/tardiness fields are not available in this instance format
fair|L|mixed|45|5.0|MOEA-NSGA2,2026-06-03T14:59:57,L_mixed_seed45,L,mixed,45,50045,50045,5.0,MOEA-NSGA2,solved,,20.299797,211.210054,211.210054,2917.344237,1676.393360,1240.950877,0.425370,28.752312,28.752312,20.299818,5.051568,5.061806,5.086335,5.088515,5.089060,1.000000,4,true,31.078776,4,objective equals makespan; due-date/tardiness fields are not available in this instance format
fair|L|mixed|45|5.0|LNS,2026-06-03T14:59:55,L_mixed_seed45,L,mixed,45,50045,50045,5.0,LNS,solved,,20.277755,211.569034,211.569034,2995.584817,1655.589164,1339.995654,0.447324,29.304950,29.304950,20.277770,5.036688,5.031351,5.063833,5.066720,5.067442,1.000000,4,true,31.301562,5,objective equals makespan; due-date/tardiness fields are not available in this instance format
fair|L|mixed|45|5.0|DCGA,2026-06-03T14:59:51,L_mixed_seed45,L,mixed,45,50045,50045,5.0,DCGA,solved,,15.297331,212.483842,212.483842,2899.866408,1653.865326,1246.001082,0.429675,29.092326,29.092326,15.297347,5.061155,5.061155,5.081164,5.082943,5.083388,1.000000,3,true,31.869300,6,objective equals makespan; due-date/tardiness fields are not available in this instance format
fair|L|mixed|45|5.0|MOR,2026-06-03T14:59:35,L_mixed_seed45,L,mixed,45,50045,50045,5.0,MOR,solved,,0.105062,213.258617,213.258617,2867.350076,1520.034230,1347.315846,0.469882,27.671897,27.671897,0.105077,0.000016,0.000017,0.000024,0.000025,0.000025,0.000000,0,true,32.350132,7,objective equals makespan; due-date/tardiness fields are not available in this instance format
fair|L|mixed|45|5.0|MachineRank,2026-06-03T14:59:34,L_mixed_seed45,L,mixed,45,50045,50045,5.0,MachineRank,solved,,0.127770,215.194755,215.194755,2932.285863,1610.403056,1321.882807,0.450803,32.473354,32.473354,0.127784,0.000105,0.000023,0.000247,0.000267,0.000272,0.000000,0,true,33.551716,8,objective equals makespan; due-date/tardiness fields are not available in this instance format
fair|L|mixed|45|5.0|GA,2026-06-03T14:59:51,L_mixed_seed45,L,mixed,45,50045,50045,5.0,GA,solved,,15.322205,224.372604,224.372604,3042.454278,1742.699588,1299.754690,0.427206,28.581781,28.581781,15.322219,5.082962,5.082962,5.085451,5.085672,5.085728,1.000000,3,true,39.247568,9,objective equals makespan; due-date/tardiness fields are not available in this instance format
fair|L|mixed|45|5.0|SA,2026-06-03T14:59:57,L_mixed_seed45,L,mixed,45,50045,50045,5.0,SA,solved,,20.324483,231.482365,231.482365,3068.745502,1720.924103,1347.821399,0.439209,30.258893,30.258893,20.324497,5.058586,5.079110,5.088492,5.089326,5.089535,1.000000,4,true,43.659947,10,objective equals makespan; due-date/tardiness fields are not available in this instance format
fair|L|mixed|45|10.0|B-CORE,2026-06-03T14:59:37,L_mixed_seed45,L,mixed,45,50045,50045,10.0,B-CORE,solved,,0.202970,161.132153,161.132153,2298.173680,1484.032539,814.141141,0.354256,24.513536,24.513536,0.202985,0.000537,0.000537,0.000547,0.000548,0.000549,0.000000,0,true,0.000000,1,objective equals makespan; due-date/tardiness fields are not available in this instance format
fair|L|mixed|45|10.0|B-CORE-no-graph,2026-06-03T14:59:38,L_mixed_seed45,L,mixed,45,50045,50045,10.0,B-CORE-no-graph,solved,,0.199659,161.132153,161.132153,2298.173680,1484.032539,814.141141,0.354256,24.513536,24.513536,0.199675,0.000488,0.000488,0.000507,0.000508,0.000509,0.000000,0,true,0.000000,2,objective equals makespan; due-date/tardiness fields are not available in this instance format
fair|L|mixed|45|10.0|B-CORE-no-bottleneck,2026-06-03T14:59:38,L_mixed_seed45,L,mixed,45,50045,50045,10.0,B-CORE-no-bottleneck,solved,,0.202849,163.959725,163.959725,2432.505444,1560.302917,872.202527,0.358561,27.243322,27.243322,0.202864,0.000511,0.000511,0.000574,0.000579,0.000581,0.000000,0,true,1.754816,3,objective equals makespan; due-date/tardiness fields are not available in this instance format
fair|L|mixed|45|10.0|GA,2026-06-03T15:00:08,L_mixed_seed45,L,mixed,45,50045,50045,10.0,GA,solved,,30.230589,198.458347,198.458347,2699.373283,1465.530130,1233.843153,0.457085,24.762939,24.762939,30.230604,10.042334,10.042334,10.060101,10.061681,10.062075,1.000000,3,true,23.164957,4,objective equals makespan; due-date/tardiness fields are not available in this instance format
fair|L|mixed|45|10.0|SA,2026-06-03T15:00:31,L_mixed_seed45,L,mixed,45,50045,50045,10.0,SA,solved,,40.330894,210.390351,210.390351,2808.155630,1577.825481,1230.330150,0.438127,27.338528,27.338528,40.330910,10.074351,10.080136,10.086352,10.086905,10.087043,1.000000,4,true,30.570061,5,objective equals makespan; due-date/tardiness fields are not available in this instance format
fair|L|mixed|45|10.0|DCGA,2026-06-03T15:00:20,L_mixed_seed45,L,mixed,45,50045,50045,10.0,DCGA,solved,,30.247185,211.677665,211.677665,3023.260152,1675.583151,1347.677001,0.445769,27.620061,27.620061,30.247201,10.046379,10.046379,10.057964,10.058994,10.059252,1.000000,3,true,31.368979,6,objective equals makespan; due-date/tardiness fields are not available in this instance format
fair|L|mixed|45|10.0|LNS,2026-06-03T15:00:08,L_mixed_seed45,L,mixed,45,50045,50045,10.0,LNS,solved,,30.238464,212.044664,212.044664,2990.154164,1660.599214,1329.554949,0.444644,28.756485,28.756485,30.238479,10.027318,10.027318,10.038590,10.039592,10.039843,1.000000,3,true,31.596742,7,objective equals makespan; due-date/tardiness fields are not available in this instance format
fair|L|mixed|45|10.0|MOEA-NSGA2,2026-06-03T15:00:32,L_mixed_seed45,L,mixed,45,50045,50045,10.0,MOEA-NSGA2,solved,,40.368313,212.959918,212.959918,2839.310845,1551.264815,1288.046030,0.453647,26.216982,26.216982,40.368328,10.058443,10.046202,10.079696,10.082673,10.083417,1.000000,4,true,32.164757,8,objective equals makespan; due-date/tardiness fields are not available in this instance format
fair|L|mixed|45|10.0|MOR,2026-06-03T14:59:38,L_mixed_seed45,L,mixed,45,50045,50045,10.0,MOR,solved,,0.107672,213.258617,213.258617,2867.350076,1520.034230,1347.315846,0.469882,27.671897,27.671897,0.107687,0.000012,0.000013,0.000014,0.000014,0.000014,0.000000,0,true,32.350132,9,objective equals makespan; due-date/tardiness fields are not available in this instance format
fair|L|mixed|45|10.0|MachineRank,2026-06-03T14:59:38,L_mixed_seed45,L,mixed,45,50045,50045,10.0,MachineRank,solved,,0.127209,215.194755,215.194755,2932.285863,1610.403056,1321.882807,0.450803,32.473354,32.473354,0.127223,0.000108,0.000028,0.000247,0.000266,0.000271,0.000000,0,true,33.551716,10,objective equals makespan; due-date/tardiness fields are not available in this instance format
fair|L|mixed|46|0.1|B-CORE,2026-06-03T14:59:54,L_mixed_seed46,L,mixed,46,50046,50046,0.1,B-CORE,solved,,0.175408,149.750241,149.750241,1986.084174,1309.301374,676.782800,0.340762,21.115975,21.115975,0.175422,0.000451,0.000461,0.000492,0.000495,0.000496,0.000000,0,true,0.000000,1,objective equals makespan; due-date/tardiness fields are not available in this instance format
fair|L|mixed|46|0.1|B-CORE-no-graph,2026-06-03T14:59:54,L_mixed_seed46,L,mixed,46,50046,50046,0.1,B-CORE-no-graph,solved,,0.175691,149.750241,149.750241,1986.084174,1309.301374,676.782800,0.340762,21.115975,21.115975,0.175707,0.000458,0.000480,0.000505,0.000507,0.000508,0.000000,0,true,0.000000,2,objective equals makespan; due-date/tardiness fields are not available in this instance format
fair|L|mixed|46|0.1|B-CORE-no-bottleneck,2026-06-03T14:59:54,L_mixed_seed46,L,mixed,46,50046,50046,0.1,B-CORE-no-bottleneck,solved,,0.181842,154.906337,154.906337,2294.742409,1459.695304,835.047105,0.363896,26.736667,26.736667,0.181860,0.000465,0.000465,0.000481,0.000483,0.000483,0.000000,0,true,3.443130,3,objective equals makespan; due-date/tardiness fields are not available in this instance format
fair|L|mixed|46|0.1|SA,2026-06-03T14:59:56,L_mixed_seed46,L,mixed,46,50046,50046,0.1,SA,solved,,0.663549,193.750245,193.750245,2716.393171,1644.252976,1072.140195,0.394693,26.233030,26.233030,0.663565,0.142244,0.138624,0.149929,0.150934,0.151185,1.000000,4,true,29.382259,4,objective equals makespan; due-date/tardiness fields are not available in this instance format
fair|L|mixed|46|0.1|DCGA,2026-06-03T14:59:56,L_mixed_seed46,L,mixed,46,50046,50046,0.1,DCGA,solved,,0.670245,199.487768,199.487768,2646.913875,1545.918356,1100.995519,0.415954,25.839744,25.839744,0.670260,0.144849,0.140121,0.154062,0.155301,0.155611,1.000000,4,true,33.213654,5,objective equals makespan; due-date/tardiness fields are not available in this instance format
fair|L|mixed|46|0.1|GA,2026-06-03T14:59:55,L_mixed_seed46,L,mixed,46,50046,50046,0.1,GA,solved,,0.538594,215.044302,215.044302,2934.952377,1534.104074,1400.848303,0.477298,28.277797,28.277797,0.538608,0.151871,0.151871,0.156560,0.156977,0.157081,1.000000,3,true,43.601974,6,objective equals makespan; due-date/tardiness fields are not available in this instance format
fair|L|mixed|46|0.1|MOR,2026-06-03T14:59:55,L_mixed_seed46,L,mixed,46,50046,50046,0.1,MOR,solved,,0.089292,220.109753,220.109753,2510.364033,1351.253707,1159.110325,0.461730,25.474464,25.474464,0.089307,0.000016,0.000012,0.000027,0.000028,0.000028,0.000000,0,true,46.984573,7,objective equals makespan; due-date/tardiness fields are not available in this instance format
fair|L|mixed|46|0.1|MOEA-NSGA2,2026-06-03T14:59:59,L_mixed_seed46,L,mixed,46,50046,50046,0.1,MOEA-NSGA2,solved,,2.829651,220.822351,220.822351,2799.011857,1570.419862,1228.591996,0.438938,26.844373,26.844373,2.829666,0.918069,0.918069,0.935882,0.937465,0.937861,1.000000,3,true,47.460431,8,objective equals makespan; due-date/tardiness fields are not available in this instance format
fair|L|mixed|46|0.1|MachineRank,2026-06-03T14:59:55,L_mixed_seed46,L,mixed,46,50046,50046,0.1,MachineRank,solved,,0.110074,226.137463,226.137463,2768.907814,1566.355517,1202.552298,0.434306,28.055983,28.055983,0.110089,0.000132,0.000132,0.000228,0.000237,0.000239,0.000000,0,true,51.009749,9,objective equals makespan; due-date/tardiness fields are not available in this instance format
fair|L|mixed|46|0.1|LNS,2026-06-03T14:59:55,L_mixed_seed46,L,mixed,46,50046,50046,0.1,LNS,solved,,0.670794,237.401914,237.401914,2877.851287,1587.586310,1290.264977,0.448343,28.146000,28.146000,0.670810,0.145750,0.138529,0.159024,0.160845,0.161301,1.000000,4,true,58.531908,10,objective equals makespan; due-date/tardiness fields are not available in this instance format
fair|L|mixed|46|0.5|B-CORE,2026-06-03T14:59:56,L_mixed_seed46,L,mixed,46,50046,50046,0.5,B-CORE,solved,,0.174208,149.750241,149.750241,1986.084174,1309.301374,676.782800,0.340762,21.115975,21.115975,0.174223,0.000486,0.000486,0.000503,0.000504,0.000505,0.000000,0,true,0.000000,1,objective equals makespan; due-date/tardiness fields are not available in this instance format
fair|L|mixed|46|0.5|B-CORE-no-graph,2026-06-03T14:59:56,L_mixed_seed46,L,mixed,46,50046,50046,0.5,B-CORE-no-graph,solved,,0.176775,149.750241,149.750241,1986.084174,1309.301374,676.782800,0.340762,21.115975,21.115975,0.176789,0.000442,0.000477,0.000495,0.000496,0.000497,0.000000,0,true,0.000000,2,objective equals makespan; due-date/tardiness fields are not available in this instance format
fair|L|mixed|46|0.5|B-CORE-no-bottleneck,2026-06-03T14:59:57,L_mixed_seed46,L,mixed,46,50046,50046,0.5,B-CORE-no-bottleneck,solved,,0.176176,154.906337,154.906337,2294.742409,1459.695304,835.047105,0.363896,26.736667,26.736667,0.176191,0.000496,0.000496,0.000510,0.000511,0.000512,0.000000,0,true,3.443130,3,objective equals makespan; due-date/tardiness fields are not available in this instance format
fair|L|mixed|46|0.5|DCGA,2026-06-03T14:59:59,L_mixed_seed46,L,mixed,46,50046,50046,0.5,DCGA,solved,,1.723273,189.334048,189.334048,2640.145866,1509.597955,1130.547912,0.428214,25.673213,25.673213,1.723288,0.556293,0.556293,0.565000,0.565774,0.565967,1.000000,3,true,26.433218,4,objective equals makespan; due-date/tardiness fields are not available in this instance format
fair|L|mixed|46|0.5|SA,2026-06-03T15:00:01,L_mixed_seed46,L,mixed,46,50046,50046,0.5,SA,solved,,2.268018,193.750245,193.750245,2716.393171,1644.252976,1072.140195,0.394693,26.233030,26.233030,2.268033,0.552823,0.557018,0.563177,0.563724,0.563861,1.000000,4,true,29.382259,5,objective equals makespan; due-date/tardiness fields are not available in this instance format
fair|L|mixed|46|0.5|GA,2026-06-03T14:59:59,L_mixed_seed46,L,mixed,46,50046,50046,0.5,GA,solved,,1.671616,206.486040,206.486040,2774.913167,1479.363007,1295.550159,0.466880,25.686425,25.686425,1.671630,0.527217,0.527217,0.543156,0.544573,0.544927,1.000000,3,true,37.886950,6,objective equals makespan; due-date/tardiness fields are not available in this instance format
fair|L|mixed|46|0.5|LNS,2026-06-03T14:59:59,L_mixed_seed46,L,mixed,46,50046,50046,0.5,LNS,solved,,2.273986,218.180751,218.180751,2832.435086,1567.847494,1264.587591,0.446467,27.238363,27.238363,2.274001,0.546374,0.543453,0.552703,0.553526,0.553731,1.000000,4,true,45.696427,7,objective equals makespan; due-date/tardiness fields are not available in this instance format
fair|L|mixed|46|0.5|MOR,2026-06-03T14:59:57,L_mixed_seed46,L,mixed,46,50046,50046,0.5,MOR,solved,,0.086102,220.109753,220.109753,2510.364033,1351.253707,1159.110325,0.461730,25.474464,25.474464,0.086117,0.000016,0.000012,0.000025,0.000026,0.000026,0.000000,0,true,46.984573,8,objective equals makespan; due-date/tardiness fields are not available in this instance format
fair|L|mixed|46|0.5|MOEA-NSGA2,2026-06-03T15:00:02,L_mixed_seed46,L,mixed,46,50046,50046,0.5,MOEA-NSGA2,solved,,2.848717,220.822351,220.822351,2799.011857,1570.419862,1228.591996,0.438938,26.844373,26.844373,2.848732,0.925548,0.925548,0.948174,0.950185,0.950688,1.000000,3,true,47.460431,9,objective equals makespan; due-date/tardiness fields are not available in this instance format
fair|L|mixed|46|0.5|MachineRank,2026-06-03T14:59:57,L_mixed_seed46,L,mixed,46,50046,50046,0.5,MachineRank,solved,,0.108927,226.137463,226.137463,2768.907814,1566.355517,1202.552298,0.434306,28.055983,28.055983,0.108943,0.000132,0.000132,0.000228,0.000236,0.000238,0.000000,0,true,51.009749,10,objective equals makespan; due-date/tardiness fields are not available in this instance format
fair|L|mixed|46|1.0|B-CORE,2026-06-03T14:59:59,L_mixed_seed46,L,mixed,46,50046,50046,1.0,B-CORE,solved,,0.172594,149.750241,149.750241,1986.084174,1309.301374,676.782800,0.340762,21.115975,21.115975,0.172607,0.000432,0.000456,0.000492,0.000496,0.000496,0.000000,0,true,0.000000,1,objective equals makespan; due-date/tardiness fields are not available in this instance format
fair|L|mixed|46|1.0|B-CORE-no-graph,2026-06-03T14:59:59,L_mixed_seed46,L,mixed,46,50046,50046,1.0,B-CORE-no-graph,solved,,0.176846,149.750241,149.750241,1986.084174,1309.301374,676.782800,0.340762,21.115975,21.115975,0.176859,0.000467,0.000479,0.000535,0.000540,0.000541,0.000000,0,true,0.000000,2,objective equals makespan; due-date/tardiness fields are not available in this instance format
fair|L|mixed|46|1.0|B-CORE-no-bottleneck,2026-06-03T14:59:59,L_mixed_seed46,L,mixed,46,50046,50046,1.0,B-CORE-no-bottleneck,solved,,0.178815,154.906337,154.906337,2294.742409,1459.695304,835.047105,0.363896,26.736667,26.736667,0.178828,0.000466,0.000466,0.000478,0.000479,0.000479,0.000000,0,true,3.443130,3,objective equals makespan; due-date/tardiness fields are not available in this instance format
fair|L|mixed|46|1.0|SA,2026-06-03T15:00:06,L_mixed_seed46,L,mixed,46,50046,50046,1.0,SA,solved,,4.245835,193.750245,193.750245,2716.393171,1644.252976,1072.140195,0.394693,26.233030,26.233030,4.245850,1.034916,1.036421,1.051065,1.052367,1.052692,1.000000,4,true,29.382259,4,objective equals makespan; due-date/tardiness fields are not available in this instance format
fair|L|mixed|46|1.0|DCGA,2026-06-03T15:00:04,L_mixed_seed46,L,mixed,46,50046,50046,1.0,DCGA,solved,,3.225283,204.423638,204.423638,2681.953627,1400.831410,1281.122217,0.477682,25.241208,25.241208,3.225297,1.041868,1.041868,1.062398,1.064223,1.064680,1.000000,3,true,36.509722,5,objective equals makespan; due-date/tardiness fields are not available in this instance format
fair|L|mixed|46|1.0|LNS,2026-06-03T15:00:04,L_mixed_seed46,L,mixed,46,50046,50046,1.0,LNS,solved,,4.208764,208.488804,208.488804,2742.241096,1555.016885,1187.224212,0.432939,26.697282,26.697282,4.208778,1.026443,1.032862,1.040157,1.040805,1.040967,1.000000,4,true,39.224353,6,objective equals makespan; due-date/tardiness fields are not available in this instance format
fair|L|mixed|46|1.0|GA,2026-06-03T15:00:03,L_mixed_seed46,L,mixed,46,50046,50046,1.0,GA,solved,,3.124721,219.156718,219.156718,2906.256308,1570.573398,1335.682909,0.459589,27.879698,27.879698,3.124736,1.016086,1.016086,1.019102,1.019370,1.019437,1.000000,3,true,46.348157,7,objective equals makespan; due-date/tardiness fields are not available in this instance format
fair|L|mixed|46|1.0|MOR,2026-06-03T14:59:59,L_mixed_seed46,L,mixed,46,50046,50046,1.0,MOR,solved,,0.090515,220.109753,220.109753,2510.364033,1351.253707,1159.110325,0.461730,25.474464,25.474464,0.090530,0.000019,0.000020,0.000024,0.000025,0.000025,0.000000,0,true,46.984573,8,objective equals makespan; due-date/tardiness fields are not available in this instance format
fair|L|mixed|46|1.0|MOEA-NSGA2,2026-06-03T15:00:06,L_mixed_seed46,L,mixed,46,50046,50046,1.0,MOEA-NSGA2,solved,,3.218588,220.822351,220.822351,2799.011857,1570.419862,1228.591996,0.438938,26.844373,26.844373,3.218603,1.038657,1.038657,1.063799,1.066034,1.066592,1.000000,3,true,47.460431,9,objective equals makespan; due-date/tardiness fields are not available in this instance format
fair|L|mixed|46|1.0|MachineRank,2026-06-03T14:59:59,L_mixed_seed46,L,mixed,46,50046,50046,1.0,MachineRank,solved,,0.108487,226.137463,226.137463,2768.907814,1566.355517,1202.552298,0.434306,28.055983,28.055983,0.108503,0.000122,0.000122,0.000212,0.000220,0.000222,0.000000,0,true,51.009749,10,objective equals makespan; due-date/tardiness fields are not available in this instance format
fair|L|mixed|46|5.0|B-CORE,2026-06-03T15:00:04,L_mixed_seed46,L,mixed,46,50046,50046,5.0,B-CORE,solved,,0.182700,149.750241,149.750241,1986.084174,1309.301374,676.782800,0.340762,21.115975,21.115975,0.182715,0.000463,0.000506,0.000511,0.000511,0.000511,0.000000,0,true,0.000000,1,objective equals makespan; due-date/tardiness fields are not available in this instance format
fair|L|mixed|46|5.0|B-CORE-no-graph,2026-06-03T15:00:04,L_mixed_seed46,L,mixed,46,50046,50046,5.0,B-CORE-no-graph,solved,,0.176877,149.750241,149.750241,1986.084174,1309.301374,676.782800,0.340762,21.115975,21.115975,0.176892,0.000482,0.000515,0.000556,0.000560,0.000561,0.000000,0,true,0.000000,2,objective equals makespan; due-date/tardiness fields are not available in this instance format
fair|L|mixed|46|5.0|B-CORE-no-bottleneck,2026-06-03T15:00:04,L_mixed_seed46,L,mixed,46,50046,50046,5.0,B-CORE-no-bottleneck,solved,,0.182025,154.906337,154.906337,2294.742409,1459.695304,835.047105,0.363896,26.736667,26.736667,0.182040,0.000493,0.000493,0.000506,0.000507,0.000507,0.000000,0,true,3.443130,3,objective equals makespan; due-date/tardiness fields are not available in this instance format
fair|L|mixed|46|5.0|GA,2026-06-03T15:00:20,L_mixed_seed46,L,mixed,46,50046,50046,5.0,GA,solved,,15.248322,180.388731,180.388731,2577.385986,1447.053858,1130.332128,0.438558,24.999520,24.999520,15.248337,5.045340,5.045340,5.052800,5.053463,5.053629,1.000000,3,true,20.459727,4,objective equals makespan; due-date/tardiness fields are not available in this instance format
fair|L|mixed|46|5.0|DCGA,2026-06-03T15:00:26,L_mixed_seed46,L,mixed,46,50046,50046,5.0,DCGA,solved,,20.266187,187.412542,187.412542,2680.676123,1491.452870,1189.223253,0.443628,24.979279,24.979279,20.266203,5.039809,5.050914,5.051317,5.051353,5.051361,1.000000,4,true,25.150077,5,objective equals makespan; due-date/tardiness fields are not available in this instance format
fair|L|mixed|46|5.0|SA,2026-06-03T15:00:26,L_mixed_seed46,L,mixed,46,50046,50046,5.0,SA,solved,,20.165850,192.835846,192.835846,2677.915123,1618.619909,1059.295214,0.395567,26.679476,26.679476,20.165864,5.020740,5.018024,5.028293,5.029206,5.029434,1.000000,4,true,28.771643,6,objective equals makespan; due-date/tardiness fields are not available in this instance format
fair|L|mixed|46|5.0|MOEA-NSGA2,2026-06-03T15:00:23,L_mixed_seed46,L,mixed,46,50046,50046,5.0,MOEA-NSGA2,solved,,15.260436,198.038858,198.038858,2631.714277,1516.134440,1115.579837,0.423899,25.100779,25.100779,15.260451,5.053664,5.053664,5.061848,5.062576,5.062758,1.000000,3,true,32.246103,7,objective equals makespan; due-date/tardiness fields are not available in this instance format
fair|L|mixed|46|5.0|LNS,2026-06-03T15:00:25,L_mixed_seed46,L,mixed,46,50046,50046,5.0,LNS,solved,,20.276724,199.272282,199.272282,2739.409529,1579.491401,1159.918128,0.423419,27.621998,27.621998,20.276739,5.038756,5.038775,5.053583,5.054899,5.055228,1.000000,4,true,33.069757,8,objective equals makespan; due-date/tardiness fields are not available in this instance format
fair|L|mixed|46|5.0|MOR,2026-06-03T15:00:04,L_mixed_seed46,L,mixed,46,50046,50046,5.0,MOR,solved,,0.089855,220.109753,220.109753,2510.364033,1351.253707,1159.110325,0.461730,25.474464,25.474464,0.089870,0.000017,0.000017,0.000025,0.000026,0.000026,0.000000,0,true,46.984573,9,objective equals makespan; due-date/tardiness fields are not available in this instance format
fair|L|mixed|46|5.0|MachineRank,2026-06-03T15:00:04,L_mixed_seed46,L,mixed,46,50046,50046,5.0,MachineRank,solved,,0.111024,226.137463,226.137463,2768.907814,1566.355517,1202.552298,0.434306,28.055983,28.055983,0.111039,0.000152,0.000152,0.000247,0.000255,0.000257,0.000000,0,true,51.009749,10,objective equals makespan; due-date/tardiness fields are not available in this instance format
fair|L|mixed|46|10.0|B-CORE,2026-06-03T15:00:08,L_mixed_seed46,L,mixed,46,50046,50046,10.0,B-CORE,solved,,0.174441,149.750241,149.750241,1986.084174,1309.301374,676.782800,0.340762,21.115975,21.115975,0.174455,0.000429,0.000450,0.000471,0.000473,0.000474,0.000000,0,true,0.000000,1,objective equals makespan; due-date/tardiness fields are not available in this instance format
fair|L|mixed|46|10.0|B-CORE-no-graph,2026-06-03T15:00:08,L_mixed_seed46,L,mixed,46,50046,50046,10.0,B-CORE-no-graph,solved,,0.170490,149.750241,149.750241,1986.084174,1309.301374,676.782800,0.340762,21.115975,21.115975,0.170505,0.000440,0.000464,0.000485,0.000487,0.000487,0.000000,0,true,0.000000,2,objective equals makespan; due-date/tardiness fields are not available in this instance format
fair|L|mixed|46|10.0|B-CORE-no-bottleneck,2026-06-03T15:00:08,L_mixed_seed46,L,mixed,46,50046,50046,10.0,B-CORE-no-bottleneck,solved,,0.177989,154.906337,154.906337,2294.742409,1459.695304,835.047105,0.363896,26.736667,26.736667,0.178004,0.000499,0.000499,0.000509,0.000510,0.000511,0.000000,0,true,3.443130,3,objective equals makespan; due-date/tardiness fields are not available in this instance format
fair|L|mixed|46|10.0|DCGA,2026-06-03T15:00:48,L_mixed_seed46,L,mixed,46,50046,50046,10.0,DCGA,solved,,40.210867,172.295988,172.295988,2393.422717,1306.244919,1087.177797,0.454236,22.947128,22.947128,40.210883,10.027681,10.029219,10.037072,10.037770,10.037945,1.000000,4,true,15.055566,4,objective equals makespan; due-date/tardiness fields are not available in this instance format
fair|L|mixed|46|10.0|MOEA-NSGA2,2026-06-03T15:00:50,L_mixed_seed46,L,mixed,46,50046,50046,10.0,MOEA-NSGA2,solved,,30.201150,183.487481,183.487481,2580.239448,1335.554984,1244.684464,0.482391,24.407161,24.407161,30.201167,10.051730,10.051730,10.066221,10.067509,10.067831,1.000000,3,true,22.529005,5,objective equals makespan; due-date/tardiness fields are not available in this instance format
fair|L|mixed|46|10.0|GA,2026-06-03T15:00:38,L_mixed_seed46,L,mixed,46,50046,50046,10.0,GA,solved,,30.185462,191.182834,191.182834,2586.485799,1406.620549,1179.865250,0.456165,24.496251,24.496251,30.185477,10.024471,10.024471,10.034306,10.035180,10.035399,1.000000,3,true,27.667797,6,objective equals makespan; due-date/tardiness fields are not available in this instance format
fair|L|mixed|46|10.0|LNS,2026-06-03T15:00:38,L_mixed_seed46,L,mixed,46,50046,50046,10.0,LNS,solved,,30.219695,196.750724,196.750724,2796.924267,1575.354762,1221.569505,0.436755,27.578026,27.578026,30.219710,10.028985,10.028985,10.051954,10.053996,10.054506,1.000000,3,true,31.385915,7,objective equals makespan; due-date/tardiness fields are not available in this instance format
fair|L|mixed|46|10.0|SA,2026-06-03T15:00:55,L_mixed_seed46,L,mixed,46,50046,50046,10.0,SA,solved,,40.198402,197.884232,197.884232,2634.108187,1495.921853,1138.186333,0.432096,25.283453,25.283453,40.198418,10.034551,10.029855,10.045249,10.046618,10.046960,1.000000,4,true,32.142847,8,objective equals makespan; due-date/tardiness fields are not available in this instance format
fair|L|mixed|46|10.0|MOR,2026-06-03T15:00:08,L_mixed_seed46,L,mixed,46,50046,50046,10.0,MOR,solved,,0.088676,220.109753,220.109753,2510.364033,1351.253707,1159.110325,0.461730,25.474464,25.474464,0.088691,0.000016,0.000012,0.000028,0.000029,0.000029,0.000000,0,true,46.984573,9,objective equals makespan; due-date/tardiness fields are not available in this instance format
fair|L|mixed|46|10.0|MachineRank,2026-06-03T15:00:08,L_mixed_seed46,L,mixed,46,50046,50046,10.0,MachineRank,solved,,0.109935,226.137463,226.137463,2768.907814,1566.355517,1202.552298,0.434306,28.055983,28.055983,0.109949,0.000151,0.000151,0.000265,0.000275,0.000278,0.000000,0,true,51.009749,10,objective equals makespan; due-date/tardiness fields are not available in this instance format
